probe_time,target_date,status,configured_brokers,successful_queries,failed_queries,brokers_with_data,raw_rows,unique_warrants,buy_volume,sell_volume,net_volume,buy_amount,sell_amount,net_amount,snapshot_hash,stable_count,stable_required,history_days,history_reference_days,history_min_days,coverage_threshold,coverage_enforced,baseline_raw_rows,baseline_unique_warrants,baseline_brokers_with_data,raw_rows_coverage,unique_warrants_coverage,brokers_with_data_coverage,overall_coverage,coverage_pass,is_complete,first_data_time,last_changed_time,complete_time,error_summary
2026-07-15T16:19:53+08:00,2026-07-14,DATA_CHANGING,38,38,0,38,6009,3039,125000000,102113000,22887000,138687640.0,132970800.0,5716840.0,0521d9d6251397bee15f3e53ae5de86d8090938d8f3547a8b5a1662a868b1248,1,4,,,,,,,,,,,,,,False,2026-07-15T16:19:53+08:00,2026-07-15T16:19:53+08:00,,
2026-07-15T16:29:52+08:00,2026-07-14,STABLE_WAITING,38,38,0,38,6009,3039,125000000,102113000,22887000,138687640.0,132970800.0,5716840.0,0521d9d6251397bee15f3e53ae5de86d8090938d8f3547a8b5a1662a868b1248,2,4,,,,,,,,,,,,,,False,2026-07-15T16:19:53+08:00,2026-07-15T16:19:53+08:00,,
2026-07-15T16:39:52+08:00,2026-07-14,STABLE_WAITING,38,38,0,38,6009,3039,125000000,102113000,22887000,138687640.0,132970800.0,5716840.0,0521d9d6251397bee15f3e53ae5de86d8090938d8f3547a8b5a1662a868b1248,3,4,,,,,,,,,,,,,,False,2026-07-15T16:19:53+08:00,2026-07-15T16:19:53+08:00,,
2026-07-15T17:04:01+08:00,2026-07-15,NO_DATA,38,38,0,0,0,0,0,0,0,0.0,0.0,0.0,,0,4,,,,,,,,,,,,,,False,,,,
2026-07-15T17:14:00+08:00,2026-07-15,NO_DATA,38,38,0,0,0,0,0,0,0,0.0,0.0,0.0,,0,4,,,,,,,,,,,,,,False,,,,
2026-07-15T17:24:00+08:00,2026-07-15,NO_DATA,38,38,0,0,0,0,0,0,0,0.0,0.0,0.0,,0,4,,,,,,,,,,,,,,False,,,,
2026-07-15T17:34:00+08:00,2026-07-15,NO_DATA,38,38,0,0,0,0,0,0,0,0.0,0.0,0.0,,0,4,,,,,,,,,,,,,,False,,,,
2026-07-15T17:44:00+08:00,2026-07-15,NO_DATA,38,38,0,0,0,0,0,0,0,0.0,0.0,0.0,,0,4,,,,,,,,,,,,,,False,,,,
2026-07-15T17:54:01+08:00,2026-07-15,NO_DATA,38,38,0,0,0,0,0,0,0,0.0,0.0,0.0,,0,4,,,,,,,,,,,,,,False,,,,
2026-07-15T18:04:00+08:00,2026-07-15,DATA_CHANGING,38,38,0,32,239,140,2948000,2233000,715000,4135020.0,1500670.0,2634350.0,eccc30dccad6cd875e0cfa2d0e1c38ba9790a61e55a57f4a41aeb4f3d85fff10,1,4,,,,,,,,,,,,,,False,2026-07-15T18:04:00+08:00,2026-07-15T18:04:00+08:00,,
2026-07-15T18:14:00+08:00,2026-07-15,DATA_CHANGING,38,38,0,37,658,378,10269000,5362000,4907000,12293030.0,5691710.0,6601320.0,550c93440f6808ccf576e4e732bc983c4dc36af3c3f4c57bce955767ec5e51bc,1,4,,,,,,,,,,,,,,False,2026-07-15T18:04:00+08:00,2026-07-15T18:14:00+08:00,,
2026-07-15T18:24:00+08:00,2026-07-15,DATA_CHANGING,38,38,0,37,1084,648,20486000,11415000,9071000,22159840.0,18122390.0,4037450.0,820172e29f56e014ff950851001e7903be543e9aa8ed6f7d8a17161b400c7f4b,1,4,,,,,,,,,,,,,,False,2026-07-15T18:04:00+08:00,2026-07-15T18:24:00+08:00,,
2026-07-15T18:30:54+08:00,2026-07-15,DATA_CHANGING,38,38,0,37,1200,723,21720000,14912000,6808000,23266820.0,20858290.0,2408530.0,2ed7196a90998276f0fbb3404fc6df80fbc7358f7c14d62512a84672e6d5fa05,1,4,0,20,5,0.9,False,0.0,0.0,0.0,,,,,True,False,2026-07-15T18:04:00+08:00,2026-07-15T18:30:54+08:00,,
2026-07-15T18:40:53+08:00,2026-07-15,DATA_CHANGING,38,38,0,37,1347,790,23194000,15821000,7373000,25058990.0,21947110.0,3111880.0,f7f4c92263a03992b8fd915a3db4475a3b2f723d278eb1a4efc9f2d848b271fd,1,4,0,20,5,0.9,False,0.0,0.0,0.0,,,,,True,False,2026-07-15T18:04:00+08:00,2026-07-15T18:40:53+08:00,,
2026-07-15T18:50:53+08:00,2026-07-15,DATA_CHANGING,38,38,0,37,1449,850,24603000,16994000,7609000,27317950.0,23521670.0,3796280.0,172bb815a27d558c2c8451a010f226ce39a6aaaf84dda539612a6062f31b0368,1,4,0,20,5,0.9,False,0.0,0.0,0.0,,,,,True,False,2026-07-15T18:04:00+08:00,2026-07-15T18:50:53+08:00,,
2026-07-15T19:00:54+08:00,2026-07-15,DATA_CHANGING,38,38,0,37,1555,920,25587000,17553000,8034000,28303400.0,24196690.0,4106710.0,dd081ccba66787e464ccb8753cd87b94dc9cbfa32835c2ccd43dedbbd407fcb0,1,4,0,20,5,0.9,False,0.0,0.0,0.0,,,,,True,False,2026-07-15T18:04:00+08:00,2026-07-15T19:00:54+08:00,,
2026-07-15T19:10:53+08:00,2026-07-15,DATA_CHANGING,38,38,0,37,1686,994,27741000,21624000,6117000,31449450.0,27550220.0,3899230.0,f3b60139f9eb792c724a668a39196d104e82e012a2eb9bd739e1002a99437f7e,1,4,0,20,5,0.9,False,0.0,0.0,0.0,,,,,True,False,2026-07-15T18:04:00+08:00,2026-07-15T19:10:53+08:00,,
2026-07-15T19:20:53+08:00,2026-07-15,DATA_CHANGING,38,38,0,38,1844,1071,33156000,23795000,9361000,38231140.0,31057230.0,7173910.0,90b4aa609036fde70490faaee23f593fd3fc24b804cc4af6e1dcd53555ffd015,1,4,0,20,5,0.9,False,0.0,0.0,0.0,,,,,True,False,2026-07-15T18:04:00+08:00,2026-07-15T19:20:53+08:00,,
2026-07-15T19:30:53+08:00,2026-07-15,DATA_CHANGING,38,38,0,38,1997,1149,34855000,26048000,8807000,40305180.0,34317950.0,5987230.0,b293f87f5990180e14e1b5c6cdc75e12991585ca336e4ee6e830b7734fd8d28b,1,4,0,20,5,0.9,False,0.0,0.0,0.0,,,,,True,False,2026-07-15T18:04:00+08:00,2026-07-15T19:30:53+08:00,,
2026-07-15T19:40:53+08:00,2026-07-15,DATA_CHANGING,38,38,0,38,2160,1223,36753000,27371000,9382000,45399200.0,36066780.0,9332420.0,6605914b87d5a67d49ccfadc6627fa098bd73f0febc7914c6513f6180efe015e,1,4,0,20,5,0.9,False,0.0,0.0,0.0,,,,,True,False,2026-07-15T18:04:00+08:00,2026-07-15T19:40:53+08:00,,
2026-07-15T19:50:53+08:00,2026-07-15,DATA_CHANGING,38,38,0,38,2332,1322,39071000,29021000,10050000,49753100.0,38631900.0,11121200.0,67f8d704d5d6db5f501d2153ed5ae7be55379323c9b48cb689377b3140492a82,1,4,0,20,5,0.9,False,0.0,0.0,0.0,,,,,True,False,2026-07-15T18:04:00+08:00,2026-07-15T19:50:53+08:00,,
2026-07-15T20:00:54+08:00,2026-07-15,DATA_CHANGING,38,38,0,38,2499,1419,45601000,29952000,15649000,60421400.0,40188540.0,20232860.0,20b28161f55bf960e0fca55d532ad0670f77e3e104927437fcc0b34ca9d65c7f,1,4,0,20,5,0.9,False,0.0,0.0,0.0,,,,,True,False,2026-07-15T18:04:00+08:00,2026-07-15T20:00:54+08:00,,
2026-07-15T20:10:54+08:00,2026-07-15,DATA_CHANGING,38,38,0,38,2590,1479,46545000,30603000,15942000,61962870.0,41095500.0,20867370.0,f3269305a6ecd3cdb5acb79c207342e6ea2abefbf8e090b1782513fef5f7c491,1,4,0,20,5,0.9,False,0.0,0.0,0.0,,,,,True,False,2026-07-15T18:04:00+08:00,2026-07-15T20:10:54+08:00,,
2026-07-15T20:20:53+08:00,2026-07-15,DATA_CHANGING,38,38,0,38,2679,1544,47188000,33037000,14151000,62668390.0,44998600.0,17669790.0,5c5b5359b881a57eea5b46f2d350162715803e18f2e4ee8648f9d6cbd5c4f4f5,1,4,0,20,5,0.9,False,0.0,0.0,0.0,,,,,True,False,2026-07-15T18:04:00+08:00,2026-07-15T20:20:53+08:00,,
2026-07-15T20:30:54+08:00,2026-07-15,DATA_CHANGING,38,38,0,38,2803,1624,50318000,35371000,14947000,69536400.0,48133650.0,21402750.0,60c32d3f81d0f7d426714609ff0fc77a6c1ffda533c4f52b7858e835f2a1c7ca,1,4,0,20,5,0.9,False,0.0,0.0,0.0,,,,,True,False,2026-07-15T18:04:00+08:00,2026-07-15T20:30:54+08:00,,
2026-07-15T20:40:54+08:00,2026-07-15,DATA_CHANGING,38,38,0,38,2876,1668,50944000,36909000,14035000,70488830.0,50519060.0,19969770.0,ec1887254eaf66520cd4508ffcc5b92511cecbd0ebcd351a3ed416724e2bc91f,1,4,0,20,5,0.9,False,0.0,0.0,0.0,,,,,True,False,2026-07-15T18:04:00+08:00,2026-07-15T20:40:54+08:00,,
2026-07-15T20:50:54+08:00,2026-07-15,DATA_CHANGING,38,38,0,38,2978,1734,53039000,38082000,14957000,74233380.0,51846370.0,22387010.0,6aa22022604f81fd5626e8456a80738c7736c44377c0fe2b950a7165cfe1d431,1,4,0,20,5,0.9,False,0.0,0.0,0.0,,,,,True,False,2026-07-15T18:04:00+08:00,2026-07-15T20:50:54+08:00,,
2026-07-15T21:00:54+08:00,2026-07-15,DATA_CHANGING,38,38,0,38,3084,1801,54797000,38773000,16024000,76059620.0,52673430.0,23386190.0,2205c9fb70992fcc0177933e959fd2a78398cd634964fcc7e999c07edcc12414,1,4,0,20,5,0.9,False,0.0,0.0,0.0,,,,,True,False,2026-07-15T18:04:00+08:00,2026-07-15T21:00:54+08:00,,
2026-07-15T21:10:54+08:00,2026-07-15,DATA_CHANGING,38,38,0,38,3185,1859,55676000,39405000,16271000,77610120.0,53606750.0,24003370.0,b365fb5678d194adeab9a5c79ebdaa2b2430f1d0c2772aff64b8297de321f771,1,4,0,20,5,0.9,False,0.0,0.0,0.0,,,,,True,False,2026-07-15T18:04:00+08:00,2026-07-15T21:10:54+08:00,,
2026-07-15T21:20:54+08:00,2026-07-15,DATA_CHANGING,38,38,0,38,3301,1922,56589000,49964000,6625000,78531340.0,54576600.0,23954740.0,12a75b52761ad4149d5d2ab3655213eb80b1dcba2e1e6e46f4d9b6414beb72c4,1,4,0,20,5,0.9,False,0.0,0.0,0.0,,,,,True,False,2026-07-15T18:04:00+08:00,2026-07-15T21:20:54+08:00,,
2026-07-15T21:30:54+08:00,2026-07-15,DATA_CHANGING,38,38,0,38,3398,1980,57384000,50568000,6816000,79553830.0,55738300.0,23815530.0,b5f25db9c48a2d0a738ce696b1486772ca7439d529d1228589bb38fd1ce01148,1,4,0,20,5,0.9,False,0.0,0.0,0.0,,,,,True,False,2026-07-15T18:04:00+08:00,2026-07-15T21:30:54+08:00,,
2026-07-15T21:40:53+08:00,2026-07-15,DATA_CHANGING,38,38,0,38,3523,2039,58658000,52167000,6491000,81584540.0,57198470.0,24386070.0,a231b5c2b4b43217336561ef72490a9d41a2048263dba8b93a8aa0c42e002b1f,1,4,0,20,5,0.9,False,0.0,0.0,0.0,,,,,True,False,2026-07-15T18:04:00+08:00,2026-07-15T21:40:53+08:00,,
2026-07-15T21:50:53+08:00,2026-07-15,DATA_CHANGING,38,38,0,38,3692,2134,60570000,54330000,6240000,83525670.0,59729150.0,23796520.0,a367a67e441e84a642aad169f63081f2810e3ca0d68ad5a453e51d8cdc35a653,1,4,0,20,5,0.9,False,0.0,0.0,0.0,,,,,True,False,2026-07-15T18:04:00+08:00,2026-07-15T21:50:53+08:00,,
2026-07-15T22:00:54+08:00,2026-07-15,DATA_CHANGING,38,38,0,38,3746,2161,61424000,54530000,6894000,84038180.0,59904760.0,24133420.0,edc00f404b3023066cdb740510c4f68b43c4ce2862006a5da72b1650306e1cb4,1,4,0,20,5,0.9,False,0.0,0.0,0.0,,,,,True,False,2026-07-15T18:04:00+08:00,2026-07-15T22:00:54+08:00,,
2026-07-15T22:10:53+08:00,2026-07-15,STABLE_WAITING,38,38,0,38,3746,2161,61424000,54530000,6894000,84038180.0,59904760.0,24133420.0,edc00f404b3023066cdb740510c4f68b43c4ce2862006a5da72b1650306e1cb4,2,4,0,20,5,0.9,False,0.0,0.0,0.0,,,,,True,False,2026-07-15T18:04:00+08:00,2026-07-15T22:00:54+08:00,,
2026-07-15T22:20:53+08:00,2026-07-15,STABLE_WAITING,38,38,0,38,3746,2161,61424000,54530000,6894000,84038180.0,59904760.0,24133420.0,edc00f404b3023066cdb740510c4f68b43c4ce2862006a5da72b1650306e1cb4,3,4,0,20,5,0.9,False,0.0,0.0,0.0,,,,,True,False,2026-07-15T18:04:00+08:00,2026-07-15T22:00:54+08:00,,
2026-07-15T22:31:48+08:00,2026-07-15,COMPLETE,38,38,0,38,3746,2161,61424000,54530000,6894000,84038180.0,59904760.0,24133420.0,edc00f404b3023066cdb740510c4f68b43c4ce2862006a5da72b1650306e1cb4,4,4,0,20,5,0.9,False,0.0,0.0,0.0,,,,,True,True,2026-07-15T18:04:00+08:00,2026-07-15T22:00:54+08:00,2026-07-15T22:31:48+08:00,
2026-07-16T18:53:00+08:00,2026-07-16,DATA_CHANGING,38,38,0,37,1464,804,29141000,22355000,6786000,36121890.0,28130050.0,7991840.0,dcd8361fec352a1e46775c94d11da18d66313ea1a9648af7965d1476a7a97be8,1,4,1,20,5,0.9,False,3746.0,2161.0,38.0,0.39081687132941806,0.37204997686256364,0.9736842105263158,0.37204997686256364,True,False,2026-07-16T18:53:00+08:00,2026-07-16T18:53:00+08:00,,
2026-07-16T19:03:00+08:00,2026-07-16,DATA_CHANGING,38,38,0,37,1547,855,30744000,22813000,7931000,37442940.0,28637750.0,8805190.0,aceb2097b28bf440ef64ec66e688f888c9894c40233f0bee4312600cfeb4ce13,1,4,1,20,5,0.9,False,3746.0,2161.0,38.0,0.4129738387613454,0.3956501619620546,0.9736842105263158,0.3956501619620546,True,False,2026-07-16T18:53:00+08:00,2026-07-16T19:03:00+08:00,,
2026-07-16T19:13:00+08:00,2026-07-16,DATA_CHANGING,38,38,0,37,1601,886,31229000,23320000,7909000,37924810.0,29050830.0,8873980.0,4d406493a7ab8405c13c711a00e0a9c5d65006191babed09e040d397d26ff87a,1,4,1,20,5,0.9,False,3746.0,2161.0,38.0,0.42738921516284034,0.4099953725127256,0.9736842105263158,0.4099953725127256,True,False,2026-07-16T18:53:00+08:00,2026-07-16T19:13:00+08:00,,
2026-07-16T19:23:01+08:00,2026-07-16,DATA_CHANGING,38,38,0,38,1756,964,33648000,24504000,9144000,40976580.0,30748890.0,10227690.0,2b0729aeedc79fe61dde9e3853700cc7a90171123de2363098ee20410711e11b,1,4,1,20,5,0.9,False,3746.0,2161.0,38.0,0.4687666844634277,0.44608977325312354,1.0,0.44608977325312354,True,False,2026-07-16T18:53:00+08:00,2026-07-16T19:23:01+08:00,,
2026-07-16T19:33:01+08:00,2026-07-16,DATA_CHANGING,38,38,0,38,1912,1039,35852000,27130000,8722000,43933300.0,33702600.0,10230700.0,6bade1105557ede1a526cc45c82c6ab8e22597819db9421ecd424e847a761b66,1,4,1,20,5,0.9,False,3746.0,2161.0,38.0,0.5104111051788575,0.4807959278111985,1.0,0.4807959278111985,True,False,2026-07-16T18:53:00+08:00,2026-07-16T19:33:01+08:00,,
2026-07-16T19:43:01+08:00,2026-07-16,DATA_CHANGING,38,38,0,38,2106,1117,39629000,29481000,10148000,47477220.0,37230780.0,10246440.0,056ef5809373db55a0a2520c0c3513d9afc0b63719e8177038d9d2834cdf5d54,1,4,1,20,5,0.9,False,3746.0,2161.0,38.0,0.5621996796583022,0.5168903285515964,1.0,0.5168903285515964,True,False,2026-07-16T18:53:00+08:00,2026-07-16T19:43:01+08:00,,
2026-07-16T19:53:01+08:00,2026-07-16,DATA_CHANGING,38,38,0,38,2291,1208,42402000,30627000,11775000,52956030.0,39303160.0,13652870.0,1919ddd0f3d78c15031e5f86ef253799984bddc870d2b4ec3ea5c70cccc4b9c5,1,4,1,20,5,0.9,False,3746.0,2161.0,38.0,0.6115856914041644,0.5590004627487274,1.0,0.5590004627487274,True,False,2026-07-16T18:53:00+08:00,2026-07-16T19:53:01+08:00,,
2026-07-16T20:03:01+08:00,2026-07-16,DATA_CHANGING,38,38,0,38,2414,1272,43890000,33128000,10762000,54878720.0,45278280.0,9600440.0,8be9326ea1566e8a023bf146f169a39c52394f28c2aecee46ef3b6d936f04d72,1,4,1,20,5,0.9,False,3746.0,2161.0,38.0,0.6444207154297917,0.5886163813049514,1.0,0.5886163813049514,True,False,2026-07-16T18:53:00+08:00,2026-07-16T20:03:01+08:00,,
2026-07-16T20:13:00+08:00,2026-07-16,DATA_CHANGING,38,38,0,38,2498,1323,45439000,34050000,11389000,57608830.0,45952010.0,11656820.0,334618bed3eba620f33e5c0b682e2ead9ece9ba14411e07057af3162c680d024,1,4,1,20,5,0.9,False,3746.0,2161.0,38.0,0.6668446342765617,0.6122165664044424,1.0,0.6122165664044424,True,False,2026-07-16T18:53:00+08:00,2026-07-16T20:13:00+08:00,,
2026-07-16T20:23:00+08:00,2026-07-16,DATA_CHANGING,38,38,0,38,2634,1391,48452000,35807000,12645000,62138240.0,48398650.0,13739590.0,6a533aee660d0f0b75a26dc2f69d5b4fac4c0cca4e746e71d17cdab12f634534,1,4,1,20,5,0.9,False,3746.0,2161.0,38.0,0.7031500266951415,0.6436834798704304,1.0,0.6436834798704304,True,False,2026-07-16T18:53:00+08:00,2026-07-16T20:23:00+08:00,,
2026-07-16T20:33:00+08:00,2026-07-16,DATA_CHANGING,38,38,0,38,2708,1430,49913000,36610000,13303000,63942010.0,49522290.0,14419720.0,1fa09d7fe07221f733160a5208bad9dae925f3db96222517c0251efc014e05a0,1,4,1,20,5,0.9,False,3746.0,2161.0,38.0,0.7229044313934864,0.6617306802406293,1.0,0.6617306802406293,True,False,2026-07-16T18:53:00+08:00,2026-07-16T20:33:00+08:00,,
2026-07-16T20:43:00+08:00,2026-07-16,DATA_CHANGING,38,38,0,38,2783,1471,50629000,38475000,12154000,64405670.0,52915430.0,11490240.0,35ae791dfd6698d65ac15a92a80ecda94daf7babd73449842092367fe1c8bbde,1,4,1,20,5,0.9,False,3746.0,2161.0,38.0,0.7429257875066738,0.6807033780657104,1.0,0.6807033780657104,True,False,2026-07-16T18:53:00+08:00,2026-07-16T20:43:00+08:00,,
2026-07-16T20:53:00+08:00,2026-07-16,DATA_CHANGING,38,38,0,38,2912,1537,53272000,39704000,13568000,68101140.0,54095220.0,14005920.0,af31dac74576808f44ded2dd6c6773c9b4d4a239bd984c36537f0bcf62cd934d,1,4,1,20,5,0.9,False,3746.0,2161.0,38.0,0.7773625200213561,0.7112447940768163,1.0,0.7112447940768163,True,False,2026-07-16T18:53:00+08:00,2026-07-16T20:53:00+08:00,,
2026-07-16T21:03:01+08:00,2026-07-16,DATA_CHANGING,38,38,0,38,3008,1594,55771000,41436000,14335000,72046180.0,56999280.0,15046900.0,0cf5ebfe46356d94da3d16d50bb69dfc0ef9ec00ebdba51d48ac4ddaf278ecdd,1,4,1,20,5,0.9,False,3746.0,2161.0,38.0,0.802989855846236,0.7376214715409533,1.0,0.7376214715409533,True,False,2026-07-16T18:53:00+08:00,2026-07-16T21:03:01+08:00,,
2026-07-16T21:13:00+08:00,2026-07-16,DATA_CHANGING,38,38,0,38,3087,1646,57240000,42212000,15028000,73306040.0,57528880.0,15777160.0,309ac73d87acf26bd2a9d23f91aa2fc3f08e7ba14d719e30691cf930d433d386,1,4,1,20,5,0.9,False,3746.0,2161.0,38.0,0.8240790176187934,0.7616844053678853,1.0,0.7616844053678853,True,False,2026-07-16T18:53:00+08:00,2026-07-16T21:13:00+08:00,,
2026-07-16T21:23:00+08:00,2026-07-16,DATA_CHANGING,38,38,0,38,3172,1700,58111000,43749000,14362000,74413990.0,58124950.0,16289040.0,41526b69ddbe997926b81f9e31798545c357d8c04b5ac94d95d3099b7962d12c,1,4,1,20,5,0.9,False,3746.0,2161.0,38.0,0.8467698878804057,0.7866728366496992,1.0,0.7866728366496992,True,False,2026-07-16T18:53:00+08:00,2026-07-16T21:23:00+08:00,,
2026-07-16T21:33:01+08:00,2026-07-16,DATA_CHANGING,38,38,0,38,3257,1749,59295000,44607000,14688000,76185450.0,59991690.0,16193760.0,9b1d5a2817e7d7296b84fe0f0c092154509cd542bf02aeac7b27ed0523cb41a3,1,4,1,20,5,0.9,False,3746.0,2161.0,38.0,0.8694607581420182,0.8093475242943082,1.0,0.8093475242943082,True,False,2026-07-16T18:53:00+08:00,2026-07-16T21:33:01+08:00,,
2026-07-16T21:43:01+08:00,2026-07-16,DATA_CHANGING,38,38,0,38,3418,1826,63041000,45800000,17241000,80217010.0,61739600.0,18477410.0,1d3ce2b8b704c5c2d7ef07d72de747538f8b6235708e82e8a4b177797ba3464e,1,4,1,20,5,0.9,False,3746.0,2161.0,38.0,0.9124399359316604,0.8449791763072652,1.0,0.8449791763072652,True,False,2026-07-16T18:53:00+08:00,2026-07-16T21:43:01+08:00,,
2026-07-16T21:53:00+08:00,2026-07-16,DATA_CHANGING,38,38,0,38,3515,1873,64863000,46551000,18312000,81746860.0,63968810.0,17778050.0,8950f8fe851596be9cfc72c2c72a041c5a26999a77af21427353847b0f04de97,1,4,1,20,5,0.9,False,3746.0,2161.0,38.0,0.9383342231713828,0.8667283664969921,1.0,0.8667283664969921,True,False,2026-07-16T18:53:00+08:00,2026-07-16T21:53:00+08:00,,
2026-07-16T22:03:00+08:00,2026-07-16,STABLE_WAITING,38,38,0,38,3515,1873,64863000,46551000,18312000,81746860.0,63968810.0,17778050.0,8950f8fe851596be9cfc72c2c72a041c5a26999a77af21427353847b0f04de97,2,4,1,20,5,0.9,False,3746.0,2161.0,38.0,0.9383342231713828,0.8667283664969921,1.0,0.8667283664969921,True,False,2026-07-16T18:53:00+08:00,2026-07-16T21:53:00+08:00,,
2026-07-16T22:13:00+08:00,2026-07-16,STABLE_WAITING,38,38,0,38,3515,1873,64863000,46551000,18312000,81746860.0,63968810.0,17778050.0,8950f8fe851596be9cfc72c2c72a041c5a26999a77af21427353847b0f04de97,3,4,1,20,5,0.9,False,3746.0,2161.0,38.0,0.9383342231713828,0.8667283664969921,1.0,0.8667283664969921,True,False,2026-07-16T18:53:00+08:00,2026-07-16T21:53:00+08:00,,
2026-07-16T22:23:01+08:00,2026-07-16,COMPLETE,38,38,0,38,3515,1873,64863000,46551000,18312000,81746860.0,63968810.0,17778050.0,8950f8fe851596be9cfc72c2c72a041c5a26999a77af21427353847b0f04de97,4,4,1,20,5,0.9,False,3746.0,2161.0,38.0,0.9383342231713828,0.8667283664969921,1.0,0.8667283664969921,True,True,2026-07-16T18:53:00+08:00,2026-07-16T21:53:00+08:00,2026-07-16T22:23:01+08:00,
2026-07-16T23:17:59+08:00,2026-07-16,COMPLETE,38,38,0,38,3515,1873,64863000,46551000,18312000,81746860.0,63968810.0,17778050.0,8950f8fe851596be9cfc72c2c72a041c5a26999a77af21427353847b0f04de97,5,4,1,20,5,0.9,False,3746.0,2161.0,38.0,0.9383342231713828,0.8667283664969921,1.0,0.8667283664969921,True,True,2026-07-16T18:53:00+08:00,2026-07-16T21:53:00+08:00,2026-07-16T22:23:01+08:00,
2026-07-17T17:32:43+08:00,2026-07-17,NO_DATA,38,38,0,0,0,0,0,0,0,0.0,0.0,0.0,,0,4,2,20,5,0.9,False,3630.5,2017.0,38.0,0.0,0.0,0.0,0.0,True,False,,,,
2026-07-17T17:42:43+08:00,2026-07-17,NO_DATA,38,38,0,0,0,0,0,0,0,0.0,0.0,0.0,,0,4,2,20,5,0.9,False,3630.5,2017.0,38.0,0.0,0.0,0.0,0.0,True,False,,,,
2026-07-17T17:52:42+08:00,2026-07-17,NO_DATA,38,38,0,0,0,0,0,0,0,0.0,0.0,0.0,,0,4,2,20,5,0.9,False,3630.5,2017.0,38.0,0.0,0.0,0.0,0.0,True,False,,,,
2026-07-17T18:02:42+08:00,2026-07-17,DATA_CHANGING,38,38,0,33,321,168,2648000,3758000,-1110000,2616800.0,3039150.0,-422350.0,cc3bfbfc45df4ea99d8492427281b2387dad2c42493771d0749471f06e57cd1e,1,4,2,20,5,0.9,False,3630.5,2017.0,38.0,0.08841757333700592,0.08329201784828955,0.868421052631579,0.08329201784828955,True,False,2026-07-17T18:02:42+08:00,2026-07-17T18:02:42+08:00,,
2026-07-17T18:12:42+08:00,2026-07-17,DATA_CHANGING,38,38,0,36,913,488,32265000,17244000,15021000,32729880.0,14702900.0,18026980.0,70b23dafec825b322cfa5ae2f2a4972d7ce1156a8c1bd8bba4d5455b1bd8d263,1,4,2,20,5,0.9,False,3630.5,2017.0,38.0,0.2514805123261259,0.24194348041646008,0.9473684210526315,0.24194348041646008,True,False,2026-07-17T18:02:42+08:00,2026-07-17T18:12:42+08:00,,
2026-07-17T18:22:42+08:00,2026-07-17,DATA_CHANGING,38,38,0,37,1365,772,40484000,21976000,18508000,40291550.0,21555490.0,18736060.0,ea3e61c47e1275077665b972c7d2aca80c7c6b224446678da1d1fbae88585ea8,1,4,2,20,5,0.9,False,3630.5,2017.0,38.0,0.37598126979754853,0.38274665344571146,0.9736842105263158,0.37598126979754853,True,False,2026-07-17T18:02:42+08:00,2026-07-17T18:22:42+08:00,,
2026-07-17T18:32:43+08:00,2026-07-17,DATA_CHANGING,38,38,0,37,1467,819,43883000,23538000,20345000,42941660.0,22869360.0,20072300.0,9d4ee0922999c3e18b11a02491dcf6f6d91ca86ee2bd5b99453c49e11374e1b2,1,4,2,20,5,0.9,False,3630.5,2017.0,38.0,0.404076573474728,0.4060485870104115,0.9736842105263158,0.404076573474728,True,False,2026-07-17T18:02:42+08:00,2026-07-17T18:32:43+08:00,,
2026-07-17T18:42:43+08:00,2026-07-17,DATA_CHANGING,38,38,0,37,1534,853,44609000,24518000,20091000,43714500.0,23804620.0,19909880.0,b1ad6369d56fa860b7184478e71af240adbc24eaefd907074cb0873ce249f332,1,4,2,20,5,0.9,False,3630.5,2017.0,38.0,0.42253133177248314,0.4229053049082796,0.9736842105263158,0.42253133177248314,True,False,2026-07-17T18:02:42+08:00,2026-07-17T18:42:43+08:00,,
2026-07-17T18:52:43+08:00,2026-07-17,DATA_CHANGING,38,38,0,38,1744,957,52526000,26884000,25642000,50087310.0,27460790.0,22626520.0,102a48b17900e7a25a7278570a67fe4cbec0e50345b12d325280a4511568aa04,1,4,2,20,5,0.9,False,3630.5,2017.0,38.0,0.48037460404902904,0.4744670302429351,1.0,0.4744670302429351,True,False,2026-07-17T18:02:42+08:00,2026-07-17T18:52:43+08:00,,
2026-07-17T19:02:43+08:00,2026-07-17,DATA_CHANGING,38,38,0,38,1872,1031,55842000,28804000,27038000,53454970.0,29128680.0,24326290.0,b0132a45faff09861bb7f0632b4c60b7bcc4f2f92a159edd2c004fe4841c8818,1,4,2,20,5,0.9,False,3630.5,2017.0,38.0,0.5156314557223522,0.5111551809618244,1.0,0.5111551809618244,True,False,2026-07-17T18:02:42+08:00,2026-07-17T19:02:43+08:00,,
2026-07-17T19:12:42+08:00,2026-07-17,DATA_CHANGING,38,38,0,38,1989,1086,57370000,29510000,27860000,54748280.0,29568970.0,25179310.0,b3c44b1e21d0c9fe6398b412c1cdebd88e483d41cef352f092faad9bf9c322c7,1,4,2,20,5,0.9,False,3630.5,2017.0,38.0,0.5478584217049993,0.5384234010907288,1.0,0.5384234010907288,True,False,2026-07-17T18:02:42+08:00,2026-07-17T19:12:42+08:00,,
2026-07-17T19:22:43+08:00,2026-07-17,DATA_CHANGING,38,38,0,38,2173,1186,60314000,31375000,28939000,56759630.0,31151220.0,25608410.0,caacca48ffa3a9c30fd0ddc014576987f55f12188e19057162da826583e1d977,1,4,2,20,5,0.9,False,3630.5,2017.0,38.0,0.5985401459854015,0.5880019831432821,1.0,0.5880019831432821,True,False,2026-07-17T18:02:42+08:00,2026-07-17T19:22:43+08:00,,
2026-07-17T19:32:42+08:00,2026-07-17,DATA_CHANGING,38,38,0,38,2364,1286,72781000,32821000,39960000,64565580.0,33106990.0,31458590.0,353c8e3466042ec686f06ad997f7d7d1057b541894139b9c133db9364b254833,1,4,2,20,5,0.9,False,3630.5,2017.0,38.0,0.6511499793416885,0.6375805651958354,1.0,0.6375805651958354,True,False,2026-07-17T18:02:42+08:00,2026-07-17T19:32:42+08:00,,
2026-07-17T19:42:43+08:00,2026-07-17,DATA_CHANGING,38,38,0,38,2522,1343,75525000,33687000,41838000,67276210.0,34071840.0,33204370.0,cc6161316cfa966e5c6d7230ef1e50ce36911bc969339439548debcfcf4e3255,1,4,2,20,5,0.9,False,3630.5,2017.0,38.0,0.6946701556259468,0.6658403569657908,1.0,0.6658403569657908,True,False,2026-07-17T18:02:42+08:00,2026-07-17T19:42:43+08:00,,
2026-07-17T19:52:42+08:00,2026-07-17,DATA_CHANGING,38,38,0,38,2749,1451,77576000,35319000,42257000,70167180.0,35944310.0,34222870.0,ab34486a4431be1c83ff040ee32d9dc71dbf85170e71265578adf0f9f32e1b84,1,4,2,20,5,0.9,False,3630.5,2017.0,38.0,0.757195978515356,0.7193852255825484,1.0,0.7193852255825484,True,False,2026-07-17T18:02:42+08:00,2026-07-17T19:52:42+08:00,,
2026-07-17T20:02:42+08:00,2026-07-17,DATA_CHANGING,38,38,0,38,3019,1587,88243000,38896000,49347000,83629520.0,39600560.0,44028960.0,4a91bbdd1ea1873b71bfba2928a2ca2a36150cb026e9a82639138c4862643860,1,4,2,20,5,0.9,False,3630.5,2017.0,38.0,0.8315659000137722,0.7868120971740208,1.0,0.7868120971740208,True,False,2026-07-17T18:02:42+08:00,2026-07-17T20:02:42+08:00,,
2026-07-17T20:12:43+08:00,2026-07-17,DATA_CHANGING,38,38,0,38,3142,1630,91107000,41602000,49505000,85550020.0,42843990.0,42706030.0,fcc6355514c0632bfab21df72dd2dba6f576e27c1ad915b25243fc9c7e9b3b46,1,4,2,20,5,0.9,False,3630.5,2017.0,38.0,0.8654455309186062,0.8081308874566188,1.0,0.8081308874566188,True,False,2026-07-17T18:02:42+08:00,2026-07-17T20:12:43+08:00,,
2026-07-17T20:22:42+08:00,2026-07-17,DATA_CHANGING,38,38,0,38,3308,1729,98517000,43780000,54737000,89265820.0,44766220.0,44499600.0,8a815887e82b07e9079e276c1969208f8945e60ca5f2dcdcba6799127aceeca0,1,4,2,20,5,0.9,False,3630.5,2017.0,38.0,0.9111692604324473,0.8572136836886465,1.0,0.8572136836886465,True,False,2026-07-17T18:02:42+08:00,2026-07-17T20:22:42+08:00,,
2026-07-17T20:32:42+08:00,2026-07-17,DATA_CHANGING,38,38,0,38,3439,1797,102654000,46066000,56588000,91996830.0,47654860.0,44341970.0,fba99e1e7c907f5ad61168bfeba80abe9e680ce794d9865cb1e9c55651e7fbcc,1,4,2,20,5,0.9,False,3630.5,2017.0,38.0,0.9472524445668641,0.8909271194843827,1.0,0.8909271194843827,True,False,2026-07-17T18:02:42+08:00,2026-07-17T20:32:42+08:00,,
2026-07-17T20:42:43+08:00,2026-07-17,DATA_CHANGING,38,38,0,38,3542,1845,105731000,48055000,57676000,97115750.0,50305820.0,46809930.0,6b451ae1389715cd06687d2e8bfbbcf39c2b57e3e21a7007bfc3ea8f635407fc,1,4,2,20,5,0.9,False,3630.5,2017.0,38.0,0.9756231923977413,0.9147248388696083,1.0,0.9147248388696083,True,False,2026-07-17T18:02:42+08:00,2026-07-17T20:42:43+08:00,,
2026-07-17T20:52:42+08:00,2026-07-17,DATA_CHANGING,38,38,0,38,3654,1900,107815000,49430000,58385000,98900990.0,51966620.0,46934370.0,1972874eb416aab0b790826a7a27d2fd46d39e9c6a1aae305595a5a901a1bf78,1,4,2,20,5,0.9,False,3630.5,2017.0,38.0,1.0064729376118993,0.9419930589985126,1.0,0.9419930589985126,True,False,2026-07-17T18:02:42+08:00,2026-07-17T20:52:42+08:00,,
2026-07-17T21:02:43+08:00,2026-07-17,DATA_CHANGING,38,38,0,38,3831,1994,112230000,51652000,60578000,103093970.0,53978970.0,49115000.0,5792c0104b3db3cee55fde8b06309afe7b35183b9bcb2fccc829ca8ae58dc5e6,1,4,2,20,5,0.9,False,3630.5,2017.0,38.0,1.0552265528164164,0.9885969261279127,1.0,0.9885969261279127,True,False,2026-07-17T18:02:42+08:00,2026-07-17T21:02:43+08:00,,
2026-07-17T21:12:42+08:00,2026-07-17,DATA_CHANGING,38,38,0,38,3930,2033,113752000,52239000,61513000,106156640.0,54691640.0,51465000.0,0d1c95695597d30321bb3373ea47f2189a52edb678679737caab2e011708559c,1,4,2,20,5,0.9,False,3630.5,2017.0,38.0,1.0824955240325025,1.0079325731284086,1.0,1.0,True,False,2026-07-17T18:02:42+08:00,2026-07-17T21:12:42+08:00,,
2026-07-17T21:22:43+08:00,2026-07-17,DATA_CHANGING,38,38,0,38,4115,2125,118506000,53338000,65168000,110363040.0,56708460.0,53654580.0,c0a9faad4b091e814c0ba924fdad79c12a04ea9955dd4d5859b3864c093014bc,1,4,2,20,5,0.9,False,3630.5,2017.0,38.0,1.1334526924666024,1.0535448686167577,1.0,1.0,True,False,2026-07-17T18:02:42+08:00,2026-07-17T21:22:43+08:00,,
2026-07-17T21:33:44+08:00,2026-07-17,DATA_CHANGING,38,38,0,38,4282,2208,121658000,54805000,66853000,113627950.0,58624490.0,55003460.0,acbd7e5cf3a2c3573a0d730bcb03ec043ef4c2c3c932535a217fdc6470c14416,1,4,2,20,5,0.9,False,3630.5,2017.0,38.0,1.1794518661341413,1.0946950917203768,1.0,1.0,True,False,2026-07-17T18:02:42+08:00,2026-07-17T21:33:44+08:00,,
2026-07-17T21:43:43+08:00,2026-07-17,DATA_CHANGING,38,38,0,38,4346,2243,122067000,55637000,66430000,114616220.0,59775980.0,54840240.0,2ef91de8c467b80e549e1f4a3f67b23b539d4b5af32c0ae477c880898acebf14,1,4,2,20,5,0.9,False,3630.5,2017.0,38.0,1.197080291970803,1.1120475954387705,1.0,1.0,True,False,2026-07-17T18:02:42+08:00,2026-07-17T21:43:43+08:00,,
2026-07-17T21:53:44+08:00,2026-07-17,DATA_CHANGING,38,38,0,38,4554,2337,125877000,58982000,66895000,117292600.0,64327130.0,52965470.0,76c9a15776681389ecbb70602dd507960476143ab0269fda0178c0801f9ccb0c,1,4,2,20,5,0.9,False,3630.5,2017.0,38.0,1.2543726759399532,1.1586514625681705,1.0,1.0,True,False,2026-07-17T18:02:42+08:00,2026-07-17T21:53:44+08:00,,
2026-07-17T22:03:43+08:00,2026-07-17,DATA_CHANGING,38,38,0,38,4912,2493,132209000,69081000,63128000,121453350.0,73689930.0,47763420.0,3f0018f770fa4aa5e08d730001c07b3079d89eed1573bc9cf3591c6255a16a67,1,4,2,20,5,0.9,False,3630.5,2017.0,38.0,1.352981682963779,1.2359940505701537,1.0,1.0,True,False,2026-07-17T18:02:42+08:00,2026-07-17T22:03:43+08:00,,
2026-07-17T22:13:43+08:00,2026-07-17,DATA_CHANGING,38,38,0,38,4924,2498,132258000,69101000,63157000,121493480.0,73696840.0,47796640.0,316116622eb533ef6460abaa9cb1ad06f55aae76ecb8a312f7ec2a0ba6fc7bd2,1,4,2,20,5,0.9,False,3630.5,2017.0,38.0,1.3562870128081532,1.2384729796727814,1.0,1.0,True,False,2026-07-17T18:02:42+08:00,2026-07-17T22:13:43+08:00,,
2026-07-17T22:23:43+08:00,2026-07-17,STABLE_WAITING,38,38,0,38,4924,2498,132258000,69101000,63157000,121493480.0,73696840.0,47796640.0,316116622eb533ef6460abaa9cb1ad06f55aae76ecb8a312f7ec2a0ba6fc7bd2,2,4,2,20,5,0.9,False,3630.5,2017.0,38.0,1.3562870128081532,1.2384729796727814,1.0,1.0,True,False,2026-07-17T18:02:42+08:00,2026-07-17T22:13:43+08:00,,
2026-07-17T22:33:44+08:00,2026-07-17,STABLE_WAITING,38,38,0,38,4924,2498,132258000,69101000,63157000,121493480.0,73696840.0,47796640.0,316116622eb533ef6460abaa9cb1ad06f55aae76ecb8a312f7ec2a0ba6fc7bd2,3,4,2,20,5,0.9,False,3630.5,2017.0,38.0,1.3562870128081532,1.2384729796727814,1.0,1.0,True,False,2026-07-17T18:02:42+08:00,2026-07-17T22:13:43+08:00,,
2026-07-17T22:43:43+08:00,2026-07-17,COMPLETE,38,38,0,38,4924,2498,132258000,69101000,63157000,121493480.0,73696840.0,47796640.0,316116622eb533ef6460abaa9cb1ad06f55aae76ecb8a312f7ec2a0ba6fc7bd2,4,4,2,20,5,0.9,False,3630.5,2017.0,38.0,1.3562870128081532,1.2384729796727814,1.0,1.0,True,True,2026-07-17T18:02:42+08:00,2026-07-17T22:13:43+08:00,2026-07-17T22:43:43+08:00,
2026-07-20T17:17:19+08:00,2026-07-20,NO_DATA,38,38,0,0,0,0,0,0,0,0.0,0.0,0.0,,0,4,3,20,5,0.9,False,3746.0,2161.0,38.0,0.0,0.0,0.0,0.0,True,False,,,,
2026-07-20T17:27:18+08:00,2026-07-20,NO_DATA,38,38,0,0,0,0,0,0,0,0.0,0.0,0.0,,0,4,3,20,5,0.9,False,3746.0,2161.0,38.0,0.0,0.0,0.0,0.0,True,False,,,,
2026-07-20T17:37:18+08:00,2026-07-20,NO_DATA,38,38,0,0,0,0,0,0,0,0.0,0.0,0.0,,0,4,3,20,5,0.9,False,3746.0,2161.0,38.0,0.0,0.0,0.0,0.0,True,False,,,,
2026-07-20T17:47:18+08:00,2026-07-20,NO_DATA,38,38,0,0,0,0,0,0,0,0.0,0.0,0.0,,0,4,3,20,5,0.9,False,3746.0,2161.0,38.0,0.0,0.0,0.0,0.0,True,False,,,,
2026-07-20T17:57:18+08:00,2026-07-20,NO_DATA,38,38,0,0,0,0,0,0,0,0.0,0.0,0.0,,0,4,3,20,5,0.9,False,3746.0,2161.0,38.0,0.0,0.0,0.0,0.0,True,False,,,,
2026-07-20T18:07:18+08:00,2026-07-20,DATA_CHANGING,38,38,0,34,566,318,23576000,13633000,9943000,21441450.0,8006090.0,13435360.0,7f24a92e015122b9284aab816f15ae65fb2f42c37ec22d196b922c8aeec06a3b,1,4,3,20,5,0.9,False,3746.0,2161.0,38.0,0.15109450080085424,0.14715409532623785,0.8947368421052632,0.14715409532623785,True,False,2026-07-20T18:07:18+08:00,2026-07-20T18:07:18+08:00,,
2026-07-20T18:17:18+08:00,2026-07-20,DATA_CHANGING,38,38,0,35,948,553,29149000,17898000,11251000,27293020.0,11374560.0,15918460.0,9da52047d9457a7af73722a0d7cbe2e264a0bb0ba991d3697f6255f18b21fb2c,1,4,3,20,5,0.9,False,3746.0,2161.0,38.0,0.2530699412706887,0.25590004627487273,0.9210526315789473,0.2530699412706887,True,False,2026-07-20T18:07:18+08:00,2026-07-20T18:17:18+08:00,,
2026-07-20T18:27:18+08:00,2026-07-20,DATA_CHANGING,38,38,0,36,1049,604,31711000,18279000,13432000,29096170.0,11809840.0,17286330.0,b3ff4b9993c9b29593c2fe56461b45ad8f66504024afd8eaf88030fe93dd40ca,1,4,3,20,5,0.9,False,3746.0,2161.0,38.0,0.2800320341697811,0.2795002313743637,0.9473684210526315,0.2795002313743637,True,False,2026-07-20T18:07:18+08:00,2026-07-20T18:27:18+08:00,,
2026-07-20T18:37:19+08:00,2026-07-20,DATA_CHANGING,38,38,0,36,1107,643,32166000,18672000,13494000,29571830.0,12177340.0,17394490.0,2987331dd2a6f7eabff30d6cda47627c9a722f79da06df06073554265b1fdaec,1,4,3,20,5,0.9,False,3746.0,2161.0,38.0,0.295515216230646,0.2975474317445627,0.9473684210526315,0.295515216230646,True,False,2026-07-20T18:07:18+08:00,2026-07-20T18:37:19+08:00,,
2026-07-20T18:47:19+08:00,2026-07-20,DATA_CHANGING,38,38,0,37,1202,704,34298000,19499000,14799000,31019510.0,13233380.0,17786130.0,fc55ae5f13bb94aa50680e7d198f90e2bf62efd192e7632c181aa13ad46a6754,1,4,3,20,5,0.9,False,3746.0,2161.0,38.0,0.3208756006406834,0.32577510411846367,0.9736842105263158,0.3208756006406834,True,False,2026-07-20T18:07:18+08:00,2026-07-20T18:47:19+08:00,,
2026-07-20T18:57:19+08:00,2026-07-20,DATA_CHANGING,38,38,0,37,1299,774,40615000,21730000,18885000,35252030.0,14716210.0,20535820.0,91d871e3f7a1bc0a5a7886dac3e3fe93a2fbe789c73b9c4cbaaedd082820c08d,1,4,3,20,5,0.9,False,3746.0,2161.0,38.0,0.34676988788040575,0.35816751503933364,0.9736842105263158,0.34676988788040575,True,False,2026-07-20T18:07:18+08:00,2026-07-20T18:57:19+08:00,,
2026-07-20T19:07:18+08:00,2026-07-20,DATA_CHANGING,38,38,0,37,1383,825,47785000,22596000,25189000,39694660.0,15456030.0,24238630.0,16e1d6e77c81345a78250e0b8046c626a99fd167877616440bb0934eb1e6a24c,1,4,3,20,5,0.9,False,3746.0,2161.0,38.0,0.36919380672717567,0.3817677001388246,0.9736842105263158,0.36919380672717567,True,False,2026-07-20T18:07:18+08:00,2026-07-20T19:07:18+08:00,,
2026-07-20T19:17:18+08:00,2026-07-20,DATA_CHANGING,38,38,0,38,1517,899,51485000,23926000,27559000,41326270.0,16535280.0,24790990.0,5a5a581e7fb654c457376af7160a404c0284c691eb04409323a5764002f90acc,1,4,3,20,5,0.9,False,3746.0,2161.0,38.0,0.4049652963160705,0.41601110596945856,1.0,0.4049652963160705,True,False,2026-07-20T18:07:18+08:00,2026-07-20T19:17:18+08:00,,
2026-07-20T19:27:19+08:00,2026-07-20,DATA_CHANGING,38,38,0,38,1672,985,57842000,26953000,30889000,44936550.0,19561720.0,25374830.0,86f9b6740cfcd1aa5c7656132e65d6c6c34937a677f1cb783840206499ac41d4,1,4,3,20,5,0.9,False,3746.0,2161.0,38.0,0.44634276561665776,0.45580749652938457,1.0,0.44634276561665776,True,False,2026-07-20T18:07:18+08:00,2026-07-20T19:27:19+08:00,,
2026-07-20T19:37:18+08:00,2026-07-20,DATA_CHANGING,38,38,0,38,1829,1057,61532000,28068000,33464000,48534040.0,20443410.0,28090630.0,99205fa5e9144015a32b001a8c37f7e3019a4b2a74a9c97590ce71b1f51f6ed3,1,4,3,20,5,0.9,False,3746.0,2161.0,38.0,0.48825413774693005,0.4891254049051365,1.0,0.48825413774693005,True,False,2026-07-20T18:07:18+08:00,2026-07-20T19:37:18+08:00,,
2026-07-20T19:47:19+08:00,2026-07-20,DATA_CHANGING,38,38,0,38,1961,1137,64952000,30946000,34006000,55200040.0,23809210.0,31390830.0,6c1dce79f8e9f20ef53d6947c51f6ebb19303eb135183ff4f1ac69a8c2aff25e,1,4,3,20,5,0.9,False,3746.0,2161.0,38.0,0.5234917245061399,0.5261453031004165,1.0,0.5234917245061399,True,False,2026-07-20T18:07:18+08:00,2026-07-20T19:47:19+08:00,,
2026-07-20T19:57:18+08:00,2026-07-20,DATA_CHANGING,38,38,0,38,2128,1215,68186000,32777000,35409000,57266280.0,26694130.0,30572150.0,0ea2bec20a77cb7a83016e8df0b3f83a67a3623287a94266ee1bb18b1bc444cf,1,4,3,20,5,0.9,False,3746.0,2161.0,38.0,0.5680726107848372,0.5622397038408145,1.0,0.5622397038408145,True,False,2026-07-20T18:07:18+08:00,2026-07-20T19:57:18+08:00,,
2026-07-20T20:07:18+08:00,2026-07-20,DATA_CHANGING,38,38,0,38,2218,1271,69189000,34623000,34566000,58719240.0,28606080.0,30113160.0,59b4815c0fcfe94a48118cd0727c7c32a8996440a144c77bd39257c8f2442f3b,1,4,3,20,5,0.9,False,3746.0,2161.0,38.0,0.5920982381206621,0.5881536325775104,1.0,0.5881536325775104,True,False,2026-07-20T18:07:18+08:00,2026-07-20T20:07:18+08:00,,
2026-07-20T20:17:19+08:00,2026-07-20,DATA_CHANGING,38,38,0,38,2342,1345,72211000,37359000,34852000,63316040.0,30892460.0,32423580.0,0972d073959e6a28c120b65ab91960a624b96156d77e37d358636d0160032e14,1,4,3,20,5,0.9,False,3746.0,2161.0,38.0,0.6252002135611319,0.6223970384081444,1.0,0.6223970384081444,True,False,2026-07-20T18:07:18+08:00,2026-07-20T20:17:19+08:00,,
2026-07-20T20:27:18+08:00,2026-07-20,DATA_CHANGING,38,38,0,38,2422,1402,76975000,38811000,38164000,66216630.0,33008310.0,33208320.0,7b0975a2ff4f8276ae1aa10f53b6782185b03c8f1a00fc0838fca25036126577,1,4,3,20,5,0.9,False,3746.0,2161.0,38.0,0.6465563267485318,0.6487737158722814,1.0,0.6465563267485318,True,False,2026-07-20T18:07:18+08:00,2026-07-20T20:27:18+08:00,,
2026-07-20T20:37:18+08:00,2026-07-20,DATA_CHANGING,38,38,0,38,2516,1466,78723000,41096000,37627000,67293340.0,36810560.0,30482780.0,29b0e9b7559438ba3545973525709d1a530956ee913b650434178e7196b2689f,1,4,3,20,5,0.9,False,3746.0,2161.0,38.0,0.6716497597437266,0.6783896344285053,1.0,0.6716497597437266,True,False,2026-07-20T18:07:18+08:00,2026-07-20T20:37:18+08:00,,
2026-07-20T20:47:19+08:00,2026-07-20,DATA_CHANGING,38,38,0,38,2628,1521,80745000,42331000,38414000,71601910.0,37928860.0,33673050.0,9916db53f7bb82f65d9aa538441722968d57543f29124e9357ca61962426f0a8,1,4,3,20,5,0.9,False,3746.0,2161.0,38.0,0.7015483182060865,0.7038408144377603,1.0,0.7015483182060865,True,False,2026-07-20T18:07:18+08:00,2026-07-20T20:47:19+08:00,,
2026-07-20T20:57:18+08:00,2026-07-20,DATA_CHANGING,38,38,0,38,2708,1571,81960000,44452000,37508000,72394250.0,41885650.0,30508600.0,ca50d628e4b19ef3729ea4c152350a2631eb35560fb7f384852933f46b412971,1,4,3,20,5,0.9,False,3746.0,2161.0,38.0,0.7229044313934864,0.7269782508098103,1.0,0.7229044313934864,True,False,2026-07-20T18:07:18+08:00,2026-07-20T20:57:18+08:00,,
2026-07-20T21:07:18+08:00,2026-07-20,DATA_CHANGING,38,38,0,38,2802,1625,82710000,45556000,37154000,73070930.0,43047710.0,30023220.0,06e6071722da8a1188353d43bb63e6cf649c6a296b8bce953fa3751dd7cab35f,1,4,3,20,5,0.9,False,3746.0,2161.0,38.0,0.7479978643886812,0.7519666820916242,1.0,0.7479978643886812,True,False,2026-07-20T18:07:18+08:00,2026-07-20T21:07:18+08:00,,
2026-07-20T21:18:22+08:00,2026-07-20,DATA_CHANGING,38,38,0,38,2944,1710,84256000,47222000,37034000,74373060.0,44205680.0,30167380.0,a4542df0ac5e99ede8a1cbc282598df98ecb59113e5d9fbd013fade2198bff80,1,4,3,20,5,0.9,False,3746.0,2161.0,38.0,0.785904965296316,0.7913003239241092,1.0,0.785904965296316,True,False,2026-07-20T18:07:18+08:00,2026-07-20T21:18:22+08:00,,
2026-07-20T21:28:22+08:00,2026-07-20,DATA_CHANGING,38,38,0,38,3186,1816,89177000,51434000,37743000,78982940.0,48672440.0,30310500.0,39b29d0b143d0ceeba8191731e6dcdba82e85cea50037bb5667bbd1487ea1dcf,1,4,3,20,5,0.9,False,3746.0,2161.0,38.0,0.8505072076882008,0.8403516890328552,1.0,0.8403516890328552,True,False,2026-07-20T18:07:18+08:00,2026-07-20T21:28:22+08:00,,
2026-07-20T21:38:22+08:00,2026-07-20,DATA_CHANGING,38,38,0,38,3270,1862,89763000,52584000,37179000,79358250.0,49366970.0,29991280.0,458970f99857b0bf952e9f51eb854bb237c438536043ad8f9e162db3c9f03a1b,1,4,3,20,5,0.9,False,3746.0,2161.0,38.0,0.8729311265349706,0.8616381304951412,1.0,0.8616381304951412,True,False,2026-07-20T18:07:18+08:00,2026-07-20T21:38:22+08:00,,
2026-07-20T21:48:21+08:00,2026-07-20,STABLE_WAITING,38,38,0,38,3270,1862,89763000,52584000,37179000,79358250.0,49366970.0,29991280.0,458970f99857b0bf952e9f51eb854bb237c438536043ad8f9e162db3c9f03a1b,2,4,3,20,5,0.9,False,3746.0,2161.0,38.0,0.8729311265349706,0.8616381304951412,1.0,0.8616381304951412,True,False,2026-07-20T18:07:18+08:00,2026-07-20T21:38:22+08:00,,
2026-07-20T21:58:22+08:00,2026-07-20,STABLE_WAITING,38,38,0,38,3270,1862,89763000,52584000,37179000,79358250.0,49366970.0,29991280.0,458970f99857b0bf952e9f51eb854bb237c438536043ad8f9e162db3c9f03a1b,3,4,3,20,5,0.9,False,3746.0,2161.0,38.0,0.8729311265349706,0.8616381304951412,1.0,0.8616381304951412,True,False,2026-07-20T18:07:18+08:00,2026-07-20T21:38:22+08:00,,
2026-07-20T22:08:22+08:00,2026-07-20,DATA_CHANGING,38,38,0,38,3376,1907,95653000,56497000,39156000,83989150.0,51145200.0,32843950.0,569053812fd18b1f97a62accdb696824b443ebdade37131961f192cb336f70ed,1,4,3,20,5,0.9,False,3746.0,2161.0,38.0,0.9012279765082755,0.8824618232299861,1.0,0.8824618232299861,True,False,2026-07-20T18:07:18+08:00,2026-07-20T22:08:22+08:00,,
2026-07-20T22:18:22+08:00,2026-07-20,DATA_CHANGING,38,38,0,38,3514,1984,101268000,60026000,41242000,88477210.0,54192580.0,34284630.0,24db4b6beda667c98594bdccf21100d954c3e36bbc427517c0da859117b89d3e,1,4,3,20,5,0.9,False,3746.0,2161.0,38.0,0.9380672717565403,0.918093475242943,1.0,0.918093475242943,True,False,2026-07-20T18:07:18+08:00,2026-07-20T22:18:22+08:00,,
2026-07-20T22:28:21+08:00,2026-07-20,DATA_CHANGING,38,38,0,38,3635,2052,104554000,61660000,42894000,94103070.0,56011070.0,38092000.0,55386ee3fd9454437869296a6cc65dd3e093a9fe16431bf64e89deb3534cae16,1,4,3,20,5,0.9,False,3746.0,2161.0,38.0,0.9703683929524827,0.949560388708931,1.0,0.949560388708931,True,False,2026-07-20T18:07:18+08:00,2026-07-20T22:28:21+08:00,,
2026-07-20T22:38:21+08:00,2026-07-20,DATA_CHANGING,38,38,0,38,3782,2141,108000000,63946000,44054000,96647910.0,59455790.0,37192120.0,19546c154365f36a97f8ff0df93422fc4917363b7676b8a691872fe1da49f7db,1,4,3,20,5,0.9,False,3746.0,2161.0,38.0,1.0096102509343299,0.99074502545118,1.0,0.99074502545118,True,False,2026-07-20T18:07:18+08:00,2026-07-20T22:38:21+08:00,,
2026-07-20T22:48:22+08:00,2026-07-20,DATA_CHANGING,38,38,0,38,3832,2165,109208000,64693000,44515000,98211110.0,60479290.0,37731820.0,63d4e10b63d57b5bf8fd14ea349fda35ab093ee10e67853601ae93dc8d61065d,1,4,3,20,5,0.9,False,3746.0,2161.0,38.0,1.022957821676455,1.001850994909764,1.0,1.0,True,False,2026-07-20T18:07:18+08:00,2026-07-20T22:48:22+08:00,,
2026-07-20T22:58:21+08:00,2026-07-20,STABLE_WAITING,38,38,0,38,3832,2165,109208000,64693000,44515000,98211110.0,60479290.0,37731820.0,63d4e10b63d57b5bf8fd14ea349fda35ab093ee10e67853601ae93dc8d61065d,2,4,3,20,5,0.9,False,3746.0,2161.0,38.0,1.022957821676455,1.001850994909764,1.0,1.0,True,False,2026-07-20T18:07:18+08:00,2026-07-20T22:48:22+08:00,,
2026-07-20T23:08:21+08:00,2026-07-20,STABLE_WAITING,38,38,0,38,3832,2165,109208000,64693000,44515000,98211110.0,60479290.0,37731820.0,63d4e10b63d57b5bf8fd14ea349fda35ab093ee10e67853601ae93dc8d61065d,3,4,3,20,5,0.9,False,3746.0,2161.0,38.0,1.022957821676455,1.001850994909764,1.0,1.0,True,False,2026-07-20T18:07:18+08:00,2026-07-20T22:48:22+08:00,,
2026-07-20T23:18:22+08:00,2026-07-20,COMPLETE,38,38,0,38,3832,2165,109208000,64693000,44515000,98211110.0,60479290.0,37731820.0,63d4e10b63d57b5bf8fd14ea349fda35ab093ee10e67853601ae93dc8d61065d,4,4,3,20,5,0.9,False,3746.0,2161.0,38.0,1.022957821676455,1.001850994909764,1.0,1.0,True,True,2026-07-20T18:07:18+08:00,2026-07-20T22:48:22+08:00,2026-07-20T23:18:22+08:00,
2026-07-21T17:07:54+08:00,2026-07-21,NO_DATA,38,38,0,0,0,0,0,0,0,0.0,0.0,0.0,,0,4,4,20,5,0.9,False,3789.0,2163.0,38.0,0.0,0.0,0.0,0.0,True,False,,,,
2026-07-21T17:17:53+08:00,2026-07-21,NO_DATA,38,38,0,0,0,0,0,0,0,0.0,0.0,0.0,,0,4,4,20,5,0.9,False,3789.0,2163.0,38.0,0.0,0.0,0.0,0.0,True,False,,,,
2026-07-21T17:27:54+08:00,2026-07-21,NO_DATA,38,38,0,0,0,0,0,0,0,0.0,0.0,0.0,,0,4,4,20,5,0.9,False,3789.0,2163.0,38.0,0.0,0.0,0.0,0.0,True,False,,,,
2026-07-21T17:37:53+08:00,2026-07-21,NO_DATA,38,38,0,0,0,0,0,0,0,0.0,0.0,0.0,,0,4,4,20,5,0.9,False,3789.0,2163.0,38.0,0.0,0.0,0.0,0.0,True,False,,,,
2026-07-21T17:47:54+08:00,2026-07-21,NO_DATA,38,38,0,0,0,0,0,0,0,0.0,0.0,0.0,,0,4,4,20,5,0.9,False,3789.0,2163.0,38.0,0.0,0.0,0.0,0.0,True,False,,,,
2026-07-21T17:57:53+08:00,2026-07-21,DATA_CHANGING,38,38,0,21,55,31,600000,581000,19000,573280.0,694750.0,-121470.0,0fa7632472c698c6e89501310b20d96128868eda5e9d5bee0e6a6fb936a2b668,1,4,4,20,5,0.9,False,3789.0,2163.0,38.0,0.014515703351807865,0.014331946370781322,0.5526315789473685,0.014331946370781322,True,False,2026-07-21T17:57:53+08:00,2026-07-21T17:57:53+08:00,,
2026-07-21T18:07:53+08:00,2026-07-21,DATA_CHANGING,38,38,0,37,667,379,26767000,8693000,18074000,25381020.0,6501810.0,18879210.0,a54ddad1a4e00b1743b4c52214f534920557275c7670d81e14d1aabda328aeac,1,4,4,20,5,0.9,False,3789.0,2163.0,38.0,0.17603589337556083,0.17521960240406842,0.9736842105263158,0.17521960240406842,True,False,2026-07-21T17:57:53+08:00,2026-07-21T18:07:53+08:00,,
2026-07-21T18:17:54+08:00,2026-07-21,DATA_CHANGING,38,38,0,38,982,583,33366000,12823000,20543000,32544240.0,10509990.0,22034250.0,b2c883472d79ccab483faf5656551ecc110526aaeb3008762f82aa5a2e4ddac1,1,4,4,20,5,0.9,False,3789.0,2163.0,38.0,0.25917128529955136,0.26953305594082294,1.0,0.25917128529955136,True,False,2026-07-21T17:57:53+08:00,2026-07-21T18:17:54+08:00,,
2026-07-21T18:27:54+08:00,2026-07-21,DATA_CHANGING,38,38,0,38,1070,622,45435000,15466000,29969000,41539360.0,13222370.0,28316990.0,115985aa73e671ada8b4f5827926a4b0149f09712bc32a0b7d04694e7ab3dd0a,1,4,4,20,5,0.9,False,3789.0,2163.0,38.0,0.2823964106624439,0.2875635691169672,1.0,0.2823964106624439,True,False,2026-07-21T17:57:53+08:00,2026-07-21T18:27:54+08:00,,
2026-07-21T18:37:53+08:00,2026-07-21,DATA_CHANGING,38,38,0,38,1098,646,45582000,15733000,29849000,41722090.0,13416470.0,28305620.0,e0795e9f08dd5b72384124d04f49bba2069072532e5a384789020d2f847b921d,1,4,4,20,5,0.9,False,3789.0,2163.0,38.0,0.28978622327790976,0.29865926953305594,1.0,0.28978622327790976,True,False,2026-07-21T17:57:53+08:00,2026-07-21T18:37:53+08:00,,
2026-07-21T18:47:54+08:00,2026-07-21,DATA_CHANGING,38,38,0,38,1144,678,48182000,16089000,32093000,44342250.0,13781050.0,30561200.0,bbb5da680b65a98991310b1793e98244cb2cef51710fabd62c9dea84923fea97,1,4,4,20,5,0.9,False,3789.0,2163.0,38.0,0.3019266297176036,0.31345353675450766,1.0,0.3019266297176036,True,False,2026-07-21T17:57:53+08:00,2026-07-21T18:47:54+08:00,,
2026-07-21T18:57:53+08:00,2026-07-21,DATA_CHANGING,38,38,0,38,1219,716,49171000,16926000,32245000,44896950.0,14463590.0,30433360.0,3e1a1ffe4fb066b5f186ca2faa1b16dcb55589767d0c843c00b2c0e1ef1ece1a,1,4,4,20,5,0.9,False,3789.0,2163.0,38.0,0.32172077065188703,0.3310217290799815,1.0,0.32172077065188703,True,False,2026-07-21T17:57:53+08:00,2026-07-21T18:57:53+08:00,,
2026-07-21T19:07:53+08:00,2026-07-21,DATA_CHANGING,38,38,0,38,1301,770,50756000,18019000,32737000,46250130.0,15585690.0,30664440.0,f218610b5fba81f77377c369c2cb1bbbe965633227b1e470ac83cae6cfd3324e,1,4,4,20,5,0.9,False,3789.0,2163.0,38.0,0.34336236474003695,0.3559870550161812,1.0,0.34336236474003695,True,False,2026-07-21T17:57:53+08:00,2026-07-21T19:07:53+08:00,,
2026-07-21T19:17:53+08:00,2026-07-21,DATA_CHANGING,38,38,0,38,1371,815,51919000,19622000,32297000,47356050.0,16769130.0,30586920.0,6dba4471c60cb1c0f19dffcf4cfc7854d11c750dbaac4e4464af6048d83feb6f,1,4,4,20,5,0.9,False,3789.0,2163.0,38.0,0.3618368962787015,0.37679149329634765,1.0,0.3618368962787015,True,False,2026-07-21T17:57:53+08:00,2026-07-21T19:17:53+08:00,,
2026-07-21T19:27:54+08:00,2026-07-21,DATA_CHANGING,38,38,0,38,1487,884,54151000,21265000,32886000,49465240.0,18060140.0,31405100.0,77dff42acb4789d82333c5b6e7e53f938bb9ccfb27fab4839ad9c2f7aa43acd3,1,4,4,20,5,0.9,False,3789.0,2163.0,38.0,0.39245183425705993,0.4086916319926029,1.0,0.39245183425705993,True,False,2026-07-21T17:57:53+08:00,2026-07-21T19:27:54+08:00,,
2026-07-21T19:37:54+08:00,2026-07-21,DATA_CHANGING,38,38,0,38,1578,930,55873000,22343000,33530000,50631730.0,19432360.0,31199370.0,3fe8637fed1d28caf473ec8b4e3f20c11696661daee074811910885f86204103,1,4,4,20,5,0.9,False,3789.0,2163.0,38.0,0.4164687252573238,0.42995839112343964,1.0,0.4164687252573238,True,False,2026-07-21T17:57:53+08:00,2026-07-21T19:37:54+08:00,,
2026-07-21T19:47:53+08:00,2026-07-21,DATA_CHANGING,38,38,0,38,1665,982,59004000,24365000,34639000,53037530.0,21561790.0,31475740.0,9246a1ff7fdf98b0e0f761bb0a76a7031447a3c4c22826de05c17cbdfdce027f,1,4,4,20,5,0.9,False,3789.0,2163.0,38.0,0.43942992874109266,0.45399907535829864,1.0,0.43942992874109266,True,False,2026-07-21T17:57:53+08:00,2026-07-21T19:47:53+08:00,,
2026-07-21T19:57:53+08:00,2026-07-21,DATA_CHANGING,38,38,0,38,1898,1077,63119000,26778000,36341000,58775050.0,23835840.0,34939210.0,860352a68d19e4f28b47ab5eae5c5ab0f5f7d61387051ab1dd75727afee71af4,1,4,4,20,5,0.9,False,3789.0,2163.0,38.0,0.5009237265769332,0.49791955617198336,1.0,0.49791955617198336,True,False,2026-07-21T17:57:53+08:00,2026-07-21T19:57:53+08:00,,
2026-07-21T20:07:54+08:00,2026-07-21,DATA_CHANGING,38,38,0,38,1991,1135,63699000,27175000,36524000,59400650.0,24383130.0,35017520.0,adab7c8ca61fbca1cca844e2a918bcaf54de7d28a72a53da22405addafb34344,1,4,4,20,5,0.9,False,3789.0,2163.0,38.0,0.5254684613354447,0.5247341655108645,1.0,0.5247341655108645,True,False,2026-07-21T17:57:53+08:00,2026-07-21T20:07:54+08:00,,
2026-07-21T20:17:53+08:00,2026-07-21,DATA_CHANGING,38,38,0,38,2134,1216,67198000,29919000,37279000,63528330.0,26774850.0,36753480.0,877ec773a3c3c4e0c6aa93f966ecf9586ed9f96128aa1b491fdf5163a2a30d06,1,4,4,20,5,0.9,False,3789.0,2163.0,38.0,0.5632092900501452,0.5621821544151642,1.0,0.5621821544151642,True,False,2026-07-21T17:57:53+08:00,2026-07-21T20:17:53+08:00,,
2026-07-21T20:27:53+08:00,2026-07-21,DATA_CHANGING,38,38,0,38,2250,1290,69769000,31755000,38014000,66259090.0,28678310.0,37580780.0,bd767a121843f38acc9d1607722aa2706f83ee99cfd87a5aa69348ccc063b70b,1,4,4,20,5,0.9,False,3789.0,2163.0,38.0,0.5938242280285035,0.5963938973647711,1.0,0.5938242280285035,True,False,2026-07-21T17:57:53+08:00,2026-07-21T20:27:53+08:00,,
2026-07-21T20:37:54+08:00,2026-07-21,DATA_CHANGING,38,38,0,38,2319,1332,71667000,32577000,39090000,68277390.0,29439720.0,38837670.0,b9d4d5d705cc9392ac1f9b81b1eb8e6e3a1fdf0ffd391b8181d9f5ca8bba0cab,1,4,4,20,5,0.9,False,3789.0,2163.0,38.0,0.6120348376880443,0.6158113730929264,1.0,0.6120348376880443,True,False,2026-07-21T17:57:53+08:00,2026-07-21T20:37:54+08:00,,
2026-07-21T20:47:53+08:00,2026-07-21,DATA_CHANGING,38,38,0,38,2397,1378,73221000,33923000,39298000,70095090.0,30586330.0,39508760.0,135750debf19d187671a0bc1094259772e184409d40f5f89489050eca6bc7648,1,4,4,20,5,0.9,False,3789.0,2163.0,38.0,0.6326207442596992,0.6370781322237633,1.0,0.6326207442596992,True,False,2026-07-21T17:57:53+08:00,2026-07-21T20:47:53+08:00,,
2026-07-21T20:57:53+08:00,2026-07-21,DATA_CHANGING,38,38,0,38,2516,1447,76338000,36730000,39608000,74046560.0,33134940.0,40911620.0,ae531c69e1471b7b2cb4c3db05fb7019bb8c076c8d1b1016db48f08c4a327540,1,4,4,20,5,0.9,False,3789.0,2163.0,38.0,0.6640274478754289,0.6689782709200185,1.0,0.6640274478754289,True,False,2026-07-21T17:57:53+08:00,2026-07-21T20:57:53+08:00,,
2026-07-21T21:08:51+08:00,2026-07-21,DATA_CHANGING,38,38,0,38,2556,1477,76669000,37264000,39405000,74401650.0,33890920.0,40510730.0,71cd7d7112eb385e9ad1c079db9bb334822112805d0c89b5767ea0f24312b623,1,4,4,20,5,0.9,False,3789.0,2163.0,38.0,0.6745843230403801,0.6828478964401294,1.0,0.6745843230403801,True,False,2026-07-21T17:57:53+08:00,2026-07-21T21:08:51+08:00,,
2026-07-21T21:18:52+08:00,2026-07-21,DATA_CHANGING,38,38,0,38,2679,1546,79369000,41517000,37852000,76691020.0,38330040.0,38360980.0,a14191af9e036dd5c6aad14bd8fa5627673b177a2132e37f565fa5c8bbd85402,1,4,4,20,5,0.9,False,3789.0,2163.0,38.0,0.7070467141726049,0.7147480351363846,1.0,0.7070467141726049,True,False,2026-07-21T17:57:53+08:00,2026-07-21T21:18:52+08:00,,
2026-07-21T21:28:51+08:00,2026-07-21,DATA_CHANGING,38,38,0,38,2764,1604,79678000,42773000,36905000,77267690.0,39605430.0,37662260.0,0269582355b85c0441f913677fa3748b52fa881597805188ba1f2ea5439f9e4b,1,4,4,20,5,0.9,False,3789.0,2163.0,38.0,0.7294800738981262,0.7415626444752659,1.0,0.7294800738981262,True,False,2026-07-21T17:57:53+08:00,2026-07-21T21:28:51+08:00,,
2026-07-21T21:38:51+08:00,2026-07-21,DATA_CHANGING,38,38,0,38,2831,1648,86354000,43862000,42492000,78679960.0,40065720.0,38614240.0,b40c23b32e545a0848e0c1b0a05703fd671eb1d43cb346af09ddf3d0c3db20e2,1,4,4,20,5,0.9,False,3789.0,2163.0,38.0,0.7471628397994193,0.7619047619047619,1.0,0.7471628397994193,True,False,2026-07-21T17:57:53+08:00,2026-07-21T21:38:51+08:00,,
2026-07-21T21:48:52+08:00,2026-07-21,DATA_CHANGING,38,38,0,38,2947,1719,89992000,44789000,45203000,81387750.0,41237230.0,40150520.0,3efc18f816c4b16b4e342334c34ecbd9869767198cc068569c4aee04bb2ee73a,1,4,4,20,5,0.9,False,3789.0,2163.0,38.0,0.7777777777777778,0.7947295423023578,1.0,0.7777777777777778,True,False,2026-07-21T17:57:53+08:00,2026-07-21T21:48:52+08:00,,
2026-07-21T21:58:51+08:00,2026-07-21,DATA_CHANGING,38,38,0,38,3051,1787,92008000,45615000,46393000,83008860.0,41970000.0,41038860.0,7bbbd06005cb5952e8ee22f9fc4df81993c1c57419765027f0199b95fbb6f219,1,4,4,20,5,0.9,False,3789.0,2163.0,38.0,0.8052256532066508,0.8261673601479427,1.0,0.8052256532066508,True,False,2026-07-21T17:57:53+08:00,2026-07-21T21:58:51+08:00,,
2026-07-21T22:08:52+08:00,2026-07-21,DATA_CHANGING,38,38,0,38,3223,1877,93535000,49505000,44030000,84857980.0,44343490.0,40514490.0,7bd0fb8b23e342729eb015ea5afa3034cc3d30465a69fc9397c1d8491dd25822,1,4,4,20,5,0.9,False,3789.0,2163.0,38.0,0.8506202164159409,0.8677762367082755,1.0,0.8506202164159409,True,False,2026-07-21T17:57:53+08:00,2026-07-21T22:08:52+08:00,,
2026-07-21T22:18:51+08:00,2026-07-21,DATA_CHANGING,38,38,0,38,3421,1977,96339000,52473000,43866000,87420990.0,48521000.0,38899990.0,f2c5c6eefda6d757dd5f63662984df7066ba193895a3e9c37003226dbed1b1e0,1,4,4,20,5,0.9,False,3789.0,2163.0,38.0,0.9028767484824491,0.9140083217753121,1.0,0.9028767484824491,True,False,2026-07-21T17:57:53+08:00,2026-07-21T22:18:51+08:00,,
2026-07-21T22:28:52+08:00,2026-07-21,STABLE_WAITING,38,38,0,38,3421,1977,96339000,52473000,43866000,87420990.0,48521000.0,38899990.0,f2c5c6eefda6d757dd5f63662984df7066ba193895a3e9c37003226dbed1b1e0,2,4,4,20,5,0.9,False,3789.0,2163.0,38.0,0.9028767484824491,0.9140083217753121,1.0,0.9028767484824491,True,False,2026-07-21T17:57:53+08:00,2026-07-21T22:18:51+08:00,,
2026-07-21T22:38:52+08:00,2026-07-21,STABLE_WAITING,38,38,0,38,3421,1977,96339000,52473000,43866000,87420990.0,48521000.0,38899990.0,f2c5c6eefda6d757dd5f63662984df7066ba193895a3e9c37003226dbed1b1e0,3,4,4,20,5,0.9,False,3789.0,2163.0,38.0,0.9028767484824491,0.9140083217753121,1.0,0.9028767484824491,True,False,2026-07-21T17:57:53+08:00,2026-07-21T22:18:51+08:00,,
2026-07-21T22:48:51+08:00,2026-07-21,COMPLETE,38,38,0,38,3421,1977,96339000,52473000,43866000,87420990.0,48521000.0,38899990.0,f2c5c6eefda6d757dd5f63662984df7066ba193895a3e9c37003226dbed1b1e0,4,4,4,20,5,0.9,False,3789.0,2163.0,38.0,0.9028767484824491,0.9140083217753121,1.0,0.9028767484824491,True,True,2026-07-21T17:57:53+08:00,2026-07-21T22:18:51+08:00,2026-07-21T22:48:51+08:00,
2026-07-22T17:22:02+08:00,2026-07-22,NO_DATA,38,38,0,0,0,0,0,0,0,0.0,0.0,0.0,,0,4,5,20,5,0.9,True,3746.0,2161.0,38.0,0.0,0.0,0.0,0.0,False,False,,,,
2026-07-22T17:32:02+08:00,2026-07-22,NO_DATA,38,38,0,0,0,0,0,0,0,0.0,0.0,0.0,,0,4,5,20,5,0.9,True,3746.0,2161.0,38.0,0.0,0.0,0.0,0.0,False,False,,,,
2026-07-22T17:42:01+08:00,2026-07-22,NO_DATA,38,38,0,0,0,0,0,0,0,0.0,0.0,0.0,,0,4,5,20,5,0.9,True,3746.0,2161.0,38.0,0.0,0.0,0.0,0.0,False,False,,,,
2026-07-22T17:52:01+08:00,2026-07-22,NO_DATA,38,38,0,0,0,0,0,0,0,0.0,0.0,0.0,,0,4,5,20,5,0.9,True,3746.0,2161.0,38.0,0.0,0.0,0.0,0.0,False,False,,,,
2026-07-22T18:02:01+08:00,2026-07-22,COVERAGE_TOO_LOW,38,38,0,35,353,202,7400000,3714000,3686000,8136840.0,3822260.0,4314580.0,1a738e341c921c552b157affdd1865887a4dc1da38b5cf322ae66492c265c876,1,4,5,20,5,0.9,True,3746.0,2161.0,38.0,0.09423384943940202,0.0934752429430819,0.9210526315789473,0.0934752429430819,False,False,2026-07-22T18:02:01+08:00,2026-07-22T18:02:01+08:00,,
2026-07-22T18:12:02+08:00,2026-07-22,COVERAGE_TOO_LOW,38,38,0,37,832,478,11803000,9764000,2039000,13311720.0,10653730.0,2657990.0,615bb6deccbac975e5bc5b86ddcf1d5d834598644e5f56d438c28be0d1ec1c72,1,4,5,20,5,0.9,True,3746.0,2161.0,38.0,0.2221035771489589,0.2211938917167978,0.9736842105263158,0.2211938917167978,False,False,2026-07-22T18:02:01+08:00,2026-07-22T18:12:02+08:00,,
2026-07-22T18:22:02+08:00,2026-07-22,COVERAGE_TOO_LOW,38,38,0,37,1167,700,18014000,16464000,1550000,19619700.0,19500410.0,119290.0,1a89fc2b353490d9714e1301c1bdca9602ec351141ff3803b16cda41841a66ed,1,4,5,20,5,0.9,True,3746.0,2161.0,38.0,0.31153230112119595,0.3239241092086997,0.9736842105263158,0.31153230112119595,False,False,2026-07-22T18:02:01+08:00,2026-07-22T18:22:02+08:00,,
2026-07-22T18:32:02+08:00,2026-07-22,COVERAGE_TOO_LOW,38,38,0,37,1247,755,23539000,18260000,5279000,23653730.0,22038370.0,1615360.0,7cb6b51afa660199c206ae59c795c40f8751bec709e823f84f02311d96ab6153,1,4,5,20,5,0.9,True,3746.0,2161.0,38.0,0.33288841430859584,0.34937528921795463,0.9736842105263158,0.33288841430859584,False,False,2026-07-22T18:02:01+08:00,2026-07-22T18:32:02+08:00,,
2026-07-22T18:42:01+08:00,2026-07-22,COVERAGE_TOO_LOW,38,38,0,37,1290,785,23954000,18950000,5004000,24113770.0,23112800.0,1000970.0,ace44fb9d5b26dabee173023ad747ba5f0daa7ef9ac9f4e0218fc0a9b159c612,1,4,5,20,5,0.9,True,3746.0,2161.0,38.0,0.3443673251468233,0.36325775104118463,0.9736842105263158,0.3443673251468233,False,False,2026-07-22T18:02:01+08:00,2026-07-22T18:42:01+08:00,,
2026-07-22T18:52:01+08:00,2026-07-22,COVERAGE_TOO_LOW,38,38,0,37,1388,831,25633000,19662000,5971000,26162990.0,24064550.0,2098440.0,40ab9c8a7814a511ea974095d6c604bf45476bac2f457a6a4ace054b94084780,1,4,5,20,5,0.9,True,3746.0,2161.0,38.0,0.37052856380138816,0.3845441925034706,0.9736842105263158,0.37052856380138816,False,False,2026-07-22T18:02:01+08:00,2026-07-22T18:52:01+08:00,,
2026-07-22T19:02:01+08:00,2026-07-22,COVERAGE_TOO_LOW,38,38,0,38,1520,921,27895000,21088000,6807000,30030090.0,26115220.0,3914870.0,1dbca043fceac77d26ffa6d8a4e697e2b64fc481efaf040a965bfa40788913e8,1,4,5,20,5,0.9,True,3746.0,2161.0,38.0,0.40576615056059795,0.4261915779731606,1.0,0.40576615056059795,False,False,2026-07-22T18:02:01+08:00,2026-07-22T19:02:01+08:00,,
2026-07-22T19:12:01+08:00,2026-07-22,COVERAGE_TOO_LOW,38,38,0,38,1596,975,29407000,22694000,6713000,32329990.0,27476780.0,4853210.0,fba61db52962192da1c6fba1b57cd1b20448ac1a225da4b296ad35263292113f,1,4,5,20,5,0.9,True,3746.0,2161.0,38.0,0.42605445808862785,0.45118000925497453,1.0,0.42605445808862785,False,False,2026-07-22T18:02:01+08:00,2026-07-22T19:12:01+08:00,,
2026-07-22T19:22:01+08:00,2026-07-22,COVERAGE_TOO_LOW,38,38,0,38,1710,1039,30847000,24244000,6603000,33685210.0,29618370.0,4066840.0,d3f7f73badf73383b95b9f67be6aac079df9400ab3a44d0ff9187cf27c9bced5,1,4,5,20,5,0.9,True,3746.0,2161.0,38.0,0.4564869193806727,0.4807959278111985,1.0,0.4564869193806727,False,False,2026-07-22T18:02:01+08:00,2026-07-22T19:22:01+08:00,,
2026-07-22T19:32:02+08:00,2026-07-22,COVERAGE_TOO_LOW,38,38,0,38,1825,1109,36300000,25882000,10418000,38070180.0,31877580.0,6192600.0,9d1b0996ae6fd1d30cb036550502f6b1b46ef05cd12959f74b2848ab336e870c,1,4,5,20,5,0.9,True,3746.0,2161.0,38.0,0.48718633208756007,0.5131883387320685,1.0,0.48718633208756007,False,False,2026-07-22T18:02:01+08:00,2026-07-22T19:32:02+08:00,,
2026-07-22T19:42:01+08:00,2026-07-22,COVERAGE_TOO_LOW,38,38,0,38,1975,1176,39335000,27257000,12078000,41876750.0,33710110.0,8166640.0,8403ed664dc3d3d27911c76821bd03d9f5a0f6034cb8e62436fb74fde4c59602,1,4,5,20,5,0.9,True,3746.0,2161.0,38.0,0.5272290443139349,0.5441925034706154,1.0,0.5272290443139349,False,False,2026-07-22T18:02:01+08:00,2026-07-22T19:42:01+08:00,,
2026-07-22T19:52:01+08:00,2026-07-22,COVERAGE_TOO_LOW,38,38,0,38,2196,1287,41719000,30203000,11516000,44876610.0,37457050.0,7419560.0,6f2788d50ec8318b7ad2b6d6c573a0958db8859443373359015e234cb2f9f2bd,1,4,5,20,5,0.9,True,3746.0,2161.0,38.0,0.5862253069941271,0.5955576122165664,1.0,0.5862253069941271,False,False,2026-07-22T18:02:01+08:00,2026-07-22T19:52:01+08:00,,
2026-07-22T20:02:01+08:00,2026-07-22,COVERAGE_TOO_LOW,38,38,0,38,2349,1379,44779000,33348000,11431000,49912120.0,42084760.0,7827360.0,17921996c0ef14a1552cf128667517e4ffb913ebd9c5392016cad02125202ce7,1,4,5,20,5,0.9,True,3746.0,2161.0,38.0,0.6270688734650294,0.6381304951411384,1.0,0.6270688734650294,False,False,2026-07-22T18:02:01+08:00,2026-07-22T20:02:01+08:00,,
2026-07-22T20:12:01+08:00,2026-07-22,COVERAGE_TOO_LOW,38,38,0,38,2469,1442,45845000,34439000,11406000,51154370.0,43303180.0,7851190.0,97085e35b5261f6e41eac236849bfc493023a19b027cedd60cdcea0a89fb76dc,1,4,5,20,5,0.9,True,3746.0,2161.0,38.0,0.6591030432461292,0.6672836649699213,1.0,0.6591030432461292,False,False,2026-07-22T18:02:01+08:00,2026-07-22T20:12:01+08:00,,
2026-07-22T20:22:01+08:00,2026-07-22,COVERAGE_TOO_LOW,38,38,0,38,2572,1507,47020000,37178000,9842000,52658770.0,48167590.0,4491180.0,c1e319a2d1b408de88a2698bdc022945b8684269f6c36e36eb9c00d97cb73c3b,1,4,5,20,5,0.9,True,3746.0,2161.0,38.0,0.6865990389749066,0.6973623322535863,1.0,0.6865990389749066,False,False,2026-07-22T18:02:01+08:00,2026-07-22T20:22:01+08:00,,
2026-07-22T20:32:01+08:00,2026-07-22,COVERAGE_TOO_LOW,38,38,0,38,2667,1572,48041000,39014000,9027000,53494050.0,50570250.0,2923800.0,d01fe938dd88bd50f6dc6a6f1ebe5b58f25c2268e98ecb89d832350621936993,1,4,5,20,5,0.9,True,3746.0,2161.0,38.0,0.7119594233849439,0.7274409995372513,1.0,0.7119594233849439,False,False,2026-07-22T18:02:01+08:00,2026-07-22T20:32:01+08:00,,
2026-07-22T20:42:02+08:00,2026-07-22,COVERAGE_TOO_LOW,38,38,0,38,2706,1599,48977000,39304000,9673000,54600710.0,51004480.0,3596230.0,cdc0b7b815d7ed90702d19503ae16cbb49dd29f3edadcd831d3b23adf4fcd707,1,4,5,20,5,0.9,True,3746.0,2161.0,38.0,0.7223705285638014,0.7399352151781583,1.0,0.7223705285638014,False,False,2026-07-22T18:02:01+08:00,2026-07-22T20:42:02+08:00,,
2026-07-22T20:52:01+08:00,2026-07-22,COVERAGE_TOO_LOW,38,38,0,38,2807,1665,49666000,40789000,8877000,55824860.0,53177680.0,2647180.0,a511b47dd2f5c925b4c7046bf682f4d32d880f6ebf5f1f7c721ca7e90fc4d43f,1,4,5,20,5,0.9,True,3746.0,2161.0,38.0,0.7493326214628937,0.7704766311892642,1.0,0.7493326214628937,False,False,2026-07-22T18:02:01+08:00,2026-07-22T20:52:01+08:00,,
2026-07-22T21:02:01+08:00,2026-07-22,COVERAGE_TOO_LOW,38,38,0,38,2922,1730,53668000,42943000,10725000,58606580.0,56485400.0,2121180.0,d3321442bde7a8a005c2f8de5213de371593b500d1328852ecab8c9619b186dd,1,4,5,20,5,0.9,True,3746.0,2161.0,38.0,0.7800320341697811,0.8005552984729292,1.0,0.7800320341697811,False,False,2026-07-22T18:02:01+08:00,2026-07-22T21:02:01+08:00,,
2026-07-22T21:12:02+08:00,2026-07-22,COVERAGE_TOO_LOW,38,38,0,38,2991,1781,54527000,43319000,11208000,60212620.0,58088790.0,2123830.0,e842465ef8ed614d198246dc24dadfc2325881d1fc98cce74b7df21cfe6824ba,1,4,5,20,5,0.9,True,3746.0,2161.0,38.0,0.7984516817939135,0.8241554835724202,1.0,0.7984516817939135,False,False,2026-07-22T18:02:01+08:00,2026-07-22T21:12:02+08:00,,
2026-07-22T21:23:04+08:00,2026-07-22,COVERAGE_TOO_LOW,38,38,0,38,3130,1864,57211000,45246000,11965000,63386560.0,61039180.0,2347380.0,12cf7584334e08c535ef76044fee309346faccfc6a009a3b5f1d64d6a39f2728,1,4,5,20,5,0.9,True,3746.0,2161.0,38.0,0.8355579284570208,0.8625636279500232,1.0,0.8355579284570208,False,False,2026-07-22T18:02:01+08:00,2026-07-22T21:23:04+08:00,,
2026-07-22T21:33:04+08:00,2026-07-22,COVERAGE_TOO_LOW,38,38,0,38,3236,1938,58656000,45794000,12862000,64874340.0,61999270.0,2875070.0,ded9270cd046f1336d436dd30c7298c56fc08a9c7c22cc7b574c0e916bd5edab,1,4,5,20,5,0.9,True,3746.0,2161.0,38.0,0.8638547784303257,0.8968070337806571,1.0,0.8638547784303257,False,False,2026-07-22T18:02:01+08:00,2026-07-22T21:33:04+08:00,,
2026-07-22T21:43:03+08:00,2026-07-22,COVERAGE_TOO_LOW,38,38,0,38,3348,1995,59447000,46534000,12913000,65999020.0,63081640.0,2917380.0,07e6809b1e59b536d5e3d8475bae6432a3a4bb7dd4c279fb7808e9514427675b,1,4,5,20,5,0.9,True,3746.0,2161.0,38.0,0.8937533368926855,0.923183711244794,1.0,0.8937533368926855,False,False,2026-07-22T18:02:01+08:00,2026-07-22T21:43:03+08:00,,
2026-07-22T21:53:03+08:00,2026-07-22,DATA_CHANGING,38,38,0,38,3572,2123,62358000,48242000,14116000,68772640.0,64975680.0,3796960.0,7aa0363fafab5858e8f5f2bc832f6676aeb89ac0f4a45f34b857045dc6cf7e24,1,4,5,20,5,0.9,True,3746.0,2161.0,38.0,0.9535504538174052,0.982415548357242,1.0,0.9535504538174052,True,False,2026-07-22T18:02:01+08:00,2026-07-22T21:53:03+08:00,,
2026-07-22T22:03:03+08:00,2026-07-22,DATA_CHANGING,38,38,0,38,3597,2135,62530000,48376000,14154000,68880090.0,65220420.0,3659670.0,2fe4f6ecca8365676ec4bea3237bb818daeeacf5dfcc89dc716d270c1ca84025,1,4,5,20,5,0.9,True,3746.0,2161.0,38.0,0.9602242391884677,0.987968533086534,1.0,0.9602242391884677,True,False,2026-07-22T18:02:01+08:00,2026-07-22T22:03:03+08:00,,
2026-07-22T22:13:04+08:00,2026-07-22,STABLE_WAITING,38,38,0,38,3597,2135,62530000,48376000,14154000,68880090.0,65220420.0,3659670.0,2fe4f6ecca8365676ec4bea3237bb818daeeacf5dfcc89dc716d270c1ca84025,2,4,5,20,5,0.9,True,3746.0,2161.0,38.0,0.9602242391884677,0.987968533086534,1.0,0.9602242391884677,True,False,2026-07-22T18:02:01+08:00,2026-07-22T22:03:03+08:00,,
2026-07-22T22:23:03+08:00,2026-07-22,STABLE_WAITING,38,38,0,38,3597,2135,62530000,48376000,14154000,68880090.0,65220420.0,3659670.0,2fe4f6ecca8365676ec4bea3237bb818daeeacf5dfcc89dc716d270c1ca84025,3,4,5,20,5,0.9,True,3746.0,2161.0,38.0,0.9602242391884677,0.987968533086534,1.0,0.9602242391884677,True,False,2026-07-22T18:02:01+08:00,2026-07-22T22:03:03+08:00,,
2026-07-22T22:33:03+08:00,2026-07-22,COMPLETE,38,38,0,38,3597,2135,62530000,48376000,14154000,68880090.0,65220420.0,3659670.0,2fe4f6ecca8365676ec4bea3237bb818daeeacf5dfcc89dc716d270c1ca84025,4,4,5,20,5,0.9,True,3746.0,2161.0,38.0,0.9602242391884677,0.987968533086534,1.0,0.9602242391884677,True,True,2026-07-22T18:02:01+08:00,2026-07-22T22:03:03+08:00,2026-07-22T22:33:03+08:00,
2026-07-23T18:48:18+08:00,2026-07-23,COVERAGE_TOO_LOW,38,38,0,37,1192,674,23984000,13191000,10793000,28389620.0,17056140.0,11333480.0,b87aa811fea24d76cc34ed9227e5cde034f1c9d1b359887d680ae9eb9a2f61fb,1,4,6,20,5,0.9,True,3671.5,2148.0,38.0,0.32466294430069453,0.313780260707635,0.9736842105263158,0.313780260707635,False,False,2026-07-23T18:48:18+08:00,2026-07-23T18:48:18+08:00,,
2026-07-23T18:58:19+08:00,2026-07-23,COVERAGE_TOO_LOW,38,38,0,37,1317,741,25620000,14386000,11234000,30554440.0,18264020.0,12290420.0,fac908decd56cc3bd9bc90237dd839c864c589254fd44a528ddaa45aaaaf14e1,1,4,6,20,5,0.9,True,3671.5,2148.0,38.0,0.35870897453356937,0.34497206703910616,0.9736842105263158,0.34497206703910616,False,False,2026-07-23T18:48:18+08:00,2026-07-23T18:58:19+08:00,,
2026-07-23T19:08:19+08:00,2026-07-23,COVERAGE_TOO_LOW,38,38,0,38,1373,780,27035000,17382000,9653000,32763690.0,20620990.0,12142700.0,fcf2ca60718ca6d4f38fea1ded910643527928d591f9ca718f7b22cbf348c4de,1,4,6,20,5,0.9,True,3671.5,2148.0,38.0,0.3739615960778973,0.36312849162011174,1.0,0.36312849162011174,False,False,2026-07-23T18:48:18+08:00,2026-07-23T19:08:19+08:00,,
2026-07-23T19:18:18+08:00,2026-07-23,COVERAGE_TOO_LOW,38,38,0,38,1487,849,28357000,18533000,9824000,34149670.0,21705670.0,12444000.0,951740e1f991dde59ee42b9bac4557a5fdc9420682bdb000985b7d153b33db84,1,4,6,20,5,0.9,True,3671.5,2148.0,38.0,0.4050115756502792,0.3952513966480447,1.0,0.3952513966480447,False,False,2026-07-23T18:48:18+08:00,2026-07-23T19:18:18+08:00,,
2026-07-23T19:28:18+08:00,2026-07-23,COVERAGE_TOO_LOW,38,38,0,38,1612,911,30487000,20587000,9900000,36303820.0,24539030.0,11764790.0,ab868ec7f5471dfa646a97012d7bda6b83b09dcd2667b87e88abb731caf21233,1,4,6,20,5,0.9,True,3671.5,2148.0,38.0,0.439057605883154,0.4241154562383613,1.0,0.4241154562383613,False,False,2026-07-23T18:48:18+08:00,2026-07-23T19:28:18+08:00,,
2026-07-23T19:38:18+08:00,2026-07-23,COVERAGE_TOO_LOW,38,38,0,38,1769,985,31640000,24571000,7069000,37768180.0,28137210.0,9630970.0,1a7cb74c50d3caab3929fdc6dbdd992a4904438f91cd78b3a41e100d12d8bd3a,1,4,6,20,5,0.9,True,3671.5,2148.0,38.0,0.48181941985564486,0.4585661080074488,1.0,0.4585661080074488,False,False,2026-07-23T18:48:18+08:00,2026-07-23T19:38:18+08:00,,
2026-07-23T19:48:19+08:00,2026-07-23,COVERAGE_TOO_LOW,38,38,0,38,1915,1065,32917000,25210000,7707000,40098530.0,29375650.0,10722880.0,f18389c3a342ccb4b9b61f11315c5d7152fc2679dfc5e3716023660ce6f75430,1,4,6,20,5,0.9,True,3671.5,2148.0,38.0,0.5215851831676427,0.4958100558659218,1.0,0.4958100558659218,False,False,2026-07-23T18:48:18+08:00,2026-07-23T19:48:19+08:00,,
2026-07-23T19:58:19+08:00,2026-07-23,COVERAGE_TOO_LOW,38,38,0,38,2037,1143,35547000,26734000,8813000,42214770.0,30353530.0,11861240.0,49d5cbb5a20fcc6dd75c9b929e03f0de6a8f071c773ad083b568b1b466dccbbf,1,4,6,20,5,0.9,True,3671.5,2148.0,38.0,0.5548141086749285,0.5321229050279329,1.0,0.5321229050279329,False,False,2026-07-23T18:48:18+08:00,2026-07-23T19:58:19+08:00,,
2026-07-23T20:08:19+08:00,2026-07-23,COVERAGE_TOO_LOW,38,38,0,38,2088,1177,36306000,27121000,9185000,43359780.0,30865970.0,12493810.0,57c9e3b8e4ff9127b370f0e163a6ffd5e0869d3e3f66395ebe6946b949a7b711,1,4,6,20,5,0.9,True,3671.5,2148.0,38.0,0.5687048890099414,0.547951582867784,1.0,0.547951582867784,False,False,2026-07-23T18:48:18+08:00,2026-07-23T20:08:19+08:00,,
2026-07-23T20:18:19+08:00,2026-07-23,COVERAGE_TOO_LOW,38,38,0,38,2218,1249,38509000,28036000,10473000,46123180.0,32404850.0,13718330.0,9d3768c6304193335e71c335af06c325a955cf5ffb37d7c801503b6232a54feb,1,4,6,20,5,0.9,True,3671.5,2148.0,38.0,0.6041127604521312,0.5814711359404097,1.0,0.5814711359404097,False,False,2026-07-23T18:48:18+08:00,2026-07-23T20:18:19+08:00,,
2026-07-23T20:28:18+08:00,2026-07-23,COVERAGE_TOO_LOW,38,38,0,38,2281,1289,40286000,30261000,10025000,47127150.0,34035780.0,13091370.0,b64c55c4aa6396ce8f0cdcef7d0d2124bd9d4a95400785a6a6502061677aa648,1,4,6,20,5,0.9,True,3671.5,2148.0,38.0,0.6212719596895002,0.6000931098696461,1.0,0.6000931098696461,False,False,2026-07-23T18:48:18+08:00,2026-07-23T20:28:18+08:00,,
2026-07-23T20:38:19+08:00,2026-07-23,COVERAGE_TOO_LOW,38,38,0,38,2369,1344,42375000,31600000,10775000,48811110.0,35838910.0,12972200.0,87a4c2e85b5bb485bcef5051de14c5ff766ff2ea5eab50b40edc24ee9caa7217,1,4,6,20,5,0.9,True,3671.5,2148.0,38.0,0.6452403649734441,0.6256983240223464,1.0,0.6256983240223464,False,False,2026-07-23T18:48:18+08:00,2026-07-23T20:38:19+08:00,,
2026-07-23T20:48:19+08:00,2026-07-23,COVERAGE_TOO_LOW,38,38,0,38,2489,1408,45049000,32656000,12393000,51874860.0,38282400.0,13592460.0,4e807a91aba2223cafba89360e410f0434e2b4516535e4c14fbae59d983944a3,1,4,6,20,5,0.9,True,3671.5,2148.0,38.0,0.6779245539970039,0.6554934823091247,1.0,0.6554934823091247,False,False,2026-07-23T18:48:18+08:00,2026-07-23T20:48:19+08:00,,
2026-07-23T20:58:19+08:00,2026-07-23,COVERAGE_TOO_LOW,38,38,0,38,2638,1487,48553000,33429000,15124000,55933390.0,40010600.0,15922790.0,929b7bdb83127d711615bcb4bd6a4041a88a11ee0e6a39135c3c9e45b8aa172c,1,4,6,20,5,0.9,True,3671.5,2148.0,38.0,0.7185074220345907,0.6922718808193669,1.0,0.6922718808193669,False,False,2026-07-23T18:48:18+08:00,2026-07-23T20:58:19+08:00,,
2026-07-23T21:08:19+08:00,2026-07-23,COVERAGE_TOO_LOW,38,38,0,38,2685,1524,49070000,33523000,15547000,56748720.0,40347900.0,16400820.0,69243269b7041051191f85a8a9258c00adba026b733afa40816da078b678ec36,1,4,6,20,5,0.9,True,3671.5,2148.0,38.0,0.7313087294021517,0.7094972067039106,1.0,0.7094972067039106,False,False,2026-07-23T18:48:18+08:00,2026-07-23T21:08:19+08:00,,
2026-07-23T21:18:19+08:00,2026-07-23,COVERAGE_TOO_LOW,38,38,0,38,2811,1596,49613000,34653000,14960000,57580950.0,41954290.0,15626660.0,f31e5f35c5d2ec855f18fb4d9eeac1e34174867f247befe83725518c6fa00047,1,4,6,20,5,0.9,True,3671.5,2148.0,38.0,0.7656271278768896,0.7430167597765364,1.0,0.7430167597765364,False,False,2026-07-23T18:48:18+08:00,2026-07-23T21:18:19+08:00,,
2026-07-23T21:28:18+08:00,2026-07-23,COVERAGE_TOO_LOW,38,38,0,38,3030,1712,56019000,36743000,19276000,63957170.0,43883460.0,20073710.0,bc8d5211a76ee400cc52d6109727a3eec4cda65f7a6d70f678c92c4c0a22e3a9,1,4,6,20,5,0.9,True,3671.5,2148.0,38.0,0.8252757728448863,0.7970204841713222,1.0,0.7970204841713222,False,False,2026-07-23T18:48:18+08:00,2026-07-23T21:28:18+08:00,,
2026-07-23T21:38:19+08:00,2026-07-23,COVERAGE_TOO_LOW,38,38,0,38,3107,1752,56910000,37252000,19658000,64646370.0,44707040.0,19939330.0,8d43c48622651b86269b3cf6ad8643d9a4a4729452eead6ba71c601a46ba4813,1,4,6,20,5,0.9,True,3671.5,2148.0,38.0,0.8462481274683372,0.8156424581005587,1.0,0.8156424581005587,False,False,2026-07-23T18:48:18+08:00,2026-07-23T21:38:19+08:00,,
2026-07-23T21:48:18+08:00,2026-07-23,COVERAGE_TOO_LOW,38,38,0,38,3107,1752,56910000,37252000,19658000,64646370.0,44707040.0,19939330.0,8d43c48622651b86269b3cf6ad8643d9a4a4729452eead6ba71c601a46ba4813,2,4,6,20,5,0.9,True,3671.5,2148.0,38.0,0.8462481274683372,0.8156424581005587,1.0,0.8156424581005587,False,False,2026-07-23T18:48:18+08:00,2026-07-23T21:38:19+08:00,,
2026-07-23T21:58:19+08:00,2026-07-23,COVERAGE_TOO_LOW,38,38,0,38,3107,1752,56910000,37252000,19658000,64646370.0,44707040.0,19939330.0,8d43c48622651b86269b3cf6ad8643d9a4a4729452eead6ba71c601a46ba4813,3,4,6,20,5,0.9,True,3671.5,2148.0,38.0,0.8462481274683372,0.8156424581005587,1.0,0.8156424581005587,False,False,2026-07-23T18:48:18+08:00,2026-07-23T21:38:19+08:00,,
2026-07-23T22:08:18+08:00,2026-07-23,COVERAGE_TOO_LOW,38,38,0,38,3107,1752,56910000,37252000,19658000,64646370.0,44707040.0,19939330.0,8d43c48622651b86269b3cf6ad8643d9a4a4729452eead6ba71c601a46ba4813,4,4,6,20,5,0.9,True,3671.5,2148.0,38.0,0.8462481274683372,0.8156424581005587,1.0,0.8156424581005587,False,False,2026-07-23T18:48:18+08:00,2026-07-23T21:38:19+08:00,,
2026-07-23T22:18:18+08:00,2026-07-23,COVERAGE_TOO_LOW,38,38,0,38,3107,1752,56910000,37252000,19658000,64646370.0,44707040.0,19939330.0,8d43c48622651b86269b3cf6ad8643d9a4a4729452eead6ba71c601a46ba4813,5,4,6,20,5,0.9,True,3671.5,2148.0,38.0,0.8462481274683372,0.8156424581005587,1.0,0.8156424581005587,False,False,2026-07-23T18:48:18+08:00,2026-07-23T21:38:19+08:00,,
2026-07-23T22:28:18+08:00,2026-07-23,COVERAGE_TOO_LOW,38,38,0,38,3107,1752,56910000,37252000,19658000,64646370.0,44707040.0,19939330.0,8d43c48622651b86269b3cf6ad8643d9a4a4729452eead6ba71c601a46ba4813,6,4,6,20,5,0.9,True,3671.5,2148.0,38.0,0.8462481274683372,0.8156424581005587,1.0,0.8156424581005587,False,False,2026-07-23T18:48:18+08:00,2026-07-23T21:38:19+08:00,,
2026-07-23T22:38:18+08:00,2026-07-23,COVERAGE_TOO_LOW,38,38,0,38,3107,1752,56910000,37252000,19658000,64646370.0,44707040.0,19939330.0,8d43c48622651b86269b3cf6ad8643d9a4a4729452eead6ba71c601a46ba4813,7,4,6,20,5,0.9,True,3671.5,2148.0,38.0,0.8462481274683372,0.8156424581005587,1.0,0.8156424581005587,False,False,2026-07-23T18:48:18+08:00,2026-07-23T21:38:19+08:00,,
2026-07-23T22:49:13+08:00,2026-07-23,COVERAGE_TOO_LOW,38,38,0,38,3107,1752,56910000,37252000,19658000,64646370.0,44707040.0,19939330.0,8d43c48622651b86269b3cf6ad8643d9a4a4729452eead6ba71c601a46ba4813,8,4,6,20,5,0.9,True,3671.5,2148.0,38.0,0.8462481274683372,0.8156424581005587,1.0,0.8156424581005587,False,False,2026-07-23T18:48:18+08:00,2026-07-23T21:38:19+08:00,,
2026-07-23T22:59:13+08:00,2026-07-23,COVERAGE_TOO_LOW,38,38,0,38,3107,1752,56910000,37252000,19658000,64646370.0,44707040.0,19939330.0,8d43c48622651b86269b3cf6ad8643d9a4a4729452eead6ba71c601a46ba4813,9,4,6,20,5,0.9,True,3671.5,2148.0,38.0,0.8462481274683372,0.8156424581005587,1.0,0.8156424581005587,False,False,2026-07-23T18:48:18+08:00,2026-07-23T21:38:19+08:00,,
2026-07-23T23:09:14+08:00,2026-07-23,COVERAGE_TOO_LOW,38,38,0,38,3107,1752,56910000,37252000,19658000,64646370.0,44707040.0,19939330.0,8d43c48622651b86269b3cf6ad8643d9a4a4729452eead6ba71c601a46ba4813,10,4,6,20,5,0.9,True,3671.5,2148.0,38.0,0.8462481274683372,0.8156424581005587,1.0,0.8156424581005587,False,False,2026-07-23T18:48:18+08:00,2026-07-23T21:38:19+08:00,,
2026-07-23T23:19:13+08:00,2026-07-23,COVERAGE_TOO_LOW,38,38,0,38,3107,1752,56910000,37252000,19658000,64646370.0,44707040.0,19939330.0,8d43c48622651b86269b3cf6ad8643d9a4a4729452eead6ba71c601a46ba4813,11,4,6,20,5,0.9,True,3671.5,2148.0,38.0,0.8462481274683372,0.8156424581005587,1.0,0.8156424581005587,False,False,2026-07-23T18:48:18+08:00,2026-07-23T21:38:19+08:00,,
2026-07-23T23:29:14+08:00,2026-07-23,COVERAGE_TOO_LOW,38,38,0,38,3107,1752,56910000,37252000,19658000,64646370.0,44707040.0,19939330.0,8d43c48622651b86269b3cf6ad8643d9a4a4729452eead6ba71c601a46ba4813,12,4,6,20,5,0.9,True,3671.5,2148.0,38.0,0.8462481274683372,0.8156424581005587,1.0,0.8156424581005587,False,False,2026-07-23T18:48:18+08:00,2026-07-23T21:38:19+08:00,,
2026-07-23T23:39:13+08:00,2026-07-23,COVERAGE_TOO_LOW,38,38,0,38,3107,1752,56910000,37252000,19658000,64646370.0,44707040.0,19939330.0,8d43c48622651b86269b3cf6ad8643d9a4a4729452eead6ba71c601a46ba4813,13,4,6,20,5,0.9,True,3671.5,2148.0,38.0,0.8462481274683372,0.8156424581005587,1.0,0.8156424581005587,False,False,2026-07-23T18:48:18+08:00,2026-07-23T21:38:19+08:00,,
2026-07-23T23:49:13+08:00,2026-07-23,COVERAGE_TOO_LOW,38,38,0,38,3107,1752,56910000,37252000,19658000,64646370.0,44707040.0,19939330.0,8d43c48622651b86269b3cf6ad8643d9a4a4729452eead6ba71c601a46ba4813,14,4,6,20,5,0.9,True,3671.5,2148.0,38.0,0.8462481274683372,0.8156424581005587,1.0,0.8156424581005587,False,False,2026-07-23T18:48:18+08:00,2026-07-23T21:38:19+08:00,,
2026-07-23T23:59:14+08:00,2026-07-23,COVERAGE_TOO_LOW,38,38,0,38,3147,1774,60727000,37519000,23208000,68157490.0,44886710.0,23270780.0,cf21afd0033020f0aae053e49134b60a025eb018105b2d0aa3cb02162b80fdbb,1,4,6,20,5,0.9,True,3671.5,2148.0,38.0,0.8571428571428571,0.8258845437616388,1.0,0.8258845437616388,False,False,2026-07-23T18:48:18+08:00,2026-07-23T23:59:14+08:00,,
2026-07-24T00:09:14+08:00,2026-07-23,COVERAGE_TOO_LOW,38,38,0,38,3194,1801,70566000,37970000,32596000,75342980.0,45226260.0,30116720.0,82a9a9265849eaae88f356632ab7e0753a784503aab4fcd996e78f8416c37281,1,4,6,20,5,0.9,True,3671.5,2148.0,38.0,0.8699441645104181,0.8384543761638734,1.0,0.8384543761638734,False,False,2026-07-23T18:48:18+08:00,2026-07-24T00:09:14+08:00,,
2026-07-24T00:19:13+08:00,2026-07-23,COVERAGE_TOO_LOW,38,38,0,38,3325,1881,72465000,38947000,33518000,77738880.0,46434230.0,31304650.0,30c2c091a698543a51fee5d3953b9879b9af2b454b691a478bc8020d73ec445c,1,4,6,20,5,0.9,True,3671.5,2148.0,38.0,0.9056244041944709,0.8756983240223464,1.0,0.8756983240223464,False,False,2026-07-23T18:48:18+08:00,2026-07-24T00:19:13+08:00,,
2026-07-24T00:29:14+08:00,2026-07-23,DATA_CHANGING,38,38,0,38,3470,1955,74682000,41502000,33180000,81184790.0,48928940.0,32255850.0,81cbe14354ca54edc7d57daf768a42eccd4b50c9beb5a6ddb8f2bd5a41629a95,1,4,6,20,5,0.9,True,3671.5,2148.0,38.0,0.9451177992646057,0.910148975791434,1.0,0.910148975791434,True,False,2026-07-23T18:48:18+08:00,2026-07-24T00:29:14+08:00,,
2026-07-24T00:39:13+08:00,2026-07-23,DATA_CHANGING,38,38,0,38,3534,2001,75824000,43151000,32673000,81996040.0,50853460.0,31142580.0,a0bda34eb919204526b0604bf13ae2fbc33ff75304365ce26c7d0f7e0405e9cf,1,4,6,20,5,0.9,True,3671.5,2148.0,38.0,0.9625493667438376,0.9315642458100558,1.0,0.9315642458100558,True,False,2026-07-23T18:48:18+08:00,2026-07-24T00:39:13+08:00,,
2026-07-24T00:49:13+08:00,2026-07-23,DATA_CHANGING,38,38,0,38,3638,2067,76994000,43667000,33327000,83078030.0,51363050.0,31714980.0,c7062e842749706f3cd766b836ffe89acc5ce793e6fb2cda22c211865dbe6f8a,1,4,6,20,5,0.9,True,3671.5,2148.0,38.0,0.9908756638975895,0.9622905027932961,1.0,0.9622905027932961,True,False,2026-07-23T18:48:18+08:00,2026-07-24T00:49:13+08:00,,
2026-07-24T00:59:13+08:00,2026-07-23,DATA_CHANGING,38,38,0,38,3694,2100,77868000,44666000,33202000,83773040.0,52834880.0,30938160.0,0e3faf753ed16ec373c606121c6f09ea4bca846e5e7a77aa1af62d3b2d9de36d,1,4,6,20,5,0.9,True,3671.5,2148.0,38.0,1.0061282854419176,0.9776536312849162,1.0,0.9776536312849162,True,False,2026-07-23T18:48:18+08:00,2026-07-24T00:59:13+08:00,,
2026-07-24T01:09:13+08:00,2026-07-23,DATA_CHANGING,38,38,0,38,3809,2161,80452000,45717000,34735000,86501410.0,54029360.0,32472050.0,dff64683d31b8721a77d2f8525248ea360ecd7ba5ff0804dac1313127e273a2c,1,4,6,20,5,0.9,True,3671.5,2148.0,38.0,1.0374506332561624,1.0060521415270018,1.0,1.0,True,False,2026-07-23T18:48:18+08:00,2026-07-24T01:09:13+08:00,,
2026-07-24T01:19:13+08:00,2026-07-23,DATA_CHANGING,38,38,0,38,3860,2184,80973000,46384000,34589000,87226170.0,58662640.0,28563530.0,4ec16b46b876cd0fbe7763beba1eb413c612bfa62d15ac5a2b468627a1d24e2d,1,4,6,20,5,0.9,True,3671.5,2148.0,38.0,1.0513414135911752,1.0167597765363128,1.0,1.0,True,False,2026-07-23T18:48:18+08:00,2026-07-24T01:19:13+08:00,,
2026-07-24T01:29:13+08:00,2026-07-23,STABLE_WAITING,38,38,0,38,3860,2184,80973000,46384000,34589000,87226170.0,58662640.0,28563530.0,4ec16b46b876cd0fbe7763beba1eb413c612bfa62d15ac5a2b468627a1d24e2d,2,4,6,20,5,0.9,True,3671.5,2148.0,38.0,1.0513414135911752,1.0167597765363128,1.0,1.0,True,False,2026-07-23T18:48:18+08:00,2026-07-24T01:19:13+08:00,,
2026-07-24T01:39:13+08:00,2026-07-23,STABLE_WAITING,38,38,0,38,3860,2184,80973000,46384000,34589000,87226170.0,58662640.0,28563530.0,4ec16b46b876cd0fbe7763beba1eb413c612bfa62d15ac5a2b468627a1d24e2d,3,4,6,20,5,0.9,True,3671.5,2148.0,38.0,1.0513414135911752,1.0167597765363128,1.0,1.0,True,False,2026-07-23T18:48:18+08:00,2026-07-24T01:19:13+08:00,,
2026-07-24T01:49:13+08:00,2026-07-23,COMPLETE,38,38,0,38,3860,2184,80973000,46384000,34589000,87226170.0,58662640.0,28563530.0,4ec16b46b876cd0fbe7763beba1eb413c612bfa62d15ac5a2b468627a1d24e2d,4,4,6,20,5,0.9,True,3671.5,2148.0,38.0,1.0513414135911752,1.0167597765363128,1.0,1.0,True,True,2026-07-23T18:48:18+08:00,2026-07-24T01:19:13+08:00,2026-07-24T01:49:13+08:00,
2026-07-24T18:32:54+08:00,2026-07-24,COVERAGE_TOO_LOW,38,38,0,37,1059,607,27950000,10680000,17270000,26836700.0,11974920.0,14861780.0,cc0438f53392c6b990e401f1e471d8696d680eb8f175651cb966973bd7b4489b,1,4,7,20,5,0.9,True,3746.0,2161.0,38.0,0.2827015483182061,0.2808884775566867,0.9736842105263158,0.2808884775566867,False,False,2026-07-24T18:32:54+08:00,2026-07-24T18:32:54+08:00,,
2026-07-24T18:42:53+08:00,2026-07-24,COVERAGE_TOO_LOW,38,38,0,37,1106,636,28801000,11032000,17769000,27750210.0,12334310.0,15415900.0,197bda32f5d8b1fd0c62db6e318f761a5f4ce6436c6512a6af34dc82669fd30a,1,4,7,20,5,0.9,True,3746.0,2161.0,38.0,0.2952482648158035,0.2943081906524757,0.9736842105263158,0.2943081906524757,False,False,2026-07-24T18:32:54+08:00,2026-07-24T18:42:53+08:00,,
2026-07-24T18:52:53+08:00,2026-07-24,COVERAGE_TOO_LOW,38,38,0,37,1203,692,30178000,12241000,17937000,31357910.0,13495940.0,17861970.0,ff0150076f3004a5a9bd19de9774cd08964911f38a84654566e8be71f75cea04,1,4,7,20,5,0.9,True,3746.0,2161.0,38.0,0.3211425520555259,0.32022211938917167,0.9736842105263158,0.32022211938917167,False,False,2026-07-24T18:32:54+08:00,2026-07-24T18:52:53+08:00,,
2026-07-24T19:02:53+08:00,2026-07-24,COVERAGE_TOO_LOW,38,38,0,37,1330,767,31681000,13542000,18139000,33209440.0,15074690.0,18134750.0,552a9be3ba10f03746c332c1ad43deaf6a5225424cb75023bf8643791fbd515a,1,4,7,20,5,0.9,True,3746.0,2161.0,38.0,0.35504538174052325,0.35492827394724663,0.9736842105263158,0.35492827394724663,False,False,2026-07-24T18:32:54+08:00,2026-07-24T19:02:53+08:00,,
2026-07-24T19:12:54+08:00,2026-07-24,COVERAGE_TOO_LOW,38,38,0,37,1392,802,35533000,14262000,21271000,35687730.0,15626540.0,20061190.0,aa3721840b965a4b5ed7a3284740ec866300a33fb64269de5eacf00e804dc11b,1,4,7,20,5,0.9,True,3746.0,2161.0,38.0,0.37159636946075814,0.3711244794076816,0.9736842105263158,0.3711244794076816,False,False,2026-07-24T18:32:54+08:00,2026-07-24T19:12:54+08:00,,
2026-07-24T19:22:53+08:00,2026-07-24,COVERAGE_TOO_LOW,38,38,0,38,1531,884,37414000,16086000,21328000,38560780.0,17511260.0,21049520.0,30b95955882cab8e2cdd4d962ce2dd8f1054e676b5654367bc6f114d71a3844a,1,4,7,20,5,0.9,True,3746.0,2161.0,38.0,0.40870261612386544,0.4090698750578436,1.0,0.40870261612386544,False,False,2026-07-24T18:32:54+08:00,2026-07-24T19:22:53+08:00,,
2026-07-24T19:32:53+08:00,2026-07-24,COVERAGE_TOO_LOW,38,38,0,38,1663,951,40671000,18606000,22065000,41269230.0,20482980.0,20786250.0,c63e35d8c32af71cfc76d89d2de1953fb0aea9028ad6a6bce1a6d62298eaaab1,1,4,7,20,5,0.9,True,3746.0,2161.0,38.0,0.4439402028830753,0.44007403979639054,1.0,0.44007403979639054,False,False,2026-07-24T18:32:54+08:00,2026-07-24T19:32:53+08:00,,
2026-07-24T19:42:54+08:00,2026-07-24,COVERAGE_TOO_LOW,38,38,0,38,1787,1024,41711000,21686000,20025000,42469470.0,24028730.0,18440740.0,4e8331d91ad8d19a86468a7a628400caf9c3a07e3946dc0b3afa86e747a102e3,1,4,7,20,5,0.9,True,3746.0,2161.0,38.0,0.4770421783235451,0.47385469689958354,1.0,0.47385469689958354,False,False,2026-07-24T18:32:54+08:00,2026-07-24T19:42:54+08:00,,
2026-07-24T19:52:54+08:00,2026-07-24,COVERAGE_TOO_LOW,38,38,0,38,1953,1109,44116000,23851000,20265000,45927900.0,27905980.0,18021920.0,9949ba85237ed17b7f2b77c12bfd721d11ad543133e49104bc9c3f3d6db5ab1f,1,4,7,20,5,0.9,True,3746.0,2161.0,38.0,0.5213561131873999,0.5131883387320685,1.0,0.5131883387320685,False,False,2026-07-24T18:32:54+08:00,2026-07-24T19:52:54+08:00,,
2026-07-24T20:02:54+08:00,2026-07-24,COVERAGE_TOO_LOW,38,38,0,38,2077,1175,45320000,26077000,19243000,47085760.0,31000880.0,16084880.0,307d86df4d7495e01cc5854fd97fff1cb533c5ef179af72ec0ab1150740949a0,1,4,7,20,5,0.9,True,3746.0,2161.0,38.0,0.5544580886278697,0.5437297547431744,1.0,0.5437297547431744,False,False,2026-07-24T18:32:54+08:00,2026-07-24T20:02:54+08:00,,
2026-07-24T20:12:53+08:00,2026-07-24,COVERAGE_TOO_LOW,38,38,0,38,2208,1251,46677000,26823000,19854000,48899770.0,32083170.0,16816600.0,6a09074f7c0342077a882ace13d684044ff050871aecd4637eed6b01f3e8be1a,1,4,7,20,5,0.9,True,3746.0,2161.0,38.0,0.589428723972237,0.5788986580286904,1.0,0.5788986580286904,False,False,2026-07-24T18:32:54+08:00,2026-07-24T20:12:53+08:00,,
2026-07-24T20:22:53+08:00,2026-07-24,COVERAGE_TOO_LOW,38,38,0,38,2280,1306,48148000,29670000,18478000,50173940.0,35559000.0,14614940.0,764b7ff3e6c90066c22584004a7afbe022ec077c3517a57b3c29f4eb61d5cdc9,1,4,7,20,5,0.9,True,3746.0,2161.0,38.0,0.608649225840897,0.6043498380379454,1.0,0.6043498380379454,False,False,2026-07-24T18:32:54+08:00,2026-07-24T20:22:53+08:00,,
2026-07-24T20:32:53+08:00,2026-07-24,COVERAGE_TOO_LOW,38,38,0,38,2372,1359,49537000,30512000,19025000,51804160.0,36824180.0,14979980.0,0f9cfea97871eee61fef98e13eb983b1ad6a468f9fd8ecaa383a639aa42f64c8,1,4,7,20,5,0.9,True,3746.0,2161.0,38.0,0.6332087560064068,0.6288755205923183,1.0,0.6288755205923183,False,False,2026-07-24T18:32:54+08:00,2026-07-24T20:32:53+08:00,,
2026-07-24T20:42:53+08:00,2026-07-24,COVERAGE_TOO_LOW,38,38,0,38,2472,1408,50785000,33067000,17718000,53693930.0,39338570.0,14355360.0,6b0fa390bbbe8e57862d69c07709447b591fa8d639e09083cfa363fef37a6447,1,4,7,20,5,0.9,True,3746.0,2161.0,38.0,0.6599038974906567,0.6515502082369273,1.0,0.6515502082369273,False,False,2026-07-24T18:32:54+08:00,2026-07-24T20:42:53+08:00,,
2026-07-24T20:52:54+08:00,2026-07-24,COVERAGE_TOO_LOW,38,38,0,38,2587,1472,52416000,35275000,17141000,57229470.0,45051190.0,12178280.0,7b04fcac605cdc5f964ae263a6bc8bcca66902929fac782080fd5f007d700a88,1,4,7,20,5,0.9,True,3746.0,2161.0,38.0,0.6906033101975441,0.6811661267931514,1.0,0.6811661267931514,False,False,2026-07-24T18:32:54+08:00,2026-07-24T20:52:54+08:00,,
2026-07-24T21:02:53+08:00,2026-07-24,COVERAGE_TOO_LOW,38,38,0,38,2699,1541,55354000,36694000,18660000,59234440.0,46436570.0,12797870.0,8f127ec4adafd966cc81b005b7c3f90c0d6ff5b6b7b01d321d55afb7a83a01ed,1,4,7,20,5,0.9,True,3746.0,2161.0,38.0,0.7205018686599038,0.7130957889865803,1.0,0.7130957889865803,False,False,2026-07-24T18:32:54+08:00,2026-07-24T21:02:53+08:00,,
2026-07-24T21:12:53+08:00,2026-07-24,COVERAGE_TOO_LOW,38,38,0,38,2829,1623,56288000,38464000,17824000,60218210.0,49622260.0,10595950.0,f79bd607bd670e8d47729fd7c4ba1d2db35dabab5d20ac3ffab5deac95cf324f,1,4,7,20,5,0.9,True,3746.0,2161.0,38.0,0.7552055525894287,0.7510411846367423,1.0,0.7510411846367423,False,False,2026-07-24T18:32:54+08:00,2026-07-24T21:12:53+08:00,,
2026-07-24T21:22:53+08:00,2026-07-24,COVERAGE_TOO_LOW,38,38,0,38,3043,1741,61438000,39909000,21529000,64649000.0,51260010.0,13388990.0,c62d75e1520fda3d65d695eab9f8eb9990d8c05c035b4b831162546fdb11b606,1,4,7,20,5,0.9,True,3746.0,2161.0,38.0,0.8123331553657235,0.8056455344747802,1.0,0.8056455344747802,False,False,2026-07-24T18:32:54+08:00,2026-07-24T21:22:53+08:00,,
2026-07-24T21:32:53+08:00,2026-07-24,COVERAGE_TOO_LOW,38,38,0,38,3086,1770,61832000,40275000,21557000,65039780.0,51516650.0,13523130.0,f1bd0c8fc33bf708304361ecf145574db6e481b741bf152c9b274039419383d9,1,4,7,20,5,0.9,True,3746.0,2161.0,38.0,0.8238120662039509,0.8190652475705692,1.0,0.8190652475705692,False,False,2026-07-24T18:32:54+08:00,2026-07-24T21:32:53+08:00,,
2026-07-24T21:42:53+08:00,2026-07-24,COVERAGE_TOO_LOW,38,38,0,38,3086,1770,61832000,40275000,21557000,65039780.0,51516650.0,13523130.0,f1bd0c8fc33bf708304361ecf145574db6e481b741bf152c9b274039419383d9,2,4,7,20,5,0.9,True,3746.0,2161.0,38.0,0.8238120662039509,0.8190652475705692,1.0,0.8190652475705692,False,False,2026-07-24T18:32:54+08:00,2026-07-24T21:32:53+08:00,,
2026-07-24T21:52:54+08:00,2026-07-24,COVERAGE_TOO_LOW,38,38,0,38,3086,1770,61832000,40275000,21557000,65039780.0,51516650.0,13523130.0,f1bd0c8fc33bf708304361ecf145574db6e481b741bf152c9b274039419383d9,3,4,7,20,5,0.9,True,3746.0,2161.0,38.0,0.8238120662039509,0.8190652475705692,1.0,0.8190652475705692,False,False,2026-07-24T18:32:54+08:00,2026-07-24T21:32:53+08:00,,
2026-07-24T22:02:53+08:00,2026-07-24,COVERAGE_TOO_LOW,38,38,0,38,3086,1770,61832000,40275000,21557000,65039780.0,51516650.0,13523130.0,f1bd0c8fc33bf708304361ecf145574db6e481b741bf152c9b274039419383d9,4,4,7,20,5,0.9,True,3746.0,2161.0,38.0,0.8238120662039509,0.8190652475705692,1.0,0.8190652475705692,False,False,2026-07-24T18:32:54+08:00,2026-07-24T21:32:53+08:00,,
2026-07-24T22:12:54+08:00,2026-07-24,COVERAGE_TOO_LOW,38,38,0,38,3086,1770,61832000,40275000,21557000,65039780.0,51516650.0,13523130.0,f1bd0c8fc33bf708304361ecf145574db6e481b741bf152c9b274039419383d9,5,4,7,20,5,0.9,True,3746.0,2161.0,38.0,0.8238120662039509,0.8190652475705692,1.0,0.8190652475705692,False,False,2026-07-24T18:32:54+08:00,2026-07-24T21:32:53+08:00,,
2026-07-24T22:22:54+08:00,2026-07-24,COVERAGE_TOO_LOW,38,38,0,38,3086,1770,61832000,40275000,21557000,65039780.0,51516650.0,13523130.0,f1bd0c8fc33bf708304361ecf145574db6e481b741bf152c9b274039419383d9,6,4,7,20,5,0.9,True,3746.0,2161.0,38.0,0.8238120662039509,0.8190652475705692,1.0,0.8190652475705692,False,False,2026-07-24T18:32:54+08:00,2026-07-24T21:32:53+08:00,,
2026-07-24T22:33:52+08:00,2026-07-24,COVERAGE_TOO_LOW,38,38,0,38,3086,1770,61832000,40275000,21557000,65039780.0,51516650.0,13523130.0,f1bd0c8fc33bf708304361ecf145574db6e481b741bf152c9b274039419383d9,7,4,7,20,5,0.9,True,3746.0,2161.0,38.0,0.8238120662039509,0.8190652475705692,1.0,0.8190652475705692,False,False,2026-07-24T18:32:54+08:00,2026-07-24T21:32:53+08:00,,
2026-07-24T22:43:52+08:00,2026-07-24,COVERAGE_TOO_LOW,38,38,0,38,3086,1770,61832000,40275000,21557000,65039780.0,51516650.0,13523130.0,f1bd0c8fc33bf708304361ecf145574db6e481b741bf152c9b274039419383d9,8,4,7,20,5,0.9,True,3746.0,2161.0,38.0,0.8238120662039509,0.8190652475705692,1.0,0.8190652475705692,False,False,2026-07-24T18:32:54+08:00,2026-07-24T21:32:53+08:00,,
2026-07-24T22:53:52+08:00,2026-07-24,COVERAGE_TOO_LOW,38,38,0,38,3086,1770,61832000,40275000,21557000,65039780.0,51516650.0,13523130.0,f1bd0c8fc33bf708304361ecf145574db6e481b741bf152c9b274039419383d9,9,4,7,20,5,0.9,True,3746.0,2161.0,38.0,0.8238120662039509,0.8190652475705692,1.0,0.8190652475705692,False,False,2026-07-24T18:32:54+08:00,2026-07-24T21:32:53+08:00,,
2026-07-24T23:03:51+08:00,2026-07-24,COVERAGE_TOO_LOW,38,38,0,38,3086,1770,61832000,40275000,21557000,65039780.0,51516650.0,13523130.0,f1bd0c8fc33bf708304361ecf145574db6e481b741bf152c9b274039419383d9,10,4,7,20,5,0.9,True,3746.0,2161.0,38.0,0.8238120662039509,0.8190652475705692,1.0,0.8190652475705692,False,False,2026-07-24T18:32:54+08:00,2026-07-24T21:32:53+08:00,,
2026-07-24T23:13:51+08:00,2026-07-24,COVERAGE_TOO_LOW,38,38,0,38,3086,1770,61832000,40275000,21557000,65039780.0,51516650.0,13523130.0,f1bd0c8fc33bf708304361ecf145574db6e481b741bf152c9b274039419383d9,11,4,7,20,5,0.9,True,3746.0,2161.0,38.0,0.8238120662039509,0.8190652475705692,1.0,0.8190652475705692,False,False,2026-07-24T18:32:54+08:00,2026-07-24T21:32:53+08:00,,
2026-07-24T23:23:51+08:00,2026-07-24,COVERAGE_TOO_LOW,38,38,0,38,3086,1770,61832000,40275000,21557000,65039780.0,51516650.0,13523130.0,f1bd0c8fc33bf708304361ecf145574db6e481b741bf152c9b274039419383d9,12,4,7,20,5,0.9,True,3746.0,2161.0,38.0,0.8238120662039509,0.8190652475705692,1.0,0.8190652475705692,False,False,2026-07-24T18:32:54+08:00,2026-07-24T21:32:53+08:00,,
2026-07-24T23:33:52+08:00,2026-07-24,COVERAGE_TOO_LOW,38,38,0,38,3086,1770,61832000,40275000,21557000,65039780.0,51516650.0,13523130.0,f1bd0c8fc33bf708304361ecf145574db6e481b741bf152c9b274039419383d9,13,4,7,20,5,0.9,True,3746.0,2161.0,38.0,0.8238120662039509,0.8190652475705692,1.0,0.8190652475705692,False,False,2026-07-24T18:32:54+08:00,2026-07-24T21:32:53+08:00,,
2026-07-24T23:43:52+08:00,2026-07-24,COVERAGE_TOO_LOW,38,38,0,38,3086,1770,61832000,40275000,21557000,65039780.0,51516650.0,13523130.0,f1bd0c8fc33bf708304361ecf145574db6e481b741bf152c9b274039419383d9,14,4,7,20,5,0.9,True,3746.0,2161.0,38.0,0.8238120662039509,0.8190652475705692,1.0,0.8190652475705692,False,False,2026-07-24T18:32:54+08:00,2026-07-24T21:32:53+08:00,,
2026-07-24T23:53:52+08:00,2026-07-24,COVERAGE_TOO_LOW,38,38,0,38,3086,1770,61832000,40275000,21557000,65039780.0,51516650.0,13523130.0,f1bd0c8fc33bf708304361ecf145574db6e481b741bf152c9b274039419383d9,15,4,7,20,5,0.9,True,3746.0,2161.0,38.0,0.8238120662039509,0.8190652475705692,1.0,0.8190652475705692,False,False,2026-07-24T18:32:54+08:00,2026-07-24T21:32:53+08:00,,
2026-07-25T00:03:51+08:00,2026-07-24,COVERAGE_TOO_LOW,38,38,0,38,3129,1801,63543000,40616000,22927000,66541300.0,51898530.0,14642770.0,fb5cd6640ac0f83e4bd831fc63be6203963dd34b854167363f724cb90be6e73a,1,4,7,20,5,0.9,True,3746.0,2161.0,38.0,0.8352909770421784,0.8334104581212401,1.0,0.8334104581212401,False,False,2026-07-24T18:32:54+08:00,2026-07-25T00:03:51+08:00,,
2026-07-25T00:13:51+08:00,2026-07-24,COVERAGE_TOO_LOW,38,38,0,38,3224,1864,64671000,41633000,23038000,67521600.0,52985550.0,14536050.0,1586769b03ead761f1f1ce042f3922d2f7445e7a12f9b01bc4ea49900ced3d38,1,4,7,20,5,0.9,True,3746.0,2161.0,38.0,0.8606513614522157,0.8625636279500232,1.0,0.8606513614522157,False,False,2026-07-24T18:32:54+08:00,2026-07-25T00:13:51+08:00,,
2026-07-25T00:23:51+08:00,2026-07-24,DATA_CHANGING,38,38,0,38,3424,1961,69171000,45393000,23778000,74965250.0,57487700.0,17477550.0,3b495b12404a7fe17d2c3c1afa4477b414caeac33065278654072df2d504d871,1,4,7,20,5,0.9,True,3746.0,2161.0,38.0,0.9140416444207154,0.9074502545118001,1.0,0.9074502545118001,True,False,2026-07-24T18:32:54+08:00,2026-07-25T00:23:51+08:00,,
2026-07-25T00:33:51+08:00,2026-07-24,DATA_CHANGING,38,38,0,38,3510,2007,70449000,47023000,23426000,78141260.0,58990410.0,19150850.0,2f7a354484c91220ac78cf5c7eb3f79737de5852d767d9df3b0a30eb608a5bc6,1,4,7,20,5,0.9,True,3746.0,2161.0,38.0,0.9369994660971703,0.928736695974086,1.0,0.928736695974086,True,False,2026-07-24T18:32:54+08:00,2026-07-25T00:33:51+08:00,,
2026-07-25T00:43:52+08:00,2026-07-24,DATA_CHANGING,38,38,0,38,3691,2089,73330000,49855000,23475000,82333240.0,63004640.0,19328600.0,8cbf196ddc0dc18841f51a8690e94f82200c15473e23eaf8697119563cf4d807,1,4,7,20,5,0.9,True,3746.0,2161.0,38.0,0.9853176721836626,0.966682091624248,1.0,0.966682091624248,True,False,2026-07-24T18:32:54+08:00,2026-07-25T00:43:52+08:00,,
2026-07-25T00:53:51+08:00,2026-07-24,DATA_CHANGING,38,38,0,38,3693,2091,73335000,49860000,23475000,82338340.0,63005140.0,19333200.0,7f34cac6268496a0868084f6e08fa02d3de29f7daf7e73511cbe90ceccc27c02,1,4,7,20,5,0.9,True,3746.0,2161.0,38.0,0.9858515750133475,0.96760758907913,1.0,0.96760758907913,True,False,2026-07-24T18:32:54+08:00,2026-07-25T00:53:51+08:00,,
2026-07-25T01:03:51+08:00,2026-07-24,STABLE_WAITING,38,38,0,38,3693,2091,73335000,49860000,23475000,82338340.0,63005140.0,19333200.0,7f34cac6268496a0868084f6e08fa02d3de29f7daf7e73511cbe90ceccc27c02,2,4,7,20,5,0.9,True,3746.0,2161.0,38.0,0.9858515750133475,0.96760758907913,1.0,0.96760758907913,True,False,2026-07-24T18:32:54+08:00,2026-07-25T00:53:51+08:00,,
2026-07-25T01:13:51+08:00,2026-07-24,STABLE_WAITING,38,38,0,38,3693,2091,73335000,49860000,23475000,82338340.0,63005140.0,19333200.0,7f34cac6268496a0868084f6e08fa02d3de29f7daf7e73511cbe90ceccc27c02,3,4,7,20,5,0.9,True,3746.0,2161.0,38.0,0.9858515750133475,0.96760758907913,1.0,0.96760758907913,True,False,2026-07-24T18:32:54+08:00,2026-07-25T00:53:51+08:00,,
2026-07-25T01:23:52+08:00,2026-07-24,COMPLETE,38,38,0,38,3693,2091,73335000,49860000,23475000,82338340.0,63005140.0,19333200.0,7f34cac6268496a0868084f6e08fa02d3de29f7daf7e73511cbe90ceccc27c02,4,4,7,20,5,0.9,True,3746.0,2161.0,38.0,0.9858515750133475,0.96760758907913,1.0,0.96760758907913,True,True,2026-07-24T18:32:54+08:00,2026-07-25T00:53:51+08:00,2026-07-25T01:23:52+08:00,
2026-07-27T19:54:00+08:00,2026-07-27,COVERAGE_TOO_LOW,38,38,0,38,1682,992,39330000,21507000,17823000,32644870.0,21201600.0,11443270.0,abfbfa0e26dc59faeaca6f1bb9804b8651fbd0a32296be45122301cacc35ea87,1,4,8,20,5,0.9,True,3719.5,2148.0,38.0,0.4522113187256352,0.4618249534450652,1.0,0.4522113187256352,False,False,2026-07-27T19:54:00+08:00,2026-07-27T19:54:00+08:00,,
2026-07-27T20:04:00+08:00,2026-07-27,COVERAGE_TOO_LOW,38,38,0,38,1804,1060,41579000,22507000,19072000,34548820.0,22279930.0,12268890.0,592fc8631f4dad182821b605390633ccced51b5eacfef7e4f44eeb1e4a7a82f6,1,4,8,20,5,0.9,True,3719.5,2148.0,38.0,0.48501142626697136,0.4934823091247672,1.0,0.48501142626697136,False,False,2026-07-27T19:54:00+08:00,2026-07-27T20:04:00+08:00,,
2026-07-27T20:14:01+08:00,2026-07-27,COVERAGE_TOO_LOW,38,38,0,38,1861,1098,42478000,23004000,19474000,36773790.0,22798470.0,13975320.0,61ad3dea54c0b1a3504887565b5fa4f9585a1a17b0c32d6aaceed3257bd3913f,1,4,8,20,5,0.9,True,3719.5,2148.0,38.0,0.5003360666756285,0.5111731843575419,1.0,0.5003360666756285,False,False,2026-07-27T19:54:00+08:00,2026-07-27T20:14:01+08:00,,
2026-07-27T20:24:00+08:00,2026-07-27,COVERAGE_TOO_LOW,38,38,0,38,1944,1151,44183000,23918000,20265000,38672620.0,23339760.0,15332860.0,f6d4c50b926172e3daafeeef830865a35f616b87097475908325399faa5ce528,1,4,8,20,5,0.9,True,3719.5,2148.0,38.0,0.5226508939373572,0.5358472998137802,1.0,0.5226508939373572,False,False,2026-07-27T19:54:00+08:00,2026-07-27T20:24:00+08:00,,
2026-07-27T20:34:00+08:00,2026-07-27,COVERAGE_TOO_LOW,38,38,0,38,2025,1202,45520000,25486000,20034000,40058810.0,25386890.0,14671920.0,b6aa3f4b1a1cce0436f9832fdcfd590e428159296baa09969c3403652d976919,1,4,8,20,5,0.9,True,3719.5,2148.0,38.0,0.5444280145180804,0.5595903165735568,1.0,0.5444280145180804,False,False,2026-07-27T19:54:00+08:00,2026-07-27T20:34:00+08:00,,
2026-07-27T20:44:00+08:00,2026-07-27,COVERAGE_TOO_LOW,38,38,0,38,2083,1235,46659000,26606000,20053000,42008140.0,26419630.0,15588510.0,343af23e6f37c3404a86302ece7172553be878c6c60ff3e6f353740ffa5a3910,1,4,8,20,5,0.9,True,3719.5,2148.0,38.0,0.5600215082672402,0.5749534450651769,1.0,0.5600215082672402,False,False,2026-07-27T19:54:00+08:00,2026-07-27T20:44:00+08:00,,
2026-07-27T20:54:01+08:00,2026-07-27,COVERAGE_TOO_LOW,38,38,0,38,2156,1288,47768000,27618000,20150000,43125480.0,28053080.0,15072400.0,985cccb681d33a8882ad1b9f34adfc178e44c1a5ff45923c906036ff40db379f,1,4,8,20,5,0.9,True,3719.5,2148.0,38.0,0.5796478021239414,0.5996275605214153,1.0,0.5796478021239414,False,False,2026-07-27T19:54:00+08:00,2026-07-27T20:54:01+08:00,,
2026-07-27T21:04:01+08:00,2026-07-27,COVERAGE_TOO_LOW,38,38,0,38,2252,1356,48878000,28200000,20678000,45257600.0,28997120.0,16260480.0,99f7401ab6b2484875fecf69b0867f8e5e07411bd994894bbb2ed6f85ad77bba,1,4,8,20,5,0.9,True,3719.5,2148.0,38.0,0.6054577228122059,0.6312849162011173,1.0,0.6054577228122059,False,False,2026-07-27T19:54:00+08:00,2026-07-27T21:04:01+08:00,,
2026-07-27T21:14:00+08:00,2026-07-27,COVERAGE_TOO_LOW,38,38,0,38,2418,1450,50243000,31013000,19230000,47255940.0,33155900.0,14100040.0,09322acb1bbb862513bc34f78248a9bff6f5ffdf4021ee11921a7988f64ae495,1,4,8,20,5,0.9,True,3719.5,2148.0,38.0,0.6500873773356634,0.6750465549348231,1.0,0.6500873773356634,False,False,2026-07-27T19:54:00+08:00,2026-07-27T21:14:00+08:00,,
2026-07-27T21:24:00+08:00,2026-07-27,COVERAGE_TOO_LOW,38,38,0,38,2575,1531,52774000,32364000,20410000,49238440.0,34741270.0,14497170.0,e27515abfb69f17bb1df84bfd783d80c6a135aad78368abdbef3ccddfb487d13,1,4,8,20,5,0.9,True,3719.5,2148.0,38.0,0.6922973517945961,0.712756052141527,1.0,0.6922973517945961,False,False,2026-07-27T19:54:00+08:00,2026-07-27T21:24:00+08:00,,
2026-07-27T21:34:01+08:00,2026-07-27,COVERAGE_TOO_LOW,38,38,0,38,2575,1531,52774000,32364000,20410000,49238440.0,34741270.0,14497170.0,e27515abfb69f17bb1df84bfd783d80c6a135aad78368abdbef3ccddfb487d13,2,4,8,20,5,0.9,True,3719.5,2148.0,38.0,0.6922973517945961,0.712756052141527,1.0,0.6922973517945961,False,False,2026-07-27T19:54:00+08:00,2026-07-27T21:24:00+08:00,,
2026-07-27T21:44:01+08:00,2026-07-27,COVERAGE_TOO_LOW,38,38,0,38,2575,1531,52774000,32364000,20410000,49238440.0,34741270.0,14497170.0,e27515abfb69f17bb1df84bfd783d80c6a135aad78368abdbef3ccddfb487d13,3,4,8,20,5,0.9,True,3719.5,2148.0,38.0,0.6922973517945961,0.712756052141527,1.0,0.6922973517945961,False,False,2026-07-27T19:54:00+08:00,2026-07-27T21:24:00+08:00,,
2026-07-27T21:54:01+08:00,2026-07-27,COVERAGE_TOO_LOW,38,38,0,38,2575,1531,52774000,32364000,20410000,49238440.0,34741270.0,14497170.0,e27515abfb69f17bb1df84bfd783d80c6a135aad78368abdbef3ccddfb487d13,4,4,8,20,5,0.9,True,3719.5,2148.0,38.0,0.6922973517945961,0.712756052141527,1.0,0.6922973517945961,False,False,2026-07-27T19:54:00+08:00,2026-07-27T21:24:00+08:00,,
2026-07-27T22:04:01+08:00,2026-07-27,COVERAGE_TOO_LOW,38,38,0,38,2575,1531,52774000,32364000,20410000,49238440.0,34741270.0,14497170.0,e27515abfb69f17bb1df84bfd783d80c6a135aad78368abdbef3ccddfb487d13,5,4,8,20,5,0.9,True,3719.5,2148.0,38.0,0.6922973517945961,0.712756052141527,1.0,0.6922973517945961,False,False,2026-07-27T19:54:00+08:00,2026-07-27T21:24:00+08:00,,
2026-07-27T22:14:01+08:00,2026-07-27,COVERAGE_TOO_LOW,38,38,0,38,2575,1531,52774000,32364000,20410000,49238440.0,34741270.0,14497170.0,e27515abfb69f17bb1df84bfd783d80c6a135aad78368abdbef3ccddfb487d13,6,4,8,20,5,0.9,True,3719.5,2148.0,38.0,0.6922973517945961,0.712756052141527,1.0,0.6922973517945961,False,False,2026-07-27T19:54:00+08:00,2026-07-27T21:24:00+08:00,,
2026-07-27T22:24:01+08:00,2026-07-27,COVERAGE_TOO_LOW,38,38,0,38,2575,1531,52774000,32364000,20410000,49238440.0,34741270.0,14497170.0,e27515abfb69f17bb1df84bfd783d80c6a135aad78368abdbef3ccddfb487d13,7,4,8,20,5,0.9,True,3719.5,2148.0,38.0,0.6922973517945961,0.712756052141527,1.0,0.6922973517945961,False,False,2026-07-27T19:54:00+08:00,2026-07-27T21:24:00+08:00,,
2026-07-27T22:34:00+08:00,2026-07-27,COVERAGE_TOO_LOW,38,38,0,38,2575,1531,52774000,32364000,20410000,49238440.0,34741270.0,14497170.0,e27515abfb69f17bb1df84bfd783d80c6a135aad78368abdbef3ccddfb487d13,8,4,8,20,5,0.9,True,3719.5,2148.0,38.0,0.6922973517945961,0.712756052141527,1.0,0.6922973517945961,False,False,2026-07-27T19:54:00+08:00,2026-07-27T21:24:00+08:00,,
2026-07-27T22:44:00+08:00,2026-07-27,COVERAGE_TOO_LOW,38,38,0,38,2575,1531,52774000,32364000,20410000,49238440.0,34741270.0,14497170.0,e27515abfb69f17bb1df84bfd783d80c6a135aad78368abdbef3ccddfb487d13,9,4,8,20,5,0.9,True,3719.5,2148.0,38.0,0.6922973517945961,0.712756052141527,1.0,0.6922973517945961,False,False,2026-07-27T19:54:00+08:00,2026-07-27T21:24:00+08:00,,
2026-07-27T22:54:00+08:00,2026-07-27,COVERAGE_TOO_LOW,38,38,0,38,2575,1531,52774000,32364000,20410000,49238440.0,34741270.0,14497170.0,e27515abfb69f17bb1df84bfd783d80c6a135aad78368abdbef3ccddfb487d13,10,4,8,20,5,0.9,True,3719.5,2148.0,38.0,0.6922973517945961,0.712756052141527,1.0,0.6922973517945961,False,False,2026-07-27T19:54:00+08:00,2026-07-27T21:24:00+08:00,,
2026-07-27T23:04:00+08:00,2026-07-27,COVERAGE_TOO_LOW,38,38,0,38,2575,1531,52774000,32364000,20410000,49238440.0,34741270.0,14497170.0,e27515abfb69f17bb1df84bfd783d80c6a135aad78368abdbef3ccddfb487d13,11,4,8,20,5,0.9,True,3719.5,2148.0,38.0,0.6922973517945961,0.712756052141527,1.0,0.6922973517945961,False,False,2026-07-27T19:54:00+08:00,2026-07-27T21:24:00+08:00,,
2026-07-27T23:14:00+08:00,2026-07-27,COVERAGE_TOO_LOW,38,38,0,38,2575,1531,52774000,32364000,20410000,49238440.0,34741270.0,14497170.0,e27515abfb69f17bb1df84bfd783d80c6a135aad78368abdbef3ccddfb487d13,12,4,8,20,5,0.9,True,3719.5,2148.0,38.0,0.6922973517945961,0.712756052141527,1.0,0.6922973517945961,False,False,2026-07-27T19:54:00+08:00,2026-07-27T21:24:00+08:00,,
2026-07-27T23:24:01+08:00,2026-07-27,COVERAGE_TOO_LOW,38,38,0,38,2575,1531,52774000,32364000,20410000,49238440.0,34741270.0,14497170.0,e27515abfb69f17bb1df84bfd783d80c6a135aad78368abdbef3ccddfb487d13,13,4,8,20,5,0.9,True,3719.5,2148.0,38.0,0.6922973517945961,0.712756052141527,1.0,0.6922973517945961,False,False,2026-07-27T19:54:00+08:00,2026-07-27T21:24:00+08:00,,
2026-07-27T23:34:00+08:00,2026-07-27,COVERAGE_TOO_LOW,38,38,0,38,2575,1531,52774000,32364000,20410000,49238440.0,34741270.0,14497170.0,e27515abfb69f17bb1df84bfd783d80c6a135aad78368abdbef3ccddfb487d13,14,4,8,20,5,0.9,True,3719.5,2148.0,38.0,0.6922973517945961,0.712756052141527,1.0,0.6922973517945961,False,False,2026-07-27T19:54:00+08:00,2026-07-27T21:24:00+08:00,,
2026-07-27T23:44:01+08:00,2026-07-27,COVERAGE_TOO_LOW,38,38,0,38,2575,1531,52774000,32364000,20410000,49238440.0,34741270.0,14497170.0,e27515abfb69f17bb1df84bfd783d80c6a135aad78368abdbef3ccddfb487d13,15,4,8,20,5,0.9,True,3719.5,2148.0,38.0,0.6922973517945961,0.712756052141527,1.0,0.6922973517945961,False,False,2026-07-27T19:54:00+08:00,2026-07-27T21:24:00+08:00,,
2026-07-27T23:55:05+08:00,2026-07-27,COVERAGE_TOO_LOW,38,38,0,38,2575,1531,52774000,32364000,20410000,49238440.0,34741270.0,14497170.0,e27515abfb69f17bb1df84bfd783d80c6a135aad78368abdbef3ccddfb487d13,16,4,8,20,5,0.9,True,3719.5,2148.0,38.0,0.6922973517945961,0.712756052141527,1.0,0.6922973517945961,False,False,2026-07-27T19:54:00+08:00,2026-07-27T21:24:00+08:00,,
2026-07-28T00:05:04+08:00,2026-07-27,COVERAGE_TOO_LOW,38,38,0,38,2611,1549,53278000,32578000,20700000,49649170.0,34857470.0,14791700.0,df3bf5cfe505fe0595904278990be83bb29d9b16ec82b15a9db31e43b5c28c33,1,4,8,20,5,0.9,True,3719.5,2148.0,38.0,0.7019760720526953,0.7211359404096834,1.0,0.7019760720526953,False,False,2026-07-27T19:54:00+08:00,2026-07-28T00:05:04+08:00,,
2026-07-28T00:15:05+08:00,2026-07-27,COVERAGE_TOO_LOW,38,38,0,38,2734,1614,56647000,33420000,23227000,54682770.0,35700950.0,18981820.0,759d0d72401e72f8470643b164bced57d969ce822f5a0fd47070e44772857adf,1,4,8,20,5,0.9,True,3719.5,2148.0,38.0,0.7350450329345342,0.7513966480446927,1.0,0.7350450329345342,False,False,2026-07-27T19:54:00+08:00,2026-07-28T00:15:05+08:00,,
2026-07-28T00:25:05+08:00,2026-07-27,COVERAGE_TOO_LOW,38,38,0,38,2905,1678,61682000,34387000,27295000,61799260.0,37215680.0,24583580.0,855bf21cb20fa2ac47e2b3f4a084ce739eeeba07304a42db1a986acc36a3d01a,1,4,8,20,5,0.9,True,3719.5,2148.0,38.0,0.7810189541605055,0.7811918063314711,1.0,0.7810189541605055,False,False,2026-07-27T19:54:00+08:00,2026-07-28T00:25:05+08:00,,
2026-07-28T00:35:05+08:00,2026-07-27,COVERAGE_TOO_LOW,38,38,0,38,3001,1736,62371000,35710000,26661000,62767280.0,38923760.0,23843520.0,311895cd94f9196604b09ed92157240bb82543128157cb744962002b7f6ff2e3,1,4,8,20,5,0.9,True,3719.5,2148.0,38.0,0.80682887484877,0.8081936685288641,1.0,0.80682887484877,False,False,2026-07-27T19:54:00+08:00,2026-07-28T00:35:05+08:00,,
2026-07-28T00:45:05+08:00,2026-07-27,COVERAGE_TOO_LOW,38,38,0,38,3117,1798,64335000,37231000,27104000,63814840.0,42186190.0,21628650.0,7a72d3fb7afb35ca8afb692515d8a98a45abbe62ae53a52db15ed1bfc6840c9a,1,4,8,20,5,0.9,True,3719.5,2148.0,38.0,0.8380158623470897,0.8370577281191807,1.0,0.8370577281191807,False,False,2026-07-27T19:54:00+08:00,2026-07-28T00:45:05+08:00,,
2026-07-28T00:55:04+08:00,2026-07-27,COVERAGE_TOO_LOW,38,38,0,38,3117,1798,64335000,37231000,27104000,63814840.0,42186190.0,21628650.0,7a72d3fb7afb35ca8afb692515d8a98a45abbe62ae53a52db15ed1bfc6840c9a,2,4,8,20,5,0.9,True,3719.5,2148.0,38.0,0.8380158623470897,0.8370577281191807,1.0,0.8370577281191807,False,False,2026-07-27T19:54:00+08:00,2026-07-28T00:45:05+08:00,,
2026-07-28T01:05:04+08:00,2026-07-27,COVERAGE_TOO_LOW,38,38,0,38,3163,1823,65592000,37463000,28129000,65003320.0,42608660.0,22394660.0,ff86192adb31647e45cdf7f0d84b4236a2d0baed3646981ef1ca37a16de81e45,1,4,8,20,5,0.9,True,3719.5,2148.0,38.0,0.8503831160102164,0.8486964618249534,1.0,0.8486964618249534,False,False,2026-07-27T19:54:00+08:00,2026-07-28T01:05:04+08:00,,
2026-07-28T01:15:04+08:00,2026-07-27,COVERAGE_TOO_LOW,38,38,0,38,3207,1854,66175000,38873000,27302000,65599850.0,44893890.0,20705960.0,a0791781f04ed00fcdb366e89959591659e29b765098d75b192d31b334d810bf,1,4,8,20,5,0.9,True,3719.5,2148.0,38.0,0.8622126629923377,0.8631284916201117,1.0,0.8622126629923377,False,False,2026-07-27T19:54:00+08:00,2026-07-28T01:15:04+08:00,,
2026-07-28T01:25:04+08:00,2026-07-27,COVERAGE_TOO_LOW,38,38,0,38,3207,1854,66175000,38873000,27302000,65599850.0,44893890.0,20705960.0,a0791781f04ed00fcdb366e89959591659e29b765098d75b192d31b334d810bf,2,4,8,20,5,0.9,True,3719.5,2148.0,38.0,0.8622126629923377,0.8631284916201117,1.0,0.8622126629923377,False,False,2026-07-27T19:54:00+08:00,2026-07-28T01:15:04+08:00,,
2026-07-28T01:35:04+08:00,2026-07-27,COVERAGE_TOO_LOW,38,38,0,38,3207,1854,66175000,38873000,27302000,65599850.0,44893890.0,20705960.0,a0791781f04ed00fcdb366e89959591659e29b765098d75b192d31b334d810bf,3,4,8,20,5,0.9,True,3719.5,2148.0,38.0,0.8622126629923377,0.8631284916201117,1.0,0.8622126629923377,False,False,2026-07-27T19:54:00+08:00,2026-07-28T01:15:04+08:00,,
2026-07-28T01:45:04+08:00,2026-07-27,COVERAGE_TOO_LOW,38,38,0,38,3207,1854,66175000,38873000,27302000,65599850.0,44893890.0,20705960.0,a0791781f04ed00fcdb366e89959591659e29b765098d75b192d31b334d810bf,4,4,8,20,5,0.9,True,3719.5,2148.0,38.0,0.8622126629923377,0.8631284916201117,1.0,0.8622126629923377,False,False,2026-07-27T19:54:00+08:00,2026-07-28T01:15:04+08:00,,
2026-07-28T01:55:05+08:00,2026-07-27,COVERAGE_TOO_LOW,38,38,0,38,3207,1854,66175000,38873000,27302000,65599850.0,44893890.0,20705960.0,a0791781f04ed00fcdb366e89959591659e29b765098d75b192d31b334d810bf,5,4,8,20,5,0.9,True,3719.5,2148.0,38.0,0.8622126629923377,0.8631284916201117,1.0,0.8622126629923377,False,False,2026-07-27T19:54:00+08:00,2026-07-28T01:15:04+08:00,,
2026-07-28T02:05:04+08:00,2026-07-27,COVERAGE_TOO_LOW,38,38,0,38,3246,1871,67003000,39272000,27731000,66511720.0,45082590.0,21429130.0,96ac4b6cd329f9aa47a59de6c68ba4245f0800f1fa355bc5c510bd61e5aaccfb,1,4,8,20,5,0.9,True,3719.5,2148.0,38.0,0.8726979432719452,0.8710428305400373,1.0,0.8710428305400373,False,False,2026-07-27T19:54:00+08:00,2026-07-28T02:05:04+08:00,,
2026-07-28T02:15:04+08:00,2026-07-27,COVERAGE_TOO_LOW,38,38,0,38,3246,1871,67003000,39272000,27731000,66511720.0,45082590.0,21429130.0,96ac4b6cd329f9aa47a59de6c68ba4245f0800f1fa355bc5c510bd61e5aaccfb,2,4,8,20,5,0.9,True,3719.5,2148.0,38.0,0.8726979432719452,0.8710428305400373,1.0,0.8710428305400373,False,False,2026-07-27T19:54:00+08:00,2026-07-28T02:05:04+08:00,,
2026-07-28T02:25:04+08:00,2026-07-27,COVERAGE_TOO_LOW,38,38,0,38,3246,1871,67003000,39272000,27731000,66511720.0,45082590.0,21429130.0,96ac4b6cd329f9aa47a59de6c68ba4245f0800f1fa355bc5c510bd61e5aaccfb,3,4,8,20,5,0.9,True,3719.5,2148.0,38.0,0.8726979432719452,0.8710428305400373,1.0,0.8710428305400373,False,False,2026-07-27T19:54:00+08:00,2026-07-28T02:05:04+08:00,,
2026-07-28T02:35:04+08:00,2026-07-27,COVERAGE_TOO_LOW,38,38,0,38,3246,1871,67003000,39272000,27731000,66511720.0,45082590.0,21429130.0,96ac4b6cd329f9aa47a59de6c68ba4245f0800f1fa355bc5c510bd61e5aaccfb,4,4,8,20,5,0.9,True,3719.5,2148.0,38.0,0.8726979432719452,0.8710428305400373,1.0,0.8710428305400373,False,False,2026-07-27T19:54:00+08:00,2026-07-28T02:05:04+08:00,,
2026-07-28T02:45:05+08:00,2026-07-27,COVERAGE_TOO_LOW,38,38,0,38,3246,1871,67003000,39272000,27731000,66511720.0,45082590.0,21429130.0,96ac4b6cd329f9aa47a59de6c68ba4245f0800f1fa355bc5c510bd61e5aaccfb,5,4,8,20,5,0.9,True,3719.5,2148.0,38.0,0.8726979432719452,0.8710428305400373,1.0,0.8710428305400373,False,False,2026-07-27T19:54:00+08:00,2026-07-28T02:05:04+08:00,,
2026-07-28T02:55:04+08:00,2026-07-27,COVERAGE_TOO_LOW,38,38,0,38,3246,1871,67003000,39272000,27731000,66511720.0,45082590.0,21429130.0,96ac4b6cd329f9aa47a59de6c68ba4245f0800f1fa355bc5c510bd61e5aaccfb,6,4,8,20,5,0.9,True,3719.5,2148.0,38.0,0.8726979432719452,0.8710428305400373,1.0,0.8710428305400373,False,False,2026-07-27T19:54:00+08:00,2026-07-28T02:05:04+08:00,,
2026-07-28T03:05:05+08:00,2026-07-27,COVERAGE_TOO_LOW,38,38,0,38,3253,1877,67063000,39281000,27782000,66607870.0,45101490.0,21506380.0,afb17d777d9009d90f9263cc4bc609151f9ada933771d0fffe3c1eeec2ca3ea7,1,4,8,20,5,0.9,True,3719.5,2148.0,38.0,0.8745799166554644,0.8738361266294227,1.0,0.8738361266294227,False,False,2026-07-27T19:54:00+08:00,2026-07-28T03:05:05+08:00,,
2026-07-28T03:15:04+08:00,2026-07-27,COVERAGE_TOO_LOW,38,38,0,38,3253,1877,67063000,39281000,27782000,66607870.0,45101490.0,21506380.0,afb17d777d9009d90f9263cc4bc609151f9ada933771d0fffe3c1eeec2ca3ea7,2,4,8,20,5,0.9,True,3719.5,2148.0,38.0,0.8745799166554644,0.8738361266294227,1.0,0.8738361266294227,False,False,2026-07-27T19:54:00+08:00,2026-07-28T03:05:05+08:00,,
2026-07-28T03:25:04+08:00,2026-07-27,COVERAGE_TOO_LOW,38,38,0,38,3253,1877,67063000,39281000,27782000,66607870.0,45101490.0,21506380.0,afb17d777d9009d90f9263cc4bc609151f9ada933771d0fffe3c1eeec2ca3ea7,3,4,8,20,5,0.9,True,3719.5,2148.0,38.0,0.8745799166554644,0.8738361266294227,1.0,0.8738361266294227,False,False,2026-07-27T19:54:00+08:00,2026-07-28T03:05:05+08:00,,
2026-07-28T03:35:04+08:00,2026-07-27,COVERAGE_TOO_LOW,38,38,0,38,3253,1877,67063000,39281000,27782000,66607870.0,45101490.0,21506380.0,afb17d777d9009d90f9263cc4bc609151f9ada933771d0fffe3c1eeec2ca3ea7,4,4,8,20,5,0.9,True,3719.5,2148.0,38.0,0.8745799166554644,0.8738361266294227,1.0,0.8738361266294227,False,False,2026-07-27T19:54:00+08:00,2026-07-28T03:05:05+08:00,,
2026-07-28T03:45:05+08:00,2026-07-27,COVERAGE_TOO_LOW,38,38,0,38,3253,1877,67063000,39281000,27782000,66607870.0,45101490.0,21506380.0,afb17d777d9009d90f9263cc4bc609151f9ada933771d0fffe3c1eeec2ca3ea7,5,4,8,20,5,0.9,True,3719.5,2148.0,38.0,0.8745799166554644,0.8738361266294227,1.0,0.8738361266294227,False,False,2026-07-27T19:54:00+08:00,2026-07-28T03:05:05+08:00,,
2026-07-28T03:55:05+08:00,2026-07-27,COVERAGE_TOO_LOW,38,38,0,38,3253,1877,67063000,39281000,27782000,66607870.0,45101490.0,21506380.0,afb17d777d9009d90f9263cc4bc609151f9ada933771d0fffe3c1eeec2ca3ea7,6,4,8,20,5,0.9,True,3719.5,2148.0,38.0,0.8745799166554644,0.8738361266294227,1.0,0.8738361266294227,False,False,2026-07-27T19:54:00+08:00,2026-07-28T03:05:05+08:00,,
2026-07-28T17:50:00+08:00,2026-07-28,NO_DATA,38,38,0,0,0,0,0,0,0,0.0,0.0,0.0,,0,4,8,20,5,0.9,True,3719.5,2148.0,38.0,0.0,0.0,0.0,0.0,False,False,,,,
2026-07-28T17:59:59+08:00,2026-07-28,COVERAGE_TOO_LOW,38,38,0,28,175,106,2037000,4823000,-2786000,935760.0,3226620.0,-2290860.0,760ea2d06be8dc28b027b03e0b34cb9700112fb225b670fad96473e0185702f8,1,4,8,20,5,0.9,True,3719.5,2148.0,38.0,0.04704933458798226,0.049348230912476726,0.7368421052631579,0.04704933458798226,False,False,2026-07-28T17:59:59+08:00,2026-07-28T17:59:59+08:00,,
2026-07-28T18:10:00+08:00,2026-07-28,COVERAGE_TOO_LOW,38,38,0,37,772,483,20730000,14805000,5925000,13560110.0,9324840.0,4235270.0,96e73e1d06978e4b71fda7c93ba73202133631c679e67f47672e51a7e2411f56,1,4,8,20,5,0.9,True,3719.5,2148.0,38.0,0.20755477886812743,0.22486033519553073,0.9736842105263158,0.20755477886812743,False,False,2026-07-28T17:59:59+08:00,2026-07-28T18:10:00+08:00,,
2026-07-28T18:19:59+08:00,2026-07-28,COVERAGE_TOO_LOW,38,38,0,37,855,541,22473000,15205000,7268000,15212740.0,9677250.0,5535490.0,fa7ffde3a4b7194d0f6ef8c95762b4bc2276a82bde7af66fd0c7f824cdb09d5a,1,4,8,20,5,0.9,True,3719.5,2148.0,38.0,0.22986960612985616,0.25186219739292365,0.9736842105263158,0.22986960612985616,False,False,2026-07-28T17:59:59+08:00,2026-07-28T18:19:59+08:00,,
2026-07-28T18:29:59+08:00,2026-07-28,COVERAGE_TOO_LOW,38,38,0,37,929,576,26670000,15677000,10993000,19942530.0,10276980.0,9665550.0,1bc25a600919016428c044e8640337d11bd146ccd04d730d272e5ffc800b7449,1,4,8,20,5,0.9,True,3719.5,2148.0,38.0,0.24976475332706008,0.2681564245810056,0.9736842105263158,0.24976475332706008,False,False,2026-07-28T17:59:59+08:00,2026-07-28T18:29:59+08:00,,
2026-07-28T18:39:59+08:00,2026-07-28,COVERAGE_TOO_LOW,38,38,0,37,979,614,28169000,16249000,11920000,21730590.0,10940930.0,10789660.0,91087a340de0b67c3105c8ee4cc8d4f2f08f08d8849bd169874b5e547d1a10da,1,4,8,20,5,0.9,True,3719.5,2148.0,38.0,0.26320742035219785,0.28584729981378026,0.9736842105263158,0.26320742035219785,False,False,2026-07-28T17:59:59+08:00,2026-07-28T18:39:59+08:00,,
2026-07-28T18:49:59+08:00,2026-07-28,COVERAGE_TOO_LOW,38,38,0,37,1044,665,31147000,16966000,14181000,23919610.0,11590400.0,12329210.0,c707fb901316f45e4c1421fdd31acc3b2fca876d47a3cda0203077bcf4760b31,1,4,8,20,5,0.9,True,3719.5,2148.0,38.0,0.280682887484877,0.3095903165735568,0.9736842105263158,0.280682887484877,False,False,2026-07-28T17:59:59+08:00,2026-07-28T18:49:59+08:00,,
2026-07-28T18:59:59+08:00,2026-07-28,COVERAGE_TOO_LOW,38,38,0,37,1147,733,32206000,18645000,13561000,25116760.0,14445360.0,10671400.0,2c5928c472128c6fe98ada4c417c988c067f7301d222b74407bd824709ca5473,1,4,8,20,5,0.9,True,3719.5,2148.0,38.0,0.3083747815566608,0.34124767225325886,0.9736842105263158,0.3083747815566608,False,False,2026-07-28T17:59:59+08:00,2026-07-28T18:59:59+08:00,,
2026-07-28T19:10:00+08:00,2026-07-28,COVERAGE_TOO_LOW,38,38,0,37,1238,783,33915000,20015000,13900000,26561040.0,16105100.0,10455940.0,19e9bd3365b8be633d326d4d09d5cd9e3c6622750cbbdf076a35cfcc50341cec,1,4,8,20,5,0.9,True,3719.5,2148.0,38.0,0.3328404355424116,0.3645251396648045,0.9736842105263158,0.3328404355424116,False,False,2026-07-28T17:59:59+08:00,2026-07-28T19:10:00+08:00,,
2026-07-28T19:19:59+08:00,2026-07-28,COVERAGE_TOO_LOW,38,38,0,37,1318,837,37387000,21065000,16322000,28267310.0,16923070.0,11344240.0,6719b8e02720d02586ad64f747b1747c66f1e211e50ebe871816eb22b2e333a8,1,4,8,20,5,0.9,True,3719.5,2148.0,38.0,0.3543487027826321,0.38966480446927376,0.9736842105263158,0.3543487027826321,False,False,2026-07-28T17:59:59+08:00,2026-07-28T19:19:59+08:00,,
2026-07-28T19:29:59+08:00,2026-07-28,COVERAGE_TOO_LOW,38,38,0,38,1434,906,44671000,22412000,22259000,31760350.0,17947210.0,13813140.0,721a874b74563dc0c52b81fe0c5db34ef275268ed8a9a33e4d4af22efc266ac5,1,4,8,20,5,0.9,True,3719.5,2148.0,38.0,0.38553569028095175,0.42178770949720673,1.0,0.38553569028095175,False,False,2026-07-28T17:59:59+08:00,2026-07-28T19:29:59+08:00,,
2026-07-28T19:39:59+08:00,2026-07-28,COVERAGE_TOO_LOW,38,38,0,38,1647,1008,50429000,34595000,15834000,36544710.0,24310350.0,12234360.0,9d7c033f6c8d1407f7830db6a6b9d67091d2146deff872fa9943dd1ae588cb1f,1,4,8,20,5,0.9,True,3719.5,2148.0,38.0,0.4428014518080387,0.4692737430167598,1.0,0.4428014518080387,False,False,2026-07-28T17:59:59+08:00,2026-07-28T19:39:59+08:00,,
2026-07-28T19:49:59+08:00,2026-07-28,COVERAGE_TOO_LOW,38,38,0,38,1809,1100,53255000,37983000,15272000,40850030.0,25496440.0,15353590.0,15483dc6a02f1fc806ee3b55c5b67a4ea75edceddb93f66a6c242412ff36169b,1,4,8,20,5,0.9,True,3719.5,2148.0,38.0,0.48635569296948516,0.5121042830540037,1.0,0.48635569296948516,False,False,2026-07-28T17:59:59+08:00,2026-07-28T19:49:59+08:00,,
2026-07-28T20:00:00+08:00,2026-07-28,COVERAGE_TOO_LOW,38,38,0,38,1969,1165,56883000,40075000,16808000,43380080.0,28229780.0,15150300.0,6cad227ade4f35f44ebc66292507292ce46e72aa455fe74defde9c7b6fd6bc6f,1,4,8,20,5,0.9,True,3719.5,2148.0,38.0,0.5293722274499261,0.542364990689013,1.0,0.5293722274499261,False,False,2026-07-28T17:59:59+08:00,2026-07-28T20:00:00+08:00,,
2026-07-28T20:09:59+08:00,2026-07-28,COVERAGE_TOO_LOW,38,38,0,38,2067,1221,59875000,41239000,18636000,46305890.0,28978140.0,17327750.0,235a32b344051a59c23e5caf8dcba4256ab0f439589f657b29751e315907a170,1,4,8,20,5,0.9,True,3719.5,2148.0,38.0,0.5557198548191962,0.5684357541899442,1.0,0.5557198548191962,False,False,2026-07-28T17:59:59+08:00,2026-07-28T20:09:59+08:00,,
2026-07-28T20:19:59+08:00,2026-07-28,COVERAGE_TOO_LOW,38,38,0,38,2144,1269,62418000,41476000,20942000,53733690.0,29360900.0,24372790.0,37822942959b87561dde0cec971441ef9e59daa159c1cf7b5db1bed41c7fe40e,1,4,8,20,5,0.9,True,3719.5,2148.0,38.0,0.5764215620379083,0.590782122905028,1.0,0.5764215620379083,False,False,2026-07-28T17:59:59+08:00,2026-07-28T20:19:59+08:00,,
2026-07-28T20:29:59+08:00,2026-07-28,COVERAGE_TOO_LOW,38,38,0,38,2235,1333,68160000,42499000,25661000,56087010.0,30174880.0,25912130.0,7543c00e5a71599c4c74e305e37d28f681d4d4dbbedb000185b6e3aa191f0bbe,1,4,8,20,5,0.9,True,3719.5,2148.0,38.0,0.6008872160236591,0.6205772811918063,1.0,0.6008872160236591,False,False,2026-07-28T17:59:59+08:00,2026-07-28T20:29:59+08:00,,
2026-07-28T20:39:59+08:00,2026-07-28,COVERAGE_TOO_LOW,38,38,0,38,2311,1384,69433000,45107000,24326000,56956550.0,32408870.0,24547680.0,ff6a832ca8dc8d7f19f19f0d78834093045b18c6849acaa5f69b09e762add301,1,4,8,20,5,0.9,True,3719.5,2148.0,38.0,0.6213200699018685,0.6443202979515829,1.0,0.6213200699018685,False,False,2026-07-28T17:59:59+08:00,2026-07-28T20:39:59+08:00,,
2026-07-28T20:50:00+08:00,2026-07-28,COVERAGE_TOO_LOW,38,38,0,38,2413,1444,71212000,45832000,25380000,64633040.0,33336550.0,31296490.0,7b08f5698bc91947135a037b2f60b68eb6935d79de23938bf88b2b628b0f3a9e,1,4,8,20,5,0.9,True,3719.5,2148.0,38.0,0.6487431106331496,0.6722532588454376,1.0,0.6487431106331496,False,False,2026-07-28T17:59:59+08:00,2026-07-28T20:50:00+08:00,,
2026-07-28T21:00:00+08:00,2026-07-28,COVERAGE_TOO_LOW,38,38,0,38,2526,1503,72350000,46547000,25803000,66319240.0,33838230.0,32481010.0,59c36fca8d34bc23bb69b070855dafb6d8152120ad751efec37c1419915aeb91,1,4,8,20,5,0.9,True,3719.5,2148.0,38.0,0.6791235381099611,0.6997206703910615,1.0,0.6791235381099611,False,False,2026-07-28T17:59:59+08:00,2026-07-28T21:00:00+08:00,,
2026-07-28T21:09:59+08:00,2026-07-28,COVERAGE_TOO_LOW,38,38,0,38,2647,1575,74593000,47586000,27007000,68993760.0,35692460.0,33301300.0,28f494f5e232ccf14c24aedd0d89be057d8e4ea20c8cc62b86d50afb70b79e28,1,4,8,20,5,0.9,True,3719.5,2148.0,38.0,0.7116547923107944,0.7332402234636871,1.0,0.7116547923107944,False,False,2026-07-28T17:59:59+08:00,2026-07-28T21:09:59+08:00,,
2026-07-28T21:19:59+08:00,2026-07-28,COVERAGE_TOO_LOW,38,38,0,38,2847,1672,76934000,51936000,24998000,71985460.0,38566920.0,33418540.0,318ee3a4f9524692545aad533674781f7c8eb7c6aced492957cbe8d81adabf12,1,4,8,20,5,0.9,True,3719.5,2148.0,38.0,0.7654254604113456,0.7783985102420856,1.0,0.7654254604113456,False,False,2026-07-28T17:59:59+08:00,2026-07-28T21:19:59+08:00,,
2026-07-28T21:29:59+08:00,2026-07-28,COVERAGE_TOO_LOW,38,38,0,38,3128,1803,79412000,55946000,23466000,74618420.0,44176180.0,30442240.0,50d7b59e4cb80774f4316a37819b49322d86a6fef74c1112d5b743d1dca01399,1,4,8,20,5,0.9,True,3719.5,2148.0,38.0,0.84097324909262,0.8393854748603352,1.0,0.8393854748603352,False,False,2026-07-28T17:59:59+08:00,2026-07-28T21:29:59+08:00,,
2026-07-28T21:40:00+08:00,2026-07-28,COVERAGE_TOO_LOW,38,38,0,38,3221,1843,80618000,57612000,23006000,75855790.0,45699020.0,30156770.0,034d70792df755386aca4f304369c8bda0b8a275ac6eab011ab36f3962d33061,1,4,8,20,5,0.9,True,3719.5,2148.0,38.0,0.8659766097593763,0.8580074487895717,1.0,0.8580074487895717,False,False,2026-07-28T17:59:59+08:00,2026-07-28T21:40:00+08:00,,
2026-07-28T21:51:11+08:00,2026-07-28,COVERAGE_TOO_LOW,38,38,0,38,3221,1843,80618000,57612000,23006000,75855790.0,45699020.0,30156770.0,034d70792df755386aca4f304369c8bda0b8a275ac6eab011ab36f3962d33061,2,4,8,20,5,0.9,True,3719.5,2148.0,38.0,0.8659766097593763,0.8580074487895717,1.0,0.8580074487895717,False,False,2026-07-28T17:59:59+08:00,2026-07-28T21:40:00+08:00,,
2026-07-28T22:01:11+08:00,2026-07-28,COVERAGE_TOO_LOW,38,38,0,38,3221,1843,80618000,57612000,23006000,75855790.0,45699020.0,30156770.0,034d70792df755386aca4f304369c8bda0b8a275ac6eab011ab36f3962d33061,3,4,8,20,5,0.9,True,3719.5,2148.0,38.0,0.8659766097593763,0.8580074487895717,1.0,0.8580074487895717,False,False,2026-07-28T17:59:59+08:00,2026-07-28T21:40:00+08:00,,
2026-07-28T22:11:11+08:00,2026-07-28,COVERAGE_TOO_LOW,38,38,0,38,3221,1843,80618000,57612000,23006000,75855790.0,45699020.0,30156770.0,034d70792df755386aca4f304369c8bda0b8a275ac6eab011ab36f3962d33061,4,4,8,20,5,0.9,True,3719.5,2148.0,38.0,0.8659766097593763,0.8580074487895717,1.0,0.8580074487895717,False,False,2026-07-28T17:59:59+08:00,2026-07-28T21:40:00+08:00,,
2026-07-28T22:21:10+08:00,2026-07-28,COVERAGE_TOO_LOW,38,38,0,38,3221,1843,80618000,57612000,23006000,75855790.0,45699020.0,30156770.0,034d70792df755386aca4f304369c8bda0b8a275ac6eab011ab36f3962d33061,5,4,8,20,5,0.9,True,3719.5,2148.0,38.0,0.8659766097593763,0.8580074487895717,1.0,0.8580074487895717,False,False,2026-07-28T17:59:59+08:00,2026-07-28T21:40:00+08:00,,
2026-07-28T22:31:11+08:00,2026-07-28,COVERAGE_TOO_LOW,38,38,0,38,3221,1843,80618000,57612000,23006000,75855790.0,45699020.0,30156770.0,034d70792df755386aca4f304369c8bda0b8a275ac6eab011ab36f3962d33061,6,4,8,20,5,0.9,True,3719.5,2148.0,38.0,0.8659766097593763,0.8580074487895717,1.0,0.8580074487895717,False,False,2026-07-28T17:59:59+08:00,2026-07-28T21:40:00+08:00,,
2026-07-28T22:41:11+08:00,2026-07-28,COVERAGE_TOO_LOW,38,38,0,38,3221,1843,80618000,57612000,23006000,75855790.0,45699020.0,30156770.0,034d70792df755386aca4f304369c8bda0b8a275ac6eab011ab36f3962d33061,7,4,8,20,5,0.9,True,3719.5,2148.0,38.0,0.8659766097593763,0.8580074487895717,1.0,0.8580074487895717,False,False,2026-07-28T17:59:59+08:00,2026-07-28T21:40:00+08:00,,
2026-07-28T22:51:10+08:00,2026-07-28,COVERAGE_TOO_LOW,38,38,0,38,3221,1843,80618000,57612000,23006000,75855790.0,45699020.0,30156770.0,034d70792df755386aca4f304369c8bda0b8a275ac6eab011ab36f3962d33061,8,4,8,20,5,0.9,True,3719.5,2148.0,38.0,0.8659766097593763,0.8580074487895717,1.0,0.8580074487895717,False,False,2026-07-28T17:59:59+08:00,2026-07-28T21:40:00+08:00,,
2026-07-28T23:01:11+08:00,2026-07-28,COVERAGE_TOO_LOW,38,38,0,38,3221,1843,80618000,57612000,23006000,75855790.0,45699020.0,30156770.0,034d70792df755386aca4f304369c8bda0b8a275ac6eab011ab36f3962d33061,9,4,8,20,5,0.9,True,3719.5,2148.0,38.0,0.8659766097593763,0.8580074487895717,1.0,0.8580074487895717,False,False,2026-07-28T17:59:59+08:00,2026-07-28T21:40:00+08:00,,
2026-07-28T23:11:11+08:00,2026-07-28,COVERAGE_TOO_LOW,38,38,0,38,3221,1843,80618000,57612000,23006000,75855790.0,45699020.0,30156770.0,034d70792df755386aca4f304369c8bda0b8a275ac6eab011ab36f3962d33061,10,4,8,20,5,0.9,True,3719.5,2148.0,38.0,0.8659766097593763,0.8580074487895717,1.0,0.8580074487895717,False,False,2026-07-28T17:59:59+08:00,2026-07-28T21:40:00+08:00,,
2026-07-28T23:21:10+08:00,2026-07-28,COVERAGE_TOO_LOW,38,38,0,38,3221,1843,80618000,57612000,23006000,75855790.0,45699020.0,30156770.0,034d70792df755386aca4f304369c8bda0b8a275ac6eab011ab36f3962d33061,11,4,8,20,5,0.9,True,3719.5,2148.0,38.0,0.8659766097593763,0.8580074487895717,1.0,0.8580074487895717,False,False,2026-07-28T17:59:59+08:00,2026-07-28T21:40:00+08:00,,
2026-07-28T23:31:11+08:00,2026-07-28,COVERAGE_TOO_LOW,38,38,0,38,3221,1843,80618000,57612000,23006000,75855790.0,45699020.0,30156770.0,034d70792df755386aca4f304369c8bda0b8a275ac6eab011ab36f3962d33061,12,4,8,20,5,0.9,True,3719.5,2148.0,38.0,0.8659766097593763,0.8580074487895717,1.0,0.8580074487895717,False,False,2026-07-28T17:59:59+08:00,2026-07-28T21:40:00+08:00,,
2026-07-28T23:41:10+08:00,2026-07-28,COVERAGE_TOO_LOW,38,38,0,38,3221,1843,80618000,57612000,23006000,75855790.0,45699020.0,30156770.0,034d70792df755386aca4f304369c8bda0b8a275ac6eab011ab36f3962d33061,13,4,8,20,5,0.9,True,3719.5,2148.0,38.0,0.8659766097593763,0.8580074487895717,1.0,0.8580074487895717,False,False,2026-07-28T17:59:59+08:00,2026-07-28T21:40:00+08:00,,
2026-07-28T23:51:11+08:00,2026-07-28,COVERAGE_TOO_LOW,38,38,0,38,3221,1843,80618000,57612000,23006000,75855790.0,45699020.0,30156770.0,034d70792df755386aca4f304369c8bda0b8a275ac6eab011ab36f3962d33061,14,4,8,20,5,0.9,True,3719.5,2148.0,38.0,0.8659766097593763,0.8580074487895717,1.0,0.8580074487895717,False,False,2026-07-28T17:59:59+08:00,2026-07-28T21:40:00+08:00,,
2026-07-29T00:01:11+08:00,2026-07-28,COVERAGE_TOO_LOW,38,38,0,38,3262,1867,81241000,58129000,23112000,76070670.0,45839110.0,30231560.0,2eaa05af6909552d96986dea38a3eb385bc105b1dc34e3c8e4d4bd4b1eb72058,1,4,8,20,5,0.9,True,3719.5,2148.0,38.0,0.8769995967199893,0.8691806331471136,1.0,0.8691806331471136,False,False,2026-07-28T17:59:59+08:00,2026-07-29T00:01:11+08:00,,
2026-07-29T00:11:11+08:00,2026-07-28,COVERAGE_TOO_LOW,38,38,0,38,3308,1894,82180000,59264000,22916000,76863930.0,46632880.0,30231050.0,ad93f4a920ad9a05083495121536b3f44a9186d22663a2e8d477c2f6e369075a,1,4,8,20,5,0.9,True,3719.5,2148.0,38.0,0.889366850383116,0.8817504655493482,1.0,0.8817504655493482,False,False,2026-07-28T17:59:59+08:00,2026-07-29T00:11:11+08:00,,
2026-07-29T00:21:11+08:00,2026-07-28,DATA_CHANGING,38,38,0,38,3460,1972,87184000,64813000,22371000,80121890.0,48259100.0,31862790.0,dab6dc6655c81c3c82f7a48b5e851926583e75d5dacffe0dce48d0438c090131,1,4,8,20,5,0.9,True,3719.5,2148.0,38.0,0.9302325581395349,0.9180633147113594,1.0,0.9180633147113594,True,False,2026-07-28T17:59:59+08:00,2026-07-29T00:21:11+08:00,,
2026-07-29T00:31:10+08:00,2026-07-28,DATA_CHANGING,38,38,0,38,3626,2048,90610000,68929000,21681000,84263020.0,50516910.0,33746110.0,5682653554435be1e8bbb94d64bace1660eccb4a4a5d97e067484471949fb6ca,1,4,8,20,5,0.9,True,3719.5,2148.0,38.0,0.9748622126629923,0.9534450651769087,1.0,0.9534450651769087,True,False,2026-07-28T17:59:59+08:00,2026-07-29T00:31:10+08:00,,
2026-07-29T00:41:10+08:00,2026-07-28,DATA_CHANGING,38,38,0,38,3734,2113,92253000,70989000,21264000,85962490.0,53160470.0,32802020.0,f38b812b23106e366d26267a607098c3144e2dc8ba4091e1548ee9450166e859,1,4,8,20,5,0.9,True,3719.5,2148.0,38.0,1.00389837343729,0.9837057728119181,1.0,0.9837057728119181,True,False,2026-07-28T17:59:59+08:00,2026-07-29T00:41:10+08:00,,
2026-07-29T00:51:11+08:00,2026-07-28,DATA_CHANGING,38,38,0,38,3797,2148,92651000,71468000,21183000,86449810.0,53814040.0,32635770.0,030250521ab98a8554c29ce6a595fb025d2b5e004062295128589bbce4ed7fc1,1,4,8,20,5,0.9,True,3719.5,2148.0,38.0,1.0208361338889635,1.0,1.0,1.0,True,False,2026-07-28T17:59:59+08:00,2026-07-29T00:51:11+08:00,,
2026-07-29T01:01:10+08:00,2026-07-28,DATA_CHANGING,38,38,0,38,3827,2166,93239000,71681000,21558000,86855600.0,54004270.0,32851330.0,9fbe4bcbfeca5fbae93025484ebeecf71c5c80a21a26f31b22717401457f2163,1,4,8,20,5,0.9,True,3719.5,2148.0,38.0,1.0289017341040463,1.0083798882681565,1.0,1.0,True,False,2026-07-28T17:59:59+08:00,2026-07-29T01:01:10+08:00,,
2026-07-29T01:11:10+08:00,2026-07-28,DATA_CHANGING,38,38,0,38,3840,2175,93277000,71737000,21540000,86918850.0,54077350.0,32841500.0,5e1defebec0c8f0ad791695c7462a662dbfc595105a850a309352ff90c6e23e0,1,4,8,20,5,0.9,True,3719.5,2148.0,38.0,1.0323968275305822,1.0125698324022345,1.0,1.0,True,False,2026-07-28T17:59:59+08:00,2026-07-29T01:11:10+08:00,,
2026-07-29T01:21:11+08:00,2026-07-28,STABLE_WAITING,38,38,0,38,3840,2175,93277000,71737000,21540000,86918850.0,54077350.0,32841500.0,5e1defebec0c8f0ad791695c7462a662dbfc595105a850a309352ff90c6e23e0,2,4,8,20,5,0.9,True,3719.5,2148.0,38.0,1.0323968275305822,1.0125698324022345,1.0,1.0,True,False,2026-07-28T17:59:59+08:00,2026-07-29T01:11:10+08:00,,
2026-07-29T01:31:10+08:00,2026-07-28,STABLE_WAITING,38,38,0,38,3840,2175,93277000,71737000,21540000,86918850.0,54077350.0,32841500.0,5e1defebec0c8f0ad791695c7462a662dbfc595105a850a309352ff90c6e23e0,3,4,8,20,5,0.9,True,3719.5,2148.0,38.0,1.0323968275305822,1.0125698324022345,1.0,1.0,True,False,2026-07-28T17:59:59+08:00,2026-07-29T01:11:10+08:00,,
2026-07-29T01:41:10+08:00,2026-07-28,COMPLETE,38,38,0,38,3840,2175,93277000,71737000,21540000,86918850.0,54077350.0,32841500.0,5e1defebec0c8f0ad791695c7462a662dbfc595105a850a309352ff90c6e23e0,4,4,8,20,5,0.9,True,3719.5,2148.0,38.0,1.0323968275305822,1.0125698324022345,1.0,1.0,True,True,2026-07-28T17:59:59+08:00,2026-07-29T01:11:10+08:00,2026-07-29T01:41:10+08:00,
2026-07-29T23:49:11+08:00,2026-07-29,DATA_CHANGING,38,38,0,38,4419,2229,107752000,79439000,28313000,85263180.0,51317050.0,33946130.0,ad6f08b93723fcd09260c610b14b2ec1e5e6e266d880e459ea82c00c3aac8549,1,4,9,20,5,0.9,True,3746.0,2161.0,38.0,1.1796583021890017,1.031466913465988,1.0,1.0,True,False,2026-07-29T23:49:11+08:00,2026-07-29T23:49:11+08:00,,
2026-07-29T23:59:10+08:00,2026-07-29,DATA_CHANGING,38,38,0,38,4441,2244,108011000,79923000,28088000,85501360.0,51495300.0,34006060.0,9c14d1f327a671722a0c7c447a25513052159efe383e6311cb8172a79f131b62,1,4,9,20,5,0.9,True,3746.0,2161.0,38.0,1.1855312333155366,1.038408144377603,1.0,1.0,True,False,2026-07-29T23:49:11+08:00,2026-07-29T23:59:10+08:00,,
2026-07-30T00:09:10+08:00,2026-07-29,DATA_CHANGING,38,38,0,38,4539,2301,115329000,81236000,34093000,91423890.0,52826220.0,38597670.0,35651e0980661a7ff91e083e9eabfb2607bc072ddc44aaf081011197332f4847,1,4,9,20,5,0.9,True,3746.0,2161.0,38.0,1.2116924719701014,1.06478482184174,1.0,1.0,True,False,2026-07-29T23:49:11+08:00,2026-07-30T00:09:10+08:00,,
2026-07-30T00:19:11+08:00,2026-07-29,DATA_CHANGING,38,38,0,38,4683,2374,119992000,82373000,37619000,95285230.0,53497580.0,41787650.0,0fb5f2ef73d7fc79174ab1cc9927ad92995b788d430aa218807c79368c83b94f,1,4,9,20,5,0.9,True,3746.0,2161.0,38.0,1.2501334757074212,1.0985654789449328,1.0,1.0,True,False,2026-07-29T23:49:11+08:00,2026-07-30T00:19:11+08:00,,
2026-07-30T00:29:10+08:00,2026-07-29,DATA_CHANGING,38,38,0,38,4733,2399,120223000,82820000,37403000,95688750.0,53814300.0,41874450.0,4ab0e0c2ee76ce74129ff15fed46add761e7edb578d7cd26c865573a6f276b2e,1,4,9,20,5,0.9,True,3746.0,2161.0,38.0,1.2634810464495463,1.110134197130958,1.0,1.0,True,False,2026-07-29T23:49:11+08:00,2026-07-30T00:29:10+08:00,,
2026-07-30T00:39:10+08:00,2026-07-29,STABLE_WAITING,38,38,0,38,4733,2399,120223000,82820000,37403000,95688750.0,53814300.0,41874450.0,4ab0e0c2ee76ce74129ff15fed46add761e7edb578d7cd26c865573a6f276b2e,2,4,9,20,5,0.9,True,3746.0,2161.0,38.0,1.2634810464495463,1.110134197130958,1.0,1.0,True,False,2026-07-29T23:49:11+08:00,2026-07-30T00:29:10+08:00,,
2026-07-30T00:49:10+08:00,2026-07-29,STABLE_WAITING,38,38,0,38,4733,2399,120223000,82820000,37403000,95688750.0,53814300.0,41874450.0,4ab0e0c2ee76ce74129ff15fed46add761e7edb578d7cd26c865573a6f276b2e,3,4,9,20,5,0.9,True,3746.0,2161.0,38.0,1.2634810464495463,1.110134197130958,1.0,1.0,True,False,2026-07-29T23:49:11+08:00,2026-07-30T00:29:10+08:00,,
2026-07-30T00:59:11+08:00,2026-07-29,COMPLETE,38,38,0,38,4733,2399,120223000,82820000,37403000,95688750.0,53814300.0,41874450.0,4ab0e0c2ee76ce74129ff15fed46add761e7edb578d7cd26c865573a6f276b2e,4,4,9,20,5,0.9,True,3746.0,2161.0,38.0,1.2634810464495463,1.110134197130958,1.0,1.0,True,True,2026-07-29T23:49:11+08:00,2026-07-30T00:29:10+08:00,2026-07-30T00:59:11+08:00,
2026-07-30T17:57:57+08:00,2026-07-30,COVERAGE_TOO_LOW,38,38,0,15,36,20,1179000,928000,251000,574240.0,258710.0,315530.0,60f23ba15e4e6ab2465a451dbe4c7d734465dd8b4329b68ad924208a2204efe7,1,4,10,20,5,0.9,True,3789.0,2163.0,38.0,0.009501187648456057,0.009246417013407305,0.39473684210526316,0.009246417013407305,False,False,2026-07-30T17:57:57+08:00,2026-07-30T17:57:57+08:00,,
2026-07-30T18:07:56+08:00,2026-07-30,COVERAGE_TOO_LOW,38,38,0,33,228,118,3898000,3850000,48000,1834060.0,1116650.0,717410.0,fb93e1b804c57ab16eea8ce384e15ebf137f7cb8bcd4c3b3eb051b42ad1d05de,1,4,10,20,5,0.9,True,3789.0,2163.0,38.0,0.060174188440221696,0.0545538603791031,0.868421052631579,0.0545538603791031,False,False,2026-07-30T17:57:57+08:00,2026-07-30T18:07:56+08:00,,
2026-07-30T18:17:56+08:00,2026-07-30,COVERAGE_TOO_LOW,38,38,0,37,831,486,17731000,13071000,4660000,11215490.0,8142340.0,3073150.0,d346b5b42ca7f863043311a57acf21fba32bd83292781c766ef874f944b809f3,1,4,10,20,5,0.9,True,3789.0,2163.0,38.0,0.21931908155186064,0.22468793342579751,0.9736842105263158,0.21931908155186064,False,False,2026-07-30T17:57:57+08:00,2026-07-30T18:17:56+08:00,,
2026-07-30T18:27:57+08:00,2026-07-30,COVERAGE_TOO_LOW,38,38,0,37,950,551,34829000,14184000,20645000,22205900.0,8739310.0,13466590.0,f68c01d24bcb76808770d2fb87e876c837d4afa62e7ac98cd978ad5202391bca,1,4,10,20,5,0.9,True,3789.0,2163.0,38.0,0.2507257851675904,0.2547387887193712,0.9736842105263158,0.2507257851675904,False,False,2026-07-30T17:57:57+08:00,2026-07-30T18:27:57+08:00,,
2026-07-30T18:37:56+08:00,2026-07-30,COVERAGE_TOO_LOW,38,38,0,37,1003,578,35634000,14566000,21068000,22821280.0,9074200.0,13747080.0,d7418067385f060b42251ef0257b671b2f6a98d1902d206e218f91f9c1090e5e,1,4,10,20,5,0.9,True,3789.0,2163.0,38.0,0.2647136447611507,0.2672214516874711,0.9736842105263158,0.2647136447611507,False,False,2026-07-30T17:57:57+08:00,2026-07-30T18:37:56+08:00,,
2026-07-30T18:47:57+08:00,2026-07-30,COVERAGE_TOO_LOW,38,38,0,37,1045,600,37917000,15196000,22721000,23408300.0,9510010.0,13898290.0,670ee3534457cce563f0b3ef32bfcf6de66c6d65924b5615e3ef9ac53688b56c,1,4,10,20,5,0.9,True,3789.0,2163.0,38.0,0.27579836368434946,0.27739251040221913,0.9736842105263158,0.27579836368434946,False,False,2026-07-30T17:57:57+08:00,2026-07-30T18:47:57+08:00,,
2026-07-30T18:57:56+08:00,2026-07-30,COVERAGE_TOO_LOW,38,38,0,37,1129,652,40353000,16248000,24105000,24632770.0,10260960.0,14371810.0,c8629ddc9e6c67c3613815fb28f435969d58ebd36110ef3f0f2ff0e6ad024697,1,4,10,20,5,0.9,True,3789.0,2163.0,38.0,0.2979678015307469,0.30143319463707813,0.9736842105263158,0.2979678015307469,False,False,2026-07-30T17:57:57+08:00,2026-07-30T18:57:56+08:00,,
2026-07-30T19:07:57+08:00,2026-07-30,COVERAGE_TOO_LOW,38,38,0,37,1162,674,42189000,16634000,25555000,25620410.0,10527680.0,15092730.0,f4a9e6d4579bd326bea14f800325c63f0bcc96f79d4b8b91bf360cb8d283618e,1,4,10,20,5,0.9,True,3789.0,2163.0,38.0,0.30667722354183163,0.3116042533518262,0.9736842105263158,0.30667722354183163,False,False,2026-07-30T17:57:57+08:00,2026-07-30T19:07:57+08:00,,
2026-07-30T19:17:56+08:00,2026-07-30,COVERAGE_TOO_LOW,38,38,0,37,1267,728,46414000,18924000,27490000,28507930.0,12052770.0,16455160.0,5304c3bb7a59d46624e5fb8727950302f1a626a695eff55bea97e3b51715fb13,1,4,10,20,5,0.9,True,3789.0,2163.0,38.0,0.33438902084982847,0.3365695792880259,0.9736842105263158,0.33438902084982847,False,False,2026-07-30T17:57:57+08:00,2026-07-30T19:17:56+08:00,,
2026-07-30T19:27:57+08:00,2026-07-30,COVERAGE_TOO_LOW,38,38,0,37,1397,798,51176000,20811000,30365000,30657260.0,13168630.0,17488630.0,17462ea43e2b2a0f96f1d7b57b40d1790222aa183750711ae0258c80a9df7a93,1,4,10,20,5,0.9,True,3789.0,2163.0,38.0,0.36869886513591976,0.36893203883495146,0.9736842105263158,0.36869886513591976,False,False,2026-07-30T17:57:57+08:00,2026-07-30T19:27:57+08:00,,
2026-07-30T19:37:56+08:00,2026-07-30,COVERAGE_TOO_LOW,38,38,0,37,1484,835,54581000,21696000,32885000,32609040.0,14184720.0,18424320.0,f9b65eb57d1245551b79f0306d09d02cc4585f3d9fef39513247b866569c3884,1,4,10,20,5,0.9,True,3789.0,2163.0,38.0,0.39166006861968855,0.386037910309755,0.9736842105263158,0.386037910309755,False,False,2026-07-30T17:57:57+08:00,2026-07-30T19:37:56+08:00,,
2026-07-30T19:47:57+08:00,2026-07-30,COVERAGE_TOO_LOW,38,38,0,37,1684,917,61219000,24316000,36903000,37205600.0,15878640.0,21326960.0,90989ba7c571822708c620d3b26ecc33ee8e6204b81e6eafd5c4382a4096ca74,1,4,10,20,5,0.9,True,3789.0,2163.0,38.0,0.4444444444444444,0.42394822006472493,0.9736842105263158,0.42394822006472493,False,False,2026-07-30T17:57:57+08:00,2026-07-30T19:47:57+08:00,,
2026-07-30T19:57:56+08:00,2026-07-30,COVERAGE_TOO_LOW,38,38,0,37,1854,1004,63706000,26914000,36792000,39989750.0,18938220.0,21051530.0,3aa51a086b589af343196210ff5cf6557bc16111cac2c41b3850697b624171d7,1,4,10,20,5,0.9,True,3789.0,2163.0,38.0,0.48931116389548696,0.4641701340730467,0.9736842105263158,0.4641701340730467,False,False,2026-07-30T17:57:57+08:00,2026-07-30T19:57:56+08:00,,
2026-07-30T20:07:57+08:00,2026-07-30,COVERAGE_TOO_LOW,38,38,0,37,1966,1052,69306000,30264000,39042000,46717460.0,24480970.0,22236490.0,e9cd0505fc25ac99e095acf0bfb8b6bd396f746e2f4e4ca9fd4b429acc4f4e83,1,4,10,20,5,0.9,True,3789.0,2163.0,38.0,0.5188704143573503,0.4863615349052242,0.9736842105263158,0.4863615349052242,False,False,2026-07-30T17:57:57+08:00,2026-07-30T20:07:57+08:00,,
2026-07-30T20:17:56+08:00,2026-07-30,COVERAGE_TOO_LOW,38,38,0,37,2150,1120,74472000,31230000,43242000,49910540.0,25233160.0,24677380.0,ae3b95419d838646adb65206b312a42bad1709bc06a23a0fc1d8b172cf26a3e9,1,4,10,20,5,0.9,True,3789.0,2163.0,38.0,0.5674320401161256,0.517799352750809,0.9736842105263158,0.517799352750809,False,False,2026-07-30T17:57:57+08:00,2026-07-30T20:17:56+08:00,,
2026-07-30T20:27:56+08:00,2026-07-30,COVERAGE_TOO_LOW,38,38,0,38,2285,1188,78438000,32233000,46205000,54436410.0,26226040.0,28210370.0,a93e7a135a78e3258167344fa4db2a4ac7f33696dbe2282d05280b7d8df456c7,1,4,10,20,5,0.9,True,3789.0,2163.0,38.0,0.6030614937978358,0.5492371705963939,1.0,0.5492371705963939,False,False,2026-07-30T17:57:57+08:00,2026-07-30T20:27:56+08:00,,
2026-07-30T20:37:56+08:00,2026-07-30,COVERAGE_TOO_LOW,38,38,0,38,2366,1233,79340000,32932000,46408000,55056060.0,27005330.0,28050730.0,810474816508b32d22708f881a5af19b278ffb0e05caf54b59a533d31362469d,1,4,10,20,5,0.9,True,3789.0,2163.0,38.0,0.624439166006862,0.5700416088765603,1.0,0.5700416088765603,False,False,2026-07-30T17:57:57+08:00,2026-07-30T20:37:56+08:00,,
2026-07-30T20:47:56+08:00,2026-07-30,COVERAGE_TOO_LOW,38,38,0,38,2467,1277,80750000,34331000,46419000,56706130.0,27906700.0,28799430.0,540afb054470ae3de7393b6f6b2fd235fa54568144a425d3dc76ca9b80c27093,1,4,10,20,5,0.9,True,3789.0,2163.0,38.0,0.6510952757983637,0.5903837263060564,1.0,0.5903837263060564,False,False,2026-07-30T17:57:57+08:00,2026-07-30T20:47:56+08:00,,
2026-07-30T20:57:57+08:00,2026-07-30,COVERAGE_TOO_LOW,38,38,0,38,2597,1339,83554000,35491000,48063000,59220350.0,29514670.0,29705680.0,7111742e003d61e4500be1cd3cc81c3533d6525e660944c9379c0918df8c429f,1,4,10,20,5,0.9,True,3789.0,2163.0,38.0,0.685405120084455,0.6190476190476191,1.0,0.6190476190476191,False,False,2026-07-30T17:57:57+08:00,2026-07-30T20:57:57+08:00,,
2026-07-30T21:07:57+08:00,2026-07-30,COVERAGE_TOO_LOW,38,38,0,38,2656,1372,84579000,35764000,48815000,60498090.0,29787890.0,30710200.0,5072ef7b8e4fb2cb9b76df7d7ae16dcfaff646f24f668cac1e1194c1a975b263,1,4,10,20,5,0.9,True,3789.0,2163.0,38.0,0.700976510952758,0.6343042071197411,1.0,0.6343042071197411,False,False,2026-07-30T17:57:57+08:00,2026-07-30T21:07:57+08:00,,
2026-07-30T21:17:57+08:00,2026-07-30,COVERAGE_TOO_LOW,38,38,0,38,2816,1468,86533000,36178000,50355000,62047940.0,30520410.0,31527530.0,9920170950366ad5204d31ab273b979254c67b83148027420d1eb26486cf0437,1,4,10,20,5,0.9,True,3789.0,2163.0,38.0,0.7432040116125627,0.6786870087840962,1.0,0.6786870087840962,False,False,2026-07-30T17:57:57+08:00,2026-07-30T21:17:57+08:00,,
2026-07-30T21:27:56+08:00,2026-07-30,COVERAGE_TOO_LOW,38,38,0,38,2955,1553,87744000,37027000,50717000,63744650.0,31422080.0,32322570.0,5512b5909382e5449a97f6199d02954e3bc6c9357f6ef24d98c22a9fac5120bb,1,4,10,20,5,0.9,True,3789.0,2163.0,38.0,0.779889152810768,0.7179842810910773,1.0,0.7179842810910773,False,False,2026-07-30T17:57:57+08:00,2026-07-30T21:27:56+08:00,,
2026-07-30T21:37:56+08:00,2026-07-30,COVERAGE_TOO_LOW,38,38,0,38,3132,1638,90551000,39209000,51342000,67541120.0,34538980.0,33002140.0,ecdd5dbe8220ee513158cba3d72ff01fa2643f76d0481f81cb395c30a2beea16,1,4,10,20,5,0.9,True,3789.0,2163.0,38.0,0.8266033254156769,0.7572815533980582,1.0,0.7572815533980582,False,False,2026-07-30T17:57:57+08:00,2026-07-30T21:37:56+08:00,,
2026-07-30T21:47:56+08:00,2026-07-30,COVERAGE_TOO_LOW,38,38,0,38,3260,1698,92888000,40814000,52074000,68706080.0,36377280.0,32328800.0,e51c70a62aa614d719cfc2d27bd522a74fdefecb564c94231ce1fb571a027a5b,1,4,10,20,5,0.9,True,3789.0,2163.0,38.0,0.8603853259435207,0.7850208044382802,1.0,0.7850208044382802,False,False,2026-07-30T17:57:57+08:00,2026-07-30T21:47:56+08:00,,
2026-07-30T21:59:06+08:00,2026-07-30,COVERAGE_TOO_LOW,38,38,0,38,3260,1698,92888000,40814000,52074000,68706080.0,36377280.0,32328800.0,e51c70a62aa614d719cfc2d27bd522a74fdefecb564c94231ce1fb571a027a5b,2,4,10,20,5,0.9,True,3789.0,2163.0,38.0,0.8603853259435207,0.7850208044382802,1.0,0.7850208044382802,False,False,2026-07-30T17:57:57+08:00,2026-07-30T21:47:56+08:00,,
2026-07-30T22:09:05+08:00,2026-07-30,COVERAGE_TOO_LOW,38,38,0,38,3260,1698,92888000,40814000,52074000,68706080.0,36377280.0,32328800.0,e51c70a62aa614d719cfc2d27bd522a74fdefecb564c94231ce1fb571a027a5b,3,4,10,20,5,0.9,True,3789.0,2163.0,38.0,0.8603853259435207,0.7850208044382802,1.0,0.7850208044382802,False,False,2026-07-30T17:57:57+08:00,2026-07-30T21:47:56+08:00,,
2026-07-30T22:19:05+08:00,2026-07-30,COVERAGE_TOO_LOW,38,38,0,38,3260,1698,92888000,40814000,52074000,68706080.0,36377280.0,32328800.0,e51c70a62aa614d719cfc2d27bd522a74fdefecb564c94231ce1fb571a027a5b,4,4,10,20,5,0.9,True,3789.0,2163.0,38.0,0.8603853259435207,0.7850208044382802,1.0,0.7850208044382802,False,False,2026-07-30T17:57:57+08:00,2026-07-30T21:47:56+08:00,,
2026-07-30T22:29:06+08:00,2026-07-30,COVERAGE_TOO_LOW,38,38,0,38,3260,1698,92888000,40814000,52074000,68706080.0,36377280.0,32328800.0,e51c70a62aa614d719cfc2d27bd522a74fdefecb564c94231ce1fb571a027a5b,5,4,10,20,5,0.9,True,3789.0,2163.0,38.0,0.8603853259435207,0.7850208044382802,1.0,0.7850208044382802,False,False,2026-07-30T17:57:57+08:00,2026-07-30T21:47:56+08:00,,
2026-07-30T22:39:05+08:00,2026-07-30,COVERAGE_TOO_LOW,38,38,0,38,3260,1698,92888000,40814000,52074000,68706080.0,36377280.0,32328800.0,e51c70a62aa614d719cfc2d27bd522a74fdefecb564c94231ce1fb571a027a5b,6,4,10,20,5,0.9,True,3789.0,2163.0,38.0,0.8603853259435207,0.7850208044382802,1.0,0.7850208044382802,False,False,2026-07-30T17:57:57+08:00,2026-07-30T21:47:56+08:00,,
2026-07-30T22:49:06+08:00,2026-07-30,COVERAGE_TOO_LOW,38,38,0,38,3260,1698,92888000,40814000,52074000,68706080.0,36377280.0,32328800.0,e51c70a62aa614d719cfc2d27bd522a74fdefecb564c94231ce1fb571a027a5b,7,4,10,20,5,0.9,True,3789.0,2163.0,38.0,0.8603853259435207,0.7850208044382802,1.0,0.7850208044382802,False,False,2026-07-30T17:57:57+08:00,2026-07-30T21:47:56+08:00,,
2026-07-30T22:59:05+08:00,2026-07-30,COVERAGE_TOO_LOW,38,38,0,38,3260,1698,92888000,40814000,52074000,68706080.0,36377280.0,32328800.0,e51c70a62aa614d719cfc2d27bd522a74fdefecb564c94231ce1fb571a027a5b,8,4,10,20,5,0.9,True,3789.0,2163.0,38.0,0.8603853259435207,0.7850208044382802,1.0,0.7850208044382802,False,False,2026-07-30T17:57:57+08:00,2026-07-30T21:47:56+08:00,,
2026-07-30T23:09:05+08:00,2026-07-30,COVERAGE_TOO_LOW,38,38,0,38,3260,1698,92888000,40814000,52074000,68706080.0,36377280.0,32328800.0,e51c70a62aa614d719cfc2d27bd522a74fdefecb564c94231ce1fb571a027a5b,9,4,10,20,5,0.9,True,3789.0,2163.0,38.0,0.8603853259435207,0.7850208044382802,1.0,0.7850208044382802,False,False,2026-07-30T17:57:57+08:00,2026-07-30T21:47:56+08:00,,
2026-07-30T23:19:06+08:00,2026-07-30,COVERAGE_TOO_LOW,38,38,0,38,3260,1698,92888000,40814000,52074000,68706080.0,36377280.0,32328800.0,e51c70a62aa614d719cfc2d27bd522a74fdefecb564c94231ce1fb571a027a5b,10,4,10,20,5,0.9,True,3789.0,2163.0,38.0,0.8603853259435207,0.7850208044382802,1.0,0.7850208044382802,False,False,2026-07-30T17:57:57+08:00,2026-07-30T21:47:56+08:00,,
2026-07-30T23:29:05+08:00,2026-07-30,COVERAGE_TOO_LOW,38,38,0,38,3260,1698,92888000,40814000,52074000,68706080.0,36377280.0,32328800.0,e51c70a62aa614d719cfc2d27bd522a74fdefecb564c94231ce1fb571a027a5b,11,4,10,20,5,0.9,True,3789.0,2163.0,38.0,0.8603853259435207,0.7850208044382802,1.0,0.7850208044382802,False,False,2026-07-30T17:57:57+08:00,2026-07-30T21:47:56+08:00,,
2026-07-30T23:39:06+08:00,2026-07-30,COVERAGE_TOO_LOW,38,38,0,38,3260,1698,92888000,40814000,52074000,68706080.0,36377280.0,32328800.0,e51c70a62aa614d719cfc2d27bd522a74fdefecb564c94231ce1fb571a027a5b,12,4,10,20,5,0.9,True,3789.0,2163.0,38.0,0.8603853259435207,0.7850208044382802,1.0,0.7850208044382802,False,False,2026-07-30T17:57:57+08:00,2026-07-30T21:47:56+08:00,,
2026-07-30T23:49:05+08:00,2026-07-30,COVERAGE_TOO_LOW,38,38,0,38,3260,1698,92888000,40814000,52074000,68706080.0,36377280.0,32328800.0,e51c70a62aa614d719cfc2d27bd522a74fdefecb564c94231ce1fb571a027a5b,13,4,10,20,5,0.9,True,3789.0,2163.0,38.0,0.8603853259435207,0.7850208044382802,1.0,0.7850208044382802,False,False,2026-07-30T17:57:57+08:00,2026-07-30T21:47:56+08:00,,
2026-07-30T23:59:06+08:00,2026-07-30,COVERAGE_TOO_LOW,38,38,0,38,3307,1716,94378000,41831000,52547000,69634020.0,36733860.0,32900160.0,9db8eef144efad178417dcb8168c4189eff881a864598eff969d2256b9580802,1,4,10,20,5,0.9,True,3789.0,2163.0,38.0,0.8727896542623383,0.7933425797503467,1.0,0.7933425797503467,False,False,2026-07-30T17:57:57+08:00,2026-07-30T23:59:06+08:00,,
2026-07-31T00:09:06+08:00,2026-07-30,COVERAGE_TOO_LOW,38,38,0,38,3384,1755,107308000,42121000,65187000,77108540.0,37370820.0,39737720.0,95a255208fb10fd4da3f5ae2c4384395391ef04e310f19df29999b85a6930768,1,4,10,20,5,0.9,True,3789.0,2163.0,38.0,0.8931116389548693,0.811373092926491,1.0,0.811373092926491,False,False,2026-07-30T17:57:57+08:00,2026-07-31T00:09:06+08:00,,
2026-07-31T00:19:05+08:00,2026-07-30,COVERAGE_TOO_LOW,38,38,0,38,3538,1825,110686000,43887000,66799000,79159420.0,38617320.0,40542100.0,cb5c7994ba502cfce70aba9b3d3804416a8ee9d334a75d361d061b657dcdd8c9,1,4,10,20,5,0.9,True,3789.0,2163.0,38.0,0.9337556083399314,0.8437355524734166,1.0,0.8437355524734166,False,False,2026-07-30T17:57:57+08:00,2026-07-31T00:19:05+08:00,,
2026-07-31T00:29:05+08:00,2026-07-30,COVERAGE_TOO_LOW,38,38,0,38,3687,1896,112561000,45382000,67179000,81403750.0,39648030.0,41755720.0,c24427ba4f9b54b71c03f41279c7253458c35d060159fc4b11cdbadd33632378,1,4,10,20,5,0.9,True,3789.0,2163.0,38.0,0.9730799683293745,0.8765603328710125,1.0,0.8765603328710125,False,False,2026-07-30T17:57:57+08:00,2026-07-31T00:29:05+08:00,,
2026-07-31T00:39:06+08:00,2026-07-30,DATA_CHANGING,38,38,0,38,3900,1997,115093000,48691000,66402000,86681650.0,43949630.0,42732020.0,e6e818907d350f269511f50b3721acc997c49c9165cd022411ad56b7843849f1,1,4,10,20,5,0.9,True,3789.0,2163.0,38.0,1.0292953285827395,0.9232547387887193,1.0,0.9232547387887193,True,False,2026-07-30T17:57:57+08:00,2026-07-31T00:39:06+08:00,,
2026-07-31T00:49:05+08:00,2026-07-30,DATA_CHANGING,38,38,0,38,3928,2006,115359000,48845000,66514000,87188060.0,44134110.0,43053950.0,8dadc23f021c0cb8076118e0b48bcbedcd1bf358d11f15fc1edfbeb0cbb8148d,1,4,10,20,5,0.9,True,3789.0,2163.0,38.0,1.0366851411982054,0.9274156264447526,1.0,0.9274156264447526,True,False,2026-07-30T17:57:57+08:00,2026-07-31T00:49:05+08:00,,
2026-07-31T00:59:06+08:00,2026-07-30,DATA_CHANGING,38,38,0,38,3968,2028,123369000,49152000,74217000,91498720.0,44415760.0,47082960.0,07fd66a1a8900f0bfe279d105e3309410ed8377200c2e0865df7d7dd44ca91bb,1,4,10,20,5,0.9,True,3789.0,2163.0,38.0,1.0472420163631566,0.9375866851595007,1.0,0.9375866851595007,True,False,2026-07-30T17:57:57+08:00,2026-07-31T00:59:06+08:00,,
2026-07-31T01:09:05+08:00,2026-07-30,DATA_CHANGING,38,38,0,38,4025,2057,124511000,49302000,75209000,92656920.0,44571840.0,48085080.0,799412ea61916d80d92f75fa6953e4ec582fe701cb2a765ee2ab4fb557412574,1,4,10,20,5,0.9,True,3789.0,2163.0,38.0,1.062285563473212,0.9509939898289412,1.0,0.9509939898289412,True,False,2026-07-30T17:57:57+08:00,2026-07-31T01:09:05+08:00,,
2026-07-31T01:19:05+08:00,2026-07-30,DATA_CHANGING,38,38,0,38,4079,2092,125810000,51618000,74192000,94343280.0,46999660.0,47343620.0,05b3c908c6298d732ce0774c0be4355269970312ca3354aba1ffd82b09ea6e31,1,4,10,20,5,0.9,True,3789.0,2163.0,38.0,1.076537344945896,0.967175219602404,1.0,0.967175219602404,True,False,2026-07-30T17:57:57+08:00,2026-07-31T01:19:05+08:00,,
2026-07-31T01:29:06+08:00,2026-07-30,STABLE_WAITING,38,38,0,38,4079,2092,125810000,51618000,74192000,94343280.0,46999660.0,47343620.0,05b3c908c6298d732ce0774c0be4355269970312ca3354aba1ffd82b09ea6e31,2,4,10,20,5,0.9,True,3789.0,2163.0,38.0,1.076537344945896,0.967175219602404,1.0,0.967175219602404,True,False,2026-07-30T17:57:57+08:00,2026-07-31T01:19:05+08:00,,
2026-07-31T01:39:05+08:00,2026-07-30,STABLE_WAITING,38,38,0,38,4079,2092,125810000,51618000,74192000,94343280.0,46999660.0,47343620.0,05b3c908c6298d732ce0774c0be4355269970312ca3354aba1ffd82b09ea6e31,3,4,10,20,5,0.9,True,3789.0,2163.0,38.0,1.076537344945896,0.967175219602404,1.0,0.967175219602404,True,False,2026-07-30T17:57:57+08:00,2026-07-31T01:19:05+08:00,,
2026-07-31T01:49:05+08:00,2026-07-30,COMPLETE,38,38,0,38,4079,2092,125810000,51618000,74192000,94343280.0,46999660.0,47343620.0,05b3c908c6298d732ce0774c0be4355269970312ca3354aba1ffd82b09ea6e31,4,4,10,20,5,0.9,True,3789.0,2163.0,38.0,1.076537344945896,0.967175219602404,1.0,0.967175219602404,True,True,2026-07-30T17:57:57+08:00,2026-07-31T01:19:05+08:00,2026-07-31T01:49:05+08:00,
2026-07-31T18:26:04+08:00,2026-07-31,COVERAGE_TOO_LOW,38,38,0,38,912,595,21751000,14172000,7579000,13426090.0,13080150.0,345940.0,9983da8a82beda022084d6ea5b3201d9bc54b3f0705ddaa678b6e4467bf0440d,1,4,11,20,5,0.9,True,3832.0,2161.0,38.0,0.23799582463465555,0.2753354928273947,1.0,0.23799582463465555,False,False,2026-07-31T18:26:04+08:00,2026-07-31T18:26:04+08:00,,
2026-07-31T18:36:05+08:00,2026-07-31,COVERAGE_TOO_LOW,38,38,0,38,968,628,24183000,17642000,6541000,16113430.0,15654360.0,459070.0,09c6f4fc4f42882f9e3e522ce0f6bb6c3727a75f78722d0549c8523e3a993ca0,1,4,11,20,5,0.9,True,3832.0,2161.0,38.0,0.25260960334029225,0.2906062008329477,1.0,0.25260960334029225,False,False,2026-07-31T18:26:04+08:00,2026-07-31T18:36:05+08:00,,
2026-07-31T18:46:05+08:00,2026-07-31,COVERAGE_TOO_LOW,38,38,0,38,1045,682,25217000,18406000,6811000,17093420.0,16315420.0,778000.0,545a52d91f57c0fab6d45309dc7b34b0d96ae7979a61a90355a7f53bdebab332,1,4,11,20,5,0.9,True,3832.0,2161.0,38.0,0.2727035490605428,0.3155946321147617,1.0,0.2727035490605428,False,False,2026-07-31T18:26:04+08:00,2026-07-31T18:46:05+08:00,,
2026-07-31T18:56:04+08:00,2026-07-31,COVERAGE_TOO_LOW,38,38,0,38,1150,751,27621000,20658000,6963000,19701890.0,17892800.0,1809090.0,dc0bcbfed08f5fb94befd0d83338196bc61233c471cc20378e98149a4d3a7861,1,4,11,20,5,0.9,True,3832.0,2161.0,38.0,0.3001043841336117,0.34752429430819065,1.0,0.3001043841336117,False,False,2026-07-31T18:26:04+08:00,2026-07-31T18:56:04+08:00,,
2026-07-31T19:06:04+08:00,2026-07-31,COVERAGE_TOO_LOW,38,38,0,38,1251,809,30030000,22889000,7141000,21549200.0,19503540.0,2045660.0,c7084bfb1844199523eac9da56941600088e34350c1eabaedc8029ef616d0329,1,4,11,20,5,0.9,True,3832.0,2161.0,38.0,0.3264613778705637,0.3743637204997686,1.0,0.3264613778705637,False,False,2026-07-31T18:26:04+08:00,2026-07-31T19:06:04+08:00,,
2026-07-31T19:16:05+08:00,2026-07-31,COVERAGE_TOO_LOW,38,38,0,38,1387,888,35568000,30116000,5452000,23090600.0,23271090.0,-180490.0,0e9d74bd23073f10e6586073184888c8c31754c8db46326b64e2248fd0fa7fd6,1,4,11,20,5,0.9,True,3832.0,2161.0,38.0,0.3619519832985386,0.41092086996760757,1.0,0.3619519832985386,False,False,2026-07-31T18:26:04+08:00,2026-07-31T19:16:05+08:00,,
2026-07-31T19:26:04+08:00,2026-07-31,COVERAGE_TOO_LOW,38,38,0,38,1525,974,37708000,32006000,5702000,24389410.0,25307320.0,-917910.0,5f2faa397efa1a915314d277a40f8a6a26b5fca02a364b4365451602c4f52d97,1,4,11,20,5,0.9,True,3832.0,2161.0,38.0,0.397964509394572,0.4507172605275335,1.0,0.397964509394572,False,False,2026-07-31T18:26:04+08:00,2026-07-31T19:26:04+08:00,,
2026-07-31T19:36:05+08:00,2026-07-31,COVERAGE_TOO_LOW,38,38,0,38,1708,1065,39249000,33533000,5716000,25728600.0,27658380.0,-1929780.0,9401e5a7abae16db39a63303a21f9056f6da484432f40ae383bad75f820500d2,1,4,11,20,5,0.9,True,3832.0,2161.0,38.0,0.44572025052192066,0.4928273947246645,1.0,0.44572025052192066,False,False,2026-07-31T18:26:04+08:00,2026-07-31T19:36:05+08:00,,
2026-07-31T19:46:04+08:00,2026-07-31,COVERAGE_TOO_LOW,38,38,0,38,1830,1128,44990000,34977000,10013000,31506880.0,30440490.0,1066390.0,8ef8ae07cb34a19e3e005138c346349727cfe768a01c361c15a2a93ed30a61f5,1,4,11,20,5,0.9,True,3832.0,2161.0,38.0,0.47755741127348644,0.5219805645534474,1.0,0.47755741127348644,False,False,2026-07-31T18:26:04+08:00,2026-07-31T19:46:04+08:00,,
2026-07-31T19:56:04+08:00,2026-07-31,COVERAGE_TOO_LOW,38,38,0,38,2002,1226,46964000,37477000,9487000,34045070.0,32337810.0,1707260.0,b536289fcb664238c8e4c9a78f5aad04c152d726ea7d53588c6f86a0640c05a1,1,4,11,20,5,0.9,True,3832.0,2161.0,38.0,0.5224425887265136,0.5673299398426654,1.0,0.5224425887265136,False,False,2026-07-31T18:26:04+08:00,2026-07-31T19:56:04+08:00,,
2026-07-31T20:06:05+08:00,2026-07-31,COVERAGE_TOO_LOW,38,38,0,38,2054,1265,48768000,37746000,11022000,36329300.0,32719000.0,3610300.0,7340ce99b95b138fa8561d18eb26fd5d126b71ba34b52f945ffcc9b7ddad1265,1,4,11,20,5,0.9,True,3832.0,2161.0,38.0,0.5360125260960334,0.5853771402128645,1.0,0.5360125260960334,False,False,2026-07-31T18:26:04+08:00,2026-07-31T20:06:05+08:00,,
2026-07-31T20:16:04+08:00,2026-07-31,COVERAGE_TOO_LOW,38,38,0,38,2180,1337,51254000,39024000,12230000,38596230.0,34785710.0,3810520.0,9ba737079a14cc27098d8b7b505eb1506a308ec074b95e22c50d31c921968c25,1,4,11,20,5,0.9,True,3832.0,2161.0,38.0,0.5688935281837161,0.6186950485886163,1.0,0.5688935281837161,False,False,2026-07-31T18:26:04+08:00,2026-07-31T20:16:04+08:00,,
2026-07-31T20:26:05+08:00,2026-07-31,COVERAGE_TOO_LOW,38,38,0,38,2249,1384,51774000,40123000,11651000,39052650.0,35763530.0,3289120.0,644f8b7f7a518d8b78cd8d9ed9fcdda6b29ed039f548f03ea7e8e569311359e9,1,4,11,20,5,0.9,True,3832.0,2161.0,38.0,0.5868997912317327,0.6404442387783433,1.0,0.5868997912317327,False,False,2026-07-31T18:26:04+08:00,2026-07-31T20:26:05+08:00,,
2026-07-31T20:36:04+08:00,2026-07-31,COVERAGE_TOO_LOW,38,38,0,38,2330,1435,52312000,41684000,10628000,39597020.0,36614690.0,2982330.0,ea2a6b7f356895f899242435ba06249d3f547d18de0b786eb27d6b5fb3e34b50,1,4,11,20,5,0.9,True,3832.0,2161.0,38.0,0.6080375782881002,0.6640444238778344,1.0,0.6080375782881002,False,False,2026-07-31T18:26:04+08:00,2026-07-31T20:36:04+08:00,,
2026-07-31T20:46:05+08:00,2026-07-31,COVERAGE_TOO_LOW,38,38,0,38,2477,1516,54063000,43385000,10678000,42232130.0,41895150.0,336980.0,68e1cd998f9c06ffbf6f9b07f48862dbca33256936379f8eddfe1d60896d2b5a,1,4,11,20,5,0.9,True,3832.0,2161.0,38.0,0.6463987473903967,0.7015270708005553,1.0,0.6463987473903967,False,False,2026-07-31T18:26:04+08:00,2026-07-31T20:46:05+08:00,,
2026-07-31T20:56:05+08:00,2026-07-31,COVERAGE_TOO_LOW,38,38,0,38,2535,1560,54647000,43611000,11036000,42608100.0,42081100.0,527000.0,1a43c9d137490fbe10a98db0ad21073e2200755292ea27d174bb20c1e9bae616,1,4,11,20,5,0.9,True,3832.0,2161.0,38.0,0.6615344467640919,0.7218880148079593,1.0,0.6615344467640919,False,False,2026-07-31T18:26:04+08:00,2026-07-31T20:56:05+08:00,,
2026-07-31T21:06:04+08:00,2026-07-31,COVERAGE_TOO_LOW,38,38,0,38,2642,1618,55747000,44119000,11628000,43203770.0,42802010.0,401760.0,1be8b4c9cd3bc876b499202a65e39b9f02e3990a8c2493fe015ea2e2650cfe6b,1,4,11,20,5,0.9,True,3832.0,2161.0,38.0,0.6894572025052192,0.7487274409995373,1.0,0.6894572025052192,False,False,2026-07-31T18:26:04+08:00,2026-07-31T21:06:04+08:00,,
2026-07-31T21:16:04+08:00,2026-07-31,COVERAGE_TOO_LOW,38,38,0,38,2803,1694,57238000,46436000,10802000,44437090.0,45280810.0,-843720.0,35ffcc4ccea84cb556c4e56e45491cedc25c5cf0251fa7df1d832279a0771610,1,4,11,20,5,0.9,True,3832.0,2161.0,38.0,0.7314718162839249,0.7838963442850532,1.0,0.7314718162839249,False,False,2026-07-31T18:26:04+08:00,2026-07-31T21:16:04+08:00,,
2026-07-31T21:26:04+08:00,2026-07-31,COVERAGE_TOO_LOW,38,38,0,38,3110,1820,61674000,53298000,8376000,49190030.0,54551480.0,-5361450.0,1593af09723e8ddc8e5c28229c964b16172a1a5aa71aa36bc22b4e1d8b988a10,1,4,11,20,5,0.9,True,3832.0,2161.0,38.0,0.8115866388308977,0.8422026839426192,1.0,0.8115866388308977,False,False,2026-07-31T18:26:04+08:00,2026-07-31T21:26:04+08:00,,
2026-07-31T21:36:05+08:00,2026-07-31,COVERAGE_TOO_LOW,38,38,0,38,3150,1834,62149000,53774000,8375000,49316020.0,55863940.0,-6547920.0,5274cda017db1f76eccde56a54a1bc0fda87e77ff8e031d15791cfdbf366a344,1,4,11,20,5,0.9,True,3832.0,2161.0,38.0,0.8220250521920668,0.8486811661267931,1.0,0.8220250521920668,False,False,2026-07-31T18:26:04+08:00,2026-07-31T21:36:05+08:00,,
2026-07-31T21:46:04+08:00,2026-07-31,COVERAGE_TOO_LOW,38,38,0,38,3150,1834,62149000,53774000,8375000,49316020.0,55863940.0,-6547920.0,5274cda017db1f76eccde56a54a1bc0fda87e77ff8e031d15791cfdbf366a344,2,4,11,20,5,0.9,True,3832.0,2161.0,38.0,0.8220250521920668,0.8486811661267931,1.0,0.8220250521920668,False,False,2026-07-31T18:26:04+08:00,2026-07-31T21:36:05+08:00,,
2026-07-31T21:56:04+08:00,2026-07-31,COVERAGE_TOO_LOW,38,38,0,38,3150,1834,62149000,53774000,8375000,49316020.0,55863940.0,-6547920.0,5274cda017db1f76eccde56a54a1bc0fda87e77ff8e031d15791cfdbf366a344,3,4,11,20,5,0.9,True,3832.0,2161.0,38.0,0.8220250521920668,0.8486811661267931,1.0,0.8220250521920668,False,False,2026-07-31T18:26:04+08:00,2026-07-31T21:36:05+08:00,,
2026-07-31T22:06:04+08:00,2026-07-31,COVERAGE_TOO_LOW,38,38,0,38,3150,1834,62149000,53774000,8375000,49316020.0,55863940.0,-6547920.0,5274cda017db1f76eccde56a54a1bc0fda87e77ff8e031d15791cfdbf366a344,4,4,11,20,5,0.9,True,3832.0,2161.0,38.0,0.8220250521920668,0.8486811661267931,1.0,0.8220250521920668,False,False,2026-07-31T18:26:04+08:00,2026-07-31T21:36:05+08:00,,
2026-07-31T22:16:05+08:00,2026-07-31,COVERAGE_TOO_LOW,38,38,0,38,3150,1834,62149000,53774000,8375000,49316020.0,55863940.0,-6547920.0,5274cda017db1f76eccde56a54a1bc0fda87e77ff8e031d15791cfdbf366a344,5,4,11,20,5,0.9,True,3832.0,2161.0,38.0,0.8220250521920668,0.8486811661267931,1.0,0.8220250521920668,False,False,2026-07-31T18:26:04+08:00,2026-07-31T21:36:05+08:00,,
2026-07-31T22:27:12+08:00,2026-07-31,COVERAGE_TOO_LOW,38,38,0,38,3150,1834,62149000,53774000,8375000,49316020.0,55863940.0,-6547920.0,5274cda017db1f76eccde56a54a1bc0fda87e77ff8e031d15791cfdbf366a344,6,4,11,20,5,0.9,True,3832.0,2161.0,38.0,0.8220250521920668,0.8486811661267931,1.0,0.8220250521920668,False,False,2026-07-31T18:26:04+08:00,2026-07-31T21:36:05+08:00,,
2026-07-31T22:37:12+08:00,2026-07-31,COVERAGE_TOO_LOW,38,38,0,38,3150,1834,62149000,53774000,8375000,49316020.0,55863940.0,-6547920.0,5274cda017db1f76eccde56a54a1bc0fda87e77ff8e031d15791cfdbf366a344,7,4,11,20,5,0.9,True,3832.0,2161.0,38.0,0.8220250521920668,0.8486811661267931,1.0,0.8220250521920668,False,False,2026-07-31T18:26:04+08:00,2026-07-31T21:36:05+08:00,,
2026-07-31T22:47:12+08:00,2026-07-31,COVERAGE_TOO_LOW,38,38,0,38,3150,1834,62149000,53774000,8375000,49316020.0,55863940.0,-6547920.0,5274cda017db1f76eccde56a54a1bc0fda87e77ff8e031d15791cfdbf366a344,8,4,11,20,5,0.9,True,3832.0,2161.0,38.0,0.8220250521920668,0.8486811661267931,1.0,0.8220250521920668,False,False,2026-07-31T18:26:04+08:00,2026-07-31T21:36:05+08:00,,
2026-07-31T22:57:13+08:00,2026-07-31,COVERAGE_TOO_LOW,38,38,0,38,3150,1834,62149000,53774000,8375000,49316020.0,55863940.0,-6547920.0,5274cda017db1f76eccde56a54a1bc0fda87e77ff8e031d15791cfdbf366a344,9,4,11,20,5,0.9,True,3832.0,2161.0,38.0,0.8220250521920668,0.8486811661267931,1.0,0.8220250521920668,False,False,2026-07-31T18:26:04+08:00,2026-07-31T21:36:05+08:00,,
2026-07-31T23:07:13+08:00,2026-07-31,COVERAGE_TOO_LOW,38,38,0,38,3150,1834,62149000,53774000,8375000,49316020.0,55863940.0,-6547920.0,5274cda017db1f76eccde56a54a1bc0fda87e77ff8e031d15791cfdbf366a344,10,4,11,20,5,0.9,True,3832.0,2161.0,38.0,0.8220250521920668,0.8486811661267931,1.0,0.8220250521920668,False,False,2026-07-31T18:26:04+08:00,2026-07-31T21:36:05+08:00,,
2026-07-31T23:17:13+08:00,2026-07-31,COVERAGE_TOO_LOW,38,38,0,38,3150,1834,62149000,53774000,8375000,49316020.0,55863940.0,-6547920.0,5274cda017db1f76eccde56a54a1bc0fda87e77ff8e031d15791cfdbf366a344,11,4,11,20,5,0.9,True,3832.0,2161.0,38.0,0.8220250521920668,0.8486811661267931,1.0,0.8220250521920668,False,False,2026-07-31T18:26:04+08:00,2026-07-31T21:36:05+08:00,,
2026-07-31T23:27:12+08:00,2026-07-31,COVERAGE_TOO_LOW,38,38,0,38,3150,1834,62149000,53774000,8375000,49316020.0,55863940.0,-6547920.0,5274cda017db1f76eccde56a54a1bc0fda87e77ff8e031d15791cfdbf366a344,12,4,11,20,5,0.9,True,3832.0,2161.0,38.0,0.8220250521920668,0.8486811661267931,1.0,0.8220250521920668,False,False,2026-07-31T18:26:04+08:00,2026-07-31T21:36:05+08:00,,
2026-07-31T23:37:12+08:00,2026-07-31,COVERAGE_TOO_LOW,38,38,0,38,3150,1834,62149000,53774000,8375000,49316020.0,55863940.0,-6547920.0,5274cda017db1f76eccde56a54a1bc0fda87e77ff8e031d15791cfdbf366a344,13,4,11,20,5,0.9,True,3832.0,2161.0,38.0,0.8220250521920668,0.8486811661267931,1.0,0.8220250521920668,False,False,2026-07-31T18:26:04+08:00,2026-07-31T21:36:05+08:00,,
2026-07-31T23:47:12+08:00,2026-07-31,COVERAGE_TOO_LOW,38,38,0,38,3150,1834,62149000,53774000,8375000,49316020.0,55863940.0,-6547920.0,5274cda017db1f76eccde56a54a1bc0fda87e77ff8e031d15791cfdbf366a344,14,4,11,20,5,0.9,True,3832.0,2161.0,38.0,0.8220250521920668,0.8486811661267931,1.0,0.8220250521920668,False,False,2026-07-31T18:26:04+08:00,2026-07-31T21:36:05+08:00,,
2026-07-31T23:57:13+08:00,2026-07-31,COVERAGE_TOO_LOW,38,38,0,38,3150,1834,62149000,53774000,8375000,49316020.0,55863940.0,-6547920.0,5274cda017db1f76eccde56a54a1bc0fda87e77ff8e031d15791cfdbf366a344,15,4,11,20,5,0.9,True,3832.0,2161.0,38.0,0.8220250521920668,0.8486811661267931,1.0,0.8220250521920668,False,False,2026-07-31T18:26:04+08:00,2026-07-31T21:36:05+08:00,,
2026-08-01T00:07:13+08:00,2026-07-31,COVERAGE_TOO_LOW,38,38,0,38,3235,1886,63419000,54504000,8915000,50083370.0,56459130.0,-6375760.0,123b3f098e1c494877ebceb7356151e52d6e0b4345ffec23b95fadf2b54813a4,1,4,11,20,5,0.9,True,3832.0,2161.0,38.0,0.8442066805845512,0.8727440999537251,1.0,0.8442066805845512,False,False,2026-07-31T18:26:04+08:00,2026-08-01T00:07:13+08:00,,
2026-08-01T00:17:12+08:00,2026-07-31,COVERAGE_TOO_LOW,38,38,0,38,3356,1959,66298000,56052000,10246000,51824450.0,57407360.0,-5582910.0,f4b5a2a75359715f84b32328131f8cc9dbfd0189d797b52b97e070989bab3554,1,4,11,20,5,0.9,True,3832.0,2161.0,38.0,0.8757828810020877,0.906524757056918,1.0,0.8757828810020877,False,False,2026-07-31T18:26:04+08:00,2026-08-01T00:17:12+08:00,,
2026-08-01T00:27:13+08:00,2026-07-31,DATA_CHANGING,38,38,0,38,3521,2042,68089000,58064000,10025000,52810340.0,59715700.0,-6905360.0,37e6a456a2a4167122ae370c8aa0b6dbe1bd47095db87d48e8752d6521ebaa1c,1,4,11,20,5,0.9,True,3832.0,2161.0,38.0,0.9188413361169102,0.944932901434521,1.0,0.9188413361169102,True,False,2026-07-31T18:26:04+08:00,2026-08-01T00:27:13+08:00,,
2026-08-01T00:37:13+08:00,2026-07-31,DATA_CHANGING,38,38,0,38,3640,2106,69107000,59268000,9839000,53872970.0,61658160.0,-7785190.0,79ada37a48a23954fdc75404a773ba205ffb4a029f30bbe9dce9a72a157ad620,1,4,11,20,5,0.9,True,3832.0,2161.0,38.0,0.9498956158663883,0.974548819990745,1.0,0.9498956158663883,True,False,2026-07-31T18:26:04+08:00,2026-08-01T00:37:13+08:00,,
2026-08-01T00:47:12+08:00,2026-07-31,DATA_CHANGING,38,38,0,38,3739,2172,70643000,62549000,8094000,54505470.0,63494900.0,-8989430.0,4d7d24f67f135c23c37e8935c86f560ece8004aee3dff46940af220fa249e9c6,1,4,11,20,5,0.9,True,3832.0,2161.0,38.0,0.9757306889352818,1.005090236001851,1.0,0.9757306889352818,True,False,2026-07-31T18:26:04+08:00,2026-08-01T00:47:12+08:00,,
2026-08-01T00:57:12+08:00,2026-07-31,STABLE_WAITING,38,38,0,38,3739,2172,70643000,62549000,8094000,54505470.0,63494900.0,-8989430.0,4d7d24f67f135c23c37e8935c86f560ece8004aee3dff46940af220fa249e9c6,2,4,11,20,5,0.9,True,3832.0,2161.0,38.0,0.9757306889352818,1.005090236001851,1.0,0.9757306889352818,True,False,2026-07-31T18:26:04+08:00,2026-08-01T00:47:12+08:00,,
2026-08-01T01:07:12+08:00,2026-07-31,STABLE_WAITING,38,38,0,38,3739,2172,70643000,62549000,8094000,54505470.0,63494900.0,-8989430.0,4d7d24f67f135c23c37e8935c86f560ece8004aee3dff46940af220fa249e9c6,3,4,11,20,5,0.9,True,3832.0,2161.0,38.0,0.9757306889352818,1.005090236001851,1.0,0.9757306889352818,True,False,2026-07-31T18:26:04+08:00,2026-08-01T00:47:12+08:00,,
2026-08-01T01:17:13+08:00,2026-07-31,COMPLETE,38,38,0,38,3739,2172,70643000,62549000,8094000,54505470.0,63494900.0,-8989430.0,4d7d24f67f135c23c37e8935c86f560ece8004aee3dff46940af220fa249e9c6,4,4,11,20,5,0.9,True,3832.0,2161.0,38.0,0.9757306889352818,1.005090236001851,1.0,0.9757306889352818,True,True,2026-07-31T18:26:04+08:00,2026-08-01T00:47:12+08:00,2026-08-01T01:17:13+08:00,
2026-08-03T18:18:19+08:00,2026-08-03,COVERAGE_TOO_LOW,38,38,0,36,839,529,11608000,13345000,-1737000,9584320.0,11877360.0,-2293040.0,763c3ce2c7b894aea3702c2dc5bd5edc5e3fdf0e8af638b5b0137915a6abbc78,1,4,12,20,5,0.9,True,3789.0,2163.0,38.0,0.2214304565848509,0.2445677300046232,0.9473684210526315,0.2214304565848509,False,False,2026-08-03T18:18:19+08:00,2026-08-03T18:18:19+08:00,,
2026-08-03T18:28:19+08:00,2026-08-03,COVERAGE_TOO_LOW,38,38,0,36,920,581,12231000,15023000,-2792000,10099380.0,12945440.0,-2846060.0,6c9bba96e2463941ce13a3036cc26841a23adc186224b39aef6e1da169c9c6cd,1,4,12,20,5,0.9,True,3789.0,2163.0,38.0,0.242808128793877,0.2686084142394822,0.9473684210526315,0.242808128793877,False,False,2026-08-03T18:18:19+08:00,2026-08-03T18:28:19+08:00,,
2026-08-03T18:38:18+08:00,2026-08-03,COVERAGE_TOO_LOW,38,38,0,36,991,623,13699000,18175000,-4476000,11389050.0,14802000.0,-3412950.0,be683d31c49d53ec6554a62e44468c461fe17c8a59869651724db85d491cb849,1,4,12,20,5,0.9,True,3789.0,2163.0,38.0,0.2615465822116653,0.28802588996763756,0.9473684210526315,0.2615465822116653,False,False,2026-08-03T18:18:19+08:00,2026-08-03T18:38:18+08:00,,
2026-08-03T18:48:19+08:00,2026-08-03,COVERAGE_TOO_LOW,38,38,0,37,1075,673,15800000,20495000,-4695000,13068170.0,16924990.0,-3856820.0,9ec4b13d306e3a3530e234c7248c628a70f08c014e0f830988a20bc213a03c03,1,4,12,20,5,0.9,True,3789.0,2163.0,38.0,0.2837160200580628,0.3111419325011558,0.9736842105263158,0.2837160200580628,False,False,2026-08-03T18:18:19+08:00,2026-08-03T18:48:19+08:00,,
2026-08-03T18:58:18+08:00,2026-08-03,COVERAGE_TOO_LOW,38,38,0,37,1155,727,16860000,21149000,-4289000,14056750.0,17576580.0,-3519830.0,7732e9dc9d988405a3f766144b1195af11a858d3b1be8ef26e56e6441a6cf14b,1,4,12,20,5,0.9,True,3789.0,2163.0,38.0,0.30482977038796516,0.3361072584373555,0.9736842105263158,0.30482977038796516,False,False,2026-08-03T18:18:19+08:00,2026-08-03T18:58:18+08:00,,
2026-08-03T19:08:18+08:00,2026-08-03,COVERAGE_TOO_LOW,38,38,0,37,1242,780,19522000,22388000,-2866000,15620890.0,18714560.0,-3093670.0,90396cc5ca1aef0f95bf5c159527339906ba7343d07e4c43fea020355af563c3,1,4,12,20,5,0.9,True,3789.0,2163.0,38.0,0.32779097387173395,0.3606102635228849,0.9736842105263158,0.32779097387173395,False,False,2026-08-03T18:18:19+08:00,2026-08-03T19:08:18+08:00,,
2026-08-03T19:18:18+08:00,2026-08-03,COVERAGE_TOO_LOW,38,38,0,38,1366,855,21411000,23300000,-1889000,17723600.0,19466150.0,-1742550.0,9db30f8ecdf0b8b1b12175b80b8be23c3ea7349d58f7e44f39f926400e7aa67f,1,4,12,20,5,0.9,True,3789.0,2163.0,38.0,0.3605172868830826,0.39528432732316227,1.0,0.3605172868830826,False,False,2026-08-03T18:18:19+08:00,2026-08-03T19:18:18+08:00,,
2026-08-03T19:28:18+08:00,2026-08-03,COVERAGE_TOO_LOW,38,38,0,38,1482,931,22900000,24663000,-1763000,18898140.0,21012710.0,-2114570.0,689e3a3ab6bdf34e3db7aa6fa8e55dd1fb8c32782a1985eaae8f54412d80be27,1,4,12,20,5,0.9,True,3789.0,2163.0,38.0,0.391132224861441,0.43042071197411,1.0,0.391132224861441,False,False,2026-08-03T18:18:19+08:00,2026-08-03T19:28:18+08:00,,
2026-08-03T19:38:18+08:00,2026-08-03,COVERAGE_TOO_LOW,38,38,0,38,1633,1004,24593000,25898000,-1305000,20108360.0,22342750.0,-2234390.0,ca031691680c2f040deb28180ae5aaa7707727eb8ba7ce30449e4b3b39684293,1,4,12,20,5,0.9,True,3789.0,2163.0,38.0,0.4309844286091317,0.4641701340730467,1.0,0.4309844286091317,False,False,2026-08-03T18:18:19+08:00,2026-08-03T19:38:18+08:00,,
2026-08-03T19:48:18+08:00,2026-08-03,COVERAGE_TOO_LOW,38,38,0,38,1813,1106,25757000,30732000,-4975000,22613850.0,26412480.0,-3798630.0,a32bcce1f328147280c6ea1d982ded791d5cd41a2fcce9dde7276e4e0d2b115b,1,4,12,20,5,0.9,True,3789.0,2163.0,38.0,0.478490366851412,0.511326860841424,1.0,0.478490366851412,False,False,2026-08-03T18:18:19+08:00,2026-08-03T19:48:18+08:00,,
2026-08-03T19:58:19+08:00,2026-08-03,COVERAGE_TOO_LOW,38,38,0,38,1955,1184,27804000,31631000,-3827000,24464570.0,27411720.0,-2947150.0,3be27c9b89344178e869fe5a990efc50ed3b3f61b7c71284d18f1dc1f991f9df,1,4,12,20,5,0.9,True,3789.0,2163.0,38.0,0.5159672736869887,0.5473878871937125,1.0,0.5159672736869887,False,False,2026-08-03T18:18:19+08:00,2026-08-03T19:58:19+08:00,,
2026-08-03T20:08:19+08:00,2026-08-03,COVERAGE_TOO_LOW,38,38,0,38,2043,1238,29499000,32499000,-3000000,26527070.0,28259820.0,-1732750.0,17d421dde4f5e6437b15fe22a7d85526e3081c33f75599dc91be045802e9a4c5,1,4,12,20,5,0.9,True,3789.0,2163.0,38.0,0.5391923990498813,0.5723532131299122,1.0,0.5391923990498813,False,False,2026-08-03T18:18:19+08:00,2026-08-03T20:08:19+08:00,,
2026-08-03T20:18:18+08:00,2026-08-03,COVERAGE_TOO_LOW,38,38,0,38,2188,1322,34461000,36433000,-1972000,30189810.0,33992840.0,-3803030.0,b0af79925392cfc6fe758792080fdb500357d492ac9fdc0b8ba5ab0b53ad3663,1,4,12,20,5,0.9,True,3789.0,2163.0,38.0,0.5774610715228292,0.6111881645862228,1.0,0.5774610715228292,False,False,2026-08-03T18:18:19+08:00,2026-08-03T20:18:18+08:00,,
2026-08-03T20:28:19+08:00,2026-08-03,COVERAGE_TOO_LOW,38,38,0,38,2291,1379,35351000,37332000,-1981000,31060180.0,34759090.0,-3698910.0,f621a64d3a6e8208ae3f4f24bd13b4debe609e4b09b5cc9125e178eeb982f158,1,4,12,20,5,0.9,True,3789.0,2163.0,38.0,0.6046450250725786,0.6375404530744336,1.0,0.6046450250725786,False,False,2026-08-03T18:18:19+08:00,2026-08-03T20:28:19+08:00,,
2026-08-03T20:38:19+08:00,2026-08-03,COVERAGE_TOO_LOW,38,38,0,38,2463,1461,37710000,41823000,-4113000,33790210.0,40583140.0,-6792930.0,8c6637a534d561ff754936aeea90b2882b547f1c9c813cd1e757485b320a43ca,1,4,12,20,5,0.9,True,3789.0,2163.0,38.0,0.6500395882818686,0.6754507628294036,1.0,0.6500395882818686,False,False,2026-08-03T18:18:19+08:00,2026-08-03T20:38:19+08:00,,
2026-08-03T20:48:19+08:00,2026-08-03,COVERAGE_TOO_LOW,38,38,0,38,2546,1518,38444000,42835000,-4391000,34739550.0,41810470.0,-7070920.0,06d9fdedc015219a9b1a7fdf4cddc75bc35d28c1aadd7a3927f1defba8fe52d0,1,4,12,20,5,0.9,True,3789.0,2163.0,38.0,0.6719451042491422,0.7018030513176144,1.0,0.6719451042491422,False,False,2026-08-03T18:18:19+08:00,2026-08-03T20:48:19+08:00,,
2026-08-03T20:58:18+08:00,2026-08-03,COVERAGE_TOO_LOW,38,38,0,38,2661,1590,39169000,45077000,-5908000,35568740.0,43188740.0,-7620000.0,ad61f85ccc656720e902e5126b56dc76c1448414f2a1077d62b648304cd8ce70,1,4,12,20,5,0.9,True,3789.0,2163.0,38.0,0.7022961203483769,0.7350901525658807,1.0,0.7022961203483769,False,False,2026-08-03T18:18:19+08:00,2026-08-03T20:58:18+08:00,,
2026-08-03T21:08:18+08:00,2026-08-03,COVERAGE_TOO_LOW,38,38,0,38,2817,1688,40427000,46666000,-6239000,36661590.0,44943970.0,-8282380.0,e541ba74981a629b271446257f0d29088448a4498456cf0f30d83e41c6e88841,1,4,12,20,5,0.9,True,3789.0,2163.0,38.0,0.7434679334916865,0.7803975959315765,1.0,0.7434679334916865,False,False,2026-08-03T18:18:19+08:00,2026-08-03T21:08:18+08:00,,
2026-08-03T21:18:19+08:00,2026-08-03,COVERAGE_TOO_LOW,38,38,0,38,3003,1791,42368000,48983000,-6615000,38272770.0,47335770.0,-9063000.0,40b623d0f1c52515d72632d5ac8796edab166713466248c723681bcd041d014d,1,4,12,20,5,0.9,True,3789.0,2163.0,38.0,0.7925574030087095,0.8280166435506241,1.0,0.7925574030087095,False,False,2026-08-03T18:18:19+08:00,2026-08-03T21:18:19+08:00,,
2026-08-03T21:28:18+08:00,2026-08-03,COVERAGE_TOO_LOW,38,38,0,38,3019,1798,42976000,49319000,-6343000,38421610.0,47416270.0,-8994660.0,85cb2015e79688191f5545d9b84c0c9c753834d96a8d25553b52082ab6c996e3,1,4,12,20,5,0.9,True,3789.0,2163.0,38.0,0.7967801530746899,0.8312528895053167,1.0,0.7967801530746899,False,False,2026-08-03T18:18:19+08:00,2026-08-03T21:28:18+08:00,,
2026-08-03T21:38:19+08:00,2026-08-03,COVERAGE_TOO_LOW,38,38,0,38,3019,1798,42976000,49319000,-6343000,38421610.0,47416270.0,-8994660.0,85cb2015e79688191f5545d9b84c0c9c753834d96a8d25553b52082ab6c996e3,2,4,12,20,5,0.9,True,3789.0,2163.0,38.0,0.7967801530746899,0.8312528895053167,1.0,0.7967801530746899,False,False,2026-08-03T18:18:19+08:00,2026-08-03T21:28:18+08:00,,
2026-08-03T21:48:18+08:00,2026-08-03,COVERAGE_TOO_LOW,38,38,0,38,3019,1798,42976000,49319000,-6343000,38421610.0,47416270.0,-8994660.0,85cb2015e79688191f5545d9b84c0c9c753834d96a8d25553b52082ab6c996e3,3,4,12,20,5,0.9,True,3789.0,2163.0,38.0,0.7967801530746899,0.8312528895053167,1.0,0.7967801530746899,False,False,2026-08-03T18:18:19+08:00,2026-08-03T21:28:18+08:00,,
2026-08-03T21:58:19+08:00,2026-08-03,COVERAGE_TOO_LOW,38,38,0,38,3019,1798,42976000,49319000,-6343000,38421610.0,47416270.0,-8994660.0,85cb2015e79688191f5545d9b84c0c9c753834d96a8d25553b52082ab6c996e3,4,4,12,20,5,0.9,True,3789.0,2163.0,38.0,0.7967801530746899,0.8312528895053167,1.0,0.7967801530746899,False,False,2026-08-03T18:18:19+08:00,2026-08-03T21:28:18+08:00,,
2026-08-03T22:08:18+08:00,2026-08-03,COVERAGE_TOO_LOW,38,38,0,38,3019,1798,42976000,49319000,-6343000,38421610.0,47416270.0,-8994660.0,85cb2015e79688191f5545d9b84c0c9c753834d96a8d25553b52082ab6c996e3,5,4,12,20,5,0.9,True,3789.0,2163.0,38.0,0.7967801530746899,0.8312528895053167,1.0,0.7967801530746899,False,False,2026-08-03T18:18:19+08:00,2026-08-03T21:28:18+08:00,,
