date,securities_trader_id,securities_trader,stock_id,buy_volume,sell_volume,buy_amount,sell_amount,net_volume,net_amount
2026-08-11,111B,台企建成,033549,60000,0,62700.0,0.0,60000,62700.0
2026-08-11,111B,台企建成,033577,0,10000,0.0,108000.0,-10000,-108000.0
2026-08-11,111B,台企建成,033634,10000,0,23200.0,0.0,10000,23200.0
2026-08-11,111B,台企建成,03431T,0,20000,0.0,18800.0,-20000,-18800.0
2026-08-11,111B,台企建成,038825,10000,0,17600.0,0.0,10000,17600.0
2026-08-11,111B,台企建成,055407,800000,0,744000.0,0.0,800000,744000.0
2026-08-11,111B,台企建成,059290,30000,0,77700.0,0.0,30000,77700.0
2026-08-11,538Y,第一中壢,031273,0,1000,0.0,1090.0,-1000,-1090.0
2026-08-11,538Y,第一中壢,033953,2000,0,820.0,0.0,2000,820.0
2026-08-11,538Y,第一中壢,03474T,60000,60000,50400.0,49200.0,0,1200.0
2026-08-11,538Y,第一中壢,03871T,153000,0,152040.0,0.0,153000,152040.0
2026-08-11,538Y,第一中壢,041210,0,81000,0.0,1620.0,-81000,-1620.0
2026-08-11,538Y,第一中壢,04141T,10000,0,12100.0,0.0,10000,12100.0
2026-08-11,538Y,第一中壢,051725,0,40000,0.0,1600.0,-40000,-1600.0
2026-08-11,538Y,第一中壢,051844,7000,0,10850.0,0.0,7000,10850.0
2026-08-11,538Y,第一中壢,054864,0,1000,0.0,250.0,-1000,-250.0
2026-08-11,538Y,第一中壢,055648,39000,0,10140.0,0.0,39000,10140.0
2026-08-11,538Y,第一中壢,055769,31000,0,41930.0,0.0,31000,41930.0
2026-08-11,538Y,第一中壢,055946,0,20000,0.0,31600.0,-20000,-31600.0
2026-08-11,538Y,第一中壢,060551,54000,0,41040.0,0.0,54000,41040.0
2026-08-11,538Y,第一中壢,060936,20000,0,10000.0,0.0,20000,10000.0
2026-08-11,538Y,第一中壢,063344,41000,0,19980.0,0.0,41000,19980.0
2026-08-11,538Y,第一中壢,064826,0,15000,0.0,4650.0,-15000,-4650.0
2026-08-11,538Y,第一中壢,064894,0,20000,0.0,4600.0,-20000,-4600.0
2026-08-11,538Y,第一中壢,065221,10000,0,7200.0,0.0,10000,7200.0
2026-08-11,538Y,第一中壢,065426,0,10000,0.0,2000.0,-10000,-2000.0
2026-08-11,538Y,第一中壢,065627,1000,0,6800.0,0.0,1000,6800.0
2026-08-11,538Y,第一中壢,065890,3000,1000,1230.0,510.0,2000,720.0
2026-08-11,538Y,第一中壢,066777,0,3000,0.0,8140.0,-3000,-8140.0
2026-08-11,538Y,第一中壢,066819,0,2000,0.0,12300.0,-2000,-12300.0
2026-08-11,538Y,第一中壢,066925,0,9000,0.0,10800.0,-9000,-10800.0
2026-08-11,538Y,第一中壢,067418,5000,0,9500.0,0.0,5000,9500.0
2026-08-11,538Y,第一中壢,067694,1000,0,660.0,0.0,1000,660.0
2026-08-11,538Y,第一中壢,067791,0,15000,0.0,19050.0,-15000,-19050.0
2026-08-11,538Y,第一中壢,070866,0,1000,0.0,4240.0,-1000,-4240.0
2026-08-11,538Y,第一中壢,070910,0,2000,0.0,1500.0,-2000,-1500.0
2026-08-11,538Y,第一中壢,071412,0,12000,0.0,11160.0,-12000,-11160.0
2026-08-11,538Y,第一中壢,071751,0,1000,0.0,8300.0,-1000,-8300.0
2026-08-11,538Y,第一中壢,071779,0,11000,0.0,12980.0,-11000,-12980.0
2026-08-11,538Y,第一中壢,072039,0,3000,0.0,5940.0,-3000,-5940.0
2026-08-11,538Y,第一中壢,072608,1298000,1210000,1621490.0,1635100.0,88000,-13610.0
2026-08-11,538Y,第一中壢,073093,1000,2000,4650.0,8910.0,-1000,-4260.0
2026-08-11,538Y,第一中壢,073165,10000,10000,17500.0,18300.0,0,-800.0
2026-08-11,538Y,第一中壢,074130,6000,0,9840.0,0.0,6000,9840.0
2026-08-11,538Y,第一中壢,075621,7000,0,11130.0,0.0,7000,11130.0
2026-08-11,538Y,第一中壢,077111,0,10000,0.0,9000.0,-10000,-9000.0
2026-08-11,538Y,第一中壢,077630,70000,0,61100.0,0.0,70000,61100.0
2026-08-11,538Y,第一金中壢,707848,3000,0,4320.0,0.0,3000,4320.0
2026-08-11,538Y,第一金中壢,708243,3000,0,11690.0,0.0,3000,11690.0
2026-08-11,538Y,第一金中壢,708282,2000,0,9400.0,0.0,2000,9400.0
2026-08-11,538Y,第一金中壢,708472,0,5000,0.0,4900.0,-5000,-4900.0
2026-08-11,538Y,第一金中壢,709100,0,10000,0.0,7800.0,-10000,-7800.0
2026-08-11,538Y,第一金中壢,709561,5000,0,1940.0,0.0,5000,1940.0
2026-08-11,538Y,第一金中壢,710303,11000,0,27000.0,0.0,11000,27000.0
2026-08-11,538Y,第一金中壢,710993,3000,0,11710.0,0.0,3000,11710.0
2026-08-11,538Y,第一金中壢,712274,0,6000,0.0,7080.0,-6000,-7080.0
2026-08-11,5853,統一中壢,03272T,0,1000,0.0,90.0,-1000,-90.0
2026-08-11,5853,統一中壢,052120,4000,0,1840.0,0.0,4000,1840.0
2026-08-11,5853,統一中壢,052806,0,10000,0.0,7000.0,-10000,-7000.0
2026-08-11,5853,統一中壢,054367,0,2000,0.0,3140.0,-2000,-3140.0
2026-08-11,5853,統一中壢,057640,5000,0,5100.0,0.0,5000,5100.0
2026-08-11,5853,統一中壢,062651,0,10000,0.0,7100.0,-10000,-7100.0
2026-08-11,5853,統一中壢,066145,10000,0,31230.0,0.0,10000,31230.0
2026-08-11,5853,統一中壢,068006,10000,0,6800.0,0.0,10000,6800.0
2026-08-11,5853,統一中壢,068051,0,80000,0.0,74920.0,-80000,-74920.0
2026-08-11,5853,統一中壢,070822,0,70000,0.0,81900.0,-70000,-81900.0
2026-08-11,5853,統一中壢,073165,0,15000,0.0,31800.0,-15000,-31800.0
2026-08-11,5853,統一中壢,073840,70000,0,85400.0,0.0,70000,85400.0
2026-08-11,5853,統一中壢,074422,10000,10000,30300.0,33000.0,0,-2700.0
2026-08-11,5853,統一中壢,076214,20000,0,26200.0,0.0,20000,26200.0
2026-08-11,5853,統一中壢,078473,0,42000,0.0,53260.0,-42000,-53260.0
2026-08-11,5853,統一中壢,08432U,8000,0,560.0,0.0,8000,560.0
2026-08-11,5853,統一中壢,708179,200000,200000,176000.0,184000.0,0,-8000.0
2026-08-11,5853,統一中壢,709139,20000,0,19600.0,0.0,20000,19600.0
2026-08-11,5853,統一中壢,709905,400000,0,116000.0,0.0,400000,116000.0
2026-08-11,5853,統一中壢,710078,0,5000,0.0,3750.0,-5000,-3750.0
2026-08-11,5853,統一中壢,711858,20000,0,27400.0,0.0,20000,27400.0
2026-08-11,585Q,統一三多,03371T,0,50000,0.0,20500.0,-50000,-20500.0
2026-08-11,585Q,統一三多,03519T,0,20000,0.0,8800.0,-20000,-8800.0
2026-08-11,585Q,統一三多,036860,0,7000,0.0,2170.0,-7000,-2170.0
2026-08-11,585Q,統一三多,038313,5000,0,2300.0,0.0,5000,2300.0
2026-08-11,585Q,統一三多,039881,10000,0,69500.0,0.0,10000,69500.0
2026-08-11,585Q,統一三多,043938,5000,0,1400.0,0.0,5000,1400.0
2026-08-11,585Q,統一三多,051340,0,25000,0.0,13750.0,-25000,-13750.0
2026-08-11,585Q,統一三多,055417,0,5000,0.0,3650.0,-5000,-3650.0
2026-08-11,585Q,統一三多,059494,0,100000,0.0,79000.0,-100000,-79000.0
2026-08-11,585Q,統一三多,061016,10000,0,9200.0,0.0,10000,9200.0
2026-08-11,585Q,統一三多,061876,0,200000,0.0,322000.0,-200000,-322000.0
2026-08-11,585Q,統一三多,062211,100000,100000,422000.0,435000.0,0,-13000.0
2026-08-11,585Q,統一三多,062427,0,101000,0.0,67210.0,-101000,-67210.0
2026-08-11,585Q,統一三多,062639,0,300000,0.0,448200.0,-300000,-448200.0
2026-08-11,585Q,統一三多,062686,0,448000,0.0,318080.0,-448000,-318080.0
2026-08-11,585Q,統一三多,062752,0,90000,0.0,63000.0,-90000,-63000.0
2026-08-11,585Q,統一三多,062803,0,328000,0.0,337840.0,-328000,-337840.0
2026-08-11,585Q,統一三多,063484,0,300000,0.0,708000.0,-300000,-708000.0
2026-08-11,585Q,統一三多,063640,0,3000,0.0,16950.0,-3000,-16950.0
2026-08-11,585Q,統一三多,063692,0,10000,0.0,15100.0,-10000,-15100.0
2026-08-11,585Q,統一三多,063761,300000,0,385500.0,0.0,300000,385500.0
2026-08-11,585Q,統一三多,066382,0,5000,0.0,8150.0,-5000,-8150.0
2026-08-11,585Q,統一三多,066811,0,7000,0.0,6160.0,-7000,-6160.0
2026-08-11,585Q,統一三多,067302,100000,0,62000.0,0.0,100000,62000.0
2026-08-11,585Q,統一三多,067400,99000,0,175230.0,0.0,99000,175230.0
2026-08-11,585Q,統一三多,067791,1000,5000,1250.0,6750.0,-4000,-5500.0
2026-08-11,585Q,統一三多,067814,0,30000,0.0,49500.0,-30000,-49500.0
2026-08-11,585Q,統一三多,068002,5000,0,6010.0,0.0,5000,6010.0
2026-08-11,585Q,統一三多,068797,20000,0,22400.0,0.0,20000,22400.0
2026-08-11,585Q,統一三多,070711,76000,0,47910.0,0.0,76000,47910.0
2026-08-11,585Q,統一三多,070852,0,2000,0.0,2040.0,-2000,-2040.0
2026-08-11,585Q,統一三多,071927,1000,0,1780.0,0.0,1000,1780.0
2026-08-11,585Q,統一三多,072491,60000,0,112400.0,0.0,60000,112400.0
2026-08-11,585Q,統一三多,074186,50000,30000,43400.0,25500.0,20000,17900.0
2026-08-11,585Q,統一三多,074555,51000,0,36720.0,0.0,51000,36720.0
2026-08-11,585Q,統一三多,076567,202000,0,168960.0,0.0,202000,168960.0
2026-08-11,585Q,統一三多,077130,0,151000,0.0,167610.0,-151000,-167610.0
2026-08-11,585Q,統一三多,077939,9000,7000,15470.0,12420.0,2000,3050.0
2026-08-11,585Q,統一三多,078927,19000,0,16530.0,0.0,19000,16530.0
2026-08-11,585Q,統一三多,705485,1000,0,3110.0,0.0,1000,3110.0
2026-08-11,585Q,統一三多,705589,25000,0,21000.0,0.0,25000,21000.0
2026-08-11,585Q,統一三多,706498,35000,0,62300.0,0.0,35000,62300.0
2026-08-11,585Q,統一三多,707042,99000,0,129830.0,0.0,99000,129830.0
2026-08-11,585Q,統一三多,708016,3000,0,9560.0,0.0,3000,9560.0
2026-08-11,585Q,統一三多,708220,0,130000,0.0,299200.0,-130000,-299200.0
2026-08-11,585Q,統一三多,709122,200000,0,97350.0,0.0,200000,97350.0
2026-08-11,585Q,統一三多,709168,0,20000,0.0,7000.0,-20000,-7000.0
2026-08-11,585Q,統一三多,709652,50000,100000,47500.0,101000.0,-50000,-53500.0
2026-08-11,585Q,統一三多,709706,100000,0,77500.0,0.0,100000,77500.0
2026-08-11,585Q,統一三多,709710,50000,0,51000.0,0.0,50000,51000.0
2026-08-11,585Q,統一三多,710060,100000,0,88000.0,0.0,100000,88000.0
2026-08-11,585Q,統一三多,711138,49000,0,27440.0,0.0,49000,27440.0
2026-08-11,585Q,統一三多,711653,0,200000,0.0,232000.0,-200000,-232000.0
2026-08-11,585Q,統一三多,711868,49000,0,68870.0,0.0,49000,68870.0
2026-08-11,585Q,統一三多,712197,530000,10000,773100.0,17100.0,520000,756000.0
2026-08-11,585Q,統一三多,712198,770000,70000,1407600.0,150600.0,700000,1257000.0
2026-08-11,585Q,統一三多,712268,0,5000,0.0,3250.0,-5000,-3250.0
2026-08-11,585Q,統一三多,712274,500000,600000,600000.0,864000.0,-100000,-264000.0
2026-08-11,585Q,統一三多,72898U,500000,1552000,316000.0,1060340.0,-1052000,-744340.0
2026-08-11,585Q,統一三多,733461,0,10000,0.0,5200.0,-10000,-5200.0
2026-08-11,585Y,統一土城,031289,30000,0,12700.0,0.0,30000,12700.0
2026-08-11,585Y,統一土城,03735T,14000,0,19280.0,0.0,14000,19280.0
2026-08-11,585Y,統一土城,054475,2000,0,2900.0,0.0,2000,2900.0
2026-08-11,585Y,統一土城,058209,35000,0,2900.0,0.0,35000,2900.0
2026-08-11,585Y,統一土城,059390,15000,0,28800.0,0.0,15000,28800.0
2026-08-11,585Y,統一土城,061066,75000,0,18500.0,0.0,75000,18500.0
2026-08-11,585Y,統一土城,063598,10000,0,15700.0,0.0,10000,15700.0
2026-08-11,585Y,統一土城,064524,4000,0,5200.0,0.0,4000,5200.0
2026-08-11,585Y,統一土城,068003,5000,0,4950.0,0.0,5000,4950.0
2026-08-11,585Y,統一土城,068412,30000,0,17980.0,0.0,30000,17980.0
2026-08-11,585Y,統一土城,072432,10000,0,24600.0,0.0,10000,24600.0
2026-08-11,585Y,統一土城,072596,10000,0,19000.0,0.0,10000,19000.0
2026-08-11,585Y,統一土城,712112,61000,0,84790.0,0.0,61000,84790.0
2026-08-11,585Y,統一土城,731730,0,10000,0.0,13500.0,-10000,-13500.0
2026-08-11,6114,中銀員林,052806,40000,0,25600.0,0.0,40000,25600.0
2026-08-11,6114,中銀員林,056259,5000,0,2150.0,0.0,5000,2150.0
2026-08-11,6114,中銀員林,059381,5000,0,7080.0,0.0,5000,7080.0
2026-08-11,6114,中銀員林,060234,10000,0,3000.0,0.0,10000,3000.0
2026-08-11,6114,中銀員林,061013,10000,0,7200.0,0.0,10000,7200.0
2026-08-11,6114,中銀員林,063344,10000,0,4700.0,0.0,10000,4700.0
2026-08-11,6114,中銀員林,064047,10000,0,5900.0,0.0,10000,5900.0
2026-08-11,6114,中銀員林,065417,50000,0,32000.0,0.0,50000,32000.0
2026-08-11,6114,中銀員林,067081,0,2000,0.0,1780.0,-2000,-1780.0
2026-08-11,6114,中銀員林,070669,0,100000,0.0,51000.0,-100000,-51000.0
2026-08-11,6114,中銀員林,070962,5000,0,3650.0,0.0,5000,3650.0
2026-08-11,6114,中銀員林,072875,0,20000,0.0,4800.0,-20000,-4800.0
2026-08-11,6114,中銀員林,073587,0,30000,0.0,21300.0,-30000,-21300.0
2026-08-11,6114,中銀員林,074560,0,50000,0.0,65500.0,-50000,-65500.0
2026-08-11,6114,中銀員林,074587,0,5000,0.0,3750.0,-5000,-3750.0
2026-08-11,6114,中銀員林,075759,0,31000,0.0,13640.0,-31000,-13640.0
2026-08-11,6114,中銀員林,077476,5000,0,2350.0,0.0,5000,2350.0
2026-08-11,6114,中銀員林,077759,35000,0,64050.0,0.0,35000,64050.0
2026-08-11,6114,中銀員林,078034,0,35000,0.0,64050.0,-35000,-64050.0
2026-08-11,6114,中銀員林,078321,30000,0,62400.0,0.0,30000,62400.0
2026-08-11,6114,中銀員林,078724,4000,0,10120.0,0.0,4000,10120.0
2026-08-11,6114,台中銀員林,706801,0,100000,0.0,79000.0,-100000,-79000.0
2026-08-11,6114,台中銀員林,707580,10000,0,2400.0,0.0,10000,2400.0
2026-08-11,6114,台中銀員林,708659,20000,0,5650.0,0.0,20000,5650.0
2026-08-11,6114,台中銀員林,708666,10000,0,1300.0,0.0,10000,1300.0
2026-08-11,6114,台中銀員林,709205,0,20000,0.0,29800.0,-20000,-29800.0
2026-08-11,6114,台中銀員林,709738,10000,0,38100.0,0.0,10000,38100.0
2026-08-11,6114,台中銀員林,709890,0,20000,0.0,28400.0,-20000,-28400.0
2026-08-11,6114,台中銀員林,711042,0,20000,0.0,16400.0,-20000,-16400.0
2026-08-11,6114,台中銀員林,712328,10000,0,9700.0,0.0,10000,9700.0
2026-08-11,6381,光和溪湖,03050T,251000,0,89050.0,0.0,251000,89050.0
2026-08-11,6381,光和溪湖,031289,0,6000,0.0,2700.0,-6000,-2700.0
2026-08-11,6381,光和溪湖,03172T,2000,0,2760.0,0.0,2000,2760.0
2026-08-11,6381,光和溪湖,03266T,6000,0,3600.0,0.0,6000,3600.0
2026-08-11,6381,光和溪湖,050916,1000,1000,2820.0,3030.0,0,-210.0
2026-08-11,6381,光和溪湖,055635,0,17000,0.0,42160.0,-17000,-42160.0
2026-08-11,6381,光和溪湖,064691,3000,0,5400.0,0.0,3000,5400.0
2026-08-11,6381,光和溪湖,069697,0,3000,0.0,2520.0,-3000,-2520.0
2026-08-11,6381,光和溪湖,069786,49000,40000,20580.0,15600.0,9000,4980.0
2026-08-11,6381,光和溪湖,08141U,15000,0,28650.0,0.0,15000,28650.0
2026-08-11,6381,光和溪湖,702331,0,1000,0.0,12800.0,-1000,-12800.0
2026-08-11,6381,光和溪湖,706135,30000,0,20400.0,0.0,30000,20400.0
2026-08-11,6480,福邦,058376,0,230000,0.0,461200.0,-230000,-461200.0
2026-08-11,6480,福邦,067855,100000,0,108970.0,0.0,100000,108970.0
2026-08-11,6480,福邦,078200,0,10000,0.0,17400.0,-10000,-17400.0
2026-08-11,700B,兆豐板橋,03338T,10000,0,10400.0,0.0,10000,10400.0
2026-08-11,700B,兆豐板橋,03351T,0,300000,0.0,156000.0,-300000,-156000.0
2026-08-11,700B,兆豐板橋,03421T,50000,50000,52000.0,54000.0,0,-2000.0
2026-08-11,700B,兆豐板橋,03759T,0,200000,0.0,228000.0,-200000,-228000.0
2026-08-11,700B,兆豐板橋,056596,499000,0,467560.0,0.0,499000,467560.0
2026-08-11,700B,兆豐板橋,059453,499000,0,582320.0,0.0,499000,582320.0
2026-08-11,700B,兆豐板橋,059761,20000,0,31000.0,0.0,20000,31000.0
2026-08-11,700B,兆豐板橋,060735,0,20000,0.0,15250.0,-20000,-15250.0
2026-08-11,700B,兆豐板橋,062686,0,20000,0.0,14400.0,-20000,-14400.0
2026-08-11,700B,兆豐板橋,062714,30000,25000,26000.0,22700.0,5000,3300.0
2026-08-11,700B,兆豐板橋,063032,0,10000,0.0,22700.0,-10000,-22700.0
2026-08-11,700B,兆豐板橋,066523,0,1547000,0.0,606920.0,-1547000,-606920.0
2026-08-11,700B,兆豐板橋,066780,165000,150000,82500.0,79500.0,15000,3000.0
2026-08-11,700B,兆豐板橋,067814,0,400000,0.0,732000.0,-400000,-732000.0
2026-08-11,700B,兆豐板橋,071432,10000,11000,9700.0,11440.0,-1000,-1740.0
2026-08-11,700B,兆豐板橋,071519,20000,0,14000.0,0.0,20000,14000.0
2026-08-11,700B,兆豐板橋,072240,43000,0,85610.0,0.0,43000,85610.0
2026-08-11,700B,兆豐板橋,075291,0,20000,0.0,33850.0,-20000,-33850.0
2026-08-11,700B,兆豐板橋,077923,0,150000,0.0,322500.0,-150000,-322500.0
2026-08-11,700B,兆豐板橋,703006,0,33000,0.0,70770.0,-33000,-70770.0
2026-08-11,700B,兆豐板橋,72876U,0,1000,0.0,650.0,-1000,-650.0
2026-08-11,700B,兆豐板橋,72883U,0,16000,0.0,15360.0,-16000,-15360.0
2026-08-11,779c,國票敦北,03921T,0,10000,0.0,14200.0,-10000,-14200.0
2026-08-11,779c,國票敦北,053656,5000,0,1800.0,0.0,5000,1800.0
2026-08-11,779c,國票敦北,053658,5000,0,2600.0,0.0,5000,2600.0
2026-08-11,779c,國票敦北,055655,1000,0,280.0,0.0,1000,280.0
2026-08-11,779c,國票敦北,060475,0,1000,0.0,430.0,-1000,-430.0
2026-08-11,779c,國票敦北,063286,2000,1000,930.0,450.0,1000,480.0
2026-08-11,779c,國票敦北,063664,0,80000,0.0,48800.0,-80000,-48800.0
2026-08-11,779c,國票敦北,064150,0,1000,0.0,1000.0,-1000,-1000.0
2026-08-11,779c,國票敦北,066298,0,80000,0.0,119200.0,-80000,-119200.0
2026-08-11,779c,國票敦北,066539,1000,1000,490.0,500.0,0,-10.0
2026-08-11,779c,國票敦北,066716,80000,80000,100000.0,101600.0,0,-1600.0
2026-08-11,779c,國票敦北,067587,2000,2000,4210.0,3750.0,0,460.0
2026-08-11,779c,國票敦北,067942,0,1000,0.0,2260.0,-1000,-2260.0
2026-08-11,779c,國票敦北,067953,2000,0,5180.0,0.0,2000,5180.0
2026-08-11,779c,國票敦北,069152,1000,0,350.0,0.0,1000,350.0
2026-08-11,779c,國票敦北,069836,0,1000,0.0,1160.0,-1000,-1160.0
2026-08-11,779c,國票敦北,070848,2000,0,1120.0,0.0,2000,1120.0
2026-08-11,779c,國票敦北,071884,0,10000,0.0,13500.0,-10000,-13500.0
2026-08-11,779c,國票敦北,072152,2000,0,930.0,0.0,2000,930.0
2026-08-11,779c,國票敦北,074672,10000,10000,14100.0,14250.0,0,-150.0
2026-08-11,779c,國票敦北,077105,0,3000,0.0,9420.0,-3000,-9420.0
2026-08-11,779c,國票敦北,077747,0,1000,0.0,1710.0,-1000,-1710.0
2026-08-11,779c,國票敦北,078238,15000,0,26470.0,0.0,15000,26470.0
2026-08-11,779c,國票敦北,078316,0,5000,0.0,9400.0,-5000,-9400.0
2026-08-11,779c,國票敦北,705900,10000,0,30100.0,0.0,10000,30100.0
2026-08-11,779c,國票敦北,709785,80000,0,52800.0,0.0,80000,52800.0
2026-08-11,779c,國票敦北,710400,5000,0,8350.0,0.0,5000,8350.0
2026-08-11,779c,國票敦北,711311,5000,0,8700.0,0.0,5000,8700.0
2026-08-11,779c,國票敦北,712047,2000,0,6400.0,0.0,2000,6400.0
2026-08-11,779c,國票敦北,72914U,20000,0,20600.0,0.0,20000,20600.0
2026-08-11,779c,國票敦北,73021U,5000,0,7050.0,0.0,5000,7050.0
2026-08-11,8560,新光,03012T,110000,13000,8400.0,1170.0,97000,7230.0
2026-08-11,8560,新光,030174,0,1000,0.0,5950.0,-1000,-5950.0
2026-08-11,8560,新光,03027T,80000,10000,4000.0,900.0,70000,3100.0
2026-08-11,8560,新光,03028T,65000,0,2600.0,0.0,65000,2600.0
2026-08-11,8560,新光,030793,0,5000,0.0,22000.0,-5000,-22000.0
2026-08-11,8560,新光,031273,0,5000,0.0,5360.0,-5000,-5360.0
2026-08-11,8560,新光,03164T,0,20000,0.0,2000.0,-20000,-2000.0
2026-08-11,8560,新光,03179T,0,15000,0.0,13450.0,-15000,-13450.0
2026-08-11,8560,新光,03241T,0,40000,0.0,17600.0,-40000,-17600.0
2026-08-11,8560,新光,032942,0,8000,0.0,3520.0,-8000,-3520.0
2026-08-11,8560,新光,03298T,0,1000,0.0,600.0,-1000,-600.0
2026-08-11,8560,新光,03326T,77000,336000,30800.0,104160.0,-259000,-73360.0
2026-08-11,8560,新光,03343T,10000,10000,6150.0,6000.0,0,150.0
2026-08-11,8560,新光,03351T,0,10000,0.0,5300.0,-10000,-5300.0
2026-08-11,8560,新光,033567,60000,0,21500.0,0.0,60000,21500.0
2026-08-11,8560,新光,033950,0,50000,0.0,5000.0,-50000,-5000.0
2026-08-11,8560,新光,03438T,3000,0,4170.0,0.0,3000,4170.0
2026-08-11,8560,新光,03448T,200000,0,152000.0,0.0,200000,152000.0
2026-08-11,8560,新光,035349,0,3000,0.0,5730.0,-3000,-5730.0
2026-08-11,8560,新光,03564T,0,5000,0.0,1550.0,-5000,-1550.0
2026-08-11,8560,新光,03638T,0,40000,0.0,103040.0,-40000,-103040.0
2026-08-11,8560,新光,03732B,20000,20000,12900.0,13650.0,0,-750.0
2026-08-11,8560,新光,037497,6000,0,9540.0,0.0,6000,9540.0
2026-08-11,8560,新光,03781T,0,20000,0.0,23200.0,-20000,-23200.0
2026-08-11,8560,新光,03801T,3000,0,6360.0,0.0,3000,6360.0
2026-08-11,8560,新光,03802T,0,8000,0.0,24000.0,-8000,-24000.0
2026-08-11,8560,新光,038318,0,3000,0.0,4110.0,-3000,-4110.0
2026-08-11,8560,新光,03864T,300000,0,385000.0,0.0,300000,385000.0
2026-08-11,8560,新光,038826,10000,0,2200.0,0.0,10000,2200.0
2026-08-11,8560,新光,038846,0,1000,0.0,560.0,-1000,-560.0
2026-08-11,8560,新光,038987,0,5000,0.0,4140.0,-5000,-4140.0
2026-08-11,8560,新光,039025,0,30000,0.0,25200.0,-30000,-25200.0
2026-08-11,8560,新光,03932T,5000,0,3150.0,0.0,5000,3150.0
2026-08-11,8560,新光,04000T,0,10000,0.0,29600.0,-10000,-29600.0
2026-08-11,8560,新光,040630,0,1000,0.0,3010.0,-1000,-3010.0
2026-08-11,8560,新光,041803,1000,0,140.0,0.0,1000,140.0
2026-08-11,8560,新光,042677,173000,0,54630.0,0.0,173000,54630.0
2026-08-11,8560,新光,043355,0,10000,0.0,2000.0,-10000,-2000.0
2026-08-11,8560,新光,044274,0,599000,0.0,338440.0,-599000,-338440.0
2026-08-11,8560,新光,044969,20000,0,14400.0,0.0,20000,14400.0
2026-08-11,8560,新光,045104,0,400000,0.0,44000.0,-400000,-44000.0
2026-08-11,8560,新光,046307,11000,11000,5060.0,5060.0,0,0.0
2026-08-11,8560,新光,047873,2000,0,5220.0,0.0,2000,5220.0
2026-08-11,8560,新光,049656,0,1000,0.0,1170.0,-1000,-1170.0
2026-08-11,8560,新光,049847,9000,0,11690.0,0.0,9000,11690.0
2026-08-11,8560,新光,050315,4000,0,10660.0,0.0,4000,10660.0
2026-08-11,8560,新光,050464,59000,0,11120.0,0.0,59000,11120.0
2026-08-11,8560,新光,050498,0,1000,0.0,3820.0,-1000,-3820.0
2026-08-11,8560,新光,051226,0,45000,0.0,6750.0,-45000,-6750.0
2026-08-11,8560,新光,051252,22000,0,33440.0,0.0,22000,33440.0
2026-08-11,8560,新光,051264,10000,0,38450.0,0.0,10000,38450.0
2026-08-11,8560,新光,051340,0,1000,0.0,540.0,-1000,-540.0
2026-08-11,8560,新光,051502,0,15000,0.0,123750.0,-15000,-123750.0
2026-08-11,8560,新光,051525,100000,0,211000.0,0.0,100000,211000.0
2026-08-11,8560,新光,051918,0,1000,0.0,5350.0,-1000,-5350.0
2026-08-11,8560,新光,052120,33000,16000,13330.0,8000.0,17000,5330.0
2026-08-11,8560,新光,052194,0,100000,0.0,140000.0,-100000,-140000.0
2026-08-11,8560,新光,052215,0,4000,0.0,3200.0,-4000,-3200.0
2026-08-11,8560,新光,052305,5000,0,1550.0,0.0,5000,1550.0
2026-08-11,8560,新光,052479,0,150000,0.0,777000.0,-150000,-777000.0
2026-08-11,8560,新光,052772,0,7000,0.0,22470.0,-7000,-22470.0
2026-08-11,8560,新光,052826,1000,1000,3080.0,3080.0,0,0.0
2026-08-11,8560,新光,052945,10000,0,5650.0,0.0,10000,5650.0
2026-08-11,8560,新光,053106,0,50000,0.0,1000.0,-50000,-1000.0
2026-08-11,8560,新光,053209,800000,0,96000.0,0.0,800000,96000.0
2026-08-11,8560,新光,053257,1000,0,100.0,0.0,1000,100.0
2026-08-11,8560,新光,053258,3000,73000,7530.0,178390.0,-70000,-170860.0
2026-08-11,8560,新光,053260,5000,0,2100.0,0.0,5000,2100.0
2026-08-11,8560,新光,053270,0,3000,0.0,7590.0,-3000,-7590.0
2026-08-11,8560,新光,053666,0,20000,0.0,14600.0,-20000,-14600.0
2026-08-11,8560,新光,054033,50000,0,35500.0,0.0,50000,35500.0
2026-08-11,8560,新光,054066,0,1000,0.0,4060.0,-1000,-4060.0
2026-08-11,8560,新光,054457,0,7000,0.0,13080.0,-7000,-13080.0
2026-08-11,8560,新光,054458,0,4000,0.0,5120.0,-4000,-5120.0
2026-08-11,8560,新光,054459,2000,5000,3480.0,8200.0,-3000,-4720.0
2026-08-11,8560,新光,054475,50000,0,73830.0,0.0,50000,73830.0
2026-08-11,8560,新光,054476,22000,0,35120.0,0.0,22000,35120.0
2026-08-11,8560,新光,054634,0,20000,0.0,74000.0,-20000,-74000.0
2026-08-11,8560,新光,054733,0,1000,0.0,8100.0,-1000,-8100.0
2026-08-11,8560,新光,054781,1000,0,240.0,0.0,1000,240.0
2026-08-11,8560,新光,055151,0,1000,0.0,4560.0,-1000,-4560.0
2026-08-11,8560,新光,055260,0,1000,0.0,2090.0,-1000,-2090.0
2026-08-11,8560,新光,055669,20000,0,8800.0,0.0,20000,8800.0
2026-08-11,8560,新光,055866,180000,0,346500.0,0.0,180000,346500.0
2026-08-11,8560,新光,056053,0,80000,0.0,79300.0,-80000,-79300.0
2026-08-11,8560,新光,056620,0,20000,0.0,55600.0,-20000,-55600.0
2026-08-11,8560,新光,056721,10000,100000,9000.0,113000.0,-90000,-104000.0
2026-08-11,8560,新光,056974,4000,4000,7440.0,7360.0,0,80.0
2026-08-11,8560,新光,057009,1000,0,1530.0,0.0,1000,1530.0
2026-08-11,8560,新光,057161,50000,350000,30000.0,202320.0,-300000,-172320.0
2026-08-11,8560,新光,057165,0,200000,0.0,74000.0,-200000,-74000.0
2026-08-11,8560,新光,057169,0,1000,0.0,1510.0,-1000,-1510.0
2026-08-11,8560,新光,057289,30000,0,77000.0,0.0,30000,77000.0
2026-08-11,8560,新光,057456,0,7000,0.0,10920.0,-7000,-10920.0
2026-08-11,8560,新光,057492,0,1000,0.0,12500.0,-1000,-12500.0
2026-08-11,8560,新光,057511,0,22000,0.0,28820.0,-22000,-28820.0
2026-08-11,8560,新光,057525,0,30000,0.0,83100.0,-30000,-83100.0
2026-08-11,8560,新光,057702,10000,0,9300.0,0.0,10000,9300.0
2026-08-11,8560,新光,057709,0,4000,0.0,40.0,-4000,-40.0
2026-08-11,8560,新光,057728,70000,0,41100.0,0.0,70000,41100.0
2026-08-11,8560,新光,057916,10000,0,9700.0,0.0,10000,9700.0
2026-08-11,8560,新光,058075,0,80000,0.0,66400.0,-80000,-66400.0
2026-08-11,8560,新光,058536,0,89000,0.0,59630.0,-89000,-59630.0
2026-08-11,8560,新光,058606,113000,97000,159080.0,137350.0,16000,21730.0
2026-08-11,8560,新光,058615,10000,0,9700.0,0.0,10000,9700.0
2026-08-11,8560,新光,059007,9000,0,5750.0,0.0,9000,5750.0
2026-08-11,8560,新光,059030,9000,0,19980.0,0.0,9000,19980.0
2026-08-11,8560,新光,059050,0,4000,0.0,3320.0,-4000,-3320.0
2026-08-11,8560,新光,059080,4000,0,5240.0,0.0,4000,5240.0
2026-08-11,8560,新光,059083,10000,0,13800.0,0.0,10000,13800.0
2026-08-11,8560,新光,059238,14000,0,14980.0,0.0,14000,14980.0
2026-08-11,8560,新光,059668,0,1000,0.0,4310.0,-1000,-4310.0
2026-08-11,8560,新光,059942,70000,0,42200.0,0.0,70000,42200.0
2026-08-11,8560,新光,060073,0,2000,0.0,8600.0,-2000,-8600.0
2026-08-11,8560,新光,060100,100000,0,51000.0,0.0,100000,51000.0
2026-08-11,8560,新光,060239,10000,0,7600.0,0.0,10000,7600.0
2026-08-11,8560,新光,060242,50000,0,19000.0,0.0,50000,19000.0
2026-08-11,8560,新光,060310,0,15000,0.0,38850.0,-15000,-38850.0
2026-08-11,8560,新光,060355,4000,0,15600.0,0.0,4000,15600.0
2026-08-11,8560,新光,060458,10000,0,46000.0,0.0,10000,46000.0
2026-08-11,8560,新光,060513,10000,0,20000.0,0.0,10000,20000.0
2026-08-11,8560,新光,060593,0,100000,0.0,78000.0,-100000,-78000.0
2026-08-11,8560,新光,060735,10000,0,7800.0,0.0,10000,7800.0
2026-08-11,8560,新光,060985,0,40000,0.0,104400.0,-40000,-104400.0
2026-08-11,8560,新光,061542,0,22000,0.0,71260.0,-22000,-71260.0
2026-08-11,8560,新光,061601,0,100000,0.0,110000.0,-100000,-110000.0
2026-08-11,8560,新光,061750,0,77000,0.0,56980.0,-77000,-56980.0
2026-08-11,8560,新光,061777,5000,0,5900.0,0.0,5000,5900.0
2026-08-11,8560,新光,061782,400000,0,380000.0,0.0,400000,380000.0
2026-08-11,8560,新光,061901,270000,0,64800.0,0.0,270000,64800.0
2026-08-11,8560,新光,061944,0,20000,0.0,14800.0,-20000,-14800.0
2026-08-11,8560,新光,061945,131000,0,61780.0,0.0,131000,61780.0
2026-08-11,8560,新光,061946,20000,0,16800.0,0.0,20000,16800.0
2026-08-11,8560,新光,062017,0,2000,0.0,6200.0,-2000,-6200.0
2026-08-11,8560,新光,062224,1000,0,350.0,0.0,1000,350.0
2026-08-11,8560,新光,062355,30000,0,39300.0,0.0,30000,39300.0
2026-08-11,8560,新光,062369,0,2000,0.0,360.0,-2000,-360.0
2026-08-11,8560,新光,062484,0,40000,0.0,1200.0,-40000,-1200.0
2026-08-11,8560,新光,062706,0,1000,0.0,2450.0,-1000,-2450.0
2026-08-11,8560,新光,062800,0,4000,0.0,16120.0,-4000,-16120.0
2026-08-11,8560,新光,062872,10000,0,18300.0,0.0,10000,18300.0
2026-08-11,8560,新光,063099,0,4000,0.0,2920.0,-4000,-2920.0
2026-08-11,8560,新光,063344,100000,30000,48000.0,14400.0,70000,33600.0
2026-08-11,8560,新光,063380,5000,0,9850.0,0.0,5000,9850.0
2026-08-11,8560,新光,063451,10000,10000,4000.0,4100.0,0,-100.0
2026-08-11,8560,新光,063502,128000,0,71680.0,0.0,128000,71680.0
2026-08-11,8560,新光,063598,0,6000,0.0,9960.0,-6000,-9960.0
2026-08-11,8560,新光,063707,35000,0,60500.0,0.0,35000,60500.0
2026-08-11,8560,新光,063787,500000,0,545000.0,0.0,500000,545000.0
2026-08-11,8560,新光,063808,130000,10000,170700.0,12600.0,120000,158100.0
2026-08-11,8560,新光,063828,0,7000,0.0,9730.0,-7000,-9730.0
2026-08-11,8560,新光,063908,30000,0,37800.0,0.0,30000,37800.0
2026-08-11,8560,新光,064011,1000,1000,5300.0,4600.0,0,700.0
2026-08-11,8560,新光,064013,19000,0,52440.0,0.0,19000,52440.0
2026-08-11,8560,新光,064333,0,5000,0.0,9250.0,-5000,-9250.0
2026-08-11,8560,新光,064367,6000,0,12800.0,0.0,6000,12800.0
2026-08-11,8560,新光,064412,0,20000,0.0,20600.0,-20000,-20600.0
2026-08-11,8560,新光,064423,0,2000,0.0,1940.0,-2000,-1940.0
2026-08-11,8560,新光,064497,0,1000,0.0,7550.0,-1000,-7550.0
2026-08-11,8560,新光,064514,0,20000,0.0,23000.0,-20000,-23000.0
2026-08-11,8560,新光,064524,0,4000,0.0,5520.0,-4000,-5520.0
2026-08-11,8560,新光,064677,15000,0,10950.0,0.0,15000,10950.0
2026-08-11,8560,新光,064684,0,100000,0.0,124000.0,-100000,-124000.0
2026-08-11,8560,新光,064774,25000,0,100000.0,0.0,25000,100000.0
2026-08-11,8560,新光,064786,1000,0,620.0,0.0,1000,620.0
2026-08-11,8560,新光,064880,499000,0,69860.0,0.0,499000,69860.0
2026-08-11,8560,新光,064884,1000,0,190.0,0.0,1000,190.0
2026-08-11,8560,新光,064915,0,2000,0.0,2580.0,-2000,-2580.0
2026-08-11,8560,新光,065125,0,10000,0.0,5050.0,-10000,-5050.0
2026-08-11,8560,新光,065213,10000,0,13100.0,0.0,10000,13100.0
2026-08-11,8560,新光,065231,100000,0,148000.0,0.0,100000,148000.0
2026-08-11,8560,新光,065297,5000,0,25000.0,0.0,5000,25000.0
2026-08-11,8560,新光,065360,10000,0,27800.0,0.0,10000,27800.0
2026-08-11,8560,新光,065392,0,1000,0.0,9400.0,-1000,-9400.0
2026-08-11,8560,新光,065423,314000,10000,239700.0,7800.0,304000,231900.0
2026-08-11,8560,新光,065454,0,5000,0.0,3360.0,-5000,-3360.0
2026-08-11,8560,新光,065458,4000,0,11600.0,0.0,4000,11600.0
2026-08-11,8560,新光,065483,0,2000,0.0,6860.0,-2000,-6860.0
2026-08-11,8560,新光,065542,0,1000,0.0,450.0,-1000,-450.0
2026-08-11,8560,新光,065642,1000,1000,3240.0,3190.0,0,50.0
2026-08-11,8560,新光,065734,0,15000,0.0,32020.0,-15000,-32020.0
2026-08-11,8560,新光,065776,30000,30000,10200.0,11400.0,0,-1200.0
2026-08-11,8560,新光,065850,0,146000,0.0,827200.0,-146000,-827200.0
2026-08-11,8560,新光,065890,0,2000,0.0,500.0,-2000,-500.0
2026-08-11,8560,新光,066041,2000,0,1840.0,0.0,2000,1840.0
2026-08-11,8560,新光,066075,0,1000,0.0,220.0,-1000,-220.0
2026-08-11,8560,新光,066145,24000,0,75320.0,0.0,24000,75320.0
2026-08-11,8560,新光,066180,0,3000,0.0,4350.0,-3000,-4350.0
2026-08-11,8560,新光,066287,1000,0,4630.0,0.0,1000,4630.0
2026-08-11,8560,新光,066339,0,50000,0.0,6000.0,-50000,-6000.0
2026-08-11,8560,新光,066341,0,2000,0.0,15100.0,-2000,-15100.0
2026-08-11,8560,新光,066382,35000,0,57400.0,0.0,35000,57400.0
2026-08-11,8560,新光,066524,0,499000,0.0,184630.0,-499000,-184630.0
2026-08-11,8560,新光,066555,4000,1000,62100.0,15500.0,3000,46600.0
2026-08-11,8560,新光,066585,2000,0,1790.0,0.0,2000,1790.0
2026-08-11,8560,新光,066587,0,28000,0.0,7840.0,-28000,-7840.0
2026-08-11,8560,新光,066653,0,1000,0.0,4800.0,-1000,-4800.0
2026-08-11,8560,新光,066685,0,2000,0.0,1120.0,-2000,-1120.0
2026-08-11,8560,新光,066759,9000,8000,47900.0,39520.0,1000,8380.0
2026-08-11,8560,新光,066760,8000,0,46550.0,0.0,8000,46550.0
2026-08-11,8560,新光,066784,3000,0,30900.0,0.0,3000,30900.0
2026-08-11,8560,新光,066821,0,20000,0.0,118000.0,-20000,-118000.0
2026-08-11,8560,新光,066858,0,1000,0.0,1250.0,-1000,-1250.0
2026-08-11,8560,新光,066938,2000,0,4840.0,0.0,2000,4840.0
2026-08-11,8560,新光,066977,0,1000,0.0,3090.0,-1000,-3090.0
2026-08-11,8560,新光,067119,2000,0,3070.0,0.0,2000,3070.0
2026-08-11,8560,新光,067150,0,70000,0.0,65800.0,-70000,-65800.0
2026-08-11,8560,新光,067152,50000,0,6200.0,0.0,50000,6200.0
2026-08-11,8560,新光,067184,20000,10000,13900.0,6800.0,10000,7100.0
2026-08-11,8560,新光,067215,0,132000,0.0,126720.0,-132000,-126720.0
2026-08-11,8560,新光,067216,0,100000,0.0,91000.0,-100000,-91000.0
2026-08-11,8560,新光,067251,0,20000,0.0,49600.0,-20000,-49600.0
2026-08-11,8560,新光,067279,3000,0,5100.0,0.0,3000,5100.0
2026-08-11,8560,新光,067285,100000,180000,91000.0,161700.0,-80000,-70700.0
2026-08-11,8560,新光,067323,2000,0,4620.0,0.0,2000,4620.0
2026-08-11,8560,新光,067398,0,1000,0.0,420.0,-1000,-420.0
2026-08-11,8560,新光,067409,10000,0,5000.0,0.0,10000,5000.0
2026-08-11,8560,新光,067411,363000,120000,278220.0,91250.0,243000,186970.0
2026-08-11,8560,新光,067425,8000,0,24540.0,0.0,8000,24540.0
2026-08-11,8560,新光,067476,1000,1000,2660.0,2660.0,0,0.0
2026-08-11,8560,新光,067548,0,3000,0.0,13500.0,-3000,-13500.0
2026-08-11,8560,新光,067590,10000,0,11300.0,0.0,10000,11300.0
2026-08-11,8560,新光,067620,0,2000,0.0,4000.0,-2000,-4000.0
2026-08-11,8560,新光,067638,100000,0,90500.0,0.0,100000,90500.0
2026-08-11,8560,新光,067639,306000,0,507960.0,0.0,306000,507960.0
2026-08-11,8560,新光,067745,0,2000,0.0,1930.0,-2000,-1930.0
2026-08-11,8560,新光,067906,0,1000,0.0,2720.0,-1000,-2720.0
2026-08-11,8560,新光,067942,60000,0,151000.0,0.0,60000,151000.0
2026-08-11,8560,新光,067943,0,1000,0.0,2200.0,-1000,-2200.0
2026-08-11,8560,新光,068000,0,70000,0.0,61600.0,-70000,-61600.0
2026-08-11,8560,新光,068001,20000,15000,17400.0,11850.0,5000,5550.0
2026-08-11,8560,新光,068002,305000,0,361800.0,0.0,305000,361800.0
2026-08-11,8560,新光,068003,0,8000,0.0,7460.0,-8000,-7460.0
2026-08-11,8560,新光,068010,0,6000,0.0,7380.0,-6000,-7380.0
2026-08-11,8560,新光,068033,10000,0,9200.0,0.0,10000,9200.0
2026-08-11,8560,新光,068042,0,1000,0.0,590.0,-1000,-590.0
2026-08-11,8560,新光,068092,0,20000,0.0,11800.0,-20000,-11800.0
2026-08-11,8560,新光,068101,4000,0,3640.0,0.0,4000,3640.0
2026-08-11,8560,新光,068116,10000,0,10600.0,0.0,10000,10600.0
2026-08-11,8560,新光,068252,0,250000,0.0,160000.0,-250000,-160000.0
2026-08-11,8560,新光,068263,845000,0,755510.0,0.0,845000,755510.0
2026-08-11,8560,新光,068318,6000,0,18300.0,0.0,6000,18300.0
2026-08-11,8560,新光,068342,10000,0,38200.0,0.0,10000,38200.0
2026-08-11,8560,新光,068393,50000,0,41400.0,0.0,50000,41400.0
2026-08-11,8560,新光,068438,0,5000,0.0,6000.0,-5000,-6000.0
2026-08-11,8560,新光,068465,90000,0,129000.0,0.0,90000,129000.0
2026-08-11,8560,新光,068491,50000,0,67500.0,0.0,50000,67500.0
2026-08-11,8560,新光,068512,1000,0,11800.0,0.0,1000,11800.0
2026-08-11,8560,新光,068593,0,1000,0.0,750.0,-1000,-750.0
2026-08-11,8560,新光,068607,0,3000,0.0,5610.0,-3000,-5610.0
2026-08-11,8560,新光,068611,80000,0,75200.0,0.0,80000,75200.0
2026-08-11,8560,新光,068635,7000,12000,14860.0,24600.0,-5000,-9740.0
2026-08-11,8560,新光,068701,2000,0,2220.0,0.0,2000,2220.0
2026-08-11,8560,新光,068736,0,20000,0.0,20200.0,-20000,-20200.0
2026-08-11,8560,新光,068851,0,10000,0.0,10400.0,-10000,-10400.0
2026-08-11,8560,新光,068905,0,1000,0.0,1860.0,-1000,-1860.0
2026-08-11,8560,新光,068923,1000,0,990.0,0.0,1000,990.0
2026-08-11,8560,新光,069063,0,4000,0.0,9760.0,-4000,-9760.0
2026-08-11,8560,新光,069282,1000,0,730.0,0.0,1000,730.0
2026-08-11,8560,新光,069305,0,10000,0.0,20500.0,-10000,-20500.0
2026-08-11,8560,新光,069585,1000,0,4640.0,0.0,1000,4640.0
2026-08-11,8560,新光,069684,10000,0,12600.0,0.0,10000,12600.0
2026-08-11,8560,新光,069801,0,10000,0.0,6400.0,-10000,-6400.0
2026-08-11,8560,新光,069871,3000,17000,6780.0,35700.0,-14000,-28920.0
2026-08-11,8560,新光,069944,6000,8000,69800.0,91300.0,-2000,-21500.0
2026-08-11,8560,新光,070032,72000,0,77580.0,0.0,72000,77580.0
2026-08-11,8560,新光,070064,0,20000,0.0,18000.0,-20000,-18000.0
2026-08-11,8560,新光,070079,2000,12000,5680.0,32280.0,-10000,-26600.0
2026-08-11,8560,新光,070218,100000,0,66000.0,0.0,100000,66000.0
2026-08-11,8560,新光,070221,615000,0,323050.0,0.0,615000,323050.0
2026-08-11,8560,新光,070238,40000,0,22600.0,0.0,40000,22600.0
2026-08-11,8560,新光,070474,10000,0,9000.0,0.0,10000,9000.0
2026-08-11,8560,新光,070514,10000,0,16700.0,0.0,10000,16700.0
2026-08-11,8560,新光,070669,15000,0,7800.0,0.0,15000,7800.0
2026-08-11,8560,新光,070862,100000,0,32700.0,0.0,100000,32700.0
2026-08-11,8560,新光,070878,10000,0,8100.0,0.0,10000,8100.0
2026-08-11,8560,新光,070899,60000,0,85500.0,0.0,60000,85500.0
2026-08-11,8560,新光,071007,0,30000,0.0,32800.0,-30000,-32800.0
2026-08-11,8560,新光,071111,4000,0,5200.0,0.0,4000,5200.0
2026-08-11,8560,新光,071134,0,198000,0.0,199980.0,-198000,-199980.0
2026-08-11,8560,新光,071153,1000,1000,900.0,900.0,0,0.0
2026-08-11,8560,新光,071163,3000,3000,1580.0,1580.0,0,0.0
2026-08-11,8560,新光,071168,0,20000,0.0,6600.0,-20000,-6600.0
2026-08-11,8560,新光,071194,1000,0,2840.0,0.0,1000,2840.0
2026-08-11,8560,新光,071409,0,20000,0.0,15000.0,-20000,-15000.0
2026-08-11,8560,新光,071582,1000,1000,2950.0,2950.0,0,0.0
2026-08-11,8560,新光,071656,0,2000,0.0,5740.0,-2000,-5740.0
2026-08-11,8560,新光,071885,10000,0,11500.0,0.0,10000,11500.0
2026-08-11,8560,新光,072036,0,100000,0.0,65500.0,-100000,-65500.0
2026-08-11,8560,新光,072078,490000,0,524300.0,0.0,490000,524300.0
2026-08-11,8560,新光,072116,0,1000,0.0,1090.0,-1000,-1090.0
2026-08-11,8560,新光,072125,10000,0,4900.0,0.0,10000,4900.0
2026-08-11,8560,新光,072157,30000,0,11100.0,0.0,30000,11100.0
2026-08-11,8560,新光,072173,0,50000,0.0,19000.0,-50000,-19000.0
2026-08-11,8560,新光,072241,0,13000,0.0,15860.0,-13000,-15860.0
2026-08-11,8560,新光,072249,0,2000,0.0,2780.0,-2000,-2780.0
2026-08-11,8560,新光,072255,0,1000,0.0,560.0,-1000,-560.0
2026-08-11,8560,新光,072296,0,50000,0.0,23000.0,-50000,-23000.0
2026-08-11,8560,新光,072468,2000,0,3280.0,0.0,2000,3280.0
2026-08-11,8560,新光,072512,1000,0,1300.0,0.0,1000,1300.0
2026-08-11,8560,新光,072525,105000,0,10850.0,0.0,105000,10850.0
2026-08-11,8560,新光,072570,20000,10000,10800.0,4900.0,10000,5900.0
2026-08-11,8560,新光,072705,0,10000,0.0,10800.0,-10000,-10800.0
2026-08-11,8560,新光,072772,0,45000,0.0,90000.0,-45000,-90000.0
2026-08-11,8560,新光,072776,100000,0,172000.0,0.0,100000,172000.0
2026-08-11,8560,新光,073123,0,50000,0.0,41000.0,-50000,-41000.0
2026-08-11,8560,新光,07312U,15000,0,1950.0,0.0,15000,1950.0
2026-08-11,8560,新光,073151,0,20000,0.0,48800.0,-20000,-48800.0
2026-08-11,8560,新光,073525,15000,0,11700.0,0.0,15000,11700.0
2026-08-11,8560,新光,073666,0,60000,0.0,62400.0,-60000,-62400.0
2026-08-11,8560,新光,073836,1000,0,1750.0,0.0,1000,1750.0
2026-08-11,8560,新光,073884,0,1000,0.0,2260.0,-1000,-2260.0
2026-08-11,8560,新光,073978,20000,0,26200.0,0.0,20000,26200.0
2026-08-11,8560,新光,074069,0,22000,0.0,10340.0,-22000,-10340.0
2026-08-11,8560,新光,074079,0,1000,0.0,530.0,-1000,-530.0
2026-08-11,8560,新光,074183,0,1000,0.0,1600.0,-1000,-1600.0
2026-08-11,8560,新光,074262,2000,0,2260.0,0.0,2000,2260.0
2026-08-11,8560,新光,074373,12000,0,9360.0,0.0,12000,9360.0
2026-08-11,8560,新光,074398,0,100000,0.0,25000.0,-100000,-25000.0
2026-08-11,8560,新光,074631,11000,0,14410.0,0.0,11000,14410.0
2026-08-11,8560,新光,074634,10000,0,2600.0,0.0,10000,2600.0
2026-08-11,8560,新光,074671,0,25000,0.0,24350.0,-25000,-24350.0
2026-08-11,8560,新光,074738,10000,0,11200.0,0.0,10000,11200.0
2026-08-11,8560,新光,075013,50000,0,73500.0,0.0,50000,73500.0
2026-08-11,8560,新光,075060,15000,0,19250.0,0.0,15000,19250.0
2026-08-11,8560,新光,075130,0,930000,0.0,927500.0,-930000,-927500.0
2026-08-11,8560,新光,075309,0,33000,0.0,42900.0,-33000,-42900.0
2026-08-11,8560,新光,075477,25000,0,24500.0,0.0,25000,24500.0
2026-08-11,8560,新光,075510,0,10000,0.0,29800.0,-10000,-29800.0
2026-08-11,8560,新光,075561,0,1000,0.0,920.0,-1000,-920.0
2026-08-11,8560,新光,075602,6000,0,4560.0,0.0,6000,4560.0
2026-08-11,8560,新光,075718,0,10000,0.0,6200.0,-10000,-6200.0
2026-08-11,8560,新光,075821,0,9000,0.0,15790.0,-9000,-15790.0
2026-08-11,8560,新光,075996,10000,0,9400.0,0.0,10000,9400.0
2026-08-11,8560,新光,076010,0,1000,0.0,2240.0,-1000,-2240.0
2026-08-11,8560,新光,076365,1000,0,1120.0,0.0,1000,1120.0
2026-08-11,8560,新光,076366,1000,0,1130.0,0.0,1000,1130.0
2026-08-11,8560,新光,076367,1000,0,1020.0,0.0,1000,1020.0
2026-08-11,8560,新光,076368,1000,0,840.0,0.0,1000,840.0
2026-08-11,8560,新光,076576,33000,0,135550.0,0.0,33000,135550.0
2026-08-11,8560,新光,076631,1000,1000,990.0,990.0,0,0.0
2026-08-11,8560,新光,077056,50000,0,22000.0,0.0,50000,22000.0
2026-08-11,8560,新光,077141,10000,0,16800.0,0.0,10000,16800.0
2026-08-11,8560,新光,077236,1000,0,2280.0,0.0,1000,2280.0
2026-08-11,8560,新光,077448,100000,0,78500.0,0.0,100000,78500.0
2026-08-11,8560,新光,077596,1000,0,2000.0,0.0,1000,2000.0
2026-08-11,8560,新光,077699,10000,0,16600.0,0.0,10000,16600.0
2026-08-11,8560,新光,077726,1000,0,1330.0,0.0,1000,1330.0
2026-08-11,8560,新光,077741,10000,0,19200.0,0.0,10000,19200.0
2026-08-11,8560,新光,077749,0,5000,0.0,9150.0,-5000,-9150.0
2026-08-11,8560,新光,077968,8000,0,23720.0,0.0,8000,23720.0
2026-08-11,8560,新光,078039,200000,0,612000.0,0.0,200000,612000.0
2026-08-11,8560,新光,078064,9000,0,32490.0,0.0,9000,32490.0
2026-08-11,8560,新光,078100,1000,3000,1650.0,4890.0,-2000,-3240.0
2026-08-11,8560,新光,078177,0,1000,0.0,1720.0,-1000,-1720.0
2026-08-11,8560,新光,078291,0,50000,0.0,41800.0,-50000,-41800.0
2026-08-11,8560,新光,078387,300000,0,243000.0,0.0,300000,243000.0
2026-08-11,8560,新光,078419,0,1000,0.0,5500.0,-1000,-5500.0
2026-08-11,8560,新光,078446,0,1000,0.0,1040.0,-1000,-1040.0
2026-08-11,8560,新光,078452,0,200000,0.0,216000.0,-200000,-216000.0
2026-08-11,8560,新光,078542,20000,0,53700.0,0.0,20000,53700.0
2026-08-11,8560,新光,078843,440000,0,752400.0,0.0,440000,752400.0
2026-08-11,8560,新光,078847,2000,0,4140.0,0.0,2000,4140.0
2026-08-11,8560,新光,079199,9000,0,13860.0,0.0,9000,13860.0
2026-08-11,8560,新光,079596,7000,0,5110.0,0.0,7000,5110.0
2026-08-11,8560,新光,084022,20000,0,5000.0,0.0,20000,5000.0
2026-08-11,8560,新光,08422U,0,457000,0.0,36560.0,-457000,-36560.0
2026-08-11,8560,新光,08499U,365000,0,14600.0,0.0,365000,14600.0
2026-08-11,8560,新光,08914U,5000,0,750.0,0.0,5000,750.0
2026-08-11,8560,新光,700190,5000,0,18600.0,0.0,5000,18600.0
2026-08-11,8560,新光,700343,0,5000,0.0,1100.0,-5000,-1100.0
2026-08-11,8560,新光,700712,20000,0,9000.0,0.0,20000,9000.0
2026-08-11,8560,新光,700900,0,2000,0.0,800.0,-2000,-800.0
2026-08-11,8560,新光,701279,0,12000,0.0,2400.0,-12000,-2400.0
2026-08-11,8560,新光,701400,0,1000,0.0,9000.0,-1000,-9000.0
2026-08-11,8560,新光,703045,8000,0,7050.0,0.0,8000,7050.0
2026-08-11,8560,新光,704203,2000,5000,1840.0,4720.0,-3000,-2880.0
2026-08-11,8560,新光,704544,0,1000,0.0,1510.0,-1000,-1510.0
2026-08-11,8560,新光,705199,80000,0,17100.0,0.0,80000,17100.0
2026-08-11,8560,新光,705241,0,1000,0.0,2150.0,-1000,-2150.0
2026-08-11,8560,新光,705487,0,1000,0.0,840.0,-1000,-840.0
2026-08-11,8560,新光,705565,8000,0,6640.0,0.0,8000,6640.0
2026-08-11,8560,新光,705702,0,16000,0.0,4640.0,-16000,-4640.0
2026-08-11,8560,新光,705809,0,3000,0.0,1230.0,-3000,-1230.0
2026-08-11,8560,新光,706016,45000,0,29250.0,0.0,45000,29250.0
2026-08-11,8560,新光,706066,0,50000,0.0,46500.0,-50000,-46500.0
2026-08-11,8560,新光,706121,20000,0,30600.0,0.0,20000,30600.0
2026-08-11,8560,新光,706182,0,1000,0.0,2020.0,-1000,-2020.0
2026-08-11,8560,新光,706358,2000,0,6140.0,0.0,2000,6140.0
2026-08-11,8560,新光,706572,400000,0,379500.0,0.0,400000,379500.0
2026-08-11,8560,新光,707051,1000,0,2270.0,0.0,1000,2270.0
2026-08-11,8560,新光,707082,0,4000,0.0,3120.0,-4000,-3120.0
2026-08-11,8560,新光,707299,15000,6000,49800.0,19910.0,9000,29890.0
2026-08-11,8560,新光,707335,0,1000,0.0,1700.0,-1000,-1700.0
2026-08-11,8560,新光,707705,4000,0,6240.0,0.0,4000,6240.0
2026-08-11,8560,新光,707765,2000,0,4460.0,0.0,2000,4460.0
2026-08-11,8560,新光,707820,2000,0,2480.0,0.0,2000,2480.0
2026-08-11,8560,新光,707858,0,4000,0.0,4120.0,-4000,-4120.0
2026-08-11,8560,新光,708105,0,100000,0.0,37000.0,-100000,-37000.0
2026-08-11,8560,新光,708235,100000,0,64300.0,0.0,100000,64300.0
2026-08-11,8560,新光,708243,5000,0,20300.0,0.0,5000,20300.0
2026-08-11,8560,新光,708473,22000,3000,19160.0,2760.0,19000,16400.0
2026-08-11,8560,新光,708505,0,3000,0.0,2640.0,-3000,-2640.0
2026-08-11,8560,新光,708508,10000,0,29600.0,0.0,10000,29600.0
2026-08-11,8560,新光,708514,0,4000,0.0,6720.0,-4000,-6720.0
2026-08-11,8560,新光,708570,0,50000,0.0,31000.0,-50000,-31000.0
2026-08-11,8560,新光,708604,0,4000,0.0,1400.0,-4000,-1400.0
2026-08-11,8560,新光,708605,60000,0,229400.0,0.0,60000,229400.0
2026-08-11,8560,新光,708659,0,80000,0.0,21600.0,-80000,-21600.0
2026-08-11,8560,新光,708875,40000,0,28400.0,0.0,40000,28400.0
2026-08-11,8560,新光,708914,20000,0,9600.0,0.0,20000,9600.0
2026-08-11,8560,新光,709138,5000,0,2400.0,0.0,5000,2400.0
2026-08-11,8560,新光,709206,11000,0,11330.0,0.0,11000,11330.0
2026-08-11,8560,新光,709226,1000,0,3150.0,0.0,1000,3150.0
2026-08-11,8560,新光,709291,200000,0,162000.0,0.0,200000,162000.0
2026-08-11,8560,新光,709503,50000,0,14000.0,0.0,50000,14000.0
2026-08-11,8560,新光,709575,450000,0,148500.0,0.0,450000,148500.0
2026-08-11,8560,新光,709614,0,65000,0.0,137000.0,-65000,-137000.0
2026-08-11,8560,新光,709675,10000,0,4100.0,0.0,10000,4100.0
2026-08-11,8560,新光,709688,0,4000,0.0,5480.0,-4000,-5480.0
2026-08-11,8560,新光,709706,53000,1000,43990.0,830.0,52000,43160.0
2026-08-11,8560,新光,709709,6000,6000,2760.0,2760.0,0,0.0
2026-08-11,8560,新光,709849,26000,0,11180.0,0.0,26000,11180.0
2026-08-11,8560,新光,709890,0,1000,0.0,1450.0,-1000,-1450.0
2026-08-11,8560,新光,709906,100000,0,46000.0,0.0,100000,46000.0
2026-08-11,8560,新光,709977,0,20000,0.0,13200.0,-20000,-13200.0
2026-08-11,8560,新光,710060,50000,0,44000.0,0.0,50000,44000.0
2026-08-11,8560,新光,710309,0,5000,0.0,2700.0,-5000,-2700.0
2026-08-11,8560,新光,710403,0,200000,0.0,77000.0,-200000,-77000.0
2026-08-11,8560,新光,710420,10000,0,3900.0,0.0,10000,3900.0
2026-08-11,8560,新光,710607,0,10000,0.0,4100.0,-10000,-4100.0
2026-08-11,8560,新光,710651,0,100000,0.0,107300.0,-100000,-107300.0
2026-08-11,8560,新光,710910,30000,0,32000.0,0.0,30000,32000.0
2026-08-11,8560,新光,710950,0,1000,0.0,1300.0,-1000,-1300.0
2026-08-11,8560,新光,710993,1000,0,3210.0,0.0,1000,3210.0
2026-08-11,8560,新光,711020,10000,0,10400.0,0.0,10000,10400.0
2026-08-11,8560,新光,711022,50000,0,36500.0,0.0,50000,36500.0
2026-08-11,8560,新光,711082,12000,12000,4680.0,4680.0,0,0.0
2026-08-11,8560,新光,711147,40000,0,21900.0,0.0,40000,21900.0
2026-08-11,8560,新光,711199,7000,0,3500.0,0.0,7000,3500.0
2026-08-11,8560,新光,711398,1000,0,490.0,0.0,1000,490.0
2026-08-11,8560,新光,711778,5000,0,6050.0,0.0,5000,6050.0
2026-08-11,8560,新光,711888,0,60000,0.0,139800.0,-60000,-139800.0
2026-08-11,8560,新光,711929,10000,10000,15100.0,14100.0,0,1000.0
2026-08-11,8560,新光,712029,5000,0,5420.0,0.0,5000,5420.0
2026-08-11,8560,新光,712250,38000,0,49240.0,0.0,38000,49240.0
2026-08-11,8560,新光,712376,10000,0,9400.0,0.0,10000,9400.0
2026-08-11,8560,新光,72853U,0,5000,0.0,3400.0,-5000,-3400.0
2026-08-11,8560,新光,72878U,0,15000,0.0,25350.0,-15000,-25350.0
2026-08-11,8560,新光,72986U,0,2000,0.0,2380.0,-2000,-2380.0
2026-08-11,8560,新光,730635,0,2000,0.0,1240.0,-2000,-1240.0
2026-08-11,8560,新光,736160,1000,0,9800.0,0.0,1000,9800.0
2026-08-11,8560,新光,736244,5000,0,35750.0,0.0,5000,35750.0
2026-08-11,8560,新光,736427,0,5000,0.0,1050.0,-5000,-1050.0
2026-08-11,8560,新光,736934,0,1000,0.0,5450.0,-1000,-5450.0
2026-08-11,8560,新光,738291,0,4000,0.0,12600.0,-4000,-12600.0
2026-08-11,9135,群益東大,03389T,10000,0,2500.0,0.0,10000,2500.0
2026-08-11,9135,群益東大,03439T,5000,0,11800.0,0.0,5000,11800.0
2026-08-11,9135,群益東大,03636T,0,16000,0.0,15200.0,-16000,-15200.0
2026-08-11,9135,群益東大,03688T,11000,0,14300.0,0.0,11000,14300.0
2026-08-11,9135,群益東大,04020C,150000,0,160500.0,0.0,150000,160500.0
2026-08-11,9135,群益東大,041061,0,3000,0.0,18900.0,-3000,-18900.0
2026-08-11,9135,群益東大,057289,7000,0,17360.0,0.0,7000,17360.0
2026-08-11,9135,群益東大,058636,1000,0,690.0,0.0,1000,690.0
2026-08-11,9135,群益東大,061945,10000,0,4700.0,0.0,10000,4700.0
2026-08-11,9135,群益東大,062899,0,5000,0.0,9000.0,-5000,-9000.0
2026-08-11,9135,群益東大,063081,30000,0,17300.0,0.0,30000,17300.0
2026-08-11,9135,群益東大,063693,20000,0,21000.0,0.0,20000,21000.0
2026-08-11,9135,群益東大,065316,450000,0,634500.0,0.0,450000,634500.0
2026-08-11,9135,群益東大,065461,20000,0,1800.0,0.0,20000,1800.0
2026-08-11,9135,群益東大,066180,0,5000,0.0,7300.0,-5000,-7300.0
2026-08-11,9135,群益東大,066287,50000,0,232500.0,0.0,50000,232500.0
2026-08-11,9135,群益東大,066524,40000,0,16000.0,0.0,40000,16000.0
2026-08-11,9135,群益東大,066644,10000,0,5800.0,0.0,10000,5800.0
2026-08-11,9135,群益東大,066829,6000,0,12480.0,0.0,6000,12480.0
2026-08-11,9135,群益東大,067184,0,110000,0.0,73880.0,-110000,-73880.0
2026-08-11,9135,群益東大,067620,0,1000,0.0,1840.0,-1000,-1840.0
2026-08-11,9135,群益東大,067814,17000,0,31350.0,0.0,17000,31350.0
2026-08-11,9135,群益東大,067828,4000,0,980.0,0.0,4000,980.0
2026-08-11,9135,群益東大,068001,0,1000,0.0,810.0,-1000,-810.0
2026-08-11,9135,群益東大,068247,10000,0,5600.0,0.0,10000,5600.0
2026-08-11,9135,群益東大,068525,2000,0,4080.0,0.0,2000,4080.0
2026-08-11,9135,群益東大,068664,4000,0,3160.0,0.0,4000,3160.0
2026-08-11,9135,群益東大,068792,1000,0,220.0,0.0,1000,220.0
2026-08-11,9135,群益東大,069159,1000,0,170.0,0.0,1000,170.0
2026-08-11,9135,群益東大,069648,0,22000,0.0,4640.0,-22000,-4640.0
2026-08-11,9135,群益東大,069785,0,10000,0.0,3700.0,-10000,-3700.0
2026-08-11,9135,群益東大,070448,0,1000,0.0,250.0,-1000,-250.0
2026-08-11,9135,群益東大,070945,20000,0,13800.0,0.0,20000,13800.0
2026-08-11,9135,群益東大,071670,200000,0,466000.0,0.0,200000,466000.0
2026-08-11,9135,群益東大,071780,0,1000,0.0,830.0,-1000,-830.0
2026-08-11,9135,群益東大,071848,5000,0,10950.0,0.0,5000,10950.0
2026-08-11,9135,群益東大,072040,0,30000,0.0,12300.0,-30000,-12300.0
2026-08-11,9135,群益東大,072256,0,20000,0.0,10400.0,-20000,-10400.0
2026-08-11,9135,群益東大,073142,0,32000,0.0,11520.0,-32000,-11520.0
2026-08-11,9135,群益東大,074265,10000,0,6600.0,0.0,10000,6600.0
2026-08-11,9135,群益東大,074307,10000,0,3900.0,0.0,10000,3900.0
2026-08-11,9135,群益東大,075195,0,510000,0.0,643200.0,-510000,-643200.0
2026-08-11,9135,群益東大,076658,40000,0,28400.0,0.0,40000,28400.0
2026-08-11,9135,群益東大,077744,4000,0,13760.0,0.0,4000,13760.0
2026-08-11,9135,群益東大,077938,20000,0,12400.0,0.0,20000,12400.0
2026-08-11,9135,群益東大,705565,15000,0,12150.0,0.0,15000,12150.0
2026-08-11,9135,群益東大,706036,10000,0,8100.0,0.0,10000,8100.0
2026-08-11,9135,群益東大,707299,0,20000,0.0,66400.0,-20000,-66400.0
2026-08-11,9135,群益東大,707764,0,50000,0.0,102500.0,-50000,-102500.0
2026-08-11,9135,群益東大,707765,16000,0,36230.0,0.0,16000,36230.0
2026-08-11,9135,群益東大,707858,0,140000,0.0,143400.0,-140000,-143400.0
2026-08-11,9135,群益東大,708280,0,15000,0.0,10350.0,-15000,-10350.0
2026-08-11,9135,群益東大,708588,0,100000,0.0,22000.0,-100000,-22000.0
2026-08-11,9135,群益東大,708590,28000,0,20720.0,0.0,28000,20720.0
2026-08-11,9135,群益東大,710420,0,380000,0.0,145900.0,-380000,-145900.0
2026-08-11,9135,群益東大,712259,10000,0,6400.0,0.0,10000,6400.0
2026-08-11,9135,群益東大,72952U,9000,0,14040.0,0.0,9000,14040.0
2026-08-11,9186,群益新竹,032579,5000,0,3550.0,0.0,5000,3550.0
2026-08-11,9186,群益新竹,03266T,20000,0,12000.0,0.0,20000,12000.0
2026-08-11,9186,群益新竹,03620T,0,8000,0.0,10640.0,-8000,-10640.0
2026-08-11,9186,群益新竹,038827,0,10000,0.0,1000.0,-10000,-1000.0
2026-08-11,9186,群益新竹,055829,0,2000,0.0,1700.0,-2000,-1700.0
2026-08-11,9186,群益新竹,056493,31000,0,15810.0,0.0,31000,15810.0
2026-08-11,9186,群益新竹,062804,6000,0,4500.0,0.0,6000,4500.0
2026-08-11,9186,群益新竹,062888,0,4000,0.0,7040.0,-4000,-7040.0
2026-08-11,9186,群益新竹,063081,150000,150000,88500.0,92500.0,0,-4000.0
2026-08-11,9186,群益新竹,063595,0,6000,0.0,4560.0,-6000,-4560.0
2026-08-11,9186,群益新竹,063599,10000,0,6950.0,0.0,10000,6950.0
2026-08-11,9186,群益新竹,063851,10000,0,13900.0,0.0,10000,13900.0
2026-08-11,9186,群益新竹,063908,2000,0,2360.0,0.0,2000,2360.0
2026-08-11,9186,群益新竹,064148,0,3000,0.0,6530.0,-3000,-6530.0
2026-08-11,9186,群益新竹,064170,30000,0,51900.0,0.0,30000,51900.0
2026-08-11,9186,群益新竹,066396,0,10000,0.0,20200.0,-10000,-20200.0
2026-08-11,9186,群益新竹,066633,15000,17000,26500.0,31950.0,-2000,-5450.0
2026-08-11,9186,群益新竹,066834,0,3000,0.0,2700.0,-3000,-2700.0
2026-08-11,9186,群益新竹,067814,0,100000,0.0,183000.0,-100000,-183000.0
2026-08-11,9186,群益新竹,068224,100000,0,195000.0,0.0,100000,195000.0
2026-08-11,9186,群益新竹,070951,499000,0,518960.0,0.0,499000,518960.0
2026-08-11,9186,群益新竹,071242,20000,0,11600.0,0.0,20000,11600.0
2026-08-11,9186,群益新竹,071569,10000,0,10800.0,0.0,10000,10800.0
2026-08-11,9186,群益新竹,071979,0,10000,0.0,19200.0,-10000,-19200.0
2026-08-11,9186,群益新竹,074479,10000,0,16300.0,0.0,10000,16300.0
2026-08-11,9186,群益新竹,075079,10000,0,19050.0,0.0,10000,19050.0
2026-08-11,9186,群益新竹,075991,5000,0,5450.0,0.0,5000,5450.0
2026-08-11,9186,群益新竹,077966,0,10000,0.0,15480.0,-10000,-15480.0
2026-08-11,9186,群益新竹,078980,800000,0,1986000.0,0.0,800000,1986000.0
2026-08-11,9186,群益新竹,08144U,10000,0,900.0,0.0,10000,900.0
2026-08-11,9186,群益新竹,08619U,0,1000,0.0,710.0,-1000,-710.0
2026-08-11,9186,群益新竹,087694,0,5000,0.0,2150.0,-5000,-2150.0
2026-08-11,9186,群益新竹,705386,15000,0,12750.0,0.0,15000,12750.0
2026-08-11,9186,群益新竹,705700,0,1000,0.0,6450.0,-1000,-6450.0
2026-08-11,9186,群益新竹,705949,1000,0,600.0,0.0,1000,600.0
2026-08-11,9186,群益新竹,707336,0,1000,0.0,1160.0,-1000,-1160.0
2026-08-11,9186,群益新竹,707787,0,3000,0.0,570.0,-3000,-570.0
2026-08-11,9186,群益新竹,708282,0,6000,0.0,26740.0,-6000,-26740.0
2026-08-11,9186,群益新竹,708322,0,15000,0.0,39030.0,-15000,-39030.0
2026-08-11,9186,群益新竹,708843,6000,0,10320.0,0.0,6000,10320.0
2026-08-11,9186,群益新竹,710502,2000,0,2000.0,0.0,2000,2000.0
2026-08-11,9186,群益新竹,711662,20000,0,29800.0,0.0,20000,29800.0
2026-08-11,9186,群益新竹,72876U,0,1000,0.0,600.0,-1000,-600.0
2026-08-11,9186,群益新竹,738299,22000,0,3520.0,0.0,22000,3520.0
2026-08-11,918C,群益古亭,03402T,50000,0,69000.0,0.0,50000,69000.0
2026-08-11,918C,群益古亭,03987T,0,150000,0.0,166500.0,-150000,-166500.0
2026-08-11,918C,群益古亭,043903,220000,0,74700.0,0.0,220000,74700.0
2026-08-11,918C,群益古亭,053664,0,15000,0.0,10350.0,-15000,-10350.0
2026-08-11,918C,群益古亭,056067,0,50000,0.0,40000.0,-50000,-40000.0
2026-08-11,918C,群益古亭,057504,300000,0,318000.0,0.0,300000,318000.0
2026-08-11,918C,群益古亭,058184,10000,0,23200.0,0.0,10000,23200.0
2026-08-11,918C,群益古亭,061391,0,5000,0.0,3800.0,-5000,-3800.0
2026-08-11,918C,群益古亭,063658,70000,0,26500.0,0.0,70000,26500.0
2026-08-11,918C,群益古亭,064162,32000,26000,40410.0,33290.0,6000,7120.0
2026-08-11,918C,群益古亭,067189,0,16000,0.0,33600.0,-16000,-33600.0
2026-08-11,918C,群益古亭,068002,0,10000,0.0,11600.0,-10000,-11600.0
2026-08-11,918C,群益古亭,068003,5000,0,4800.0,0.0,5000,4800.0
2026-08-11,918C,群益古亭,068023,10000,0,10100.0,0.0,10000,10100.0
2026-08-11,918C,群益古亭,068256,0,30000,0.0,15900.0,-30000,-15900.0
2026-08-11,918C,群益古亭,069197,20000,0,21600.0,0.0,20000,21600.0
2026-08-11,918C,群益古亭,070962,30000,0,22100.0,0.0,30000,22100.0
2026-08-11,918C,群益古亭,071197,20000,20000,16000.0,16400.0,0,-400.0
2026-08-11,918C,群益古亭,071381,30000,0,69000.0,0.0,30000,69000.0
2026-08-11,918C,群益古亭,072152,20000,0,8700.0,0.0,20000,8700.0
2026-08-11,918C,群益古亭,072184,130000,0,246700.0,0.0,130000,246700.0
2026-08-11,918C,群益古亭,072904,1000,0,440.0,0.0,1000,440.0
2026-08-11,918C,群益古亭,073533,0,6000,0.0,7660.0,-6000,-7660.0
2026-08-11,918C,群益古亭,073840,150000,0,180500.0,0.0,150000,180500.0
2026-08-11,918C,群益古亭,075761,3000,0,2430.0,0.0,3000,2430.0
2026-08-11,918C,群益古亭,075870,0,20000,0.0,11600.0,-20000,-11600.0
2026-08-11,918C,群益古亭,077902,0,20000,0.0,45000.0,-20000,-45000.0
2026-08-11,918C,群益古亭,078039,10000,0,30800.0,0.0,10000,30800.0
2026-08-11,918C,群益古亭,078522,0,40000,0.0,132000.0,-40000,-132000.0
2026-08-11,918C,群益古亭,706078,30000,0,6200.0,0.0,30000,6200.0
2026-08-11,918C,群益古亭,708047,5000,70000,950.0,11700.0,-65000,-10750.0
2026-08-11,918C,群益古亭,708797,0,10000,0.0,5300.0,-10000,-5300.0
2026-08-11,918C,群益古亭,711916,0,10000,0.0,24500.0,-10000,-24500.0
2026-08-11,918C,群益古亭,73017U,50000,0,54000.0,0.0,50000,54000.0
2026-08-11,920H,凱基基隆,03273T,60000,0,13500.0,0.0,60000,13500.0
2026-08-11,920H,凱基基隆,03289T,0,10000,0.0,20600.0,-10000,-20600.0
2026-08-11,920H,凱基基隆,03498T,0,20000,0.0,14000.0,-20000,-14000.0
2026-08-11,920H,凱基基隆,052120,10000,0,5200.0,0.0,10000,5200.0
2026-08-11,920H,凱基基隆,058132,10000,0,4000.0,0.0,10000,4000.0
2026-08-11,920H,凱基基隆,059663,4000,0,3160.0,0.0,4000,3160.0
2026-08-11,920H,凱基基隆,061945,200000,0,92000.0,0.0,200000,92000.0
2026-08-11,920H,凱基基隆,065031,0,6000,0.0,2100.0,-6000,-2100.0
2026-08-11,920H,凱基基隆,066456,1000,0,2350.0,0.0,1000,2350.0
2026-08-11,920H,凱基基隆,068001,0,20000,0.0,16800.0,-20000,-16800.0
2026-08-11,920H,凱基基隆,068707,50000,0,30000.0,0.0,50000,30000.0
2026-08-11,920H,凱基基隆,069358,2000,0,1080.0,0.0,2000,1080.0
2026-08-11,920H,凱基基隆,069852,0,26000,0.0,6500.0,-26000,-6500.0
2026-08-11,920H,凱基基隆,071070,100000,0,58000.0,0.0,100000,58000.0
2026-08-11,920H,凱基基隆,073804,0,2000,0.0,3020.0,-2000,-3020.0
2026-08-11,920H,凱基基隆,074796,10000,0,10300.0,0.0,10000,10300.0
2026-08-11,920H,凱基基隆,076610,0,5000,0.0,5900.0,-5000,-5900.0
2026-08-11,920H,凱基基隆,078420,0,4000,0.0,10920.0,-4000,-10920.0
2026-08-11,920H,凱基基隆,078927,0,6000,0.0,5160.0,-6000,-5160.0
2026-08-11,920H,凱基基隆,079507,0,1000,0.0,930.0,-1000,-930.0
2026-08-11,920H,凱基基隆,08729U,20000,0,20800.0,0.0,20000,20800.0
2026-08-11,920H,凱基基隆,707846,50000,0,9500.0,0.0,50000,9500.0
2026-08-11,920H,凱基基隆,708473,11000,0,10340.0,0.0,11000,10340.0
2026-08-11,920H,凱基基隆,708568,0,20000,0.0,18800.0,-20000,-18800.0
2026-08-11,920H,凱基基隆,708588,100000,109000,21000.0,24010.0,-9000,-3010.0
2026-08-11,920H,凱基基隆,710481,150000,0,163000.0,0.0,150000,163000.0
2026-08-11,920H,凱基基隆,711607,70000,0,153900.0,0.0,70000,153900.0
2026-08-11,9211,凱基台南,03211T,10000,0,9000.0,0.0,10000,9000.0
2026-08-11,9211,凱基台南,03275T,30000,0,33000.0,0.0,30000,33000.0
2026-08-11,9211,凱基台南,03432T,30000,0,35700.0,0.0,30000,35700.0
2026-08-11,9211,凱基台南,03448T,100000,0,74750.0,0.0,100000,74750.0
2026-08-11,9211,凱基台南,03659T,10000,0,14800.0,0.0,10000,14800.0
2026-08-11,9211,凱基台南,03790T,10000,0,7900.0,0.0,10000,7900.0
2026-08-11,9211,凱基台南,03861T,10000,0,9800.0,0.0,10000,9800.0
2026-08-11,9211,凱基台南,03888T,60000,0,49100.0,0.0,60000,49100.0
2026-08-11,9211,凱基台南,04059T,10000,0,11500.0,0.0,10000,11500.0
2026-08-11,9211,凱基台南,04088T,5000,0,13800.0,0.0,5000,13800.0
2026-08-11,9211,凱基台南,052266,0,650000,0.0,449000.0,-650000,-449000.0
2026-08-11,9211,凱基台南,052668,5000,0,21850.0,0.0,5000,21850.0
2026-08-11,9211,凱基台南,052987,2000,0,1580.0,0.0,2000,1580.0
2026-08-11,9211,凱基台南,054221,75000,0,14250.0,0.0,75000,14250.0
2026-08-11,9211,凱基台南,056806,9000,0,9180.0,0.0,9000,9180.0
2026-08-11,9211,凱基台南,057878,100000,0,236000.0,0.0,100000,236000.0
2026-08-11,9211,凱基台南,060893,0,1000,0.0,4490.0,-1000,-4490.0
2026-08-11,9211,凱基台南,061143,0,4000,0.0,14680.0,-4000,-14680.0
2026-08-11,9211,凱基台南,061964,400000,0,208000.0,0.0,400000,208000.0
2026-08-11,9211,凱基台南,063022,5000,0,9950.0,0.0,5000,9950.0
2026-08-11,9211,凱基台南,063373,13000,0,9620.0,0.0,13000,9620.0
2026-08-11,9211,凱基台南,063817,20000,0,18800.0,0.0,20000,18800.0
2026-08-11,9211,凱基台南,065654,0,60000,0.0,37200.0,-60000,-37200.0
2026-08-11,9211,凱基台南,065790,0,15000,0.0,10850.0,-15000,-10850.0
2026-08-11,9211,凱基台南,066784,0,11000,0.0,115500.0,-11000,-115500.0
2026-08-11,9211,凱基台南,066818,2000,0,20900.0,0.0,2000,20900.0
2026-08-11,9211,凱基台南,067128,0,1000,0.0,1350.0,-1000,-1350.0
2026-08-11,9211,凱基台南,067161,15000,0,24800.0,0.0,15000,24800.0
2026-08-11,9211,凱基台南,067193,0,10000,0.0,47800.0,-10000,-47800.0
2026-08-11,9211,凱基台南,067209,0,30000,0.0,65100.0,-30000,-65100.0
2026-08-11,9211,凱基台南,067246,5000,0,5600.0,0.0,5000,5600.0
2026-08-11,9211,凱基台南,067411,30000,0,22800.0,0.0,30000,22800.0
2026-08-11,9211,凱基台南,067606,0,10000,0.0,8200.0,-10000,-8200.0
2026-08-11,9211,凱基台南,067755,100000,120000,115000.0,141600.0,-20000,-26600.0
2026-08-11,9211,凱基台南,068111,0,10000,0.0,6700.0,-10000,-6700.0
2026-08-11,9211,凱基台南,069246,23000,0,11720.0,0.0,23000,11720.0
2026-08-11,9211,凱基台南,070939,0,5000,0.0,6450.0,-5000,-6450.0
2026-08-11,9211,凱基台南,071685,20000,80000,8000.0,36000.0,-60000,-28000.0
2026-08-11,9211,凱基台南,071883,2000,0,2340.0,0.0,2000,2340.0
2026-08-11,9211,凱基台南,072845,0,20000,0.0,14000.0,-20000,-14000.0
2026-08-11,9211,凱基台南,073199,3000,0,7110.0,0.0,3000,7110.0
2026-08-11,9211,凱基台南,073551,0,10000,0.0,15600.0,-10000,-15600.0
2026-08-11,9211,凱基台南,074806,12000,0,10080.0,0.0,12000,10080.0
2026-08-11,9211,凱基台南,074942,50000,0,74000.0,0.0,50000,74000.0
2026-08-11,9211,凱基台南,075163,10000,0,11800.0,0.0,10000,11800.0
2026-08-11,9211,凱基台南,075875,20000,0,10400.0,0.0,20000,10400.0
2026-08-11,9211,凱基台南,075908,10000,0,10700.0,0.0,10000,10700.0
2026-08-11,9211,凱基台南,076096,10000,0,15400.0,0.0,10000,15400.0
2026-08-11,9211,凱基台南,076421,10000,0,10400.0,0.0,10000,10400.0
2026-08-11,9211,凱基台南,076479,0,5000,0.0,4400.0,-5000,-4400.0
2026-08-11,9211,凱基台南,076530,15000,0,20100.0,0.0,15000,20100.0
2026-08-11,9211,凱基台南,076572,0,40000,0.0,36800.0,-40000,-36800.0
2026-08-11,9211,凱基台南,076624,0,36000,0.0,15120.0,-36000,-15120.0
2026-08-11,9211,凱基台南,076806,6000,0,10740.0,0.0,6000,10740.0
2026-08-11,9211,凱基台南,076904,4000,0,10040.0,0.0,4000,10040.0
2026-08-11,9211,凱基台南,077275,5000,0,5250.0,0.0,5000,5250.0
2026-08-11,9211,凱基台南,077537,0,70000,0.0,121100.0,-70000,-121100.0
2026-08-11,9211,凱基台南,077552,0,10000,0.0,18900.0,-10000,-18900.0
2026-08-11,9211,凱基台南,078770,5000,0,6500.0,0.0,5000,6500.0
2026-08-11,9211,凱基台南,078838,15000,0,17250.0,0.0,15000,17250.0
2026-08-11,9211,凱基台南,08169U,30000,0,3300.0,0.0,30000,3300.0
2026-08-11,9211,凱基台南,700022,1000,1000,2830.0,3170.0,0,-340.0
2026-08-11,9211,凱基台南,703969,9000,0,10080.0,0.0,9000,10080.0
2026-08-11,9211,凱基台南,706503,10000,0,9400.0,0.0,10000,9400.0
2026-08-11,9211,凱基台南,706865,2000,0,9420.0,0.0,2000,9420.0
2026-08-11,9211,凱基台南,707787,20000,0,5510.0,0.0,20000,5510.0
2026-08-11,9211,凱基台南,708660,180000,0,114400.0,0.0,180000,114400.0
2026-08-11,9211,凱基台南,708706,0,20000,0.0,19600.0,-20000,-19600.0
2026-08-11,9211,凱基台南,708723,40000,55000,8800.0,9900.0,-15000,-1100.0
2026-08-11,9211,凱基台南,709011,60000,0,24000.0,0.0,60000,24000.0
2026-08-11,9211,凱基台南,709740,0,240000,0.0,91200.0,-240000,-91200.0
2026-08-11,9211,凱基台南,709781,23000,0,10120.0,0.0,23000,10120.0
2026-08-11,9211,凱基台南,710008,10000,0,4700.0,0.0,10000,4700.0
2026-08-11,9211,凱基台南,710287,7000,0,9520.0,0.0,7000,9520.0
2026-08-11,9211,凱基台南,710385,7000,0,5390.0,0.0,7000,5390.0
2026-08-11,9211,凱基台南,710547,37000,0,29970.0,0.0,37000,29970.0
2026-08-11,9211,凱基台南,710885,12000,0,9960.0,0.0,12000,9960.0
2026-08-11,9211,凱基台南,711048,0,79000,0.0,51350.0,-79000,-51350.0
2026-08-11,9211,凱基台南,711128,8000,5000,12640.0,7750.0,3000,4890.0
2026-08-11,9211,凱基台南,711138,5000,0,3000.0,0.0,5000,3000.0
2026-08-11,9211,凱基台南,711163,10000,0,17050.0,0.0,10000,17050.0
2026-08-11,9211,凱基台南,711338,20000,0,14600.0,0.0,20000,14600.0
2026-08-11,9211,凱基台南,711517,40000,0,25200.0,0.0,40000,25200.0
2026-08-11,9211,凱基台南,711536,15000,0,10200.0,0.0,15000,10200.0
2026-08-11,9211,凱基台南,711625,5000,0,9300.0,0.0,5000,9300.0
2026-08-11,9211,凱基台南,711906,80000,0,93100.0,0.0,80000,93100.0
2026-08-11,9211,凱基台南,72854U,0,30000,0.0,6400.0,-30000,-6400.0
2026-08-11,9211,凱基台南,72889U,40000,0,20000.0,0.0,40000,20000.0
2026-08-11,9211,凱基台南,729186,4000,0,9400.0,0.0,4000,9400.0
2026-08-11,9211,凱基台南,72928U,0,70000,0.0,62100.0,-70000,-62100.0
2026-08-11,9211,凱基台南,736244,1000,0,7150.0,0.0,1000,7150.0
2026-08-11,9211,凱基台南,736431,19000,0,10070.0,0.0,19000,10070.0
2026-08-11,9229,凱基中山,056429,2000,0,19200.0,0.0,2000,19200.0
2026-08-11,9229,凱基中山,063351,100000,0,77000.0,0.0,100000,77000.0
2026-08-11,9229,凱基中山,065072,0,2000,0.0,3300.0,-2000,-3300.0
2026-08-11,9229,凱基中山,067131,4000,0,29500.0,0.0,4000,29500.0
2026-08-11,9229,凱基中山,067145,5000,0,9950.0,0.0,5000,9950.0
2026-08-11,9229,凱基中山,067152,0,100000,0.0,12000.0,-100000,-12000.0
2026-08-11,9229,凱基中山,067167,10000,0,26500.0,0.0,10000,26500.0
2026-08-11,9229,凱基中山,067550,0,300000,0.0,656000.0,-300000,-656000.0
2026-08-11,9229,凱基中山,069499,10000,0,2000.0,0.0,10000,2000.0
2026-08-11,9229,凱基中山,069567,0,22000,0.0,10120.0,-22000,-10120.0
2026-08-11,9229,凱基中山,071548,100000,0,91500.0,0.0,100000,91500.0
2026-08-11,9229,凱基中山,075596,50000,0,350000.0,0.0,50000,350000.0
2026-08-11,9229,凱基中山,076216,0,100000,0.0,217000.0,-100000,-217000.0
2026-08-11,9229,凱基中山,077156,18000,0,23580.0,0.0,18000,23580.0
2026-08-11,9229,凱基中山,077437,256000,0,443960.0,0.0,256000,443960.0
2026-08-11,9229,凱基中山,078440,50000,0,165540.0,0.0,50000,165540.0
2026-08-11,9229,凱基中山,706125,0,11000,0.0,13970.0,-11000,-13970.0
2026-08-11,9229,凱基中山,706461,0,24000,0.0,23280.0,-24000,-23280.0
2026-08-11,9229,凱基中山,707073,34000,0,36040.0,0.0,34000,36040.0
2026-08-11,9229,凱基中山,707423,0,6000,0.0,5280.0,-6000,-5280.0
2026-08-11,9229,凱基中山,711047,0,31000,0.0,17360.0,-31000,-17360.0
2026-08-11,9229,凱基中山,712082,27000,0,63020.0,0.0,27000,63020.0
2026-08-11,9237,凱基敦北,063533,2000,0,7600.0,0.0,2000,7600.0
2026-08-11,9237,凱基敦北,067279,1000,0,1770.0,0.0,1000,1770.0
2026-08-11,9237,凱基敦北,072039,5000,0,7950.0,0.0,5000,7950.0
2026-08-11,9237,凱基敦北,073985,2000,0,940.0,0.0,2000,940.0
2026-08-11,9237,凱基敦北,075991,2000,0,2180.0,0.0,2000,2180.0
2026-08-11,9237,凱基敦北,078874,499000,0,1202590.0,0.0,499000,1202590.0
2026-08-11,9237,凱基敦北,706711,0,1000,0.0,470.0,-1000,-470.0
2026-08-11,9238,凱基士林,03737B,0,1000,0.0,970.0,-1000,-970.0
2026-08-11,9238,凱基士林,038987,2000,0,1700.0,0.0,2000,1700.0
2026-08-11,9238,凱基士林,041511,2000,0,16000.0,0.0,2000,16000.0
2026-08-11,9238,凱基士林,043676,10000,0,7200.0,0.0,10000,7200.0
2026-08-11,9238,凱基士林,044796,0,5000,0.0,6900.0,-5000,-6900.0
2026-08-11,9238,凱基士林,047870,0,2000,0.0,6580.0,-2000,-6580.0
2026-08-11,9238,凱基士林,049787,1000,0,3830.0,0.0,1000,3830.0
2026-08-11,9238,凱基士林,050195,0,1000,0.0,13500.0,-1000,-13500.0
2026-08-11,9238,凱基士林,053666,0,5000,0.0,3600.0,-5000,-3600.0
2026-08-11,9238,凱基士林,054935,5000,0,8450.0,0.0,5000,8450.0
2026-08-11,9238,凱基士林,056059,2000,0,2200.0,0.0,2000,2200.0
2026-08-11,9238,凱基士林,056074,3000,0,6210.0,0.0,3000,6210.0
2026-08-11,9238,凱基士林,056382,0,50000,0.0,68500.0,-50000,-68500.0
2026-08-11,9238,凱基士林,057622,0,3000,0.0,10350.0,-3000,-10350.0
2026-08-11,9238,凱基士林,057900,0,1000,0.0,7150.0,-1000,-7150.0
2026-08-11,9238,凱基士林,058447,3000,0,9150.0,0.0,3000,9150.0
2026-08-11,9238,凱基士林,058676,2000,0,5380.0,0.0,2000,5380.0
2026-08-11,9238,凱基士林,059007,0,28000,0.0,17360.0,-28000,-17360.0
2026-08-11,9238,凱基士林,059753,5000,0,13420.0,0.0,5000,13420.0
2026-08-11,9238,凱基士林,059796,0,40000,0.0,16800.0,-40000,-16800.0
2026-08-11,9238,凱基士林,061013,10000,0,7900.0,0.0,10000,7900.0
2026-08-11,9238,凱基士林,061756,10000,0,9000.0,0.0,10000,9000.0
2026-08-11,9238,凱基士林,061763,0,3000,0.0,1140.0,-3000,-1140.0
2026-08-11,9238,凱基士林,064372,0,2000,0.0,5520.0,-2000,-5520.0
2026-08-11,9238,凱基士林,064442,4000,0,7810.0,0.0,4000,7810.0
2026-08-11,9238,凱基士林,065191,0,5000,0.0,8000.0,-5000,-8000.0
2026-08-11,9238,凱基士林,065426,0,1000,0.0,210.0,-1000,-210.0
2026-08-11,9238,凱基士林,066773,0,1000,0.0,3100.0,-1000,-3100.0
2026-08-11,9238,凱基士林,066784,0,4000,0.0,40800.0,-4000,-40800.0
2026-08-11,9238,凱基士林,066785,3000,0,17700.0,0.0,3000,17700.0
2026-08-11,9238,凱基士林,067409,110000,0,56250.0,0.0,110000,56250.0
2026-08-11,9238,凱基士林,067814,20000,15000,35000.0,27450.0,5000,7550.0
2026-08-11,9238,凱基士林,068512,0,3000,0.0,33000.0,-3000,-33000.0
2026-08-11,9238,凱基士林,068521,200000,0,122500.0,0.0,200000,122500.0
2026-08-11,9238,凱基士林,068526,0,2000,0.0,1680.0,-2000,-1680.0
2026-08-11,9238,凱基士林,070056,0,3000,0.0,2310.0,-3000,-2310.0
2026-08-11,9238,凱基士林,070129,0,20000,0.0,21600.0,-20000,-21600.0
2026-08-11,9238,凱基士林,070545,0,5000,0.0,9850.0,-5000,-9850.0
2026-08-11,9238,凱基士林,070846,10000,0,7400.0,0.0,10000,7400.0
2026-08-11,9238,凱基士林,072942,10000,0,9600.0,0.0,10000,9600.0
2026-08-11,9238,凱基士林,073946,20000,0,14000.0,0.0,20000,14000.0
2026-08-11,9238,凱基士林,074567,0,20000,0.0,12000.0,-20000,-12000.0
2026-08-11,9238,凱基士林,074634,0,30000,0.0,6900.0,-30000,-6900.0
2026-08-11,9238,凱基士林,077010,0,6000,0.0,11700.0,-6000,-11700.0
2026-08-11,9238,凱基士林,077479,0,2000,0.0,2800.0,-2000,-2800.0
2026-08-11,9238,凱基士林,077568,0,3000,0.0,5350.0,-3000,-5350.0
2026-08-11,9238,凱基士林,077785,10000,0,21300.0,0.0,10000,21300.0
2026-08-11,9238,凱基士林,078525,20000,0,36300.0,0.0,20000,36300.0
2026-08-11,9238,凱基士林,700709,100000,0,18000.0,0.0,100000,18000.0
2026-08-11,9238,凱基士林,706176,2000,0,6380.0,0.0,2000,6380.0
2026-08-11,9238,凱基士林,707352,0,3000,0.0,3330.0,-3000,-3330.0
2026-08-11,9238,凱基士林,707527,15000,0,17200.0,0.0,15000,17200.0
2026-08-11,9238,凱基士林,708726,0,2000,0.0,5600.0,-2000,-5600.0
2026-08-11,9238,凱基士林,709230,2000,0,2840.0,0.0,2000,2840.0
2026-08-11,9238,凱基士林,709241,60000,0,13800.0,0.0,60000,13800.0
2026-08-11,9238,凱基士林,711975,2000,1000,4400.0,2420.0,1000,1980.0
2026-08-11,9238,凱基士林,733461,0,9000,0.0,4460.0,-9000,-4460.0
2026-08-11,9302,華南台中,03051T,34000,0,5260.0,0.0,34000,5260.0
2026-08-11,9302,華南台中,03098T,10000,0,5700.0,0.0,10000,5700.0
2026-08-11,9302,華南台中,03142T,100000,100000,12000.0,13000.0,0,-1000.0
2026-08-11,9302,華南台中,03238T,15000,0,14950.0,0.0,15000,14950.0
2026-08-11,9302,華南台中,03495T,5000,0,3600.0,0.0,5000,3600.0
2026-08-11,9302,華南台中,035458,0,20000,0.0,4000.0,-20000,-4000.0
2026-08-11,9302,華南台中,03670T,0,10000,0.0,6900.0,-10000,-6900.0
2026-08-11,9302,華南台中,03732B,0,79000,0.0,51350.0,-79000,-51350.0
2026-08-11,9302,華南台中,043291,40000,0,9100.0,0.0,40000,9100.0
2026-08-11,9302,華南台中,050315,0,8000,0.0,22150.0,-8000,-22150.0
2026-08-11,9302,華南台中,053518,1000,0,1370.0,0.0,1000,1370.0
2026-08-11,9302,華南台中,057544,1000,0,2500.0,0.0,1000,2500.0
2026-08-11,9302,華南台中,058716,0,1000,0.0,280.0,-1000,-280.0
2026-08-11,9302,華南台中,063286,0,10000,0.0,4800.0,-10000,-4800.0
2026-08-11,9302,華南台中,065006,8000,0,12200.0,0.0,8000,12200.0
2026-08-11,9302,華南台中,066083,8000,0,5900.0,0.0,8000,5900.0
2026-08-11,9302,華南台中,066523,30000,0,12900.0,0.0,30000,12900.0
2026-08-11,9302,華南台中,068097,15000,0,8700.0,0.0,15000,8700.0
2026-08-11,9302,華南台中,068479,0,20000,0.0,19600.0,-20000,-19600.0
2026-08-11,9302,華南台中,069064,0,300000,0.0,549000.0,-300000,-549000.0
2026-08-11,9302,華南台中,069954,20000,0,11200.0,0.0,20000,11200.0
2026-08-11,9302,華南台中,070168,0,2000000,0.0,520000.0,-2000000,-520000.0
2026-08-11,9302,華南台中,070259,0,20000,0.0,4400.0,-20000,-4400.0
2026-08-11,9302,華南台中,070629,0,4000,0.0,6960.0,-4000,-6960.0
2026-08-11,9302,華南台中,072608,150000,0,191500.0,0.0,150000,191500.0
2026-08-11,9302,華南台中,072632,300000,0,291000.0,0.0,300000,291000.0
2026-08-11,9302,華南台中,075650,4000,0,4260.0,0.0,4000,4260.0
2026-08-11,9302,華南台中,076297,0,16000,0.0,14080.0,-16000,-14080.0
2026-08-11,9302,華南台中,078897,10000,0,13700.0,0.0,10000,13700.0
2026-08-11,9302,永昌台中,704287,8000,0,1200.0,0.0,8000,1200.0
2026-08-11,9302,永昌台中,706942,1000,0,520.0,0.0,1000,520.0
2026-08-11,9302,永昌台中,707334,0,1000,0.0,1950.0,-1000,-1950.0
2026-08-11,9302,永昌台中,707527,150000,0,172500.0,0.0,150000,172500.0
2026-08-11,9302,永昌台中,708152,0,18000,0.0,25200.0,-18000,-25200.0
2026-08-11,9302,永昌台中,708588,0,18000,0.0,4080.0,-18000,-4080.0
2026-08-11,9302,永昌台中,708867,0,1000,0.0,3800.0,-1000,-3800.0
2026-08-11,9302,永昌台中,708868,0,1000,0.0,3000.0,-1000,-3000.0
2026-08-11,9302,永昌台中,709168,0,12000,0.0,4330.0,-12000,-4330.0
2026-08-11,9302,永昌台中,709532,0,130000,0.0,20800.0,-130000,-20800.0
2026-08-11,9302,永昌台中,711029,3000,0,2280.0,0.0,3000,2280.0
2026-08-11,9302,永昌台中,72692U,37000,0,1850.0,0.0,37000,1850.0
2026-08-11,9302,永昌台中,72889U,15000,0,7400.0,0.0,15000,7400.0
2026-08-11,9316,華南淡水,03188T,6000,0,4440.0,0.0,6000,4440.0
2026-08-11,9316,華南淡水,03726B,1000,0,950.0,0.0,1000,950.0
2026-08-11,9316,華南淡水,040630,0,46000,0.0,139100.0,-46000,-139100.0
2026-08-11,9316,華南淡水,044171,1000,0,3880.0,0.0,1000,3880.0
2026-08-11,9316,華南淡水,051089,0,1000,0.0,5850.0,-1000,-5850.0
2026-08-11,9316,華南淡水,051844,60000,0,90000.0,0.0,60000,90000.0
2026-08-11,9316,華南淡水,051984,0,1000,0.0,4890.0,-1000,-4890.0
2026-08-11,9316,華南淡水,052246,0,900000,0.0,522600.0,-900000,-522600.0
2026-08-11,9316,華南淡水,054459,0,2000,0.0,3140.0,-2000,-3140.0
2026-08-11,9316,華南淡水,056074,5000,0,10450.0,0.0,5000,10450.0
2026-08-11,9316,華南淡水,056391,1000,0,3060.0,0.0,1000,3060.0
2026-08-11,9316,華南淡水,059271,0,1000,0.0,22600.0,-1000,-22600.0
2026-08-11,9316,華南淡水,060606,0,1000,0.0,1450.0,-1000,-1450.0
2026-08-11,9316,華南淡水,062900,0,1000,0.0,4960.0,-1000,-4960.0
2026-08-11,9316,華南淡水,063053,0,1000,0.0,3950.0,-1000,-3950.0
2026-08-11,9316,華南淡水,063324,0,1000,0.0,8000.0,-1000,-8000.0
2026-08-11,9316,華南淡水,063505,2000,0,1840.0,0.0,2000,1840.0
2026-08-11,9316,華南淡水,064224,4000,0,1800.0,0.0,4000,1800.0
2026-08-11,9316,華南淡水,064331,0,1000,0.0,16700.0,-1000,-16700.0
2026-08-11,9316,華南淡水,066466,0,2000,0.0,4720.0,-2000,-4720.0
2026-08-11,9316,華南淡水,066633,1000,0,1860.0,0.0,1000,1860.0
2026-08-11,9316,華南淡水,067642,1000,0,930.0,0.0,1000,930.0
2026-08-11,9316,華南淡水,067782,2000,0,2200.0,0.0,2000,2200.0
2026-08-11,9316,華南淡水,070809,150000,0,71500.0,0.0,150000,71500.0
2026-08-11,9316,華南淡水,072039,5000,0,8440.0,0.0,5000,8440.0
2026-08-11,9316,華南淡水,072173,30000,0,11800.0,0.0,30000,11800.0
2026-08-11,9316,華南淡水,075763,5000,0,5370.0,0.0,5000,5370.0
2026-08-11,9316,華南淡水,075821,3000,0,4740.0,0.0,3000,4740.0
2026-08-11,9316,華南淡水,075955,3000,0,5640.0,0.0,3000,5640.0
2026-08-11,9316,華南淡水,076096,3000,0,4620.0,0.0,3000,4620.0
2026-08-11,9316,華南淡水,076225,2000,0,2620.0,0.0,2000,2620.0
2026-08-11,9316,華南淡水,076227,1000,0,1210.0,0.0,1000,1210.0
2026-08-11,9316,華南淡水,076417,2000,0,3600.0,0.0,2000,3600.0
2026-08-11,9316,華南淡水,076659,4000,0,6260.0,0.0,4000,6260.0
2026-08-11,9316,華南淡水,077411,2000,0,2320.0,0.0,2000,2320.0
2026-08-11,9316,華南淡水,077464,2000,0,4240.0,0.0,2000,4240.0
2026-08-11,9316,華南淡水,077977,2000,40000,6640.0,135200.0,-38000,-128560.0
2026-08-11,9316,華南淡水,078189,0,4000,0.0,3800.0,-4000,-3800.0
2026-08-11,9316,華南淡水,078499,4000,0,5240.0,0.0,4000,5240.0
2026-08-11,9316,華南淡水,078525,3000,0,5430.0,0.0,3000,5430.0
2026-08-11,9316,華南淡水,078589,2000,0,4200.0,0.0,2000,4200.0
2026-08-11,9316,華南淡水,078713,2000,0,3680.0,0.0,2000,3680.0
2026-08-11,9316,華南淡水,079703,5000,0,8700.0,0.0,5000,8700.0
2026-08-11,9316,華南淡水,079847,5000,0,5650.0,0.0,5000,5650.0
2026-08-11,9316,永昌淡水,704793,0,1000,0.0,4750.0,-1000,-4750.0
2026-08-11,9316,永昌淡水,705262,20000,0,8200.0,0.0,20000,8200.0
2026-08-11,9316,永昌淡水,705488,2000,0,2280.0,0.0,2000,2280.0
2026-08-11,9316,永昌淡水,706037,6000,0,4500.0,0.0,6000,4500.0
2026-08-11,9316,永昌淡水,706859,0,2000,0.0,1540.0,-2000,-1540.0
2026-08-11,9316,永昌淡水,707108,0,4000,0.0,3200.0,-4000,-3200.0
2026-08-11,9316,永昌淡水,707226,0,5000,0.0,3850.0,-5000,-3850.0
2026-08-11,9316,永昌淡水,707236,0,2000,0.0,11000.0,-2000,-11000.0
2026-08-11,9316,永昌淡水,707275,0,3000,0.0,1680.0,-3000,-1680.0
2026-08-11,9316,永昌淡水,707328,5000,0,8350.0,0.0,5000,8350.0
2026-08-11,9316,永昌淡水,709047,1000,0,2390.0,0.0,1000,2390.0
2026-08-11,9316,永昌淡水,710431,15000,0,11850.0,0.0,15000,11850.0
2026-08-11,9316,永昌淡水,712265,25000,0,19490.0,0.0,25000,19490.0
2026-08-11,9337,華南內壢,045189,5000,0,4200.0,0.0,5000,4200.0
2026-08-11,9337,華南內壢,057289,0,7000,0.0,17640.0,-7000,-17640.0
2026-08-11,9337,華南內壢,058795,35000,0,10850.0,0.0,35000,10850.0
2026-08-11,9337,華南內壢,059122,13000,0,19770.0,0.0,13000,19770.0
2026-08-11,9337,華南內壢,059426,1000,0,1220.0,0.0,1000,1220.0
2026-08-11,9337,華南內壢,061397,50000,0,12000.0,0.0,50000,12000.0
2026-08-11,9337,華南內壢,062650,0,7000,0.0,5320.0,-7000,-5320.0
2026-08-11,9337,華南內壢,064420,8000,10000,9260.0,10900.0,-2000,-1640.0
2026-08-11,9337,華南內壢,067389,0,3000,0.0,8940.0,-3000,-8940.0
2026-08-11,9337,華南內壢,067945,10000,10000,12400.0,12900.0,0,-500.0
2026-08-11,9337,華南內壢,068247,1000,0,560.0,0.0,1000,560.0
2026-08-11,9337,華南內壢,069179,5000,0,2690.0,0.0,5000,2690.0
2026-08-11,9337,華南內壢,069543,50000,0,32700.0,0.0,50000,32700.0
2026-08-11,9337,華南內壢,069594,10000,0,12800.0,0.0,10000,12800.0
2026-08-11,9337,華南內壢,069697,1000,0,830.0,0.0,1000,830.0
2026-08-11,9337,華南內壢,070163,1000,0,610.0,0.0,1000,610.0
2026-08-11,9337,華南內壢,071218,0,10000,0.0,14200.0,-10000,-14200.0
2026-08-11,9337,華南內壢,071742,7000,0,9590.0,0.0,7000,9590.0
2026-08-11,9337,華南內壢,072002,1000,0,1020.0,0.0,1000,1020.0
2026-08-11,9337,華南內壢,072757,2000,0,800.0,0.0,2000,800.0
2026-08-11,9337,華南內壢,074806,0,1000,0.0,830.0,-1000,-830.0
2026-08-11,9337,華南內壢,076406,2000,0,4600.0,0.0,2000,4600.0
2026-08-11,9337,華南內壢,077964,1000,0,860.0,0.0,1000,860.0
2026-08-11,9337,華南內壢,079753,5000,0,5350.0,0.0,5000,5350.0
2026-08-11,9337,華南內壢,080849,30000,0,87300.0,0.0,30000,87300.0
2026-08-11,9337,永昌內壢,706891,0,14000,0.0,3920.0,-14000,-3920.0
2026-08-11,9337,永昌內壢,707775,0,43000,0.0,19780.0,-43000,-19780.0
2026-08-11,9337,永昌內壢,708017,2000,0,4360.0,0.0,2000,4360.0
2026-08-11,9337,永昌內壢,708335,5000,0,3050.0,0.0,5000,3050.0
2026-08-11,9337,永昌內壢,708701,1000,0,590.0,0.0,1000,590.0
2026-08-11,9337,永昌內壢,709032,0,7000,0.0,21260.0,-7000,-21260.0
2026-08-11,9337,永昌內壢,709698,0,50000,0.0,17000.0,-50000,-17000.0
2026-08-11,9337,永昌內壢,709783,5000,0,3650.0,0.0,5000,3650.0
2026-08-11,9337,永昌內壢,709952,2000,0,7140.0,0.0,2000,7140.0
2026-08-11,9337,永昌內壢,710303,7000,0,19040.0,0.0,7000,19040.0
2026-08-11,9337,永昌內壢,710788,1000,0,2600.0,0.0,1000,2600.0
2026-08-11,9337,永昌內壢,710993,2000,0,8220.0,0.0,2000,8220.0
2026-08-11,9343,華南頭份,044795,2000,3000,4700.0,7550.0,-1000,-2850.0
2026-08-11,9343,華南頭份,052207,5000,0,8250.0,0.0,5000,8250.0
2026-08-11,9343,華南頭份,056639,5000,0,8750.0,0.0,5000,8750.0
2026-08-11,9343,華南頭份,065707,2000,1000,6090.0,3510.0,1000,2580.0
2026-08-11,9343,華南頭份,067411,10000,11000,7300.0,8690.0,-1000,-1390.0
2026-08-11,9343,華南頭份,067847,1000,0,1290.0,0.0,1000,1290.0
2026-08-11,9343,華南頭份,069359,10000,0,7200.0,0.0,10000,7200.0
2026-08-11,9343,華南頭份,072586,10000,0,13200.0,0.0,10000,13200.0
2026-08-11,9343,華南頭份,072992,5000,0,6200.0,0.0,5000,6200.0
2026-08-11,9343,華南頭份,073325,0,14000,0.0,16520.0,-14000,-16520.0
2026-08-11,9343,華南頭份,076214,0,5000,0.0,6150.0,-5000,-6150.0
2026-08-11,9343,華南頭份,077257,1000,0,1600.0,0.0,1000,1600.0
2026-08-11,9343,華南頭份,077365,13000,0,10790.0,0.0,13000,10790.0
2026-08-11,9343,華南頭份,078007,4000,0,10760.0,0.0,4000,10760.0
2026-08-11,9343,華南頭份,078907,10000,0,12100.0,0.0,10000,12100.0
2026-08-11,9343,華南頭份,079321,20000,0,33400.0,0.0,20000,33400.0
2026-08-11,9343,華南頭份,079464,20000,0,32200.0,0.0,20000,32200.0
2026-08-11,9343,永昌頭份,705258,5000,0,5950.0,0.0,5000,5950.0
2026-08-11,9343,永昌頭份,707141,2000,0,1120.0,0.0,2000,1120.0
2026-08-11,9343,永昌頭份,708250,0,165000,0.0,89100.0,-165000,-89100.0
2026-08-11,9343,永昌頭份,708354,136000,0,88400.0,0.0,136000,88400.0
2026-08-11,961F,富邦公益,030573,1000,0,2330.0,0.0,1000,2330.0
2026-08-11,961F,富邦公益,033594,1000,0,330.0,0.0,1000,330.0
2026-08-11,961F,富邦公益,03393T,40000,0,12400.0,0.0,40000,12400.0
2026-08-11,961F,富邦公益,03518T,1000,0,1680.0,0.0,1000,1680.0
2026-08-11,961F,富邦公益,03554T,1000,0,1040.0,0.0,1000,1040.0
2026-08-11,961F,富邦公益,03600T,0,3000,0.0,3770.0,-3000,-3770.0
2026-08-11,961F,富邦公益,038318,0,10000,0.0,13700.0,-10000,-13700.0
2026-08-11,961F,富邦公益,03888T,10000,0,8700.0,0.0,10000,8700.0
2026-08-11,961F,富邦公益,04102T,0,2000,0.0,1960.0,-2000,-1960.0
2026-08-11,961F,富邦公益,051340,20000,0,11400.0,0.0,20000,11400.0
2026-08-11,961F,富邦公益,055197,30000,0,900.0,0.0,30000,900.0
2026-08-11,961F,富邦公益,055838,10000,0,27000.0,0.0,10000,27000.0
2026-08-11,961F,富邦公益,059197,6000,0,20700.0,0.0,6000,20700.0
2026-08-11,961F,富邦公益,061424,12000,0,17640.0,0.0,12000,17640.0
2026-08-11,961F,富邦公益,061605,4000,0,3240.0,0.0,4000,3240.0
2026-08-11,961F,富邦公益,061945,5000,0,2350.0,0.0,5000,2350.0
2026-08-11,961F,富邦公益,062650,0,20000,0.0,15400.0,-20000,-15400.0
2026-08-11,961F,富邦公益,062651,0,3000,0.0,2190.0,-3000,-2190.0
2026-08-11,961F,富邦公益,062775,10000,0,43200.0,0.0,10000,43200.0
2026-08-11,961F,富邦公益,064367,20000,0,44650.0,0.0,20000,44650.0
2026-08-11,961F,富邦公益,064430,0,20000,0.0,25400.0,-20000,-25400.0
2026-08-11,961F,富邦公益,064549,0,30000,0.0,43200.0,-30000,-43200.0
2026-08-11,961F,富邦公益,064625,21000,0,420.0,0.0,21000,420.0
2026-08-11,961F,富邦公益,065096,0,8000,0.0,8720.0,-8000,-8720.0
2026-08-11,961F,富邦公益,065459,2000,0,4220.0,0.0,2000,4220.0
2026-08-11,961F,富邦公益,066368,10000,0,57500.0,0.0,10000,57500.0
2026-08-11,961F,富邦公益,066383,200000,0,188000.0,0.0,200000,188000.0
2026-08-11,961F,富邦公益,066744,0,18000,0.0,55080.0,-18000,-55080.0
2026-08-11,961F,富邦公益,067411,0,100000,0.0,70000.0,-100000,-70000.0
2026-08-11,961F,富邦公益,067418,0,20000,0.0,38200.0,-20000,-38200.0
2026-08-11,961F,富邦公益,067533,6000,0,4800.0,0.0,6000,4800.0
2026-08-11,961F,富邦公益,068002,0,2000,0.0,2280.0,-2000,-2280.0
2026-08-11,961F,富邦公益,068012,40000,0,37200.0,0.0,40000,37200.0
2026-08-11,961F,富邦公益,068301,50000,0,59300.0,0.0,50000,59300.0
2026-08-11,961F,富邦公益,068482,110000,0,103300.0,0.0,110000,103300.0
2026-08-11,961F,富邦公益,069545,7000,0,2930.0,0.0,7000,2930.0
2026-08-11,961F,富邦公益,070157,30000,0,14520.0,0.0,30000,14520.0
2026-08-11,961F,富邦公益,070220,0,15000,0.0,42300.0,-15000,-42300.0
2026-08-11,961F,富邦公益,070348,30000,0,19200.0,0.0,30000,19200.0
2026-08-11,961F,富邦公益,071083,0,1000,0.0,440.0,-1000,-440.0
2026-08-11,961F,富邦公益,071512,0,6000,0.0,6780.0,-6000,-6780.0
2026-08-11,961F,富邦公益,072570,35000,0,18200.0,0.0,35000,18200.0
2026-08-11,961F,富邦公益,072689,0,6000,0.0,7860.0,-6000,-7860.0
2026-08-11,961F,富邦公益,073043,0,30000,0.0,20700.0,-30000,-20700.0
2026-08-11,961F,富邦公益,073418,0,3000,0.0,3330.0,-3000,-3330.0
2026-08-11,961F,富邦公益,073489,0,40000,0.0,16400.0,-40000,-16400.0
2026-08-11,961F,富邦公益,073570,0,5000,0.0,4840.0,-5000,-4840.0
2026-08-11,961F,富邦公益,073647,5000,0,9200.0,0.0,5000,9200.0
2026-08-11,961F,富邦公益,073901,35000,0,30450.0,0.0,35000,30450.0
2026-08-11,961F,富邦公益,074590,100000,0,50000.0,0.0,100000,50000.0
2026-08-11,961F,富邦公益,074698,0,8000,0.0,36160.0,-8000,-36160.0
2026-08-11,961F,富邦公益,075037,20000,0,38000.0,0.0,20000,38000.0
2026-08-11,961F,富邦公益,075698,10000,0,12300.0,0.0,10000,12300.0
2026-08-11,961F,富邦公益,075878,5000,0,3300.0,0.0,5000,3300.0
2026-08-11,961F,富邦公益,076624,0,1000,0.0,440.0,-1000,-440.0
2026-08-11,961F,富邦公益,077195,0,40000,0.0,78800.0,-40000,-78800.0
2026-08-11,961F,富邦公益,077563,60000,0,93000.0,0.0,60000,93000.0
2026-08-11,961F,富邦公益,078123,5000,0,9700.0,0.0,5000,9700.0
2026-08-11,961F,富邦公益,078595,0,3000,0.0,8490.0,-3000,-8490.0
2026-08-11,961F,富邦公益,078874,20000,0,48050.0,0.0,20000,48050.0
2026-08-11,961F,富邦公益,079361,0,10000,0.0,13700.0,-10000,-13700.0
2026-08-11,961F,富邦公益,08460U,0,10000,0.0,100.0,-10000,-100.0
2026-08-11,961F,富邦公益,706713,1000,0,1200.0,0.0,1000,1200.0
2026-08-11,961F,富邦公益,706932,1000,0,1780.0,0.0,1000,1780.0
2026-08-11,961F,富邦公益,707439,10000,0,7700.0,0.0,10000,7700.0
2026-08-11,961F,富邦公益,707596,5000,0,5650.0,0.0,5000,5650.0
2026-08-11,961F,富邦公益,707874,8000,0,3360.0,0.0,8000,3360.0
2026-08-11,961F,富邦公益,708243,8000,0,26800.0,0.0,8000,26800.0
2026-08-11,961F,富邦公益,708322,0,1000,0.0,2660.0,-1000,-2660.0
2026-08-11,961F,富邦公益,708660,10000,0,5500.0,0.0,10000,5500.0
2026-08-11,961F,富邦公益,708781,0,1000,0.0,850.0,-1000,-850.0
2026-08-11,961F,富邦公益,708908,0,10000,0.0,6400.0,-10000,-6400.0
2026-08-11,961F,富邦公益,708914,0,5000,0.0,2370.0,-5000,-2370.0
2026-08-11,961F,富邦公益,709561,10000,0,3600.0,0.0,10000,3600.0
2026-08-11,961F,富邦公益,709843,5000,0,11500.0,0.0,5000,11500.0
2026-08-11,961F,富邦公益,711154,7000,0,9270.0,0.0,7000,9270.0
2026-08-11,961F,富邦公益,711358,5000,0,5450.0,0.0,5000,5450.0
2026-08-11,961F,富邦公益,711408,0,499000,0.0,309380.0,-499000,-309380.0
2026-08-11,961F,富邦公益,711588,0,8000,0.0,7600.0,-8000,-7600.0
2026-08-11,961F,富邦公益,711591,4000,0,10240.0,0.0,4000,10240.0
2026-08-11,961F,富邦公益,711931,0,3000,0.0,4320.0,-3000,-4320.0
2026-08-11,9663,富邦敦南,03074T,0,5000,0.0,2900.0,-5000,-2900.0
2026-08-11,9663,富邦敦南,03234T,0,90000,0.0,78300.0,-90000,-78300.0
2026-08-11,9663,富邦敦南,03331T,5000,0,2200.0,0.0,5000,2200.0
2026-08-11,9663,富邦敦南,03336T,15000,0,12600.0,0.0,15000,12600.0
2026-08-11,9663,富邦敦南,03338T,3000,0,3210.0,0.0,3000,3210.0
2026-08-11,9663,富邦敦南,036845,20000,0,31800.0,0.0,20000,31800.0
2026-08-11,9663,富邦敦南,03732B,63000,0,42210.0,0.0,63000,42210.0
2026-08-11,9663,富邦敦南,03764T,1000,0,1210.0,0.0,1000,1210.0
2026-08-11,9663,富邦敦南,039613,2000,0,4160.0,0.0,2000,4160.0
2026-08-11,9663,富邦敦南,045631,0,10000,0.0,12000.0,-10000,-12000.0
2026-08-11,9663,富邦敦南,055837,1000,1000,690.0,690.0,0,0.0
2026-08-11,9663,富邦敦南,057479,0,1000,0.0,1430.0,-1000,-1430.0
2026-08-11,9663,富邦敦南,057857,0,8000,0.0,21000.0,-8000,-21000.0
2026-08-11,9663,富邦敦南,057941,5000,0,1800.0,0.0,5000,1800.0
2026-08-11,9663,富邦敦南,058793,20000,0,27200.0,0.0,20000,27200.0
2026-08-11,9663,富邦敦南,059007,30000,0,19600.0,0.0,30000,19600.0
2026-08-11,9663,富邦敦南,059225,3000,0,8520.0,0.0,3000,8520.0
2026-08-11,9663,富邦敦南,059639,0,30000,0.0,91200.0,-30000,-91200.0
2026-08-11,9663,富邦敦南,060718,0,2000,0.0,5520.0,-2000,-5520.0
2026-08-11,9663,富邦敦南,060893,0,100000,0.0,440000.0,-100000,-440000.0
2026-08-11,9663,富邦敦南,061945,5000,0,2300.0,0.0,5000,2300.0
2026-08-11,9663,富邦敦南,063345,50000,0,20600.0,0.0,50000,20600.0
2026-08-11,9663,富邦敦南,064004,0,1000,0.0,2490.0,-1000,-2490.0
2026-08-11,9663,富邦敦南,065459,6000,0,13620.0,0.0,6000,13620.0
2026-08-11,9663,富邦敦南,066145,5000,0,14100.0,0.0,5000,14100.0
2026-08-11,9663,富邦敦南,066523,35000,10000,15700.0,3900.0,25000,11800.0
2026-08-11,9663,富邦敦南,066976,0,30000,0.0,6900.0,-30000,-6900.0
2026-08-11,9663,富邦敦南,067214,0,25000,0.0,38100.0,-25000,-38100.0
2026-08-11,9663,富邦敦南,067347,8000,16000,19390.0,40080.0,-8000,-20690.0
2026-08-11,9663,富邦敦南,067411,25000,0,19550.0,0.0,25000,19550.0
2026-08-11,9663,富邦敦南,067611,0,6000,0.0,6120.0,-6000,-6120.0
2026-08-11,9663,富邦敦南,067638,2000,0,1820.0,0.0,2000,1820.0
2026-08-11,9663,富邦敦南,067814,10000,0,19100.0,0.0,10000,19100.0
2026-08-11,9663,富邦敦南,067860,0,41000,0.0,100800.0,-41000,-100800.0
2026-08-11,9663,富邦敦南,067971,0,210000,0.0,139200.0,-210000,-139200.0
2026-08-11,9663,富邦敦南,068001,9000,0,7800.0,0.0,9000,7800.0
2026-08-11,9663,富邦敦南,068053,2000,0,1660.0,0.0,2000,1660.0
2026-08-11,9663,富邦敦南,068081,20000,0,18400.0,0.0,20000,18400.0
2026-08-11,9663,富邦敦南,068426,10000,0,12400.0,0.0,10000,12400.0
2026-08-11,9663,富邦敦南,068507,10000,0,9750.0,0.0,10000,9750.0
2026-08-11,9663,富邦敦南,068514,30000,0,65700.0,0.0,30000,65700.0
2026-08-11,9663,富邦敦南,069023,4000,0,4840.0,0.0,4000,4840.0
2026-08-11,9663,富邦敦南,069151,5000,13000,4400.0,11440.0,-8000,-7040.0
2026-08-11,9663,富邦敦南,069801,200000,0,124000.0,0.0,200000,124000.0
2026-08-11,9663,富邦敦南,070000,26000,0,32800.0,0.0,26000,32800.0
2026-08-11,9663,富邦敦南,070254,1000,0,550.0,0.0,1000,550.0
2026-08-11,9663,富邦敦南,070346,30000,0,12100.0,0.0,30000,12100.0
2026-08-11,9663,富邦敦南,070620,1000,0,680.0,0.0,1000,680.0
2026-08-11,9663,富邦敦南,070805,0,70000,0.0,79800.0,-70000,-79800.0
2026-08-11,9663,富邦敦南,071250,5000,0,4600.0,0.0,5000,4600.0
2026-08-11,9663,富邦敦南,071310,1000,0,810.0,0.0,1000,810.0
2026-08-11,9663,富邦敦南,071432,0,165000,0.0,156450.0,-165000,-156450.0
2026-08-11,9663,富邦敦南,071467,5000,0,9500.0,0.0,5000,9500.0
2026-08-11,9663,富邦敦南,072142,0,8000,0.0,12800.0,-8000,-12800.0
2026-08-11,9663,富邦敦南,073203,0,200000,0.0,152000.0,-200000,-152000.0
2026-08-11,9663,富邦敦南,073250,10000,0,12000.0,0.0,10000,12000.0
2026-08-11,9663,富邦敦南,073823,0,90000,0.0,94300.0,-90000,-94300.0
2026-08-11,9663,富邦敦南,074261,10000,0,9300.0,0.0,10000,9300.0
2026-08-11,9663,富邦敦南,074409,30000,0,22200.0,0.0,30000,22200.0
2026-08-11,9663,富邦敦南,074499,30000,0,19000.0,0.0,30000,19000.0
2026-08-11,9663,富邦敦南,074520,20000,35000,18200.0,36000.0,-15000,-17800.0
2026-08-11,9663,富邦敦南,074717,10000,0,5700.0,0.0,10000,5700.0
2026-08-11,9663,富邦敦南,075055,20000,0,10400.0,0.0,20000,10400.0
2026-08-11,9663,富邦敦南,075718,5000,0,3250.0,0.0,5000,3250.0
2026-08-11,9663,富邦敦南,075925,0,15000,0.0,9600.0,-15000,-9600.0
2026-08-11,9663,富邦敦南,076624,20000,0,9000.0,0.0,20000,9000.0
2026-08-11,9663,富邦敦南,077306,0,45000,0.0,84800.0,-45000,-84800.0
2026-08-11,9663,富邦敦南,077435,0,90000,0.0,82800.0,-90000,-82800.0
2026-08-11,9663,富邦敦南,077476,0,15000,0.0,6900.0,-15000,-6900.0
2026-08-11,9663,富邦敦南,077654,1000,0,910.0,0.0,1000,910.0
2026-08-11,9663,富邦敦南,077814,10000,0,8300.0,0.0,10000,8300.0
2026-08-11,9663,富邦敦南,077906,104000,0,99840.0,0.0,104000,99840.0
2026-08-11,9663,富邦敦南,078189,0,10000,0.0,9950.0,-10000,-9950.0
2026-08-11,9663,富邦敦南,078456,0,118000,0.0,166380.0,-118000,-166380.0
2026-08-11,9663,富邦敦南,078601,0,299000,0.0,787310.0,-299000,-787310.0
2026-08-11,9663,富邦敦南,078624,0,330000,0.0,409200.0,-330000,-409200.0
2026-08-11,9663,富邦敦南,078749,0,100000,0.0,312870.0,-100000,-312870.0
2026-08-11,9663,富邦敦南,078920,5000,0,4250.0,0.0,5000,4250.0
2026-08-11,9663,富邦敦南,704950,10000,0,500.0,0.0,10000,500.0
2026-08-11,9663,富邦敦南,706134,17000,0,21570.0,0.0,17000,21570.0
2026-08-11,9663,富邦敦南,706419,10000,0,7500.0,0.0,10000,7500.0
2026-08-11,9663,富邦敦南,707328,0,5000,0.0,9300.0,-5000,-9300.0
2026-08-11,9663,富邦敦南,707681,20000,0,9200.0,0.0,20000,9200.0
2026-08-11,9663,富邦敦南,708181,10000,0,7400.0,0.0,10000,7400.0
2026-08-11,9663,富邦敦南,708445,10000,0,3400.0,0.0,10000,3400.0
2026-08-11,9663,富邦敦南,708570,0,10000,0.0,5300.0,-10000,-5300.0
2026-08-11,9663,富邦敦南,708588,10000,0,2400.0,0.0,10000,2400.0
2026-08-11,9663,富邦敦南,708677,0,10000,0.0,5700.0,-10000,-5700.0
2026-08-11,9663,富邦敦南,708764,0,30000,0.0,15300.0,-30000,-15300.0
2026-08-11,9663,富邦敦南,708844,5000,0,4300.0,0.0,5000,4300.0
2026-08-11,9663,富邦敦南,708870,1000,0,770.0,0.0,1000,770.0
2026-08-11,9663,富邦敦南,709166,10000,0,4000.0,0.0,10000,4000.0
2026-08-11,9663,富邦敦南,709552,0,10000,0.0,12000.0,-10000,-12000.0
2026-08-11,9663,富邦敦南,709843,5000,0,11650.0,0.0,5000,11650.0
2026-08-11,9663,富邦敦南,709976,10000,0,10500.0,0.0,10000,10500.0
2026-08-11,9663,富邦敦南,710451,0,135000,0.0,101250.0,-135000,-101250.0
2026-08-11,9663,富邦敦南,710751,20000,0,11000.0,0.0,20000,11000.0
2026-08-11,9663,富邦敦南,711603,10000,0,6000.0,0.0,10000,6000.0
2026-08-11,9663,富邦敦南,711821,10000,0,6800.0,0.0,10000,6800.0
2026-08-11,9663,富邦敦南,712265,10000,0,7700.0,0.0,10000,7700.0
2026-08-11,9663,富邦敦南,72874U,0,3000,0.0,2100.0,-3000,-2100.0
2026-08-11,9663,富邦敦南,72936U,1000,0,1910.0,0.0,1000,1910.0
2026-08-11,9663,富邦敦南,72994U,1000,0,1350.0,0.0,1000,1350.0
2026-08-11,9676,富邦仁愛,03326T,2000,0,640.0,0.0,2000,640.0
2026-08-11,9676,富邦仁愛,03618T,10000,0,13700.0,0.0,10000,13700.0
2026-08-11,9676,富邦仁愛,03888T,30000,0,24300.0,0.0,30000,24300.0
2026-08-11,9676,富邦仁愛,039028,0,1000,0.0,1930.0,-1000,-1930.0
2026-08-11,9676,富邦仁愛,048846,10000,0,37200.0,0.0,10000,37200.0
2026-08-11,9676,富邦仁愛,050145,12000,5000,960.0,350.0,7000,610.0
2026-08-11,9676,富邦仁愛,052649,15000,0,5700.0,0.0,15000,5700.0
2026-08-11,9676,富邦仁愛,053033,10000,0,20300.0,0.0,10000,20300.0
2026-08-11,9676,富邦仁愛,053422,0,10000,0.0,37200.0,-10000,-37200.0
2026-08-11,9676,富邦仁愛,053528,0,30000,0.0,50700.0,-30000,-50700.0
2026-08-11,9676,富邦仁愛,053835,0,13000,0.0,7170.0,-13000,-7170.0
2026-08-11,9676,富邦仁愛,053870,0,25000,0.0,250.0,-25000,-250.0
2026-08-11,9676,富邦仁愛,054476,5000,5000,7600.0,7300.0,0,300.0
2026-08-11,9676,富邦仁愛,054550,10000,0,34500.0,0.0,10000,34500.0
2026-08-11,9676,富邦仁愛,056009,0,50000,0.0,195000.0,-50000,-195000.0
2026-08-11,9676,富邦仁愛,056449,0,10000,0.0,51000.0,-10000,-51000.0
2026-08-11,9676,富邦仁愛,056479,0,20000,0.0,16000.0,-20000,-16000.0
2026-08-11,9676,富邦仁愛,057479,28000,300000,43160.0,424090.0,-272000,-380930.0
2026-08-11,9676,富邦仁愛,057544,10000,0,23500.0,0.0,10000,23500.0
2026-08-11,9676,富邦仁愛,058308,0,13000,0.0,12280.0,-13000,-12280.0
2026-08-11,9676,富邦仁愛,058614,0,30000,0.0,28500.0,-30000,-28500.0
2026-08-11,9676,富邦仁愛,058776,5000,0,2350.0,0.0,5000,2350.0
2026-08-11,9676,富邦仁愛,058786,50000,0,142500.0,0.0,50000,142500.0
2026-08-11,9676,富邦仁愛,059238,80000,50000,83400.0,53500.0,30000,29900.0
2026-08-11,9676,富邦仁愛,060067,0,20000,0.0,23400.0,-20000,-23400.0
2026-08-11,9676,富邦仁愛,060178,25000,25000,28000.0,26250.0,0,1750.0
2026-08-11,9676,富邦仁愛,060735,180000,0,138600.0,0.0,180000,138600.0
2026-08-11,9676,富邦仁愛,061018,0,15000,0.0,16300.0,-15000,-16300.0
2026-08-11,9676,富邦仁愛,061087,0,1000,0.0,1020.0,-1000,-1020.0
2026-08-11,9676,富邦仁愛,061211,0,18000,0.0,13320.0,-18000,-13320.0
2026-08-11,9676,富邦仁愛,061260,0,180000,0.0,384300.0,-180000,-384300.0
2026-08-11,9676,富邦仁愛,061431,1000,0,14800.0,0.0,1000,14800.0
2026-08-11,9676,富邦仁愛,061903,1000,0,2730.0,0.0,1000,2730.0
2026-08-11,9676,富邦仁愛,062018,0,5000,0.0,9850.0,-5000,-9850.0
2026-08-11,9676,富邦仁愛,062239,0,3000,0.0,5400.0,-3000,-5400.0
2026-08-11,9676,富邦仁愛,062952,184000,2000,872360.0,11500.0,182000,860860.0
2026-08-11,9676,富邦仁愛,063023,0,20000,0.0,28200.0,-20000,-28200.0
2026-08-11,9676,富邦仁愛,063126,0,10000,0.0,30500.0,-10000,-30500.0
2026-08-11,9676,富邦仁愛,063400,0,10000,0.0,5200.0,-10000,-5200.0
2026-08-11,9676,富邦仁愛,063532,8000,0,12160.0,0.0,8000,12160.0
2026-08-11,9676,富邦仁愛,063603,1000,0,5900.0,0.0,1000,5900.0
2026-08-11,9676,富邦仁愛,064011,0,1000,0.0,5300.0,-1000,-5300.0
2026-08-11,9676,富邦仁愛,065239,4000,0,9960.0,0.0,4000,9960.0
2026-08-11,9676,富邦仁愛,065314,5000,0,2850.0,0.0,5000,2850.0
2026-08-11,9676,富邦仁愛,065407,2000,0,1940.0,0.0,2000,1940.0
2026-08-11,9676,富邦仁愛,066279,5000,0,4650.0,0.0,5000,4650.0
2026-08-11,9676,富邦仁愛,066366,10000,0,44100.0,0.0,10000,44100.0
2026-08-11,9676,富邦仁愛,066523,0,10000,0.0,4100.0,-10000,-4100.0
2026-08-11,9676,富邦仁愛,066830,10000,0,28000.0,0.0,10000,28000.0
2026-08-11,9676,富邦仁愛,067010,0,1000,0.0,6050.0,-1000,-6050.0
2026-08-11,9676,富邦仁愛,067145,0,10000,0.0,21600.0,-10000,-21600.0
2026-08-11,9676,富邦仁愛,067218,10000,0,20100.0,0.0,10000,20100.0
2026-08-11,9676,富邦仁愛,067222,60000,80000,49800.0,71800.0,-20000,-22000.0
2026-08-11,9676,富邦仁愛,067411,0,41000,0.0,31750.0,-41000,-31750.0
2026-08-11,9676,富邦仁愛,067680,60000,60000,44400.0,46200.0,0,-1800.0
2026-08-11,9676,富邦仁愛,067790,6000,0,10440.0,0.0,6000,10440.0
2026-08-11,9676,富邦仁愛,067986,0,30000,0.0,16500.0,-30000,-16500.0
2026-08-11,9676,富邦仁愛,068403,20000,0,27600.0,0.0,20000,27600.0
2026-08-11,9676,富邦仁愛,068930,2000,0,2360.0,0.0,2000,2360.0
2026-08-11,9676,富邦仁愛,069228,1000,0,98000.0,0.0,1000,98000.0
2026-08-11,9676,富邦仁愛,069465,136000,0,16320.0,0.0,136000,16320.0
2026-08-11,9676,富邦仁愛,069697,2000,0,1660.0,0.0,2000,1660.0
2026-08-11,9676,富邦仁愛,069858,10000,0,12500.0,0.0,10000,12500.0
2026-08-11,9676,富邦仁愛,070161,30000,0,23500.0,0.0,30000,23500.0
2026-08-11,9676,富邦仁愛,070396,10000,0,6800.0,0.0,10000,6800.0
2026-08-11,9676,富邦仁愛,070765,0,12000,0.0,5760.0,-12000,-5760.0
2026-08-11,9676,富邦仁愛,071056,15000,0,11800.0,0.0,15000,11800.0
2026-08-11,9676,富邦仁愛,072643,6000,0,9840.0,0.0,6000,9840.0
2026-08-11,9676,富邦仁愛,073716,0,400000,0.0,212000.0,-400000,-212000.0
2026-08-11,9676,富邦仁愛,074627,7000,0,9660.0,0.0,7000,9660.0
2026-08-11,9676,富邦仁愛,074920,0,22000,0.0,29260.0,-22000,-29260.0
2026-08-11,9676,富邦仁愛,075126,10000,50000,24300.0,124000.0,-40000,-99700.0
2026-08-11,9676,富邦仁愛,075319,0,10000,0.0,12900.0,-10000,-12900.0
2026-08-11,9676,富邦仁愛,076213,0,4000,0.0,4650.0,-4000,-4650.0
2026-08-11,9676,富邦仁愛,076517,1000,0,1480.0,0.0,1000,1480.0
2026-08-11,9676,富邦仁愛,076624,10000,0,4300.0,0.0,10000,4300.0
2026-08-11,9676,富邦仁愛,076728,10000,0,20500.0,0.0,10000,20500.0
2026-08-11,9676,富邦仁愛,077285,0,1000,0.0,700.0,-1000,-700.0
2026-08-11,9676,富邦仁愛,077564,0,3000,0.0,8430.0,-3000,-8430.0
2026-08-11,9676,富邦仁愛,077744,5000,33000,16900.0,113250.0,-28000,-96350.0
2026-08-11,9676,富邦仁愛,077817,600000,0,396000.0,0.0,600000,396000.0
2026-08-11,9676,富邦仁愛,077911,5000,0,11200.0,0.0,5000,11200.0
2026-08-11,9676,富邦仁愛,078757,6000,0,6240.0,0.0,6000,6240.0
2026-08-11,9676,富邦仁愛,078820,5000,0,6750.0,0.0,5000,6750.0
2026-08-11,9676,富邦仁愛,08397U,2000,0,120.0,0.0,2000,120.0
2026-08-11,9676,富邦仁愛,084891,0,2000,0.0,18500.0,-2000,-18500.0
2026-08-11,9676,富邦仁愛,08654U,2000,0,220.0,0.0,2000,220.0
2026-08-11,9676,富邦仁愛,08885U,5000,0,450.0,0.0,5000,450.0
2026-08-11,9676,富邦仁愛,088964,1000,0,11900.0,0.0,1000,11900.0
2026-08-11,9676,富邦仁愛,704793,1000,0,4940.0,0.0,1000,4940.0
2026-08-11,9676,富邦仁愛,705089,0,29000,0.0,6960.0,-29000,-6960.0
2026-08-11,9676,富邦仁愛,705880,0,85000,0.0,17000.0,-85000,-17000.0
2026-08-11,9676,富邦仁愛,706179,18000,0,10260.0,0.0,18000,10260.0
2026-08-11,9676,富邦仁愛,706383,0,200000,0.0,138000.0,-200000,-138000.0
2026-08-11,9676,富邦仁愛,706760,0,3000,0.0,4170.0,-3000,-4170.0
2026-08-11,9676,富邦仁愛,707042,0,60000,0.0,74700.0,-60000,-74700.0
2026-08-11,9676,富邦仁愛,707306,6000,0,31300.0,0.0,6000,31300.0
2026-08-11,9676,富邦仁愛,707538,0,176000,0.0,19360.0,-176000,-19360.0
2026-08-11,9676,富邦仁愛,707615,0,129000,0.0,11610.0,-129000,-11610.0
2026-08-11,9676,富邦仁愛,707836,0,150000,0.0,18000.0,-150000,-18000.0
2026-08-11,9676,富邦仁愛,707852,2000,0,5400.0,0.0,2000,5400.0
2026-08-11,9676,富邦仁愛,707971,0,1000,0.0,400.0,-1000,-400.0
2026-08-11,9676,富邦仁愛,708125,0,200000,0.0,196000.0,-200000,-196000.0
2026-08-11,9676,富邦仁愛,708322,0,5000,0.0,13500.0,-5000,-13500.0
2026-08-11,9676,富邦仁愛,708875,200000,0,142000.0,0.0,200000,142000.0
2026-08-11,9676,富邦仁愛,708904,10000,0,5800.0,0.0,10000,5800.0
2026-08-11,9676,富邦仁愛,709287,199000,0,77610.0,0.0,199000,77610.0
2026-08-11,9676,富邦仁愛,709450,27000,0,29840.0,0.0,27000,29840.0
2026-08-11,9676,富邦仁愛,710888,10000,0,9000.0,0.0,10000,9000.0
2026-08-11,9676,富邦仁愛,710926,20000,0,28850.0,0.0,20000,28850.0
2026-08-11,9676,富邦仁愛,711024,50000,0,17500.0,0.0,50000,17500.0
2026-08-11,9676,富邦仁愛,711159,2000,0,3920.0,0.0,2000,3920.0
2026-08-11,9676,富邦仁愛,711856,10000,0,14200.0,0.0,10000,14200.0
2026-08-11,9676,富邦仁愛,72862U,1000,0,240.0,0.0,1000,240.0
2026-08-11,980l,元大虎尾,03275T,0,200000,0.0,220000.0,-200000,-220000.0
2026-08-11,980l,元大虎尾,03432T,0,301000,0.0,361200.0,-301000,-361200.0
2026-08-11,980l,元大虎尾,03787T,7000,0,5320.0,0.0,7000,5320.0
2026-08-11,980l,元大虎尾,045463,0,5000,0.0,5000.0,-5000,-5000.0
2026-08-11,980l,元大虎尾,052120,175000,0,78250.0,0.0,175000,78250.0
2026-08-11,980l,元大虎尾,057990,0,2000,0.0,12000.0,-2000,-12000.0
2026-08-11,980l,元大虎尾,059767,0,3000,0.0,2160.0,-3000,-2160.0
2026-08-11,980l,元大虎尾,060578,30000,0,12780.0,0.0,30000,12780.0
2026-08-11,980l,元大虎尾,064011,0,4000,0.0,20600.0,-4000,-20600.0
2026-08-11,980l,元大虎尾,064703,100000,0,66000.0,0.0,100000,66000.0
2026-08-11,980l,元大虎尾,065239,200000,0,498000.0,0.0,200000,498000.0
2026-08-11,980l,元大虎尾,066202,0,2000,0.0,4000.0,-2000,-4000.0
2026-08-11,980l,元大虎尾,066361,8000,0,44800.0,0.0,8000,44800.0
2026-08-11,980l,元大虎尾,066642,0,100000,0.0,72000.0,-100000,-72000.0
2026-08-11,980l,元大虎尾,067389,0,20000,0.0,54600.0,-20000,-54600.0
2026-08-11,980l,元大虎尾,067642,81000,0,76500.0,0.0,81000,76500.0
2026-08-11,980l,元大虎尾,067790,20000,0,34900.0,0.0,20000,34900.0
2026-08-11,980l,元大虎尾,067943,0,1000,0.0,2200.0,-1000,-2200.0
2026-08-11,980l,元大虎尾,068086,10000,0,31300.0,0.0,10000,31300.0
2026-08-11,980l,元大虎尾,068709,0,9000,0.0,8100.0,-9000,-8100.0
2026-08-11,980l,元大虎尾,069023,0,22000,0.0,25520.0,-22000,-25520.0
2026-08-11,980l,元大虎尾,069257,30000,0,59400.0,0.0,30000,59400.0
2026-08-11,980l,元大虎尾,069544,5000,0,2100.0,0.0,5000,2100.0
2026-08-11,980l,元大虎尾,069607,25000,6000,61500.0,14700.0,19000,46800.0
2026-08-11,980l,元大虎尾,069997,0,200000,0.0,158000.0,-200000,-158000.0
2026-08-11,980l,元大虎尾,070275,4000,0,3320.0,0.0,4000,3320.0
2026-08-11,980l,元大虎尾,071254,10000,10000,9800.0,10100.0,0,-300.0
2026-08-11,980l,元大虎尾,071928,0,30000,0.0,39900.0,-30000,-39900.0
2026-08-11,980l,元大虎尾,073237,35000,0,58450.0,0.0,35000,58450.0
2026-08-11,980l,元大虎尾,073265,0,20000,0.0,19800.0,-20000,-19800.0
2026-08-11,980l,元大虎尾,074438,10000,0,5900.0,0.0,10000,5900.0
2026-08-11,980l,元大虎尾,074672,5000,0,6950.0,0.0,5000,6950.0
2026-08-11,980l,元大虎尾,075722,10000,0,31600.0,0.0,10000,31600.0
2026-08-11,980l,元大虎尾,076888,10000,0,41300.0,0.0,10000,41300.0
2026-08-11,980l,元大虎尾,077165,10000,0,49100.0,0.0,10000,49100.0
2026-08-11,980l,元大虎尾,077566,6000,0,12900.0,0.0,6000,12900.0
2026-08-11,980l,元大虎尾,077917,0,5000,0.0,9550.0,-5000,-9550.0
2026-08-11,980l,元大虎尾,077918,4000,0,7640.0,0.0,4000,7640.0
2026-08-11,980l,元大虎尾,077984,0,200000,0.0,514000.0,-200000,-514000.0
2026-08-11,980l,元大虎尾,079381,50000,0,53000.0,0.0,50000,53000.0
2026-08-11,980l,元大虎尾,079469,0,125000,0.0,208000.0,-125000,-208000.0
2026-08-11,980l,元大虎尾,700899,17000,0,10030.0,0.0,17000,10030.0
2026-08-11,980l,元大虎尾,704207,4000,0,12950.0,0.0,4000,12950.0
2026-08-11,980l,元大虎尾,707299,0,2000,0.0,6300.0,-2000,-6300.0
2026-08-11,980l,元大虎尾,708460,0,14000,0.0,1540.0,-14000,-1540.0
2026-08-11,980l,元大虎尾,708521,10000,0,8800.0,0.0,10000,8800.0
2026-08-11,980l,元大虎尾,709302,1000,0,500.0,0.0,1000,500.0
2026-08-11,980l,元大虎尾,711710,10000,0,49700.0,0.0,10000,49700.0
2026-08-11,980l,元大虎尾,711997,15000,0,43650.0,0.0,15000,43650.0
2026-08-11,980l,元大虎尾,712299,5000,0,7040.0,0.0,5000,7040.0
2026-08-11,980l,元大虎尾,738154,1000,0,170.0,0.0,1000,170.0
2026-08-11,9853,元大南屯,03110T,0,4000,0.0,1000.0,-4000,-1000.0
2026-08-11,9853,元大南屯,03272T,1000,0,110.0,0.0,1000,110.0
2026-08-11,9853,元大南屯,03337T,6000,0,4470.0,0.0,6000,4470.0
2026-08-11,9853,元大南屯,03379T,5000,0,2150.0,0.0,5000,2150.0
2026-08-11,9853,元大南屯,03418T,25000,0,9450.0,0.0,25000,9450.0
2026-08-11,9853,元大南屯,03427T,0,30000,0.0,46500.0,-30000,-46500.0
2026-08-11,9853,元大南屯,03521T,4000,0,3880.0,0.0,4000,3880.0
2026-08-11,9853,元大南屯,036863,120000,0,104000.0,0.0,120000,104000.0
2026-08-11,9853,元大南屯,03732B,10000,0,6650.0,0.0,10000,6650.0
2026-08-11,9853,元大南屯,037387,20000,0,200.0,0.0,20000,200.0
2026-08-11,9853,元大南屯,03830T,2000,0,2520.0,0.0,2000,2520.0
2026-08-11,9853,元大南屯,03866T,2000,0,2360.0,0.0,2000,2360.0
2026-08-11,9853,元大南屯,03937T,0,1000,0.0,1060.0,-1000,-1060.0
2026-08-11,9853,元大南屯,040617,4000,0,12160.0,0.0,4000,12160.0
2026-08-11,9853,元大南屯,041209,1000,0,1060.0,0.0,1000,1060.0
2026-08-11,9853,元大南屯,04127T,2000,0,3940.0,0.0,2000,3940.0
2026-08-11,9853,元大南屯,042551,0,8000,0.0,17440.0,-8000,-17440.0
2026-08-11,9853,元大南屯,050315,30000,0,82800.0,0.0,30000,82800.0
2026-08-11,9853,元大南屯,050992,0,5000,0.0,35000.0,-5000,-35000.0
2026-08-11,9853,元大南屯,052121,0,15000,0.0,6000.0,-15000,-6000.0
2026-08-11,9853,元大南屯,052223,0,2000,0.0,3000.0,-2000,-3000.0
2026-08-11,9853,元大南屯,052805,0,10000,0.0,5700.0,-10000,-5700.0
2026-08-11,9853,元大南屯,054476,2000,0,3160.0,0.0,2000,3160.0
2026-08-11,9853,元大南屯,054694,0,30000,0.0,28450.0,-30000,-28450.0
2026-08-11,9853,元大南屯,055204,0,3000,0.0,2400.0,-3000,-2400.0
2026-08-11,9853,元大南屯,056863,52000,0,95300.0,0.0,52000,95300.0
2026-08-11,9853,元大南屯,059270,4000,0,1800.0,0.0,4000,1800.0
2026-08-11,9853,元大南屯,059838,6000,6000,22020.0,21960.0,0,60.0
2026-08-11,9853,元大南屯,059867,10000,0,19000.0,0.0,10000,19000.0
2026-08-11,9853,元大南屯,060335,70000,0,21000.0,0.0,70000,21000.0
2026-08-11,9853,元大南屯,061945,50000,0,23000.0,0.0,50000,23000.0
2026-08-11,9853,元大南屯,062427,0,10000,0.0,6300.0,-10000,-6300.0
2026-08-11,9853,元大南屯,063286,0,20000,0.0,9000.0,-20000,-9000.0
2026-08-11,9853,元大南屯,063616,1000,0,1300.0,0.0,1000,1300.0
2026-08-11,9853,元大南屯,063809,45000,10000,91950.0,22000.0,35000,69950.0
2026-08-11,9853,元大南屯,064211,1000,0,2300.0,0.0,1000,2300.0
2026-08-11,9853,元大南屯,064850,10000,0,7500.0,0.0,10000,7500.0
2026-08-11,9853,元大南屯,066018,0,1000,0.0,900.0,-1000,-900.0
2026-08-11,9853,元大南屯,066235,80000,0,127000.0,0.0,80000,127000.0
2026-08-11,9853,元大南屯,066855,0,5000,0.0,13550.0,-5000,-13550.0
2026-08-11,9853,元大南屯,067077,3000,0,2760.0,0.0,3000,2760.0
2026-08-11,9853,元大南屯,067105,0,1000,0.0,1430.0,-1000,-1430.0
2026-08-11,9853,元大南屯,067193,2000,0,9600.0,0.0,2000,9600.0
2026-08-11,9853,元大南屯,067389,3000,0,8770.0,0.0,3000,8770.0
2026-08-11,9853,元大南屯,067391,9000,1000,16140.0,2000.0,8000,14140.0
2026-08-11,9853,元大南屯,067402,0,3000,0.0,2490.0,-3000,-2490.0
2026-08-11,9853,元大南屯,067411,250000,0,189500.0,0.0,250000,189500.0
2026-08-11,9853,元大南屯,067516,1000,0,1190.0,0.0,1000,1190.0
2026-08-11,9853,元大南屯,067611,2000,0,2140.0,0.0,2000,2140.0
2026-08-11,9853,元大南屯,067620,0,300000,0.0,575280.0,-300000,-575280.0
2026-08-11,9853,元大南屯,067629,1000,0,870.0,0.0,1000,870.0
2026-08-11,9853,元大南屯,067635,2000,0,1980.0,0.0,2000,1980.0
2026-08-11,9853,元大南屯,067814,0,4000,0.0,6960.0,-4000,-6960.0
2026-08-11,9853,元大南屯,067891,0,7000,0.0,26310.0,-7000,-26310.0
2026-08-11,9853,元大南屯,067943,0,2000,0.0,3900.0,-2000,-3900.0
2026-08-11,9853,元大南屯,067997,150000,0,128000.0,0.0,150000,128000.0
2026-08-11,9853,元大南屯,068116,6000,0,6480.0,0.0,6000,6480.0
2026-08-11,9853,元大南屯,068491,10000,0,13300.0,0.0,10000,13300.0
2026-08-11,9853,元大南屯,068507,0,1000,0.0,940.0,-1000,-940.0
2026-08-11,9853,元大南屯,068736,50000,0,51700.0,0.0,50000,51700.0
2026-08-11,9853,元大南屯,068747,1000,0,2040.0,0.0,1000,2040.0
2026-08-11,9853,元大南屯,069219,1000,0,1670.0,0.0,1000,1670.0
2026-08-11,9853,元大南屯,069289,10000,10000,5100.0,5200.0,0,-100.0
2026-08-11,9853,元大南屯,069498,0,100000,0.0,27000.0,-100000,-27000.0
2026-08-11,9853,元大南屯,069857,1000,0,1190.0,0.0,1000,1190.0
2026-08-11,9853,元大南屯,070177,0,1000,0.0,2280.0,-1000,-2280.0
2026-08-11,9853,元大南屯,070275,0,5000,0.0,4050.0,-5000,-4050.0
2026-08-11,9853,元大南屯,070377,2000,0,1140.0,0.0,2000,1140.0
2026-08-11,9853,元大南屯,070434,0,25000,0.0,30000.0,-25000,-30000.0
2026-08-11,9853,元大南屯,070435,1000,0,880.0,0.0,1000,880.0
2026-08-11,9853,元大南屯,070484,3000,0,2850.0,0.0,3000,2850.0
2026-08-11,9853,元大南屯,070499,1000,0,810.0,0.0,1000,810.0
2026-08-11,9853,元大南屯,070550,0,1000,0.0,2050.0,-1000,-2050.0
2026-08-11,9853,元大南屯,071645,20000,0,48950.0,0.0,20000,48950.0
2026-08-11,9853,元大南屯,071779,140000,20000,154800.0,23000.0,120000,131800.0
2026-08-11,9853,元大南屯,071947,0,10000,0.0,7900.0,-10000,-7900.0
2026-08-11,9853,元大南屯,072026,0,120000,0.0,134400.0,-120000,-134400.0
2026-08-11,9853,元大南屯,072188,5000,0,11850.0,0.0,5000,11850.0
2026-08-11,9853,元大南屯,072909,1000,0,880.0,0.0,1000,880.0
2026-08-11,9853,元大南屯,073065,2000,0,2840.0,0.0,2000,2840.0
2026-08-11,9853,元大南屯,073265,0,30000,0.0,29700.0,-30000,-29700.0
2026-08-11,9853,元大南屯,073932,12000,0,7080.0,0.0,12000,7080.0
2026-08-11,9853,元大南屯,074145,3000,0,1500.0,0.0,3000,1500.0
2026-08-11,9853,元大南屯,075166,0,10000,0.0,17200.0,-10000,-17200.0
2026-08-11,9853,元大南屯,075203,5000,0,7350.0,0.0,5000,7350.0
2026-08-11,9853,元大南屯,075767,10000,0,6000.0,0.0,10000,6000.0
2026-08-11,9853,元大南屯,076443,6000,0,6900.0,0.0,6000,6900.0
2026-08-11,9853,元大南屯,076650,0,2000,0.0,2760.0,-2000,-2760.0
2026-08-11,9853,元大南屯,077509,0,1000,0.0,1220.0,-1000,-1220.0
2026-08-11,9853,元大南屯,077792,9000,0,8640.0,0.0,9000,8640.0
2026-08-11,9853,元大南屯,078105,10000,0,19100.0,0.0,10000,19100.0
2026-08-11,9853,元大南屯,078311,50000,0,110000.0,0.0,50000,110000.0
2026-08-11,9853,元大南屯,078617,2000,0,3980.0,0.0,2000,3980.0
2026-08-11,9853,元大南屯,078781,1000,0,2950.0,0.0,1000,2950.0
2026-08-11,9853,元大南屯,079508,20000,30000,12900.0,21600.0,-10000,-8700.0
2026-08-11,9853,元大南屯,700711,0,5000,0.0,18810.0,-5000,-18810.0
2026-08-11,9853,元大南屯,704205,10000,0,600.0,0.0,10000,600.0
2026-08-11,9853,元大南屯,707299,0,40000,0.0,129200.0,-40000,-129200.0
2026-08-11,9853,元大南屯,707619,1000,0,930.0,0.0,1000,930.0
2026-08-11,9853,元大南屯,707828,1000,0,1930.0,0.0,1000,1930.0
2026-08-11,9853,元大南屯,707829,1000,0,4300.0,0.0,1000,4300.0
2026-08-11,9853,元大南屯,708056,0,3000,0.0,9990.0,-3000,-9990.0
2026-08-11,9853,元大南屯,708187,1000,0,2400.0,0.0,1000,2400.0
2026-08-11,9853,元大南屯,708322,0,17000,0.0,45560.0,-17000,-45560.0
2026-08-11,9853,元大南屯,708501,0,280000,0.0,428400.0,-280000,-428400.0
2026-08-11,9853,元大南屯,708540,0,1000,0.0,3620.0,-1000,-3620.0
2026-08-11,9853,元大南屯,708566,1000,0,1140.0,0.0,1000,1140.0
2026-08-11,9853,元大南屯,709122,2316000,0,1085320.0,0.0,2316000,1085320.0
2026-08-11,9853,元大南屯,709131,1000,0,1700.0,0.0,1000,1700.0
2026-08-11,9853,元大南屯,709313,2000,0,4100.0,0.0,2000,4100.0
2026-08-11,9853,元大南屯,709345,0,2000,0.0,6540.0,-2000,-6540.0
2026-08-11,9853,元大南屯,709410,1000,0,330.0,0.0,1000,330.0
2026-08-11,9853,元大南屯,709503,30000,0,8100.0,0.0,30000,8100.0
2026-08-11,9853,元大南屯,709885,0,12000,0.0,7920.0,-12000,-7920.0
2026-08-11,9853,元大南屯,709987,45000,0,13050.0,0.0,45000,13050.0
2026-08-11,9853,元大南屯,710340,0,5000,0.0,4400.0,-5000,-4400.0
2026-08-11,9853,元大南屯,711064,2000,0,5650.0,0.0,2000,5650.0
2026-08-11,9853,元大南屯,711292,20000,0,15700.0,0.0,20000,15700.0
2026-08-11,9853,元大南屯,711479,0,73000,0.0,10220.0,-73000,-10220.0
2026-08-11,9853,元大南屯,711628,120000,120000,187200.0,190800.0,0,-3600.0
2026-08-11,9853,元大南屯,72992U,0,1000,0.0,860.0,-1000,-860.0
2026-08-11,9853,元大南屯,739460,20000,0,39400.0,0.0,20000,39400.0
2026-08-11,9867,元大民權,03008T,0,1000,0.0,290.0,-1000,-290.0
2026-08-11,9867,元大民權,03326T,40000,0,13640.0,0.0,40000,13640.0
2026-08-11,9867,元大民權,036860,1000,0,310.0,0.0,1000,310.0
2026-08-11,9867,元大民權,03732B,50000,100000,32000.0,68000.0,-50000,-36000.0
2026-08-11,9867,元大民權,040613,100000,0,38000.0,0.0,100000,38000.0
2026-08-11,9867,元大民權,042717,0,20000,0.0,10200.0,-20000,-10200.0
2026-08-11,9867,元大民權,045709,0,20000,0.0,147000.0,-20000,-147000.0
2026-08-11,9867,元大民權,055818,0,1000,0.0,720.0,-1000,-720.0
2026-08-11,9867,元大民權,057903,5000,0,24400.0,0.0,5000,24400.0
2026-08-11,9867,元大民權,058607,0,499000,0.0,364270.0,-499000,-364270.0
2026-08-11,9867,元大民權,058830,0,7000,0.0,7070.0,-7000,-7070.0
2026-08-11,9867,元大民權,059639,190000,0,572320.0,0.0,190000,572320.0
2026-08-11,9867,元大民權,060234,0,499000,0.0,154690.0,-499000,-154690.0
2026-08-11,9867,元大民權,061153,0,1000,0.0,590.0,-1000,-590.0
2026-08-11,9867,元大民權,061636,0,300000,0.0,51000.0,-300000,-51000.0
2026-08-11,9867,元大民權,063531,20000,0,17200.0,0.0,20000,17200.0
2026-08-11,9867,元大民權,063934,50000,0,12500.0,0.0,50000,12500.0
2026-08-11,9867,元大民權,064987,50000,0,38000.0,0.0,50000,38000.0
2026-08-11,9867,元大民權,066785,0,4000,0.0,23000.0,-4000,-23000.0
2026-08-11,9867,元大民權,066818,0,1000,0.0,11200.0,-1000,-11200.0
2026-08-11,9867,元大民權,067142,1000,0,1860.0,0.0,1000,1860.0
2026-08-11,9867,元大民權,067629,17000,0,14790.0,0.0,17000,14790.0
2026-08-11,9867,元大民權,067639,10000,0,16500.0,0.0,10000,16500.0
2026-08-11,9867,元大民權,067708,5000,0,4420.0,0.0,5000,4420.0
2026-08-11,9867,元大民權,067986,0,499000,0.0,274450.0,-499000,-274450.0
2026-08-11,9867,元大民權,068008,399000,0,492490.0,0.0,399000,492490.0
2026-08-11,9867,元大民權,068012,499000,0,459080.0,0.0,499000,459080.0
2026-08-11,9867,元大民權,068033,0,6000,0.0,5400.0,-6000,-5400.0
2026-08-11,9867,元大民權,069226,10000,0,17950.0,0.0,10000,17950.0
2026-08-11,9867,元大民權,069365,0,30000,0.0,8400.0,-30000,-8400.0
2026-08-11,9867,元大民權,070346,30000,0,11700.0,0.0,30000,11700.0
2026-08-11,9867,元大民權,070595,0,15000,0.0,12750.0,-15000,-12750.0
2026-08-11,9867,元大民權,072238,30000,0,21000.0,0.0,30000,21000.0
2026-08-11,9867,元大民權,075032,10000,0,21200.0,0.0,10000,21200.0
2026-08-11,9867,元大民權,076944,20000,0,44500.0,0.0,20000,44500.0
2026-08-11,9867,元大民權,077025,20000,0,30000.0,0.0,20000,30000.0
2026-08-11,9867,元大民權,079236,10000,0,30600.0,0.0,10000,30600.0
2026-08-11,9867,元大民權,079833,15000,0,49500.0,0.0,15000,49500.0
2026-08-11,9867,元大民權,08603U,1000,0,1030.0,0.0,1000,1030.0
2026-08-11,9867,元大民權,088418,10000,0,25900.0,0.0,10000,25900.0
2026-08-11,9867,元大內湖民,704590,15000,0,9750.0,0.0,15000,9750.0
2026-08-11,9867,元大內湖民,704831,5000,0,27250.0,0.0,5000,27250.0
2026-08-11,9867,元大內湖民,705682,5000,0,27250.0,0.0,5000,27250.0
2026-08-11,9867,元大內湖民,706133,1000,0,640.0,0.0,1000,640.0
2026-08-11,9867,元大內湖民,706714,0,283000,0.0,99050.0,-283000,-99050.0
2026-08-11,9867,元大內湖民,706936,180000,0,50400.0,0.0,180000,50400.0
2026-08-11,9867,元大內湖民,706940,30000,0,6300.0,0.0,30000,6300.0
2026-08-11,9867,元大內湖民,710190,10000,0,5400.0,0.0,10000,5400.0
2026-08-11,9867,元大內湖民,711888,0,20000,0.0,38800.0,-20000,-38800.0
2026-08-11,9867,元大內湖民,72692U,140000,0,7000.0,0.0,140000,7000.0
2026-08-11,9867,元大內湖民,734209,20000,0,57950.0,0.0,20000,57950.0
2026-08-11,989J,元大彰生,032075,0,1000,0.0,2750.0,-1000,-2750.0
2026-08-11,989J,元大彰生,033552,0,9000,0.0,16120.0,-9000,-16120.0
2026-08-11,989J,元大彰生,03611T,0,10000,0.0,6800.0,-10000,-6800.0
2026-08-11,989J,元大彰生,03613T,0,10000,0.0,6200.0,-10000,-6200.0
2026-08-11,989J,元大彰生,037041,0,2000,0.0,32000.0,-2000,-32000.0
2026-08-11,989J,元大彰生,03732B,3000,0,1950.0,0.0,3000,1950.0
2026-08-11,989J,元大彰生,039023,0,5000,0.0,6550.0,-5000,-6550.0
2026-08-11,989J,元大彰生,04019C,100000,0,133000.0,0.0,100000,133000.0
2026-08-11,989J,元大彰生,044618,2000,0,3480.0,0.0,2000,3480.0
2026-08-11,989J,元大彰生,044969,16000,0,11520.0,0.0,16000,11520.0
2026-08-11,989J,元大彰生,054554,4000,0,4640.0,0.0,4000,4640.0
2026-08-11,989J,元大彰生,055836,0,100000,0.0,66000.0,-100000,-66000.0
2026-08-11,989J,元大彰生,058840,103000,0,140080.0,0.0,103000,140080.0
2026-08-11,989J,元大彰生,059183,0,23000,0.0,38410.0,-23000,-38410.0
2026-08-11,989J,元大彰生,059580,100000,0,40900.0,0.0,100000,40900.0
2026-08-11,989J,元大彰生,061003,0,10000,0.0,6600.0,-10000,-6600.0
2026-08-11,989J,元大彰生,062816,20000,10000,9600.0,5100.0,10000,4500.0
2026-08-11,989J,元大彰生,063344,40000,0,19300.0,0.0,40000,19300.0
2026-08-11,989J,元大彰生,064241,25000,0,7250.0,0.0,25000,7250.0
2026-08-11,989J,元大彰生,064367,0,250000,0.0,516500.0,-250000,-516500.0
2026-08-11,989J,元大彰生,064511,1000,0,870.0,0.0,1000,870.0
2026-08-11,989J,元大彰生,065480,0,79000,0.0,161160.0,-79000,-161160.0
2026-08-11,989J,元大彰生,065552,200000,0,581900.0,0.0,200000,581900.0
2026-08-11,989J,元大彰生,066382,0,15000,0.0,24450.0,-15000,-24450.0
2026-08-11,989J,元大彰生,066821,5000,0,30000.0,0.0,5000,30000.0
2026-08-11,989J,元大彰生,066834,0,5000,0.0,4600.0,-5000,-4600.0
2026-08-11,989J,元大彰生,067391,0,5000,0.0,10100.0,-5000,-10100.0
2026-08-11,989J,元大彰生,067411,0,68000,0.0,52020.0,-68000,-52020.0
2026-08-11,989J,元大彰生,068247,8000,0,4400.0,0.0,8000,4400.0
2026-08-11,989J,元大彰生,068611,0,31000,0.0,29450.0,-31000,-29450.0
2026-08-11,989J,元大彰生,069755,2000,0,2460.0,0.0,2000,2460.0
2026-08-11,989J,元大彰生,070347,6000,0,4680.0,0.0,6000,4680.0
2026-08-11,989J,元大彰生,070434,7000,0,8400.0,0.0,7000,8400.0
2026-08-11,989J,元大彰生,070555,60000,0,163800.0,0.0,60000,163800.0
2026-08-11,989J,元大彰生,070700,20000,20000,6200.0,6800.0,0,-600.0
2026-08-11,989J,元大彰生,070743,5000,0,4950.0,0.0,5000,4950.0
2026-08-11,989J,元大彰生,070940,1000,0,3100.0,0.0,1000,3100.0
2026-08-11,989J,元大彰生,071083,1000,0,430.0,0.0,1000,430.0
2026-08-11,989J,元大彰生,071097,0,5000,0.0,4850.0,-5000,-4850.0
2026-08-11,989J,元大彰生,071274,0,13000,0.0,29380.0,-13000,-29380.0
2026-08-11,989J,元大彰生,072432,0,10000,0.0,25000.0,-10000,-25000.0
2026-08-11,989J,元大彰生,072567,400000,0,160000.0,0.0,400000,160000.0
2026-08-11,989J,元大彰生,072663,80000,0,135600.0,0.0,80000,135600.0
2026-08-11,989J,元大彰生,073065,5000,0,6100.0,0.0,5000,6100.0
2026-08-11,989J,元大彰生,073805,0,20000,0.0,39600.0,-20000,-39600.0
2026-08-11,989J,元大彰生,073914,51000,0,52530.0,0.0,51000,52530.0
2026-08-11,989J,元大彰生,074444,0,50000,0.0,186500.0,-50000,-186500.0
2026-08-11,989J,元大彰生,074611,100000,0,225000.0,0.0,100000,225000.0
2026-08-11,989J,元大彰生,074673,10000,0,10900.0,0.0,10000,10900.0
2026-08-11,989J,元大彰生,075230,0,5000,0.0,4900.0,-5000,-4900.0
2026-08-11,989J,元大彰生,075278,10000,0,9900.0,0.0,10000,9900.0
2026-08-11,989J,元大彰生,077274,0,60000,0.0,91800.0,-60000,-91800.0
2026-08-11,989J,元大彰生,077417,100000,0,111000.0,0.0,100000,111000.0
2026-08-11,989J,元大彰生,077637,100000,0,218600.0,0.0,100000,218600.0
2026-08-11,989J,元大彰生,077671,150000,250000,269800.0,419700.0,-100000,-149900.0
2026-08-11,989J,元大彰生,077923,6000,0,12900.0,0.0,6000,12900.0
2026-08-11,989J,元大彰生,078757,0,5000,0.0,5130.0,-5000,-5130.0
2026-08-11,989J,元大彰生,081621,0,10000,0.0,2400.0,-10000,-2400.0
2026-08-11,989J,元大彰生,08204U,0,30000,0.0,4200.0,-30000,-4200.0
2026-08-11,989J,元大彰生,08686U,0,90000,0.0,19800.0,-90000,-19800.0
2026-08-11,989J,元大彰生,087694,0,2000,0.0,820.0,-2000,-820.0
2026-08-11,989J,元大彰化,701097,0,2510000,0.0,1631500.0,-2510000,-1631500.0
2026-08-11,989J,元大彰化,705300,30000,0,114300.0,0.0,30000,114300.0
2026-08-11,989J,元大彰化,705333,60000,0,141000.0,0.0,60000,141000.0
2026-08-11,989J,元大彰化,706203,20000,0,14600.0,0.0,20000,14600.0
2026-08-11,989J,元大彰化,708042,0,8000,0.0,15920.0,-8000,-15920.0
2026-08-11,989J,元大彰化,708843,3000,0,5250.0,0.0,3000,5250.0
2026-08-11,989J,元大彰化,709390,9000,0,4920.0,0.0,9000,4920.0
2026-08-11,989J,元大彰化,711305,998000,0,1626740.0,0.0,998000,1626740.0
2026-08-11,989J,元大彰化,712274,0,27000,0.0,32270.0,-27000,-32270.0
2026-08-11,989Q,元大汐止,03159T,10000,0,7100.0,0.0,10000,7100.0
2026-08-11,989Q,元大汐止,03351T,5000,0,2650.0,0.0,5000,2650.0
2026-08-11,989Q,元大汐止,033963,9000,0,8730.0,0.0,9000,8730.0
2026-08-11,989Q,元大汐止,036805,0,3000,0.0,8970.0,-3000,-8970.0
2026-08-11,989Q,元大汐止,03809T,1000,0,970.0,0.0,1000,970.0
2026-08-11,989Q,元大汐止,038987,30000,0,25500.0,0.0,30000,25500.0
2026-08-11,989Q,元大汐止,052946,0,30000,0.0,9900.0,-30000,-9900.0
2026-08-11,989Q,元大汐止,053528,10000,0,16900.0,0.0,10000,16900.0
2026-08-11,989Q,元大汐止,056769,6000,0,12230.0,0.0,6000,12230.0
2026-08-11,989Q,元大汐止,057841,0,51000,0.0,6630.0,-51000,-6630.0
2026-08-11,989Q,元大汐止,059679,1000,0,320.0,0.0,1000,320.0
2026-08-11,989Q,元大汐止,061907,14000,0,7600.0,0.0,14000,7600.0
2026-08-11,989Q,元大汐止,061933,0,150000,0.0,1500.0,-150000,-1500.0
2026-08-11,989Q,元大汐止,062832,0,5000,0.0,900.0,-5000,-900.0
2026-08-11,989Q,元大汐止,063855,0,1000,0.0,540.0,-1000,-540.0
2026-08-11,989Q,元大汐止,064433,0,90000,0.0,62100.0,-90000,-62100.0
2026-08-11,989Q,元大汐止,066186,4000,0,8680.0,0.0,4000,8680.0
2026-08-11,989Q,元大汐止,066759,0,1000,0.0,5900.0,-1000,-5900.0
2026-08-11,989Q,元大汐止,066795,200000,0,198000.0,0.0,200000,198000.0
2026-08-11,989Q,元大汐止,066884,0,5000,0.0,55500.0,-5000,-55500.0
2026-08-11,989Q,元大汐止,067122,5000,0,4800.0,0.0,5000,4800.0
2026-08-11,989Q,元大汐止,067379,0,5000,0.0,16450.0,-5000,-16450.0
2026-08-11,989Q,元大汐止,067996,5000,0,4650.0,0.0,5000,4650.0
2026-08-11,989Q,元大汐止,068464,0,10000,0.0,16300.0,-10000,-16300.0
2026-08-11,989Q,元大汐止,068556,0,299000,0.0,448500.0,-299000,-448500.0
2026-08-11,989Q,元大汐止,068747,0,10000,0.0,20000.0,-10000,-20000.0
2026-08-11,989Q,元大汐止,069114,3000,0,2040.0,0.0,3000,2040.0
2026-08-11,989Q,元大汐止,069141,3000,0,1350.0,0.0,3000,1350.0
2026-08-11,989Q,元大汐止,070050,0,20000,0.0,31200.0,-20000,-31200.0
2026-08-11,989Q,元大汐止,070782,0,10000,0.0,4100.0,-10000,-4100.0
2026-08-11,989Q,元大汐止,070946,0,20000,0.0,24600.0,-20000,-24600.0
2026-08-11,989Q,元大汐止,071997,10000,0,15200.0,0.0,10000,15200.0
2026-08-11,989Q,元大汐止,072671,2000,0,3900.0,0.0,2000,3900.0
2026-08-11,989Q,元大汐止,074396,5000,0,1550.0,0.0,5000,1550.0
2026-08-11,989Q,元大汐止,074424,10000,0,3800.0,0.0,10000,3800.0
2026-08-11,989Q,元大汐止,075807,0,10000,0.0,25000.0,-10000,-25000.0
2026-08-11,989Q,元大汐止,076767,0,11000,0.0,9150.0,-11000,-9150.0
2026-08-11,989Q,元大汐止,077034,0,15000,0.0,26850.0,-15000,-26850.0
2026-08-11,989Q,元大汐止,077043,15000,0,30750.0,0.0,15000,30750.0
2026-08-11,989Q,元大汐止,077361,70000,0,35700.0,0.0,70000,35700.0
2026-08-11,989Q,元大汐止,077448,20000,0,15000.0,0.0,20000,15000.0
2026-08-11,989Q,元大汐止,079215,20000,0,21800.0,0.0,20000,21800.0
2026-08-11,989Q,元大汐止,08321U,20000,0,20900.0,0.0,20000,20900.0
2026-08-11,989Q,元大汐止,704320,0,99000,0.0,113850.0,-99000,-113850.0
2026-08-11,989Q,元大汐止,704492,10000,99000,14400.0,132660.0,-89000,-118260.0
2026-08-11,989Q,元大汐止,705880,1000,0,280.0,0.0,1000,280.0
2026-08-11,989Q,元大汐止,707759,3000,0,3870.0,0.0,3000,3870.0
2026-08-11,989Q,元大汐止,708120,0,4000,0.0,1920.0,-4000,-1920.0
2026-08-11,989Q,元大汐止,708843,0,20000,0.0,34200.0,-20000,-34200.0
2026-08-11,989Q,元大汐止,709151,1000,0,240.0,0.0,1000,240.0
2026-08-11,989Q,元大汐止,709589,100000,0,41000.0,0.0,100000,41000.0
2026-08-11,989Q,元大汐止,710339,30000,0,26100.0,0.0,30000,26100.0
2026-08-11,989Q,元大汐止,710382,0,40000,0.0,21200.0,-40000,-21200.0
2026-08-11,989Q,元大汐止,710802,1000,0,420.0,0.0,1000,420.0
2026-08-11,989Q,元大汐止,738143,0,1000,0.0,90.0,-1000,-90.0
2026-08-11,989a,元大苑裡,038862,1000,0,2510.0,0.0,1000,2510.0
2026-08-11,989a,元大苑裡,054459,0,2000,0.0,3340.0,-2000,-3340.0
2026-08-11,989a,元大苑裡,054475,0,4000,0.0,5800.0,-4000,-5800.0
2026-08-11,989a,元大苑裡,057164,100000,0,80000.0,0.0,100000,80000.0
2026-08-11,989a,元大苑裡,057186,5000,0,6100.0,0.0,5000,6100.0
2026-08-11,989a,元大苑裡,057544,1000,0,2350.0,0.0,1000,2350.0
2026-08-11,989a,元大苑裡,058197,5000,0,6850.0,0.0,5000,6850.0
2026-08-11,989a,元大苑裡,063344,3000,0,1410.0,0.0,3000,1410.0
2026-08-11,989a,元大苑裡,066145,0,2000,0.0,6260.0,-2000,-6260.0
2026-08-11,989a,元大苑裡,067801,0,10000,0.0,18700.0,-10000,-18700.0
2026-08-11,989a,元大苑裡,067848,0,20000,0.0,28500.0,-20000,-28500.0
2026-08-11,989a,元大苑裡,068043,0,150000,0.0,102000.0,-150000,-102000.0
2026-08-11,989a,元大苑裡,068252,0,5000,0.0,3100.0,-5000,-3100.0
2026-08-11,989a,元大苑裡,069677,3000,0,5730.0,0.0,3000,5730.0
2026-08-11,989a,元大苑裡,069948,150000,0,99000.0,0.0,150000,99000.0
2026-08-11,989a,元大苑裡,070952,10000,0,14900.0,0.0,10000,14900.0
2026-08-11,989a,元大苑裡,071476,5000,0,8400.0,0.0,5000,8400.0
2026-08-11,989a,元大苑裡,072238,5000,0,3750.0,0.0,5000,3750.0
2026-08-11,989a,元大苑裡,072491,0,40000,0.0,75200.0,-40000,-75200.0
2026-08-11,989a,元大苑裡,072712,5000,0,11350.0,0.0,5000,11350.0
2026-08-11,989a,元大苑裡,074198,0,12000,0.0,8880.0,-12000,-8880.0
2026-08-11,989a,元大苑裡,076607,100000,250000,46000.0,100000.0,-150000,-54000.0
2026-08-11,989a,元大苑裡,077257,1000,0,1620.0,0.0,1000,1620.0
2026-08-11,989a,元大苑裡,077790,0,10000,0.0,9600.0,-10000,-9600.0
2026-08-11,989a,元大苑裡,078187,0,5000,0.0,6400.0,-5000,-6400.0
2026-08-11,989a,元大苑裡,08089U,5000,0,800.0,0.0,5000,800.0
2026-08-11,989a,元大苑裡,703320,0,10000,0.0,3300.0,-10000,-3300.0
2026-08-11,989a,元大苑裡,705758,0,25000,0.0,53250.0,-25000,-53250.0
2026-08-11,989f,元大東港,03125T,5000,0,4750.0,0.0,5000,4750.0
2026-08-11,989f,元大東港,03162T,25000,20000,1500.0,1200.0,5000,300.0
2026-08-11,989f,元大東港,052016,0,3000,0.0,4980.0,-3000,-4980.0
2026-08-11,989f,元大東港,059671,0,1000,0.0,1200.0,-1000,-1200.0
2026-08-11,989f,元大東港,060193,4000,0,960.0,0.0,4000,960.0
2026-08-11,989f,元大東港,060875,0,30000,0.0,117300.0,-30000,-117300.0
2026-08-11,989f,元大東港,062631,200000,0,122000.0,0.0,200000,122000.0
2026-08-11,989f,元大東港,065423,17000,0,13090.0,0.0,17000,13090.0
2026-08-11,989f,元大東港,065426,0,55000,0.0,11300.0,-55000,-11300.0
2026-08-11,989f,元大東港,066145,2000,0,6240.0,0.0,2000,6240.0
2026-08-11,989f,元大東港,066425,0,1000,0.0,840.0,-1000,-840.0
2026-08-11,989f,元大東港,067163,0,10000,0.0,19400.0,-10000,-19400.0
2026-08-11,989f,元大東港,067997,0,40000,0.0,34400.0,-40000,-34400.0
2026-08-11,989f,元大東港,068207,0,1000,0.0,1760.0,-1000,-1760.0
2026-08-11,989f,元大東港,070194,0,20000,0.0,21400.0,-20000,-21400.0
2026-08-11,989f,元大東港,075879,3000,0,5760.0,0.0,3000,5760.0
2026-08-11,989f,元大東港,076427,6000,0,7470.0,0.0,6000,7470.0
2026-08-11,989f,元大東港,076603,5000,0,5050.0,0.0,5000,5050.0
2026-08-11,989f,元大東港,076889,0,3000,0.0,4350.0,-3000,-4350.0
2026-08-11,989f,元大東港,077031,0,3000,0.0,4200.0,-3000,-4200.0
2026-08-11,989f,元大東港,077587,20000,0,10660.0,0.0,20000,10660.0
2026-08-11,989f,元大東港,077630,50000,0,43000.0,0.0,50000,43000.0
2026-08-11,989f,元大東港,077867,150000,0,382500.0,0.0,150000,382500.0
2026-08-11,989f,元大東港,088418,2000,0,5160.0,0.0,2000,5160.0
2026-08-11,989f,元大東港,700904,2000,0,7500.0,0.0,2000,7500.0
2026-08-11,989f,元大東港,705324,0,1000,0.0,490.0,-1000,-490.0
2026-08-11,989f,元大東港,707735,0,49000,0.0,48510.0,-49000,-48510.0
2026-08-11,989f,元大東港,707758,3000,0,3220.0,0.0,3000,3220.0
2026-08-11,989f,元大東港,708806,0,5000,0.0,13600.0,-5000,-13600.0
2026-08-11,989f,元大東港,708935,0,330000,0.0,264000.0,-330000,-264000.0
2026-08-11,9A9P,永豐竹北,03230T,18000,0,39150.0,0.0,18000,39150.0
2026-08-11,9A9P,永豐竹北,03767T,1000,0,1390.0,0.0,1000,1390.0
2026-08-11,9A9P,永豐竹北,04016C,5000,0,12500.0,0.0,5000,12500.0
2026-08-11,9A9P,永豐竹北,049204,140000,0,103000.0,0.0,140000,103000.0
2026-08-11,9A9P,永豐竹北,049911,10000,0,18000.0,0.0,10000,18000.0
2026-08-11,9A9P,永豐竹北,054459,1000,0,1500.0,0.0,1000,1500.0
2026-08-11,9A9P,永豐竹北,055417,2000,2000,1580.0,1460.0,0,120.0
2026-08-11,9A9P,永豐竹北,055785,0,14000,0.0,141900.0,-14000,-141900.0
2026-08-11,9A9P,永豐竹北,056067,1038000,0,866430.0,0.0,1038000,866430.0
2026-08-11,9A9P,永豐竹北,056068,902000,0,529180.0,0.0,902000,529180.0
2026-08-11,9A9P,永豐竹北,057961,5000,0,1250.0,0.0,5000,1250.0
2026-08-11,9A9P,永豐竹北,058337,30000,0,64800.0,0.0,30000,64800.0
2026-08-11,9A9P,永豐竹北,058499,20000,0,39800.0,0.0,20000,39800.0
2026-08-11,9A9P,永豐竹北,058807,10000,0,3200.0,0.0,10000,3200.0
2026-08-11,9A9P,永豐竹北,059034,250000,100000,287450.0,112000.0,150000,175450.0
2026-08-11,9A9P,永豐竹北,059867,5000,20000,9300.0,37600.0,-15000,-28300.0
2026-08-11,9A9P,永豐竹北,060236,20000,0,22400.0,0.0,20000,22400.0
2026-08-11,9A9P,永豐竹北,060676,1000,0,210.0,0.0,1000,210.0
2026-08-11,9A9P,永豐竹北,061015,0,200000,0.0,159000.0,-200000,-159000.0
2026-08-11,9A9P,永豐竹北,061137,100000,0,18000.0,0.0,100000,18000.0
2026-08-11,9A9P,永豐竹北,061484,5000,0,2900.0,0.0,5000,2900.0
2026-08-11,9A9P,永豐竹北,061566,2000,0,9000.0,0.0,2000,9000.0
2026-08-11,9A9P,永豐竹北,062422,0,250000,0.0,236000.0,-250000,-236000.0
2026-08-11,9A9P,永豐竹北,062707,0,30000,0.0,90300.0,-30000,-90300.0
2026-08-11,9A9P,永豐竹北,063399,0,1000,0.0,620.0,-1000,-620.0
2026-08-11,9A9P,永豐竹北,063404,0,10000,0.0,9500.0,-10000,-9500.0
2026-08-11,9A9P,永豐竹北,063492,2000,0,550.0,0.0,2000,550.0
2026-08-11,9A9P,永豐竹北,063929,1000,1000,210.0,210.0,0,0.0
2026-08-11,9A9P,永豐竹北,065007,2000,0,1140.0,0.0,2000,1140.0
2026-08-11,9A9P,永豐竹北,066146,10000,10000,43700.0,43600.0,0,100.0
2026-08-11,9A9P,永豐竹北,066180,2000,0,2900.0,0.0,2000,2900.0
2026-08-11,9A9P,永豐竹北,066782,100000,0,109500.0,0.0,100000,109500.0
2026-08-11,9A9P,永豐竹北,067203,10000,0,34850.0,0.0,10000,34850.0
2026-08-11,9A9P,永豐竹北,067300,70000,60000,29800.0,26400.0,10000,3400.0
2026-08-11,9A9P,永豐竹北,067409,3000,0,1530.0,0.0,3000,1530.0
2026-08-11,9A9P,永豐竹北,067411,0,200000,0.0,150000.0,-200000,-150000.0
2026-08-11,9A9P,永豐竹北,067814,70000,0,131700.0,0.0,70000,131700.0
2026-08-11,9A9P,永豐竹北,068279,50000,0,36000.0,0.0,50000,36000.0
2026-08-11,9A9P,永豐竹北,068508,150000,0,124000.0,0.0,150000,124000.0
2026-08-11,9A9P,永豐竹北,070428,106000,0,22510.0,0.0,106000,22510.0
2026-08-11,9A9P,永豐竹北,070528,6000,0,1260.0,0.0,6000,1260.0
2026-08-11,9A9P,永豐竹北,070630,10000,0,18300.0,0.0,10000,18300.0
2026-08-11,9A9P,永豐竹北,070663,1000,0,510.0,0.0,1000,510.0
2026-08-11,9A9P,永豐竹北,070874,0,1000,0.0,1760.0,-1000,-1760.0
2026-08-11,9A9P,永豐竹北,071648,5000,0,8600.0,0.0,5000,8600.0
2026-08-11,9A9P,永豐竹北,072170,50000,0,34000.0,0.0,50000,34000.0
2026-08-11,9A9P,永豐竹北,072187,0,10000,0.0,22400.0,-10000,-22400.0
2026-08-11,9A9P,永豐竹北,072525,0,2000,0.0,500.0,-2000,-500.0
2026-08-11,9A9P,永豐竹北,072918,40000,0,9600.0,0.0,40000,9600.0
2026-08-11,9A9P,永豐竹北,073592,200000,0,198000.0,0.0,200000,198000.0
2026-08-11,9A9P,永豐竹北,074025,348000,0,364300.0,0.0,348000,364300.0
2026-08-11,9A9P,永豐竹北,074231,200000,0,240000.0,0.0,200000,240000.0
2026-08-11,9A9P,永豐竹北,074560,0,5000,0.0,6550.0,-5000,-6550.0
2026-08-11,9A9P,永豐竹北,074632,25000,0,22750.0,0.0,25000,22750.0
2026-08-11,9A9P,永豐竹北,075323,0,10000,0.0,24500.0,-10000,-24500.0
2026-08-11,9A9P,永豐竹北,075509,10000,0,37600.0,0.0,10000,37600.0
2026-08-11,9A9P,永豐竹北,076057,50000,0,124900.0,0.0,50000,124900.0
2026-08-11,9A9P,永豐竹北,076084,0,50000,0.0,61000.0,-50000,-61000.0
2026-08-11,9A9P,永豐竹北,076267,25000,0,28250.0,0.0,25000,28250.0
2026-08-11,9A9P,永豐竹北,077654,100000,0,90500.0,0.0,100000,90500.0
2026-08-11,9A9P,永豐竹北,077699,60000,0,99500.0,0.0,60000,99500.0
2026-08-11,9A9P,永豐竹北,078274,20000,0,45600.0,0.0,20000,45600.0
2026-08-11,9A9P,永豐竹北,078895,20000,0,42200.0,0.0,20000,42200.0
2026-08-11,9A9P,永豐竹北,08345U,25000,0,3900.0,0.0,25000,3900.0
2026-08-11,9A9P,永豐竹北,08855U,0,90000,0.0,43200.0,-90000,-43200.0
2026-08-11,9A9P,永豐金竹北,702856,4000,0,7600.0,0.0,4000,7600.0
2026-08-11,9A9P,永豐金竹北,704883,50000,0,5500.0,0.0,50000,5500.0
2026-08-11,9A9P,永豐金竹北,705488,100000,0,113000.0,0.0,100000,113000.0
2026-08-11,9A9P,永豐金竹北,706524,1000,0,260.0,0.0,1000,260.0
2026-08-11,9A9P,永豐金竹北,707146,0,228000,0.0,369600.0,-228000,-369600.0
2026-08-11,9A9P,永豐金竹北,707335,10000,0,19500.0,0.0,10000,19500.0
2026-08-11,9A9P,永豐金竹北,707381,17000,0,35870.0,0.0,17000,35870.0
2026-08-11,9A9P,永豐金竹北,707722,1000,0,2290.0,0.0,1000,2290.0
2026-08-11,9A9P,永豐金竹北,707865,105000,0,60150.0,0.0,105000,60150.0
2026-08-11,9A9P,永豐金竹北,707924,50000,0,6000.0,0.0,50000,6000.0
2026-08-11,9A9P,永豐金竹北,708023,50000,0,6100.0,0.0,50000,6100.0
2026-08-11,9A9P,永豐金竹北,708228,40000,0,13600.0,0.0,40000,13600.0
2026-08-11,9A9P,永豐金竹北,708519,3000,0,750.0,0.0,3000,750.0
2026-08-11,9A9P,永豐金竹北,708872,0,150000,0.0,169500.0,-150000,-169500.0
2026-08-11,9A9P,永豐金竹北,709654,0,300000,0.0,75000.0,-300000,-75000.0
2026-08-11,9A9P,永豐金竹北,709705,0,150000,0.0,142000.0,-150000,-142000.0
2026-08-11,9A9P,永豐金竹北,710667,100000,0,50000.0,0.0,100000,50000.0
2026-08-11,9A9P,永豐金竹北,710852,12000,0,4750.0,0.0,12000,4750.0
2026-08-11,9A9P,永豐金竹北,710887,15000,0,42250.0,0.0,15000,42250.0
2026-08-11,9A9P,永豐金竹北,711369,25000,0,21500.0,0.0,25000,21500.0
2026-08-11,9A9P,永豐金竹北,711870,0,5000,0.0,7750.0,-5000,-7750.0
2026-08-11,9A9P,永豐金竹北,711957,5000,0,12950.0,0.0,5000,12950.0
2026-08-11,9A9P,永豐金竹北,712063,0,150000,0.0,141500.0,-150000,-141500.0
2026-08-11,9A9P,永豐金竹北,72921U,0,15000,0.0,18900.0,-15000,-18900.0
2026-08-11,9A9R,永豐信義,059761,20000,0,30800.0,0.0,20000,30800.0
2026-08-11,9A9R,永豐信義,061137,0,60000,0.0,9600.0,-60000,-9600.0
2026-08-11,9A9R,永豐信義,063589,0,20000,0.0,21400.0,-20000,-21400.0
2026-08-11,9A9R,永豐信義,066863,6000,0,18500.0,0.0,6000,18500.0
2026-08-11,9A9R,永豐信義,067997,0,10000,0.0,8800.0,-10000,-8800.0
2026-08-11,9A9R,永豐信義,069191,0,460000,0.0,1016600.0,-460000,-1016600.0
2026-08-11,9A9R,永豐信義,069852,10000,0,2200.0,0.0,10000,2200.0
2026-08-11,9A9R,永豐信義,071405,15000,0,7200.0,0.0,15000,7200.0
2026-08-11,9A9R,永豐信義,073565,0,15000,0.0,19450.0,-15000,-19450.0
2026-08-11,9A9R,永豐信義,086458,10000,0,900.0,0.0,10000,900.0
2026-08-11,9A9R,永豐金信義,704935,0,40000,0.0,11200.0,-40000,-11200.0
2026-08-11,9A9R,永豐金信義,707334,1000,0,1950.0,0.0,1000,1950.0
2026-08-11,9A9R,永豐金信義,711252,80000,0,66000.0,0.0,80000,66000.0
2026-08-11,9A9R,永豐金信義,711358,40000,0,44400.0,0.0,40000,44400.0
2026-08-11,9A9W,永豐市政,03272T,0,10000,0.0,1300.0,-10000,-1300.0
2026-08-11,9A9W,永豐市政,03338T,250000,0,275000.0,0.0,250000,275000.0
2026-08-11,9A9W,永豐市政,033552,1000,0,1810.0,0.0,1000,1810.0
2026-08-11,9A9W,永豐市政,033597,6000,0,3530.0,0.0,6000,3530.0
2026-08-11,9A9W,永豐市政,03468T,1000,0,710.0,0.0,1000,710.0
2026-08-11,9A9W,永豐市政,036299,0,1000,0.0,9200.0,-1000,-9200.0
2026-08-11,9A9W,永豐市政,03737B,6000,0,5830.0,0.0,6000,5830.0
2026-08-11,9A9W,永豐市政,037497,30000,0,47400.0,0.0,30000,47400.0
2026-08-11,9A9W,永豐市政,038318,3000,5000,4230.0,6900.0,-2000,-2670.0
2026-08-11,9A9W,永豐市政,042677,10000,0,3400.0,0.0,10000,3400.0
2026-08-11,9A9W,永豐市政,043659,2000,0,8550.0,0.0,2000,8550.0
2026-08-11,9A9W,永豐市政,043891,1000,0,3900.0,0.0,1000,3900.0
2026-08-11,9A9W,永豐市政,045120,0,20000,0.0,66000.0,-20000,-66000.0
2026-08-11,9A9W,永豐市政,045450,0,2000,0.0,3080.0,-2000,-3080.0
2026-08-11,9A9W,永豐市政,046573,3000,0,3090.0,0.0,3000,3090.0
2026-08-11,9A9W,永豐市政,049894,0,10000,0.0,4900.0,-10000,-4900.0
2026-08-11,9A9W,永豐市政,051818,10000,0,26800.0,0.0,10000,26800.0
2026-08-11,9A9W,永豐市政,052120,4000,2000,2090.0,880.0,2000,1210.0
2026-08-11,9A9W,永豐市政,052188,5000,0,3450.0,0.0,5000,3450.0
2026-08-11,9A9W,永豐市政,052547,3000,0,1740.0,0.0,3000,1740.0
2026-08-11,9A9W,永豐市政,052699,2000,0,3700.0,0.0,2000,3700.0
2026-08-11,9A9W,永豐市政,052700,2000,2000,1970.0,2210.0,0,-240.0
2026-08-11,9A9W,永豐市政,053266,1000,0,1560.0,0.0,1000,1560.0
2026-08-11,9A9W,永豐市政,055162,0,10000,0.0,26800.0,-10000,-26800.0
2026-08-11,9A9W,永豐市政,055348,0,1000,0.0,15100.0,-1000,-15100.0
2026-08-11,9A9W,永豐市政,056074,0,2000,0.0,4300.0,-2000,-4300.0
2026-08-11,9A9W,永豐市政,056253,100000,0,22000.0,0.0,100000,22000.0
2026-08-11,9A9W,永豐市政,057158,0,20000,0.0,26400.0,-20000,-26400.0
2026-08-11,9A9W,永豐市政,057524,1000,0,3140.0,0.0,1000,3140.0
2026-08-11,9A9W,永豐市政,057948,10000,0,19400.0,0.0,10000,19400.0
2026-08-11,9A9W,永豐市政,058394,0,1000,0.0,6250.0,-1000,-6250.0
2026-08-11,9A9W,永豐市政,058423,0,5000,0.0,12050.0,-5000,-12050.0
2026-08-11,9A9W,永豐市政,058496,0,200000,0.0,84000.0,-200000,-84000.0
2026-08-11,9A9W,永豐市政,059066,40000,0,65000.0,0.0,40000,65000.0
2026-08-11,9A9W,永豐市政,059098,0,1000,0.0,410.0,-1000,-410.0
2026-08-11,9A9W,永豐市政,059195,0,11000,0.0,6180.0,-11000,-6180.0
2026-08-11,9A9W,永豐市政,060458,0,6000,0.0,26760.0,-6000,-26760.0
2026-08-11,9A9W,永豐市政,061075,5000,5000,13600.0,13750.0,0,-150.0
2026-08-11,9A9W,永豐市政,061087,0,9000,0.0,9000.0,-9000,-9000.0
2026-08-11,9A9W,永豐市政,061089,0,1000,0.0,590.0,-1000,-590.0
2026-08-11,9A9W,永豐市政,061119,27000,0,92430.0,0.0,27000,92430.0
2026-08-11,9A9W,永豐市政,061193,0,15000,0.0,12300.0,-15000,-12300.0
2026-08-11,9A9W,永豐市政,061376,20000,0,53700.0,0.0,20000,53700.0
2026-08-11,9A9W,永豐市政,061740,100000,0,270000.0,0.0,100000,270000.0
2026-08-11,9A9W,永豐市政,061758,10000,0,2500.0,0.0,10000,2500.0
2026-08-11,9A9W,永豐市政,061827,60000,0,105000.0,0.0,60000,105000.0
2026-08-11,9A9W,永豐市政,061865,17000,0,50320.0,0.0,17000,50320.0
2026-08-11,9A9W,永豐市政,061923,0,30000,0.0,89100.0,-30000,-89100.0
2026-08-11,9A9W,永豐市政,061944,10000,0,7500.0,0.0,10000,7500.0
2026-08-11,9A9W,永豐市政,061964,40000,0,21100.0,0.0,40000,21100.0
2026-08-11,9A9W,永豐市政,062014,40000,0,127000.0,0.0,40000,127000.0
2026-08-11,9A9W,永豐市政,062146,0,15000,0.0,20250.0,-15000,-20250.0
2026-08-11,9A9W,永豐市政,062541,20000,0,11000.0,0.0,20000,11000.0
2026-08-11,9A9W,永豐市政,062647,32000,0,31620.0,0.0,32000,31620.0
2026-08-11,9A9W,永豐市政,062651,3000,0,2160.0,0.0,3000,2160.0
2026-08-11,9A9W,永豐市政,062711,0,110000,0.0,203500.0,-110000,-203500.0
2026-08-11,9A9W,永豐市政,063001,10000,0,36800.0,0.0,10000,36800.0
2026-08-11,9A9W,永豐市政,063087,2000,0,1010.0,0.0,2000,1010.0
2026-08-11,9A9W,永豐市政,063110,10000,0,8900.0,0.0,10000,8900.0
2026-08-11,9A9W,永豐市政,063135,15000,0,9100.0,0.0,15000,9100.0
2026-08-11,9A9W,永豐市政,063165,5000,0,18550.0,0.0,5000,18550.0
2026-08-11,9A9W,永豐市政,063314,0,10000,0.0,12000.0,-10000,-12000.0
2026-08-11,9A9W,永豐市政,063324,0,1000,0.0,8000.0,-1000,-8000.0
2026-08-11,9A9W,永豐市政,063478,1000,0,1940.0,0.0,1000,1940.0
2026-08-11,9A9W,永豐市政,063643,0,8000,0.0,18000.0,-8000,-18000.0
2026-08-11,9A9W,永豐市政,063889,0,10000,0.0,9520.0,-10000,-9520.0
2026-08-11,9A9W,永豐市政,063930,0,10000,0.0,27300.0,-10000,-27300.0
2026-08-11,9A9W,永豐市政,063973,5000,0,45750.0,0.0,5000,45750.0
2026-08-11,9A9W,永豐市政,064211,0,2000,0.0,5080.0,-2000,-5080.0
2026-08-11,9A9W,永豐市政,064342,0,20000,0.0,28000.0,-20000,-28000.0
2026-08-11,9A9W,永豐市政,064497,0,5000,0.0,37600.0,-5000,-37600.0
2026-08-11,9A9W,永豐市政,064524,7000,0,9730.0,0.0,7000,9730.0
2026-08-11,9A9W,永豐市政,064595,0,65000,0.0,87100.0,-65000,-87100.0
2026-08-11,9A9W,永豐市政,064691,2000,0,3640.0,0.0,2000,3640.0
2026-08-11,9A9W,永豐市政,064787,100000,0,53000.0,0.0,100000,53000.0
2026-08-11,9A9W,永豐市政,064922,0,1000,0.0,440.0,-1000,-440.0
2026-08-11,9A9W,永豐市政,064955,2000,0,2880.0,0.0,2000,2880.0
2026-08-11,9A9W,永豐市政,065329,0,1000,0.0,3790.0,-1000,-3790.0
2026-08-11,9A9W,永豐市政,065360,0,10000,0.0,27200.0,-10000,-27200.0
2026-08-11,9A9W,永豐市政,065734,1000,0,2150.0,0.0,1000,2150.0
2026-08-11,9A9W,永豐市政,065748,0,20000,0.0,13200.0,-20000,-13200.0
2026-08-11,9A9W,永豐市政,065990,10000,0,33900.0,0.0,10000,33900.0
2026-08-11,9A9W,永豐市政,066079,50000,0,89500.0,0.0,50000,89500.0
2026-08-11,9A9W,永豐市政,066145,60000,10000,188900.0,28800.0,50000,160100.0
2026-08-11,9A9W,永豐市政,066280,0,50000,0.0,46000.0,-50000,-46000.0
2026-08-11,9A9W,永豐市政,066287,10000,38000,40000.0,162460.0,-28000,-122460.0
2026-08-11,9A9W,永豐市政,066555,0,30000,0.0,435000.0,-30000,-435000.0
2026-08-11,9A9W,永豐市政,066652,70000,50000,223000.0,162200.0,20000,60800.0
2026-08-11,9A9W,永豐市政,066758,2000,0,2800.0,0.0,2000,2800.0
2026-08-11,9A9W,永豐市政,066829,0,10000,0.0,22000.0,-10000,-22000.0
2026-08-11,9A9W,永豐市政,067024,1000,0,1620.0,0.0,1000,1620.0
2026-08-11,9A9W,永豐市政,067065,15000,0,15450.0,0.0,15000,15450.0
2026-08-11,9A9W,永豐市政,067147,2000,7000,720.0,2520.0,-5000,-1800.0
2026-08-11,9A9W,永豐市政,067184,0,45000,0.0,30420.0,-45000,-30420.0
2026-08-11,9A9W,永豐市政,067211,6000,0,3960.0,0.0,6000,3960.0
2026-08-11,9A9W,永豐市政,067251,0,2000,0.0,5400.0,-2000,-5400.0
2026-08-11,9A9W,永豐市政,067323,3000,5000,6930.0,12450.0,-2000,-5520.0
2026-08-11,9A9W,永豐市政,067365,5000,0,4450.0,0.0,5000,4450.0
2026-08-11,9A9W,永豐市政,067391,0,1000,0.0,1920.0,-1000,-1920.0
2026-08-11,9A9W,永豐市政,067460,1000,0,4300.0,0.0,1000,4300.0
2026-08-11,9A9W,永豐市政,067475,20000,0,19800.0,0.0,20000,19800.0
2026-08-11,9A9W,永豐市政,067573,40000,0,105200.0,0.0,40000,105200.0
2026-08-11,9A9W,永豐市政,067587,0,14000,0.0,27360.0,-14000,-27360.0
2026-08-11,9A9W,永豐市政,067590,0,400000,0.0,428000.0,-400000,-428000.0
2026-08-11,9A9W,永豐市政,067635,20000,0,19800.0,0.0,20000,19800.0
2026-08-11,9A9W,永豐市政,067782,0,3000,0.0,3330.0,-3000,-3330.0
2026-08-11,9A9W,永豐市政,067814,3000,0,5490.0,0.0,3000,5490.0
2026-08-11,9A9W,永豐市政,067942,0,10000,0.0,26000.0,-10000,-26000.0
2026-08-11,9A9W,永豐市政,067984,3000,0,1830.0,0.0,3000,1830.0
2026-08-11,9A9W,永豐市政,067985,0,10000,0.0,7800.0,-10000,-7800.0
2026-08-11,9A9W,永豐市政,067986,2000,0,1120.0,0.0,2000,1120.0
2026-08-11,9A9W,永豐市政,067998,0,35000,0.0,34300.0,-35000,-34300.0
2026-08-11,9A9W,永豐市政,068000,10000,0,9100.0,0.0,10000,9100.0
2026-08-11,9A9W,永豐市政,068003,100000,0,94000.0,0.0,100000,94000.0
2026-08-11,9A9W,永豐市政,068101,1000,1000,810.0,920.0,0,-110.0
2026-08-11,9A9W,永豐市政,068318,1000,0,3140.0,0.0,1000,3140.0
2026-08-11,9A9W,永豐市政,068362,1000,0,4200.0,0.0,1000,4200.0
2026-08-11,9A9W,永豐市政,068667,30000,0,12900.0,0.0,30000,12900.0
2026-08-11,9A9W,永豐市政,068753,0,1000,0.0,190.0,-1000,-190.0
2026-08-11,9A9W,永豐市政,068793,3000,0,660.0,0.0,3000,660.0
2026-08-11,9A9W,永豐市政,068985,40000,0,13930.0,0.0,40000,13930.0
2026-08-11,9A9W,永豐市政,068992,10000,0,26000.0,0.0,10000,26000.0
2026-08-11,9A9W,永豐市政,069021,5000,0,10050.0,0.0,5000,10050.0
2026-08-11,9A9W,永豐市政,069275,25000,0,5000.0,0.0,25000,5000.0
2026-08-11,9A9W,永豐市政,069509,5000,0,59000.0,0.0,5000,59000.0
2026-08-11,9A9W,永豐市政,069944,0,2000,0.0,21600.0,-2000,-21600.0
2026-08-11,9A9W,永豐市政,070256,0,2000,0.0,1520.0,-2000,-1520.0
2026-08-11,9A9W,永豐市政,070850,20000,0,14200.0,0.0,20000,14200.0
2026-08-11,9A9W,永豐市政,070897,1000,0,560.0,0.0,1000,560.0
2026-08-11,9A9W,永豐市政,071087,0,8000,0.0,6240.0,-8000,-6240.0
2026-08-11,9A9W,永豐市政,071131,20000,0,22400.0,0.0,20000,22400.0
2026-08-11,9A9W,永豐市政,071139,0,25000,0.0,47500.0,-25000,-47500.0
2026-08-11,9A9W,永豐市政,071170,2000,0,2060.0,0.0,2000,2060.0
2026-08-11,9A9W,永豐市政,071277,6000,0,3420.0,0.0,6000,3420.0
2026-08-11,9A9W,永豐市政,071356,30000,0,29700.0,0.0,30000,29700.0
2026-08-11,9A9W,永豐市政,071434,20000,93000,5400.0,24280.0,-73000,-18880.0
2026-08-11,9A9W,永豐市政,071511,1000,0,930.0,0.0,1000,930.0
2026-08-11,9A9W,永豐市政,071559,0,2000,0.0,1360.0,-2000,-1360.0
2026-08-11,9A9W,永豐市政,071628,0,10000,0.0,11700.0,-10000,-11700.0
2026-08-11,9A9W,永豐市政,071745,0,2000,0.0,3380.0,-2000,-3380.0
2026-08-11,9A9W,永豐市政,071752,0,2000,0.0,5060.0,-2000,-5060.0
2026-08-11,9A9W,永豐市政,071835,30000,0,13200.0,0.0,30000,13200.0
2026-08-11,9A9W,永豐市政,072026,0,25000,0.0,28000.0,-25000,-28000.0
2026-08-11,9A9W,永豐市政,072037,10000,0,14500.0,0.0,10000,14500.0
2026-08-11,9A9W,永豐市政,072560,4000,0,13840.0,0.0,4000,13840.0
2026-08-11,9A9W,永豐市政,072652,1000,0,1010.0,0.0,1000,1010.0
2026-08-11,9A9W,永豐市政,072834,0,3000,0.0,4440.0,-3000,-4440.0
2026-08-11,9A9W,永豐市政,073561,1000,0,940.0,0.0,1000,940.0
2026-08-11,9A9W,永豐市政,073804,0,15000,0.0,22650.0,-15000,-22650.0
2026-08-11,9A9W,永豐市政,074052,0,9000,0.0,4050.0,-9000,-4050.0
2026-08-11,9A9W,永豐市政,074188,99000,0,70500.0,0.0,99000,70500.0
2026-08-11,9A9W,永豐市政,074671,0,20000,0.0,19400.0,-20000,-19400.0
2026-08-11,9A9W,永豐市政,075003,100000,0,66500.0,0.0,100000,66500.0
2026-08-11,9A9W,永豐市政,075031,0,8000,0.0,16240.0,-8000,-16240.0
2026-08-11,9A9W,永豐市政,075071,10000,0,17200.0,0.0,10000,17200.0
2026-08-11,9A9W,永豐市政,075171,2000,0,1640.0,0.0,2000,1640.0
2026-08-11,9A9W,永豐市政,075838,10000,0,13400.0,0.0,10000,13400.0
2026-08-11,9A9W,永豐市政,076143,10000,0,8200.0,0.0,10000,8200.0
2026-08-11,9A9W,永豐市政,076216,20000,0,47800.0,0.0,20000,47800.0
2026-08-11,9A9W,永豐市政,076250,0,2000,0.0,2460.0,-2000,-2460.0
2026-08-11,9A9W,永豐市政,076280,12000,0,18340.0,0.0,12000,18340.0
2026-08-11,9A9W,永豐市政,076659,0,1000,0.0,1530.0,-1000,-1530.0
2026-08-11,9A9W,永豐市政,077479,5000,0,7000.0,0.0,5000,7000.0
2026-08-11,9A9W,永豐市政,077686,90000,0,204850.0,0.0,90000,204850.0
2026-08-11,9A9W,永豐市政,077829,10000,0,9000.0,0.0,10000,9000.0
2026-08-11,9A9W,永豐市政,077892,0,10000,0.0,25000.0,-10000,-25000.0
2026-08-11,9A9W,永豐市政,077906,5000,0,4600.0,0.0,5000,4600.0
2026-08-11,9A9W,永豐市政,078039,50000,0,150700.0,0.0,50000,150700.0
2026-08-11,9A9W,永豐市政,078061,1000,0,2070.0,0.0,1000,2070.0
2026-08-11,9A9W,永豐市政,078123,13000,0,24500.0,0.0,13000,24500.0
2026-08-11,9A9W,永豐市政,078311,10000,0,23200.0,0.0,10000,23200.0
2026-08-11,9A9W,永豐市政,078343,10000,0,16400.0,0.0,10000,16400.0
2026-08-11,9A9W,永豐市政,078700,25000,0,24150.0,0.0,25000,24150.0
2026-08-11,9A9W,永豐市政,079233,0,5000,0.0,3850.0,-5000,-3850.0
2026-08-11,9A9W,永豐市政,079381,465000,0,499460.0,0.0,465000,499460.0
2026-08-11,9A9W,永豐市政,08436U,3000,0,540.0,0.0,3000,540.0
2026-08-11,9A9W,永豐市政,08527U,0,200000,0.0,20000.0,-200000,-20000.0
2026-08-11,9A9W,永豐金市政,700192,0,15000,0.0,6000.0,-15000,-6000.0
2026-08-11,9A9W,永豐金市政,704312,0,3000,0.0,240.0,-3000,-240.0
2026-08-11,9A9W,永豐金市政,704370,100000,0,83000.0,0.0,100000,83000.0
2026-08-11,9A9W,永豐金市政,705322,10000,0,200.0,0.0,10000,200.0
2026-08-11,9A9W,永豐金市政,705345,25000,0,250.0,0.0,25000,250.0
2026-08-11,9A9W,永豐金市政,705931,0,2000,0.0,7480.0,-2000,-7480.0
2026-08-11,9A9W,永豐金市政,706453,1000,0,780.0,0.0,1000,780.0
2026-08-11,9A9W,永豐金市政,706889,0,32000,0.0,49920.0,-32000,-49920.0
2026-08-11,9A9W,永豐金市政,706972,0,20000,0.0,45200.0,-20000,-45200.0
2026-08-11,9A9W,永豐金市政,707196,0,20000,0.0,9600.0,-20000,-9600.0
2026-08-11,9A9W,永豐金市政,707304,0,150000,0.0,247500.0,-150000,-247500.0
2026-08-11,9A9W,永豐金市政,707504,20000,0,13600.0,0.0,20000,13600.0
2026-08-11,9A9W,永豐金市政,707572,1000,0,220.0,0.0,1000,220.0
2026-08-11,9A9W,永豐金市政,707705,1000,0,1640.0,0.0,1000,1640.0
2026-08-11,9A9W,永豐金市政,707735,1000,5000,900.0,4600.0,-4000,-3700.0
2026-08-11,9A9W,永豐金市政,707859,0,20000,0.0,24000.0,-20000,-24000.0
2026-08-11,9A9W,永豐金市政,708017,10000,0,22700.0,0.0,10000,22700.0
2026-08-11,9A9W,永豐金市政,708085,1000,0,920.0,0.0,1000,920.0
2026-08-11,9A9W,永豐金市政,708353,20000,0,14200.0,0.0,20000,14200.0
2026-08-11,9A9W,永豐金市政,708460,0,22000,0.0,2420.0,-22000,-2420.0
2026-08-11,9A9W,永豐金市政,708547,100000,0,59000.0,0.0,100000,59000.0
2026-08-11,9A9W,永豐金市政,708655,3000,0,3390.0,0.0,3000,3390.0
2026-08-11,9A9W,永豐金市政,708706,0,2000,0.0,2130.0,-2000,-2130.0
2026-08-11,9A9W,永豐金市政,709147,1000,0,700.0,0.0,1000,700.0
2026-08-11,9A9W,永豐金市政,709151,60000,0,14400.0,0.0,60000,14400.0
2026-08-11,9A9W,永豐金市政,709237,3000,0,3390.0,0.0,3000,3390.0
2026-08-11,9A9W,永豐金市政,709688,2000,3000,2760.0,4260.0,-1000,-1500.0
2026-08-11,9A9W,永豐金市政,709787,3000,0,1530.0,0.0,3000,1530.0
2026-08-11,9A9W,永豐金市政,709919,10000,0,10600.0,0.0,10000,10600.0
2026-08-11,9A9W,永豐金市政,710651,0,135000,0.0,129620.0,-135000,-129620.0
2026-08-11,9A9W,永豐金市政,710936,0,15000,0.0,16800.0,-15000,-16800.0
2026-08-11,9A9W,永豐金市政,710958,8000,0,3680.0,0.0,8000,3680.0
2026-08-11,9A9W,永豐金市政,711065,0,55000,0.0,40700.0,-55000,-40700.0
2026-08-11,9A9W,永豐金市政,711123,3000,0,1680.0,0.0,3000,1680.0
2026-08-11,9A9W,永豐金市政,711138,0,200000,0.0,106000.0,-200000,-106000.0
2026-08-11,9A9W,永豐金市政,711292,20000,0,16400.0,0.0,20000,16400.0
2026-08-11,9A9W,永豐金市政,711487,0,45000,0.0,35850.0,-45000,-35850.0
2026-08-11,9A9W,永豐金市政,711602,20000,19000,12000.0,10830.0,1000,1170.0
2026-08-11,9A9W,永豐金市政,712033,10000,0,24600.0,0.0,10000,24600.0
2026-08-11,9A9W,永豐金市政,712198,30000,10000,54900.0,17500.0,20000,37400.0
2026-08-11,9A9W,永豐金市政,72853U,1000,1000,720.0,720.0,0,0.0
2026-08-11,9A9W,永豐金市政,733460,0,8000,0.0,7760.0,-8000,-7760.0
2026-08-11,9A9W,永豐金市政,736244,2000,0,14300.0,0.0,2000,14300.0
2026-08-11,9A9W,永豐金市政,738944,2000,0,460.0,0.0,2000,460.0
2026-08-11,9A9X,永豐竹科,03192T,10000,0,4500.0,0.0,10000,4500.0
2026-08-11,9A9X,永豐竹科,03200T,0,5000,0.0,6600.0,-5000,-6600.0
2026-08-11,9A9X,永豐竹科,03237T,0,850000,0.0,248500.0,-850000,-248500.0
2026-08-11,9A9X,永豐竹科,03337T,10000,0,7600.0,0.0,10000,7600.0
2026-08-11,9A9X,永豐竹科,03432T,10000,0,11600.0,0.0,10000,11600.0
2026-08-11,9A9X,永豐竹科,03478T,0,18000,0.0,15170.0,-18000,-15170.0
2026-08-11,9A9X,永豐竹科,03618T,0,3000,0.0,4010.0,-3000,-4010.0
2026-08-11,9A9X,永豐竹科,03694T,0,2000,0.0,1880.0,-2000,-1880.0
2026-08-11,9A9X,永豐竹科,037046,0,10000,0.0,65500.0,-10000,-65500.0
2026-08-11,9A9X,永豐竹科,03737B,401000,100000,387470.0,98500.0,301000,288970.0
2026-08-11,9A9X,永豐竹科,038321,1000,0,4740.0,0.0,1000,4740.0
2026-08-11,9A9X,永豐竹科,03901T,0,100000,0.0,191000.0,-100000,-191000.0
2026-08-11,9A9X,永豐竹科,039024,0,1000,0.0,890.0,-1000,-890.0
2026-08-11,9A9X,永豐竹科,03997T,20000,0,21900.0,0.0,20000,21900.0
2026-08-11,9A9X,永豐竹科,04014C,0,3000,0.0,13050.0,-3000,-13050.0
2026-08-11,9A9X,永豐竹科,041611,1000,0,1600.0,0.0,1000,1600.0
2026-08-11,9A9X,永豐竹科,044799,1000,0,2500.0,0.0,1000,2500.0
2026-08-11,9A9X,永豐竹科,051441,30000,0,17500.0,0.0,30000,17500.0
2026-08-11,9A9X,永豐竹科,052188,0,2000,0.0,1400.0,-2000,-1400.0
2026-08-11,9A9X,永豐竹科,055124,0,1000,0.0,290.0,-1000,-290.0
2026-08-11,9A9X,永豐竹科,055345,30000,0,63400.0,0.0,30000,63400.0
2026-08-11,9A9X,永豐竹科,055684,15000,0,12690.0,0.0,15000,12690.0
2026-08-11,9A9X,永豐竹科,057153,15000,0,13650.0,0.0,15000,13650.0
2026-08-11,9A9X,永豐竹科,057340,1000,32000,800.0,17280.0,-31000,-16480.0
2026-08-11,9A9X,永豐竹科,058221,0,20000,0.0,75600.0,-20000,-75600.0
2026-08-11,9A9X,永豐竹科,059238,1000,0,1080.0,0.0,1000,1080.0
2026-08-11,9A9X,永豐竹科,059639,0,4000,0.0,12160.0,-4000,-12160.0
2026-08-11,9A9X,永豐竹科,060001,3000,0,11220.0,0.0,3000,11220.0
2026-08-11,9A9X,永豐竹科,060700,0,100000,0.0,74000.0,-100000,-74000.0
2026-08-11,9A9X,永豐竹科,061605,3000,0,2490.0,0.0,3000,2490.0
2026-08-11,9A9X,永豐竹科,062622,0,195000,0.0,496560.0,-195000,-496560.0
2026-08-11,9A9X,永豐竹科,063058,0,60000,0.0,120000.0,-60000,-120000.0
2026-08-11,9A9X,永豐竹科,063344,10000,0,4900.0,0.0,10000,4900.0
2026-08-11,9A9X,永豐竹科,063438,61000,0,72440.0,0.0,61000,72440.0
2026-08-11,9A9X,永豐竹科,063481,0,55000,0.0,28800.0,-55000,-28800.0
2026-08-11,9A9X,永豐竹科,063526,140000,0,65800.0,0.0,140000,65800.0
2026-08-11,9A9X,永豐竹科,063649,0,2000,0.0,3060.0,-2000,-3060.0
2026-08-11,9A9X,永豐竹科,063680,10000,0,13900.0,0.0,10000,13900.0
2026-08-11,9A9X,永豐竹科,064064,10000,0,4500.0,0.0,10000,4500.0
2026-08-11,9A9X,永豐竹科,064433,20000,0,13800.0,0.0,20000,13800.0
2026-08-11,9A9X,永豐竹科,064524,2000,0,2690.0,0.0,2000,2690.0
2026-08-11,9A9X,永豐竹科,064551,0,1000,0.0,10900.0,-1000,-10900.0
2026-08-11,9A9X,永豐竹科,065423,1000,7000,760.0,5320.0,-6000,-4560.0
2026-08-11,9A9X,永豐竹科,065609,138000,0,77300.0,0.0,138000,77300.0
2026-08-11,9A9X,永豐竹科,065642,0,290000,0.0,959600.0,-290000,-959600.0
2026-08-11,9A9X,永豐竹科,065718,6000,0,32500.0,0.0,6000,32500.0
2026-08-11,9A9X,永豐竹科,066083,0,5000,0.0,3850.0,-5000,-3850.0
2026-08-11,9A9X,永豐竹科,066684,0,2000,0.0,640.0,-2000,-640.0
2026-08-11,9A9X,永豐竹科,066759,10000,0,52500.0,0.0,10000,52500.0
2026-08-11,9A9X,永豐竹科,066821,4000,0,24000.0,0.0,4000,24000.0
2026-08-11,9A9X,永豐竹科,067142,0,2000,0.0,4060.0,-2000,-4060.0
2026-08-11,9A9X,永豐竹科,067411,0,5000,0.0,3800.0,-5000,-3800.0
2026-08-11,9A9X,永豐竹科,067635,0,5000,0.0,4950.0,-5000,-4950.0
2026-08-11,9A9X,永豐竹科,067638,350000,74000,301500.0,66600.0,276000,234900.0
2026-08-11,9A9X,永豐竹科,067814,0,10000,0.0,17000.0,-10000,-17000.0
2026-08-11,9A9X,永豐竹科,067845,10000,0,12000.0,0.0,10000,12000.0
2026-08-11,9A9X,永豐竹科,067997,0,1000,0.0,820.0,-1000,-820.0
2026-08-11,9A9X,永豐竹科,068000,51000,0,49280.0,0.0,51000,49280.0
2026-08-11,9A9X,永豐竹科,068001,3000,1000,2560.0,800.0,2000,1760.0
2026-08-11,9A9X,永豐竹科,068463,0,38000,0.0,52870.0,-38000,-52870.0
2026-08-11,9A9X,永豐竹科,068796,20000,0,34200.0,0.0,20000,34200.0
2026-08-11,9A9X,永豐竹科,068938,0,6000,0.0,6350.0,-6000,-6350.0
2026-08-11,9A9X,永豐竹科,069891,1000,0,1710.0,0.0,1000,1710.0
2026-08-11,9A9X,永豐竹科,070080,1000,0,1630.0,0.0,1000,1630.0
2026-08-11,9A9X,永豐竹科,070433,50000,0,53600.0,0.0,50000,53600.0
2026-08-11,9A9X,永豐竹科,070615,10000,0,6200.0,0.0,10000,6200.0
2026-08-11,9A9X,永豐竹科,070849,0,4000,0.0,3600.0,-4000,-3600.0
2026-08-11,9A9X,永豐竹科,070899,20000,0,28200.0,0.0,20000,28200.0
2026-08-11,9A9X,永豐竹科,071466,0,25000,0.0,57500.0,-25000,-57500.0
2026-08-11,9A9X,永豐竹科,071506,5000,0,4950.0,0.0,5000,4950.0
2026-08-11,9A9X,永豐竹科,071548,5000,0,4650.0,0.0,5000,4650.0
2026-08-11,9A9X,永豐竹科,071806,100000,0,72000.0,0.0,100000,72000.0
2026-08-11,9A9X,永豐竹科,072942,40000,0,39000.0,0.0,40000,39000.0
2026-08-11,9A9X,永豐竹科,073566,0,70000,0.0,84700.0,-70000,-84700.0
2026-08-11,9A9X,永豐竹科,074011,0,10000,0.0,9700.0,-10000,-9700.0
2026-08-11,9A9X,永豐竹科,074331,10000,0,7500.0,0.0,10000,7500.0
2026-08-11,9A9X,永豐竹科,074383,1000,0,810.0,0.0,1000,810.0
2026-08-11,9A9X,永豐竹科,074540,0,118000,0.0,470820.0,-118000,-470820.0
2026-08-11,9A9X,永豐竹科,075514,3000,0,2880.0,0.0,3000,2880.0
2026-08-11,9A9X,永豐竹科,075655,1000,0,340.0,0.0,1000,340.0
2026-08-11,9A9X,永豐竹科,075686,5000,0,3100.0,0.0,5000,3100.0
2026-08-11,9A9X,永豐竹科,075841,2000,0,5720.0,0.0,2000,5720.0
2026-08-11,9A9X,永豐竹科,076501,399000,0,638400.0,0.0,399000,638400.0
2026-08-11,9A9X,永豐竹科,076522,0,5000,0.0,8900.0,-5000,-8900.0
2026-08-11,9A9X,永豐竹科,077530,529000,0,804080.0,0.0,529000,804080.0
2026-08-11,9A9X,永豐竹科,079621,2000,0,1160.0,0.0,2000,1160.0
2026-08-11,9A9X,永豐金竹科,700904,3000,0,11640.0,0.0,3000,11640.0
2026-08-11,9A9X,永豐金竹科,702837,0,3000,0.0,1320.0,-3000,-1320.0
2026-08-11,9A9X,永豐金竹科,703465,1000,0,310.0,0.0,1000,310.0
2026-08-11,9A9X,永豐金竹科,703617,50000,0,31500.0,0.0,50000,31500.0
2026-08-11,9A9X,永豐金竹科,703985,1000,0,1940.0,0.0,1000,1940.0
2026-08-11,9A9X,永豐金竹科,704018,10000,0,10800.0,0.0,10000,10800.0
2026-08-11,9A9X,永豐金竹科,704115,20000,20000,10700.0,11400.0,0,-700.0
2026-08-11,9A9X,永豐金竹科,704351,10000,0,4400.0,0.0,10000,4400.0
2026-08-11,9A9X,永豐金竹科,705072,10000,0,7900.0,0.0,10000,7900.0
2026-08-11,9A9X,永豐金竹科,705188,20000,0,8000.0,0.0,20000,8000.0
2026-08-11,9A9X,永豐金竹科,705726,10000,0,9700.0,0.0,10000,9700.0
2026-08-11,9A9X,永豐金竹科,705728,1000,0,270.0,0.0,1000,270.0
2026-08-11,9A9X,永豐金竹科,706714,50000,0,27900.0,0.0,50000,27900.0
2026-08-11,9A9X,永豐金竹科,707138,0,1000,0.0,1380.0,-1000,-1380.0
2026-08-11,9A9X,永豐金竹科,707474,0,1000,0.0,1060.0,-1000,-1060.0
2026-08-11,9A9X,永豐金竹科,707599,1000,0,1240.0,0.0,1000,1240.0
2026-08-11,9A9X,永豐金竹科,707722,20000,0,39400.0,0.0,20000,39400.0
2026-08-11,9A9X,永豐金竹科,707759,0,1000,0.0,1420.0,-1000,-1420.0
2026-08-11,9A9X,永豐金竹科,707765,308000,0,701640.0,0.0,308000,701640.0
2026-08-11,9A9X,永豐金竹科,707792,0,2000,0.0,3020.0,-2000,-3020.0
2026-08-11,9A9X,永豐金竹科,707846,0,4000,0.0,760.0,-4000,-760.0
2026-08-11,9A9X,永豐金竹科,708195,15000,0,20200.0,0.0,15000,20200.0
2026-08-11,9A9X,永豐金竹科,708238,40000,0,50800.0,0.0,40000,50800.0
2026-08-11,9A9X,永豐金竹科,708649,0,1000,0.0,600.0,-1000,-600.0
2026-08-11,9A9X,永豐金竹科,708830,41000,0,10250.0,0.0,41000,10250.0
2026-08-11,9A9X,永豐金竹科,708927,0,20000,0.0,9500.0,-20000,-9500.0
2026-08-11,9A9X,永豐金竹科,709303,0,3000,0.0,660.0,-3000,-660.0
2026-08-11,9A9X,永豐金竹科,709952,0,8000,0.0,28350.0,-8000,-28350.0
2026-08-11,9A9X,永豐金竹科,710321,0,1000,0.0,570.0,-1000,-570.0
2026-08-11,9A9X,永豐金竹科,710788,1000,1000,2580.0,1850.0,0,730.0
2026-08-11,9A9X,永豐金竹科,710837,1000,0,540.0,0.0,1000,540.0
2026-08-11,9A9X,永豐金竹科,710924,10000,0,3100.0,0.0,10000,3100.0
2026-08-11,9A9X,永豐金竹科,710949,10000,0,4100.0,0.0,10000,4100.0
2026-08-11,9A9X,永豐金竹科,711047,0,2000,0.0,1250.0,-2000,-1250.0
2026-08-11,9A9X,永豐金竹科,711140,5000,0,4850.0,0.0,5000,4850.0
2026-08-11,9A9X,永豐金竹科,711359,15000,0,15050.0,0.0,15000,15050.0
2026-08-11,9A9X,永豐金竹科,711567,3000,0,4790.0,0.0,3000,4790.0
2026-08-11,9A9X,永豐金竹科,712020,1000,0,2280.0,0.0,1000,2280.0
2026-08-11,9A9X,永豐金竹科,712099,3000,0,4590.0,0.0,3000,4590.0
2026-08-11,9A9X,永豐金竹科,72733U,1000,0,390.0,0.0,1000,390.0
2026-08-11,9A9X,永豐金竹科,72749U,1000,4000,1050.0,4310.0,-3000,-3260.0
2026-08-11,9A9X,永豐金竹科,72932U,0,10000,0.0,17400.0,-10000,-17400.0
2026-08-11,9A9X,永豐金竹科,736156,1000,0,710.0,0.0,1000,710.0
2026-08-11,9A9X,永豐金竹科,739521,0,1000,0.0,600.0,-1000,-600.0
2026-08-11,9A9g,永豐內湖,03275T,10000,0,10600.0,0.0,10000,10600.0
2026-08-11,9A9g,永豐內湖,03289T,10000,0,21900.0,0.0,10000,21900.0
2026-08-11,9A9g,永豐內湖,03901T,10000,0,19500.0,0.0,10000,19500.0
2026-08-11,9A9g,永豐內湖,039969,0,1000,0.0,1080.0,-1000,-1080.0
2026-08-11,9A9g,永豐內湖,042976,0,176000,0.0,66880.0,-176000,-66880.0
2026-08-11,9A9g,永豐內湖,043989,20000,0,33200.0,0.0,20000,33200.0
2026-08-11,9A9g,永豐內湖,052701,300000,0,363000.0,0.0,300000,363000.0
2026-08-11,9A9g,永豐內湖,055212,0,1000,0.0,19400.0,-1000,-19400.0
2026-08-11,9A9g,永豐內湖,057072,2000,0,3970.0,0.0,2000,3970.0
2026-08-11,9A9g,永豐內湖,057557,2000,0,5440.0,0.0,2000,5440.0
2026-08-11,9A9g,永豐內湖,057623,0,2000,0.0,200.0,-2000,-200.0
2026-08-11,9A9g,永豐內湖,059007,55000,0,36300.0,0.0,55000,36300.0
2026-08-11,9A9g,永豐內湖,059639,0,10000,0.0,30400.0,-10000,-30400.0
2026-08-11,9A9g,永豐內湖,063518,20000,0,25600.0,0.0,20000,25600.0
2026-08-11,9A9g,永豐內湖,065700,900000,0,2071000.0,0.0,900000,2071000.0
2026-08-11,9A9g,永豐內湖,066235,0,193000,0.0,303110.0,-193000,-303110.0
2026-08-11,9A9g,永豐內湖,066243,300000,0,875000.0,0.0,300000,875000.0
2026-08-11,9A9g,永豐內湖,066524,0,50000,0.0,18000.0,-50000,-18000.0
2026-08-11,9A9g,永豐內湖,066612,68000,0,78200.0,0.0,68000,78200.0
2026-08-11,9A9g,永豐內湖,067257,10000,0,14800.0,0.0,10000,14800.0
2026-08-11,9A9g,永豐內湖,067411,5689000,0,4353580.0,0.0,5689000,4353580.0
2026-08-11,9A9g,永豐內湖,067997,998000,10000,903190.0,8800.0,988000,894390.0
2026-08-11,9A9g,永豐內湖,068033,2675000,0,2402100.0,0.0,2675000,2402100.0
2026-08-11,9A9g,永豐內湖,068054,11000,0,7260.0,0.0,11000,7260.0
2026-08-11,9A9g,永豐內湖,068223,499000,0,1511370.0,0.0,499000,1511370.0
2026-08-11,9A9g,永豐內湖,068226,0,15000,0.0,22800.0,-15000,-22800.0
2026-08-11,9A9g,永豐內湖,068290,30000,0,24900.0,0.0,30000,24900.0
2026-08-11,9A9g,永豐內湖,069922,0,3000,0.0,6570.0,-3000,-6570.0
2026-08-11,9A9g,永豐內湖,070845,18000,0,10080.0,0.0,18000,10080.0
2026-08-11,9A9g,永豐內湖,071471,0,2000,0.0,3660.0,-2000,-3660.0
2026-08-11,9A9g,永豐內湖,071711,8000,0,9920.0,0.0,8000,9920.0
2026-08-11,9A9g,永豐內湖,071728,0,30000,0.0,24600.0,-30000,-24600.0
2026-08-11,9A9g,永豐內湖,072452,1000,0,1370.0,0.0,1000,1370.0
2026-08-11,9A9g,永豐內湖,072570,40000,0,20400.0,0.0,40000,20400.0
2026-08-11,9A9g,永豐內湖,073060,3893000,0,1906610.0,0.0,3893000,1906610.0
2026-08-11,9A9g,永豐內湖,073715,0,350000,0.0,367500.0,-350000,-367500.0
2026-08-11,9A9g,永豐內湖,073895,21000,0,15960.0,0.0,21000,15960.0
2026-08-11,9A9g,永豐內湖,074521,2000,0,2360.0,0.0,2000,2360.0
2026-08-11,9A9g,永豐內湖,075031,0,3000,0.0,6080.0,-3000,-6080.0
2026-08-11,9A9g,永豐內湖,075126,0,10000,0.0,24400.0,-10000,-24400.0
2026-08-11,9A9g,永豐內湖,075540,20000,0,17200.0,0.0,20000,17200.0
2026-08-11,9A9g,永豐內湖,075722,5000,0,15700.0,0.0,5000,15700.0
2026-08-11,9A9g,永豐內湖,076573,10000,0,9500.0,0.0,10000,9500.0
2026-08-11,9A9g,永豐內湖,076623,40000,0,19000.0,0.0,40000,19000.0
2026-08-11,9A9g,永豐內湖,076728,10000,0,20300.0,0.0,10000,20300.0
2026-08-11,9A9g,永豐內湖,076806,2000,0,3550.0,0.0,2000,3550.0
2026-08-11,9A9g,永豐內湖,078125,4000,0,4400.0,0.0,4000,4400.0
2026-08-11,9A9g,永豐內湖,079069,30000,0,20400.0,0.0,30000,20400.0
2026-08-11,9A9g,永豐內湖,080510,0,1000,0.0,1580.0,-1000,-1580.0
2026-08-11,9A9g,永豐金內湖,705267,0,45000,0.0,40050.0,-45000,-40050.0
2026-08-11,9A9g,永豐金內湖,706607,0,12000,0.0,5520.0,-12000,-5520.0
2026-08-11,9A9g,永豐金內湖,706701,5000,0,1200.0,0.0,5000,1200.0
2026-08-11,9A9g,永豐金內湖,707352,499000,0,558880.0,0.0,499000,558880.0
2026-08-11,9A9g,永豐金內湖,707422,0,2000,0.0,2970.0,-2000,-2970.0
2026-08-11,9A9g,永豐金內湖,709107,90000,0,90000.0,0.0,90000,90000.0
2026-08-11,9A9g,永豐金內湖,709253,8000,0,18320.0,0.0,8000,18320.0
2026-08-11,9A9g,永豐金內湖,709424,3000,0,480.0,0.0,3000,480.0
2026-08-11,9A9g,永豐金內湖,711602,10000,0,6000.0,0.0,10000,6000.0
2026-08-11,9A9g,永豐金內湖,712214,301000,0,334170.0,0.0,301000,334170.0
