date,securities_trader_id,securities_trader,stock_id,buy_volume,sell_volume,buy_amount,sell_amount,net_volume,net_amount
2026-08-04,111B,台企建成,031805,40000,0,80400.0,0.0,40000,80400.0
2026-08-04,111B,台企建成,033634,10000,0,23400.0,0.0,10000,23400.0
2026-08-04,111B,台企建成,03431T,10000,0,11900.0,0.0,10000,11900.0
2026-08-04,111B,台企建成,056811,0,150000,0.0,352500.0,-150000,-352500.0
2026-08-04,111B,台企建成,059195,0,10000,0.0,6600.0,-10000,-6600.0
2026-08-04,111B,台企建成,060298,100000,0,112000.0,0.0,100000,112000.0
2026-08-04,111B,台企建成,070550,150000,0,249000.0,0.0,150000,249000.0
2026-08-04,111B,台企銀建成,710279,10000,400000,10200.0,420000.0,-390000,-409800.0
2026-08-04,538Y,第一中壢,03351T,0,63000,0.0,37800.0,-63000,-37800.0
2026-08-04,538Y,第一中壢,03474T,100000,100000,95000.0,95000.0,0,0.0
2026-08-04,538Y,第一中壢,03632T,5000,0,6950.0,0.0,5000,6950.0
2026-08-04,538Y,第一中壢,043704,0,50000,0.0,1000.0,-50000,-1000.0
2026-08-04,538Y,第一中壢,052191,30000,0,21300.0,0.0,30000,21300.0
2026-08-04,538Y,第一中壢,056074,4000,0,8000.0,0.0,4000,8000.0
2026-08-04,538Y,第一中壢,058141,0,70000,0.0,51000.0,-70000,-51000.0
2026-08-04,538Y,第一中壢,059005,0,5000,0.0,4100.0,-5000,-4100.0
2026-08-04,538Y,第一中壢,060936,0,30000,0.0,13150.0,-30000,-13150.0
2026-08-04,538Y,第一中壢,061763,0,10000,0.0,3400.0,-10000,-3400.0
2026-08-04,538Y,第一中壢,063344,42000,0,17220.0,0.0,42000,17220.0
2026-08-04,538Y,第一中壢,063579,0,14000,0.0,14560.0,-14000,-14560.0
2026-08-04,538Y,第一中壢,064347,0,1000,0.0,4990.0,-1000,-4990.0
2026-08-04,538Y,第一中壢,064741,0,26000,0.0,5460.0,-26000,-5460.0
2026-08-04,538Y,第一中壢,065426,0,100000,0.0,35000.0,-100000,-35000.0
2026-08-04,538Y,第一中壢,065609,40000,0,19800.0,0.0,40000,19800.0
2026-08-04,538Y,第一中壢,065804,0,1000,0.0,5750.0,-1000,-5750.0
2026-08-04,538Y,第一中壢,066784,2000,0,10900.0,0.0,2000,10900.0
2026-08-04,538Y,第一中壢,066918,6000,0,12070.0,0.0,6000,12070.0
2026-08-04,538Y,第一中壢,066925,9000,0,9810.0,0.0,9000,9810.0
2026-08-04,538Y,第一中壢,066937,5000,0,6400.0,0.0,5000,6400.0
2026-08-04,538Y,第一中壢,067425,1000,0,3500.0,0.0,1000,3500.0
2026-08-04,538Y,第一中壢,067427,60000,0,177600.0,0.0,60000,177600.0
2026-08-04,538Y,第一中壢,067441,25000,0,21000.0,0.0,25000,21000.0
2026-08-04,538Y,第一中壢,067638,5000,0,5200.0,0.0,5000,5200.0
2026-08-04,538Y,第一中壢,067639,7000,0,12630.0,0.0,7000,12630.0
2026-08-04,538Y,第一中壢,068204,80000,0,39200.0,0.0,80000,39200.0
2026-08-04,538Y,第一中壢,068370,6000,0,10770.0,0.0,6000,10770.0
2026-08-04,538Y,第一中壢,068782,3000,22000,2430.0,16280.0,-19000,-13850.0
2026-08-04,538Y,第一中壢,070256,0,25000,0.0,15350.0,-25000,-15350.0
2026-08-04,538Y,第一中壢,070323,0,15000,0.0,15050.0,-15000,-15050.0
2026-08-04,538Y,第一中壢,070324,2000,2000,1810.0,1600.0,0,210.0
2026-08-04,538Y,第一中壢,070774,1000,0,1400.0,0.0,1000,1400.0
2026-08-04,538Y,第一中壢,072500,1000,0,5100.0,0.0,1000,5100.0
2026-08-04,538Y,第一中壢,072570,0,1000,0.0,410.0,-1000,-410.0
2026-08-04,538Y,第一中壢,073670,8000,0,10880.0,0.0,8000,10880.0
2026-08-04,538Y,第一中壢,074667,1000,0,3180.0,0.0,1000,3180.0
2026-08-04,538Y,第一中壢,074796,3000,0,3630.0,0.0,3000,3630.0
2026-08-04,538Y,第一中壢,075944,0,9000,0.0,7020.0,-9000,-7020.0
2026-08-04,538Y,第一中壢,076595,21000,0,13510.0,0.0,21000,13510.0
2026-08-04,538Y,第一中壢,076690,1000,0,1840.0,0.0,1000,1840.0
2026-08-04,538Y,第一中壢,077608,2000,1000,2070.0,1100.0,1000,970.0
2026-08-04,538Y,第一中壢,077630,70000,0,53200.0,0.0,70000,53200.0
2026-08-04,538Y,第一中壢,077687,2000,5000,4710.0,11850.0,-3000,-7140.0
2026-08-04,538Y,第一中壢,077775,7000,0,11380.0,0.0,7000,11380.0
2026-08-04,538Y,第一金中壢,704207,0,5000,0.0,13650.0,-5000,-13650.0
2026-08-04,538Y,第一金中壢,704406,0,5000,0.0,6000.0,-5000,-6000.0
2026-08-04,538Y,第一金中壢,706972,0,3000,0.0,10620.0,-3000,-10620.0
2026-08-04,538Y,第一金中壢,707042,6000,10000,11640.0,18500.0,-4000,-6860.0
2026-08-04,538Y,第一金中壢,707848,1000,0,1310.0,0.0,1000,1310.0
2026-08-04,538Y,第一金中壢,708532,0,10000,0.0,17400.0,-10000,-17400.0
2026-08-04,538Y,第一金中壢,708741,4000,0,4690.0,0.0,4000,4690.0
2026-08-04,538Y,第一金中壢,709068,13000,0,9360.0,0.0,13000,9360.0
2026-08-04,538Y,第一金中壢,709282,1000,12000,1000.0,11560.0,-11000,-10560.0
2026-08-04,538Y,第一金中壢,709705,0,5000,0.0,4350.0,-5000,-4350.0
2026-08-04,538Y,第一金中壢,711500,4000,0,6240.0,0.0,4000,6240.0
2026-08-04,5853,統一中壢,03275T,0,145000,0.0,190850.0,-145000,-190850.0
2026-08-04,5853,統一中壢,03517T,110000,0,208200.0,0.0,110000,208200.0
2026-08-04,5853,統一中壢,03796T,5000,0,12550.0,0.0,5000,12550.0
2026-08-04,5853,統一中壢,054367,1000,0,1680.0,0.0,1000,1680.0
2026-08-04,5853,統一中壢,056053,10000,0,10100.0,0.0,10000,10100.0
2026-08-04,5853,統一中壢,056075,0,10000,0.0,21400.0,-10000,-21400.0
2026-08-04,5853,統一中壢,057634,14000,0,19600.0,0.0,14000,19600.0
2026-08-04,5853,統一中壢,058614,12000,0,10080.0,0.0,12000,10080.0
2026-08-04,5853,統一中壢,066884,3000,0,17400.0,0.0,3000,17400.0
2026-08-04,5853,統一中壢,067639,0,60000,0.0,106500.0,-60000,-106500.0
2026-08-04,5853,統一中壢,067714,15000,0,12450.0,0.0,15000,12450.0
2026-08-04,5853,統一中壢,067729,12000,0,14520.0,0.0,12000,14520.0
2026-08-04,5853,統一中壢,068596,10000,0,13500.0,0.0,10000,13500.0
2026-08-04,5853,統一中壢,069450,0,50000,0.0,31000.0,-50000,-31000.0
2026-08-04,5853,統一中壢,070170,15000,0,11500.0,0.0,15000,11500.0
2026-08-04,5853,統一中壢,070256,0,213000,0.0,137730.0,-213000,-137730.0
2026-08-04,5853,統一中壢,070497,43000,0,30530.0,0.0,43000,30530.0
2026-08-04,5853,統一中壢,071545,10000,0,5800.0,0.0,10000,5800.0
2026-08-04,5853,統一中壢,075827,0,10000,0.0,7900.0,-10000,-7900.0
2026-08-04,5853,統一中壢,075896,50000,0,40000.0,0.0,50000,40000.0
2026-08-04,5853,統一中壢,077681,30000,0,34400.0,0.0,30000,34400.0
2026-08-04,5853,統一中壢,078040,9000,0,18210.0,0.0,9000,18210.0
2026-08-04,5853,統一中壢,08453U,30000,0,600.0,0.0,30000,600.0
2026-08-04,5853,統一中壢,08720U,0,15000,0.0,2250.0,-15000,-2250.0
2026-08-04,5853,統一中壢,704553,0,6000,0.0,17640.0,-6000,-17640.0
2026-08-04,5853,統一中壢,705003,100000,100000,72000.0,73000.0,0,-1000.0
2026-08-04,5853,統一中壢,706360,0,1000,0.0,2010.0,-1000,-2010.0
2026-08-04,5853,統一中壢,706815,0,1000,0.0,1740.0,-1000,-1740.0
2026-08-04,5853,統一中壢,707895,0,1000,0.0,1530.0,-1000,-1530.0
2026-08-04,5853,統一中壢,708179,100000,100000,65000.0,66000.0,0,-1000.0
2026-08-04,5853,統一中壢,709879,7000,0,26940.0,0.0,7000,26940.0
2026-08-04,5853,統一中壢,738758,0,1000,0.0,520.0,-1000,-520.0
2026-08-04,585Q,統一三多,03371T,10000,0,4400.0,0.0,10000,4400.0
2026-08-04,585Q,統一三多,03372T,70000,0,28000.0,0.0,70000,28000.0
2026-08-04,585Q,統一三多,043900,0,5000,0.0,4050.0,-5000,-4050.0
2026-08-04,585Q,統一三多,051340,10000,0,3200.0,0.0,10000,3200.0
2026-08-04,585Q,統一三多,052670,0,9000,0.0,24120.0,-9000,-24120.0
2026-08-04,585Q,統一三多,053858,0,1000,0.0,2310.0,-1000,-2310.0
2026-08-04,585Q,統一三多,060542,0,1000,0.0,2820.0,-1000,-2820.0
2026-08-04,585Q,統一三多,060749,100000,95000,263000.0,255100.0,5000,7900.0
2026-08-04,585Q,統一三多,061019,100000,0,294000.0,0.0,100000,294000.0
2026-08-04,585Q,統一三多,062375,60000,0,94400.0,0.0,60000,94400.0
2026-08-04,585Q,統一三多,062750,1000,2000,1990.0,3940.0,-1000,-1950.0
2026-08-04,585Q,統一三多,065427,10000,0,4500.0,0.0,10000,4500.0
2026-08-04,585Q,統一三多,066222,50000,0,265000.0,0.0,50000,265000.0
2026-08-04,585Q,統一三多,066355,1000,1000,360.0,360.0,0,0.0
2026-08-04,585Q,統一三多,066382,2000,0,2100.0,0.0,2000,2100.0
2026-08-04,585Q,統一三多,067179,10000,10000,7600.0,7800.0,0,-200.0
2026-08-04,585Q,統一三多,067411,0,10000,0.0,7000.0,-10000,-7000.0
2026-08-04,585Q,統一三多,067701,0,5000,0.0,9010.0,-5000,-9010.0
2026-08-04,585Q,統一三多,068192,0,10000,0.0,6600.0,-10000,-6600.0
2026-08-04,585Q,統一三多,068789,0,5000,0.0,2350.0,-5000,-2350.0
2026-08-04,585Q,統一三多,069387,0,10000,0.0,15000.0,-10000,-15000.0
2026-08-04,585Q,統一三多,069604,0,50000,0.0,88000.0,-50000,-88000.0
2026-08-04,585Q,統一三多,070163,0,7000,0.0,3950.0,-7000,-3950.0
2026-08-04,585Q,統一三多,070547,15000,0,5600.0,0.0,15000,5600.0
2026-08-04,585Q,統一三多,070661,0,60000,0.0,32200.0,-60000,-32200.0
2026-08-04,585Q,統一三多,070845,30000,0,9000.0,0.0,30000,9000.0
2026-08-04,585Q,統一三多,070928,0,1000,0.0,1220.0,-1000,-1220.0
2026-08-04,585Q,統一三多,072546,0,10000,0.0,7500.0,-10000,-7500.0
2026-08-04,585Q,統一三多,072570,0,163000,0.0,60310.0,-163000,-60310.0
2026-08-04,585Q,統一三多,074025,0,17000,0.0,16490.0,-17000,-16490.0
2026-08-04,585Q,統一三多,074230,0,20000,0.0,11200.0,-20000,-11200.0
2026-08-04,585Q,統一三多,074390,1000,0,650.0,0.0,1000,650.0
2026-08-04,585Q,統一三多,074560,198000,0,203940.0,0.0,198000,203940.0
2026-08-04,585Q,統一三多,074573,51000,54000,12850.0,16280.0,-3000,-3430.0
2026-08-04,585Q,統一三多,075030,0,5000,0.0,7100.0,-5000,-7100.0
2026-08-04,585Q,統一三多,075071,0,30000,0.0,47700.0,-30000,-47700.0
2026-08-04,585Q,統一三多,075124,0,5000,0.0,7000.0,-5000,-7000.0
2026-08-04,585Q,統一三多,075257,0,10000,0.0,12800.0,-10000,-12800.0
2026-08-04,585Q,統一三多,075413,0,30000,0.0,29700.0,-30000,-29700.0
2026-08-04,585Q,統一三多,075970,0,6000,0.0,13320.0,-6000,-13320.0
2026-08-04,585Q,統一三多,076166,0,50000,0.0,50000.0,-50000,-50000.0
2026-08-04,585Q,統一三多,076561,2000,3000,2880.0,4260.0,-1000,-1380.0
2026-08-04,585Q,統一三多,076778,0,15000,0.0,18450.0,-15000,-18450.0
2026-08-04,585Q,統一三多,076945,10000,10000,19100.0,19850.0,0,-750.0
2026-08-04,585Q,統一三多,077184,20000,0,60600.0,0.0,20000,60600.0
2026-08-04,585Q,統一三多,077267,3000,0,4530.0,0.0,3000,4530.0
2026-08-04,585Q,統一三多,077939,0,8000,0.0,13000.0,-8000,-13000.0
2026-08-04,585Q,統一三多,08438U,105000,0,48200.0,0.0,105000,48200.0
2026-08-04,585Q,統一三多,700201,0,112000,0.0,284160.0,-112000,-284160.0
2026-08-04,585Q,統一三多,705781,0,40000,0.0,30070.0,-40000,-30070.0
2026-08-04,585Q,統一三多,707534,0,1000,0.0,1320.0,-1000,-1320.0
2026-08-04,585Q,統一三多,709006,0,5000,0.0,8000.0,-5000,-8000.0
2026-08-04,585Q,統一三多,709705,100000,0,91550.0,0.0,100000,91550.0
2026-08-04,585Q,統一三多,709718,20000,0,24000.0,0.0,20000,24000.0
2026-08-04,585Q,統一三多,710069,0,289000,0.0,164730.0,-289000,-164730.0
2026-08-04,585Q,統一三多,710073,30000,0,25200.0,0.0,30000,25200.0
2026-08-04,585Q,統一三多,710153,1000,100000,720.0,72000.0,-99000,-71280.0
2026-08-04,585Q,統一三多,710420,10000,0,3100.0,0.0,10000,3100.0
2026-08-04,585Q,統一三多,710667,2000,0,1880.0,0.0,2000,1880.0
2026-08-04,585Q,統一三多,711138,51000,1000,25550.0,550.0,50000,25000.0
2026-08-04,585Q,統一三多,711502,50000,0,70400.0,0.0,50000,70400.0
2026-08-04,585Q,統一三多,711653,0,50000,0.0,50500.0,-50000,-50500.0
2026-08-04,585Q,統一三多,72898U,500000,0,390000.0,0.0,500000,390000.0
2026-08-04,585Q,統一三多,72988U,1000,0,850.0,0.0,1000,850.0
2026-08-04,585Q,統一三多,733461,0,5000,0.0,2900.0,-5000,-2900.0
2026-08-04,585Y,統一土城,03577T,10000,0,12200.0,0.0,10000,12200.0
2026-08-04,585Y,統一土城,03715T,1000,0,1610.0,0.0,1000,1610.0
2026-08-04,585Y,統一土城,038318,10000,0,13400.0,0.0,10000,13400.0
2026-08-04,585Y,統一土城,038532,0,2000,0.0,3920.0,-2000,-3920.0
2026-08-04,585Y,統一土城,043893,7000,0,3150.0,0.0,7000,3150.0
2026-08-04,585Y,統一土城,052180,0,5000,0.0,5850.0,-5000,-5850.0
2026-08-04,585Y,統一土城,053228,10000,0,28500.0,0.0,10000,28500.0
2026-08-04,585Y,統一土城,056067,10000,0,7100.0,0.0,10000,7100.0
2026-08-04,585Y,統一土城,058006,0,10000,0.0,100.0,-10000,-100.0
2026-08-04,585Y,統一土城,058209,100000,0,6000.0,0.0,100000,6000.0
2026-08-04,585Y,統一土城,061066,100000,0,16000.0,0.0,100000,16000.0
2026-08-04,585Y,統一土城,063707,4000,0,6080.0,0.0,4000,6080.0
2026-08-04,585Y,統一土城,065609,0,15000,0.0,7500.0,-15000,-7500.0
2026-08-04,585Y,統一土城,071589,310000,0,249900.0,0.0,310000,249900.0
2026-08-04,585Y,統一土城,707352,150000,0,150000.0,0.0,150000,150000.0
2026-08-04,585Y,統一土城,709205,0,10000,0.0,13500.0,-10000,-13500.0
2026-08-04,6114,中銀員林,047881,21000,0,17850.0,0.0,21000,17850.0
2026-08-04,6114,中銀員林,061777,5000,0,3100.0,0.0,5000,3100.0
2026-08-04,6114,中銀員林,063344,10000,20000,3200.0,8200.0,-10000,-5000.0
2026-08-04,6114,中銀員林,063665,10000,0,18900.0,0.0,10000,18900.0
2026-08-04,6114,中銀員林,064423,20000,0,14600.0,0.0,20000,14600.0
2026-08-04,6114,中銀員林,065459,0,10000,0.0,21700.0,-10000,-21700.0
2026-08-04,6114,中銀員林,065791,0,29000,0.0,70950.0,-29000,-70950.0
2026-08-04,6114,中銀員林,067411,5000,0,3350.0,0.0,5000,3350.0
2026-08-04,6114,中銀員林,068043,7000,0,3920.0,0.0,7000,3920.0
2026-08-04,6114,中銀員林,068247,5000,0,2700.0,0.0,5000,2700.0
2026-08-04,6114,中銀員林,068290,8000,0,5680.0,0.0,8000,5680.0
2026-08-04,6114,中銀員林,069179,0,10000,0.0,3300.0,-10000,-3300.0
2026-08-04,6114,中銀員林,069550,10000,0,5700.0,0.0,10000,5700.0
2026-08-04,6114,中銀員林,070669,100000,0,49000.0,0.0,100000,49000.0
2026-08-04,6114,中銀員林,070962,5000,0,3450.0,0.0,5000,3450.0
2026-08-04,6114,中銀員林,071434,0,29000,0.0,9860.0,-29000,-9860.0
2026-08-04,6114,中銀員林,071436,0,20000,0.0,5800.0,-20000,-5800.0
2026-08-04,6114,中銀員林,072570,0,30000,0.0,11710.0,-30000,-11710.0
2026-08-04,6114,中銀員林,072875,20000,0,4200.0,0.0,20000,4200.0
2026-08-04,6114,中銀員林,072908,0,30000,0.0,8400.0,-30000,-8400.0
2026-08-04,6114,中銀員林,074952,27000,0,70170.0,0.0,27000,70170.0
2026-08-04,6114,中銀員林,075662,0,5000,0.0,2200.0,-5000,-2200.0
2026-08-04,6114,中銀員林,076405,35000,0,36400.0,0.0,35000,36400.0
2026-08-04,6114,中銀員林,076610,5000,0,5300.0,0.0,5000,5300.0
2026-08-04,6114,中銀員林,076623,0,10000,0.0,3900.0,-10000,-3900.0
2026-08-04,6114,台中銀員林,700204,0,2000,0.0,400.0,-2000,-400.0
2026-08-04,6114,台中銀員林,701655,0,5000,0.0,250.0,-5000,-250.0
2026-08-04,6114,台中銀員林,708927,0,100000,0.0,47000.0,-100000,-47000.0
2026-08-04,6381,光和溪湖,03050T,0,60000,0.0,29400.0,-60000,-29400.0
2026-08-04,6381,光和溪湖,055635,5000,0,12100.0,0.0,5000,12100.0
2026-08-04,6381,光和溪湖,058117,0,4000,0.0,20200.0,-4000,-20200.0
2026-08-04,6381,光和溪湖,062901,0,70000,0.0,367500.0,-70000,-367500.0
2026-08-04,6381,光和溪湖,066957,0,4000,0.0,2640.0,-4000,-2640.0
2026-08-04,6381,光和溪湖,067297,10000,0,5900.0,0.0,10000,5900.0
2026-08-04,6381,光和溪湖,069686,24000,0,5860.0,0.0,24000,5860.0
2026-08-04,6381,光和溪湖,069697,5000,0,3450.0,0.0,5000,3450.0
2026-08-04,6381,光和溪湖,073943,10000,0,3900.0,0.0,10000,3900.0
2026-08-04,6381,光和溪湖,075487,0,5000,0.0,3500.0,-5000,-3500.0
2026-08-04,6381,光和溪湖,710600,0,5000,0.0,3300.0,-5000,-3300.0
2026-08-04,6381,光和溪湖,72853U,0,10000,0.0,7700.0,-10000,-7700.0
2026-08-04,6480,福邦,061961,1555000,0,856900.0,0.0,1555000,856900.0
2026-08-04,6480,福邦,064334,530000,0,333900.0,0.0,530000,333900.0
2026-08-04,6480,福邦,066235,130000,0,196400.0,0.0,130000,196400.0
2026-08-04,6480,福邦,066744,909000,0,1940720.0,0.0,909000,1940720.0
2026-08-04,6480,福邦,066829,1225000,0,1626840.0,0.0,1225000,1626840.0
2026-08-04,6480,福邦,067273,0,100000,0.0,447000.0,-100000,-447000.0
2026-08-04,6480,福邦,067772,1300000,0,748190.0,0.0,1300000,748190.0
2026-08-04,6480,福邦,072042,0,1000,0.0,750.0,-1000,-750.0
2026-08-04,6480,福邦,074012,0,110000,0.0,109100.0,-110000,-109100.0
2026-08-04,6480,福邦,074086,0,19000,0.0,21180.0,-19000,-21180.0
2026-08-04,700B,兆豐板橋,03399T,0,5000,0.0,7750.0,-5000,-7750.0
2026-08-04,700B,兆豐板橋,03732B,200000,300000,164000.0,256800.0,-100000,-92800.0
2026-08-04,700B,兆豐板橋,03802T,10000,0,34300.0,0.0,10000,34300.0
2026-08-04,700B,兆豐板橋,059925,10000,10000,16700.0,15500.0,0,1200.0
2026-08-04,700B,兆豐板橋,060615,0,10000,0.0,49600.0,-10000,-49600.0
2026-08-04,700B,兆豐板橋,060735,40000,0,25600.0,0.0,40000,25600.0
2026-08-04,700B,兆豐板橋,062686,40000,20000,27600.0,14000.0,20000,13600.0
2026-08-04,700B,兆豐板橋,062714,20000,0,16200.0,0.0,20000,16200.0
2026-08-04,700B,兆豐板橋,064690,20000,0,3800.0,0.0,20000,3800.0
2026-08-04,700B,兆豐板橋,066144,7000,0,18340.0,0.0,7000,18340.0
2026-08-04,700B,兆豐板橋,066780,100000,0,67500.0,0.0,100000,67500.0
2026-08-04,700B,兆豐板橋,067411,100000,0,63000.0,0.0,100000,63000.0
2026-08-04,700B,兆豐板橋,067610,109000,0,313920.0,0.0,109000,313920.0
2026-08-04,700B,兆豐板橋,067814,200000,0,284000.0,0.0,200000,284000.0
2026-08-04,700B,兆豐板橋,068212,0,1417000,0.0,1526970.0,-1417000,-1526970.0
2026-08-04,700B,兆豐板橋,069697,14000,0,10080.0,0.0,14000,10080.0
2026-08-04,700B,兆豐板橋,069940,20000,0,44600.0,0.0,20000,44600.0
2026-08-04,700B,兆豐板橋,071519,30000,0,15200.0,0.0,30000,15200.0
2026-08-04,700B,兆豐板橋,071985,10000,0,8000.0,0.0,10000,8000.0
2026-08-04,700B,兆豐板橋,073066,0,1000,0.0,700.0,-1000,-700.0
2026-08-04,700B,兆豐板橋,075291,10000,0,15000.0,0.0,10000,15000.0
2026-08-04,700B,兆豐板橋,076029,50000,0,87000.0,0.0,50000,87000.0
2026-08-04,700B,兆豐板橋,076501,0,2000,0.0,2760.0,-2000,-2760.0
2026-08-04,700B,兆豐板橋,701400,0,1000,0.0,7200.0,-1000,-7200.0
2026-08-04,700B,兆豐板橋,701920,0,90000,0.0,40500.0,-90000,-40500.0
2026-08-04,700B,兆豐板橋,705447,10000,0,26200.0,0.0,10000,26200.0
2026-08-04,700B,兆豐板橋,733461,0,38000,0.0,25360.0,-38000,-25360.0
2026-08-04,779c,國票敦北,037497,0,2000,0.0,2780.0,-2000,-2780.0
2026-08-04,779c,國票敦北,038847,0,1000,0.0,740.0,-1000,-740.0
2026-08-04,779c,國票敦北,051225,0,26000,0.0,29360.0,-26000,-29360.0
2026-08-04,779c,國票敦北,052191,200000,0,144000.0,0.0,200000,144000.0
2026-08-04,779c,國票敦北,052672,5000,0,11500.0,0.0,5000,11500.0
2026-08-04,779c,國票敦北,052786,300000,0,218000.0,0.0,300000,218000.0
2026-08-04,779c,國票敦北,053656,9000,0,1890.0,0.0,9000,1890.0
2026-08-04,779c,國票敦北,053658,10000,0,3500.0,0.0,10000,3500.0
2026-08-04,779c,國票敦北,056638,15000,0,48350.0,0.0,15000,48350.0
2026-08-04,779c,國票敦北,057748,0,1000,0.0,450.0,-1000,-450.0
2026-08-04,779c,國票敦北,059108,0,120000,0.0,561600.0,-120000,-561600.0
2026-08-04,779c,國票敦北,063351,0,1000,0.0,510.0,-1000,-510.0
2026-08-04,779c,國票敦北,063478,0,100000,0.0,324000.0,-100000,-324000.0
2026-08-04,779c,國票敦北,063682,0,5000,0.0,6200.0,-5000,-6200.0
2026-08-04,779c,國票敦北,064497,0,2000,0.0,11800.0,-2000,-11800.0
2026-08-04,779c,國票敦北,064679,0,100000,0.0,117000.0,-100000,-117000.0
2026-08-04,779c,國票敦北,064686,0,10000,0.0,9800.0,-10000,-9800.0
2026-08-04,779c,國票敦北,064989,2000,2000,1060.0,940.0,0,120.0
2026-08-04,779c,國票敦北,066963,1000,0,440.0,0.0,1000,440.0
2026-08-04,779c,國票敦北,067079,0,1000,0.0,1030.0,-1000,-1030.0
2026-08-04,779c,國票敦北,067638,2000,0,1850.0,0.0,2000,1850.0
2026-08-04,779c,國票敦北,067671,0,40000,0.0,17600.0,-40000,-17600.0
2026-08-04,779c,國票敦北,067756,0,40000,0.0,21600.0,-40000,-21600.0
2026-08-04,779c,國票敦北,068426,0,1201000,0.0,1574410.0,-1201000,-1574410.0
2026-08-04,779c,國票敦北,068613,120000,0,80000.0,0.0,120000,80000.0
2026-08-04,779c,國票敦北,068967,1000,0,760.0,0.0,1000,760.0
2026-08-04,779c,國票敦北,069152,1000,0,200.0,0.0,1000,200.0
2026-08-04,779c,國票敦北,069291,2000,0,490.0,0.0,2000,490.0
2026-08-04,779c,國票敦北,069687,0,1000,0.0,500.0,-1000,-500.0
2026-08-04,779c,國票敦北,069969,300000,0,252000.0,0.0,300000,252000.0
2026-08-04,779c,國票敦北,070032,1000,0,970.0,0.0,1000,970.0
2026-08-04,779c,國票敦北,071517,120000,0,194400.0,0.0,120000,194400.0
2026-08-04,779c,國票敦北,072193,0,10000,0.0,7600.0,-10000,-7600.0
2026-08-04,779c,國票敦北,073143,1000,0,440.0,0.0,1000,440.0
2026-08-04,779c,國票敦北,073255,0,1000,0.0,410.0,-1000,-410.0
2026-08-04,779c,國票敦北,073960,0,1000,0.0,510.0,-1000,-510.0
2026-08-04,779c,國票敦北,074455,80000,0,232400.0,0.0,80000,232400.0
2026-08-04,779c,國票敦北,075686,1000,0,750.0,0.0,1000,750.0
2026-08-04,779c,國票敦北,076368,300000,0,238600.0,0.0,300000,238600.0
2026-08-04,779c,國票敦北,078223,0,80000,0.0,132160.0,-80000,-132160.0
2026-08-04,779c,國票敦北,704807,20000,0,106000.0,0.0,20000,106000.0
2026-08-04,779c,國票敦北,709973,0,1000,0.0,490.0,-1000,-490.0
2026-08-04,779c,國票敦北,710590,0,1000,0.0,670.0,-1000,-670.0
2026-08-04,8560,新光,03012T,0,23000,0.0,3520.0,-23000,-3520.0
2026-08-04,8560,新光,030174,2000,0,11200.0,0.0,2000,11200.0
2026-08-04,8560,新光,03028T,3000,0,150.0,0.0,3000,150.0
2026-08-04,8560,新光,03032T,11000,174000,1320.0,27620.0,-163000,-26300.0
2026-08-04,8560,新光,03038T,0,35000,0.0,3850.0,-35000,-3850.0
2026-08-04,8560,新光,03120T,0,400000,0.0,324000.0,-400000,-324000.0
2026-08-04,8560,新光,03164T,0,11000,0.0,1650.0,-11000,-1650.0
2026-08-04,8560,新光,03178T,7000,0,5250.0,0.0,7000,5250.0
2026-08-04,8560,新光,03179T,35000,0,38850.0,0.0,35000,38850.0
2026-08-04,8560,新光,03188T,5000,0,5350.0,0.0,5000,5350.0
2026-08-04,8560,新光,03195T,20000,0,16600.0,0.0,20000,16600.0
2026-08-04,8560,新光,03202T,10000,0,5100.0,0.0,10000,5100.0
2026-08-04,8560,新光,03241T,40000,0,22400.0,0.0,40000,22400.0
2026-08-04,8560,新光,03265T,0,100000,0.0,48000.0,-100000,-48000.0
2026-08-04,8560,新光,03298T,2000,0,1840.0,0.0,2000,1840.0
2026-08-04,8560,新光,03326T,10000,0,5400.0,0.0,10000,5400.0
2026-08-04,8560,新光,03336T,0,5000,0.0,3800.0,-5000,-3800.0
2026-08-04,8560,新光,033552,0,1000,0.0,1820.0,-1000,-1820.0
2026-08-04,8560,新光,03362T,2000,0,960.0,0.0,2000,960.0
2026-08-04,8560,新光,033651,0,5000,0.0,400.0,-5000,-400.0
2026-08-04,8560,新光,033969,2000,6000,4440.0,12180.0,-4000,-7740.0
2026-08-04,8560,新光,03424T,9000,0,11300.0,0.0,9000,11300.0
2026-08-04,8560,新光,03431T,20000,0,24000.0,0.0,20000,24000.0
2026-08-04,8560,新光,03432T,0,3000,0.0,4290.0,-3000,-4290.0
2026-08-04,8560,新光,03461T,0,30000,0.0,48900.0,-30000,-48900.0
2026-08-04,8560,新光,03467T,0,30000,0.0,60600.0,-30000,-60600.0
2026-08-04,8560,新光,03470T,0,97000,0.0,82450.0,-97000,-82450.0
2026-08-04,8560,新光,03480T,0,1000,0.0,2410.0,-1000,-2410.0
2026-08-04,8560,新光,03483T,3000,0,4590.0,0.0,3000,4590.0
2026-08-04,8560,新光,03494T,0,5000,0.0,5850.0,-5000,-5850.0
2026-08-04,8560,新光,03564T,5000,0,1850.0,0.0,5000,1850.0
2026-08-04,8560,新光,035742,0,15000,0.0,19350.0,-15000,-19350.0
2026-08-04,8560,新光,03582T,0,94000,0.0,102720.0,-94000,-102720.0
2026-08-04,8560,新光,03609T,20000,0,23800.0,0.0,20000,23800.0
2026-08-04,8560,新光,03638T,40000,0,118000.0,0.0,40000,118000.0
2026-08-04,8560,新光,03646T,3000,0,4740.0,0.0,3000,4740.0
2026-08-04,8560,新光,03661T,10000,0,18000.0,0.0,10000,18000.0
2026-08-04,8560,新光,03732B,70000,10000,55600.0,7700.0,60000,47900.0
2026-08-04,8560,新光,03735B,20000,0,16600.0,0.0,20000,16600.0
2026-08-04,8560,新光,03738B,20000,0,15400.0,0.0,20000,15400.0
2026-08-04,8560,新光,03740B,100000,0,41000.0,0.0,100000,41000.0
2026-08-04,8560,新光,03747T,20000,0,54900.0,0.0,20000,54900.0
2026-08-04,8560,新光,03759T,15000,0,18900.0,0.0,15000,18900.0
2026-08-04,8560,新光,03780T,0,10000,0.0,11700.0,-10000,-11700.0
2026-08-04,8560,新光,03792T,20000,0,20800.0,0.0,20000,20800.0
2026-08-04,8560,新光,038168,0,499000,0.0,4990.0,-499000,-4990.0
2026-08-04,8560,新光,038318,0,20000,0.0,27200.0,-20000,-27200.0
2026-08-04,8560,新光,038321,2000,0,8580.0,0.0,2000,8580.0
2026-08-04,8560,新光,03838T,20000,0,34800.0,0.0,20000,34800.0
2026-08-04,8560,新光,03862T,10000,0,8400.0,0.0,10000,8400.0
2026-08-04,8560,新光,03874T,0,2000,0.0,5160.0,-2000,-5160.0
2026-08-04,8560,新光,040617,20000,0,48800.0,0.0,20000,48800.0
2026-08-04,8560,新光,040647,10000,0,16700.0,0.0,10000,16700.0
2026-08-04,8560,新光,040982,6000,0,32700.0,0.0,6000,32700.0
2026-08-04,8560,新光,043533,0,1000,0.0,12000.0,-1000,-12000.0
2026-08-04,8560,新光,043589,5000,0,100.0,0.0,5000,100.0
2026-08-04,8560,新光,043891,0,2000,0.0,6940.0,-2000,-6940.0
2026-08-04,8560,新光,043900,0,1000,0.0,810.0,-1000,-810.0
2026-08-04,8560,新光,044712,0,1000,0.0,5950.0,-1000,-5950.0
2026-08-04,8560,新光,044795,10000,0,22200.0,0.0,10000,22200.0
2026-08-04,8560,新光,045458,0,1000,0.0,290.0,-1000,-290.0
2026-08-04,8560,新光,046307,1000,0,220.0,0.0,1000,220.0
2026-08-04,8560,新光,046801,0,6000,0.0,11280.0,-6000,-11280.0
2026-08-04,8560,新光,047491,0,4000,0.0,3000.0,-4000,-3000.0
2026-08-04,8560,新光,048030,0,5000,0.0,7400.0,-5000,-7400.0
2026-08-04,8560,新光,049787,0,10000,0.0,33100.0,-10000,-33100.0
2026-08-04,8560,新光,050002,10000,20000,17400.0,35100.0,-10000,-17700.0
2026-08-04,8560,新光,050322,0,15000,0.0,3000.0,-15000,-3000.0
2026-08-04,8560,新光,050908,0,32000,0.0,67540.0,-32000,-67540.0
2026-08-04,8560,新光,051058,0,10000,0.0,3400.0,-10000,-3400.0
2026-08-04,8560,新光,051071,2000,2000,8800.0,8900.0,0,-100.0
2026-08-04,8560,新光,051252,62000,0,100900.0,0.0,62000,100900.0
2026-08-04,8560,新光,051264,44000,0,152420.0,0.0,44000,152420.0
2026-08-04,8560,新光,051377,0,2000,0.0,4040.0,-2000,-4040.0
2026-08-04,8560,新光,051633,0,50000,0.0,19000.0,-50000,-19000.0
2026-08-04,8560,新光,051880,2000,0,2100.0,0.0,2000,2100.0
2026-08-04,8560,新光,051924,0,3000,0.0,2640.0,-3000,-2640.0
2026-08-04,8560,新光,051993,20000,0,28400.0,0.0,20000,28400.0
2026-08-04,8560,新光,051994,5000,0,15550.0,0.0,5000,15550.0
2026-08-04,8560,新光,052206,50000,0,26000.0,0.0,50000,26000.0
2026-08-04,8560,新光,052215,5000,0,3690.0,0.0,5000,3690.0
2026-08-04,8560,新光,052325,0,15000,0.0,14700.0,-15000,-14700.0
2026-08-04,8560,新光,052783,10000,0,16600.0,0.0,10000,16600.0
2026-08-04,8560,新光,052786,20000,0,14400.0,0.0,20000,14400.0
2026-08-04,8560,新光,053033,4000,0,8040.0,0.0,4000,8040.0
2026-08-04,8560,新光,053284,22000,0,15120.0,0.0,22000,15120.0
2026-08-04,8560,新光,053515,0,1000,0.0,850.0,-1000,-850.0
2026-08-04,8560,新光,054459,2000,0,3000.0,0.0,2000,3000.0
2026-08-04,8560,新光,054469,10000,0,44200.0,0.0,10000,44200.0
2026-08-04,8560,新光,054478,0,5000,0.0,9150.0,-5000,-9150.0
2026-08-04,8560,新光,054483,5000,0,11600.0,0.0,5000,11600.0
2026-08-04,8560,新光,055273,4000,2000,9440.0,4400.0,2000,5040.0
2026-08-04,8560,新光,055387,30000,0,35550.0,0.0,30000,35550.0
2026-08-04,8560,新光,055658,0,40000,0.0,18000.0,-40000,-18000.0
2026-08-04,8560,新光,055690,0,1000,0.0,2220.0,-1000,-2220.0
2026-08-04,8560,新光,056072,10000,0,10000.0,0.0,10000,10000.0
2026-08-04,8560,新光,056207,8000,0,21710.0,0.0,8000,21710.0
2026-08-04,8560,新光,056243,7000,0,5750.0,0.0,7000,5750.0
2026-08-04,8560,新光,057164,8000,0,4800.0,0.0,8000,4800.0
2026-08-04,8560,新光,057289,0,12000,0.0,22320.0,-12000,-22320.0
2026-08-04,8560,新光,057384,0,6000,0.0,5640.0,-6000,-5640.0
2026-08-04,8560,新光,057459,2000,5000,6060.0,15360.0,-3000,-9300.0
2026-08-04,8560,新光,057492,0,15000,0.0,120750.0,-15000,-120750.0
2026-08-04,8560,新光,057601,0,1000,0.0,4070.0,-1000,-4070.0
2026-08-04,8560,新光,057846,0,3000,0.0,6840.0,-3000,-6840.0
2026-08-04,8560,新光,058154,4000,0,9920.0,0.0,4000,9920.0
2026-08-04,8560,新光,058227,0,5000,0.0,8800.0,-5000,-8800.0
2026-08-04,8560,新光,058376,0,10000,0.0,7300.0,-10000,-7300.0
2026-08-04,8560,新光,058399,1000,6000,4150.0,20260.0,-5000,-16110.0
2026-08-04,8560,新光,058614,0,22000,0.0,18560.0,-22000,-18560.0
2026-08-04,8560,新光,058680,2000,1000,2820.0,1190.0,1000,1630.0
2026-08-04,8560,新光,058824,4000,0,4760.0,0.0,4000,4760.0
2026-08-04,8560,新光,058891,4000,7000,11340.0,20370.0,-3000,-9030.0
2026-08-04,8560,新光,058935,0,1000,0.0,8400.0,-1000,-8400.0
2026-08-04,8560,新光,059007,0,1000,0.0,610.0,-1000,-610.0
2026-08-04,8560,新光,059064,20000,0,17200.0,0.0,20000,17200.0
2026-08-04,8560,新光,059082,0,2000,0.0,3380.0,-2000,-3380.0
2026-08-04,8560,新光,059190,20000,0,33400.0,0.0,20000,33400.0
2026-08-04,8560,新光,059225,1000,0,2590.0,0.0,1000,2590.0
2026-08-04,8560,新光,059546,1000,0,4250.0,0.0,1000,4250.0
2026-08-04,8560,新光,059634,0,1000,0.0,1210.0,-1000,-1210.0
2026-08-04,8560,新光,059639,5000,3000,11900.0,7500.0,2000,4400.0
2026-08-04,8560,新光,059645,1000,0,2380.0,0.0,1000,2380.0
2026-08-04,8560,新光,059683,5000,0,5200.0,0.0,5000,5200.0
2026-08-04,8560,新光,060073,2000,0,7720.0,0.0,2000,7720.0
2026-08-04,8560,新光,060310,6000,41000,12480.0,88660.0,-35000,-76180.0
2026-08-04,8560,新光,060676,0,200000,0.0,40000.0,-200000,-40000.0
2026-08-04,8560,新光,060936,20000,0,9400.0,0.0,20000,9400.0
2026-08-04,8560,新光,060985,10000,0,23000.0,0.0,10000,23000.0
2026-08-04,8560,新光,061071,2000,0,1200.0,0.0,2000,1200.0
2026-08-04,8560,新光,061542,6000,14000,16200.0,38080.0,-8000,-21880.0
2026-08-04,8560,新光,061678,0,24000,0.0,38400.0,-24000,-38400.0
2026-08-04,8560,新光,061945,200000,0,73000.0,0.0,200000,73000.0
2026-08-04,8560,新光,061947,1000,0,290.0,0.0,1000,290.0
2026-08-04,8560,新光,062109,1000,0,120.0,0.0,1000,120.0
2026-08-04,8560,新光,062201,20000,100000,7400.0,36000.0,-80000,-28600.0
2026-08-04,8560,新光,062342,108000,0,57240.0,0.0,108000,57240.0
2026-08-04,8560,新光,062503,63000,0,53550.0,0.0,63000,53550.0
2026-08-04,8560,新光,062652,0,200000,0.0,40000.0,-200000,-40000.0
2026-08-04,8560,新光,062689,1000,0,660.0,0.0,1000,660.0
2026-08-04,8560,新光,062702,60000,0,40200.0,0.0,60000,40200.0
2026-08-04,8560,新光,062706,2000,2000,3020.0,2980.0,0,40.0
2026-08-04,8560,新光,062911,0,11000,0.0,6760.0,-11000,-6760.0
2026-08-04,8560,新光,062929,30000,0,29700.0,0.0,30000,29700.0
2026-08-04,8560,新光,062947,0,10000,0.0,6100.0,-10000,-6100.0
2026-08-04,8560,新光,063020,50000,0,57000.0,0.0,50000,57000.0
2026-08-04,8560,新光,063084,0,1000,0.0,2450.0,-1000,-2450.0
2026-08-04,8560,新光,063097,0,2000,0.0,6460.0,-2000,-6460.0
2026-08-04,8560,新光,063102,0,2000,0.0,5260.0,-2000,-5260.0
2026-08-04,8560,新光,063172,1000,1000,4320.0,4240.0,0,80.0
2026-08-04,8560,新光,063223,20000,0,31000.0,0.0,20000,31000.0
2026-08-04,8560,新光,063280,0,8000,0.0,11840.0,-8000,-11840.0
2026-08-04,8560,新光,063451,10000,0,3800.0,0.0,10000,3800.0
2026-08-04,8560,新光,063532,1000,0,1280.0,0.0,1000,1280.0
2026-08-04,8560,新光,063808,40000,0,34600.0,0.0,40000,34600.0
2026-08-04,8560,新光,063809,0,2000,0.0,3080.0,-2000,-3080.0
2026-08-04,8560,新光,063828,10000,0,11900.0,0.0,10000,11900.0
2026-08-04,8560,新光,063908,0,15000,0.0,10350.0,-15000,-10350.0
2026-08-04,8560,新光,064011,0,3000,0.0,9710.0,-3000,-9710.0
2026-08-04,8560,新光,064013,10000,11000,19200.0,22880.0,-1000,-3680.0
2026-08-04,8560,新光,064153,0,1000,0.0,1920.0,-1000,-1920.0
2026-08-04,8560,新光,064154,18000,0,37230.0,0.0,18000,37230.0
2026-08-04,8560,新光,064221,0,50000,0.0,102230.0,-50000,-102230.0
2026-08-04,8560,新光,064249,0,2000,0.0,11200.0,-2000,-11200.0
2026-08-04,8560,新光,064280,20000,0,19400.0,0.0,20000,19400.0
2026-08-04,8560,新光,064293,0,75000,0.0,53250.0,-75000,-53250.0
2026-08-04,8560,新光,064412,20000,0,36400.0,0.0,20000,36400.0
2026-08-04,8560,新光,064427,0,1000,0.0,1590.0,-1000,-1590.0
2026-08-04,8560,新光,064493,0,5000,0.0,16000.0,-5000,-16000.0
2026-08-04,8560,新光,064502,0,4000,0.0,18360.0,-4000,-18360.0
2026-08-04,8560,新光,064514,0,100000,0.0,97000.0,-100000,-97000.0
2026-08-04,8560,新光,064543,0,140000,0.0,144200.0,-140000,-144200.0
2026-08-04,8560,新光,064596,0,150000,0.0,222000.0,-150000,-222000.0
2026-08-04,8560,新光,064652,150000,50000,34500.0,13000.0,100000,21500.0
2026-08-04,8560,新光,064677,0,4000,0.0,1680.0,-4000,-1680.0
2026-08-04,8560,新光,064774,16000,66000,53080.0,225210.0,-50000,-172130.0
2026-08-04,8560,新光,064789,40000,8000,4000.0,1760.0,32000,2240.0
2026-08-04,8560,新光,064805,5000,0,7100.0,0.0,5000,7100.0
2026-08-04,8560,新光,064969,1000,0,1030.0,0.0,1000,1030.0
2026-08-04,8560,新光,065031,0,140000,0.0,41600.0,-140000,-41600.0
2026-08-04,8560,新光,065039,0,1000,0.0,3350.0,-1000,-3350.0
2026-08-04,8560,新光,065050,10000,0,9300.0,0.0,10000,9300.0
2026-08-04,8560,新光,065058,0,37000,0.0,20350.0,-37000,-20350.0
2026-08-04,8560,新光,065100,150000,0,107000.0,0.0,150000,107000.0
2026-08-04,8560,新光,065125,40000,0,6800.0,0.0,40000,6800.0
2026-08-04,8560,新光,065287,0,8000,0.0,4400.0,-8000,-4400.0
2026-08-04,8560,新光,065423,435000,1352000,278750.0,786670.0,-917000,-507920.0
2026-08-04,8560,新光,065443,1000,0,4250.0,0.0,1000,4250.0
2026-08-04,8560,新光,065458,0,1000,0.0,2250.0,-1000,-2250.0
2026-08-04,8560,新光,065459,0,15000,0.0,31800.0,-15000,-31800.0
2026-08-04,8560,新光,065480,0,5000,0.0,11050.0,-5000,-11050.0
2026-08-04,8560,新光,065517,0,2000,0.0,11400.0,-2000,-11400.0
2026-08-04,8560,新光,065609,30000,0,15000.0,0.0,30000,15000.0
2026-08-04,8560,新光,065641,860000,0,980000.0,0.0,860000,980000.0
2026-08-04,8560,新光,065642,0,50000,0.0,70750.0,-50000,-70750.0
2026-08-04,8560,新光,065658,20000,0,10200.0,0.0,20000,10200.0
2026-08-04,8560,新光,065673,0,150000,0.0,343500.0,-150000,-343500.0
2026-08-04,8560,新光,065682,0,1000,0.0,2870.0,-1000,-2870.0
2026-08-04,8560,新光,065718,0,1000,0.0,5300.0,-1000,-5300.0
2026-08-04,8560,新光,065755,0,2000,0.0,5180.0,-2000,-5180.0
2026-08-04,8560,新光,065771,400000,600000,293500.0,417000.0,-200000,-123500.0
2026-08-04,8560,新光,065797,2000,0,5000.0,0.0,2000,5000.0
2026-08-04,8560,新光,065949,0,250000,0.0,73500.0,-250000,-73500.0
2026-08-04,8560,新光,066014,30000,0,78900.0,0.0,30000,78900.0
2026-08-04,8560,新光,066057,0,12000,0.0,12000.0,-12000,-12000.0
2026-08-04,8560,新光,066075,1000,1000,300.0,320.0,0,-20.0
2026-08-04,8560,新光,066135,0,50000,0.0,173000.0,-50000,-173000.0
2026-08-04,8560,新光,066180,14000,0,19000.0,0.0,14000,19000.0
2026-08-04,8560,新光,066181,3000,0,4080.0,0.0,3000,4080.0
2026-08-04,8560,新光,066189,5000,0,6800.0,0.0,5000,6800.0
2026-08-04,8560,新光,066232,0,7000,0.0,9590.0,-7000,-9590.0
2026-08-04,8560,新光,066241,40000,0,30300.0,0.0,40000,30300.0
2026-08-04,8560,新光,066327,0,60000,0.0,32400.0,-60000,-32400.0
2026-08-04,8560,新光,066396,0,15000,0.0,24000.0,-15000,-24000.0
2026-08-04,8560,新光,066415,0,5000,0.0,21950.0,-5000,-21950.0
2026-08-04,8560,新光,066444,0,10000,0.0,21900.0,-10000,-21900.0
2026-08-04,8560,新光,066513,1000,0,1960.0,0.0,1000,1960.0
2026-08-04,8560,新光,066516,0,10000,0.0,28700.0,-10000,-28700.0
2026-08-04,8560,新光,066531,0,44000,0.0,44440.0,-44000,-44440.0
2026-08-04,8560,新光,066555,4000,3000,44400.0,32100.0,1000,12300.0
2026-08-04,8560,新光,066594,3000,0,4140.0,0.0,3000,4140.0
2026-08-04,8560,新光,066602,0,7000,0.0,14070.0,-7000,-14070.0
2026-08-04,8560,新光,066653,3000,0,12180.0,0.0,3000,12180.0
2026-08-04,8560,新光,066666,0,120000,0.0,689250.0,-120000,-689250.0
2026-08-04,8560,新光,066759,1000,0,2880.0,0.0,1000,2880.0
2026-08-04,8560,新光,066784,0,10000,0.0,49200.0,-10000,-49200.0
2026-08-04,8560,新光,066818,0,150000,0.0,884050.0,-150000,-884050.0
2026-08-04,8560,新光,066821,0,25000,0.0,77100.0,-25000,-77100.0
2026-08-04,8560,新光,06685U,0,5000,0.0,4600.0,-5000,-4600.0
2026-08-04,8560,新光,066901,100000,0,147000.0,0.0,100000,147000.0
2026-08-04,8560,新光,066977,0,3000,0.0,7950.0,-3000,-7950.0
2026-08-04,8560,新光,067053,1000,3000,2530.0,7090.0,-2000,-4560.0
2026-08-04,8560,新光,067078,13000,0,2990.0,0.0,13000,2990.0
2026-08-04,8560,新光,067079,32000,0,36160.0,0.0,32000,36160.0
2026-08-04,8560,新光,067080,2000,0,4000.0,0.0,2000,4000.0
2026-08-04,8560,新光,067119,0,7000,0.0,9170.0,-7000,-9170.0
2026-08-04,8560,新光,067133,0,100000,0.0,144000.0,-100000,-144000.0
2026-08-04,8560,新光,067138,0,3000,0.0,10230.0,-3000,-10230.0
2026-08-04,8560,新光,067184,160000,0,58600.0,0.0,160000,58600.0
2026-08-04,8560,新光,067185,0,3000,0.0,1440.0,-3000,-1440.0
2026-08-04,8560,新光,067221,5000,0,3000.0,0.0,5000,3000.0
2026-08-04,8560,新光,067256,0,10000,0.0,11600.0,-10000,-11600.0
2026-08-04,8560,新光,067323,0,20000,0.0,39200.0,-20000,-39200.0
2026-08-04,8560,新光,067327,0,13000,0.0,15810.0,-13000,-15810.0
2026-08-04,8560,新光,067409,101000,1000,51010.0,500.0,100000,50510.0
2026-08-04,8560,新光,067411,5000,10000,3350.0,6400.0,-5000,-3050.0
2026-08-04,8560,新光,067427,1000,0,2980.0,0.0,1000,2980.0
2026-08-04,8560,新光,067441,0,30000,0.0,24000.0,-30000,-24000.0
2026-08-04,8560,新光,067476,21000,2000,45980.0,5080.0,19000,40900.0
2026-08-04,8560,新光,067550,2000,8000,3920.0,13280.0,-6000,-9360.0
2026-08-04,8560,新光,067598,2000,0,1830.0,0.0,2000,1830.0
2026-08-04,8560,新光,067620,1000,10000,1710.0,16800.0,-9000,-15090.0
2026-08-04,8560,新光,067638,9000,23000,8460.0,18630.0,-14000,-10170.0
2026-08-04,8560,新光,067680,0,28000,0.0,17640.0,-28000,-17640.0
2026-08-04,8560,新光,067745,0,6000,0.0,4750.0,-6000,-4750.0
2026-08-04,8560,新光,067802,1000,0,240.0,0.0,1000,240.0
2026-08-04,8560,新光,067814,0,138000,0.0,200880.0,-138000,-200880.0
2026-08-04,8560,新光,067828,0,30000,0.0,11100.0,-30000,-11100.0
2026-08-04,8560,新光,067845,5000,0,5950.0,0.0,5000,5950.0
2026-08-04,8560,新光,067888,0,5000,0.0,9700.0,-5000,-9700.0
2026-08-04,8560,新光,067984,60000,0,35100.0,0.0,60000,35100.0
2026-08-04,8560,新光,067992,145000,0,174000.0,0.0,145000,174000.0
2026-08-04,8560,新光,067995,0,10000,0.0,9150.0,-10000,-9150.0
2026-08-04,8560,新光,067997,0,210000,0.0,155820.0,-210000,-155820.0
2026-08-04,8560,新光,067998,0,15000,0.0,12770.0,-15000,-12770.0
2026-08-04,8560,新光,068001,0,110000,0.0,78100.0,-110000,-78100.0
2026-08-04,8560,新光,068002,5000,15000,5300.0,15650.0,-10000,-10350.0
2026-08-04,8560,新光,068003,4000,0,3560.0,0.0,4000,3560.0
2026-08-04,8560,新光,068060,0,10000,0.0,5100.0,-10000,-5100.0
2026-08-04,8560,新光,068403,10000,0,9000.0,0.0,10000,9000.0
2026-08-04,8560,新光,068438,0,12000,0.0,12600.0,-12000,-12600.0
2026-08-04,8560,新光,068458,0,100000,0.0,94000.0,-100000,-94000.0
2026-08-04,8560,新光,068465,0,100000,0.0,124000.0,-100000,-124000.0
2026-08-04,8560,新光,068512,2000,2000,15300.0,15500.0,0,-200.0
2026-08-04,8560,新光,068610,0,5000,0.0,5900.0,-5000,-5900.0
2026-08-04,8560,新光,068623,0,120000,0.0,79200.0,-120000,-79200.0
2026-08-04,8560,新光,068635,70000,5000,114500.0,7250.0,65000,107250.0
2026-08-04,8560,新光,068681,0,110000,0.0,42900.0,-110000,-42900.0
2026-08-04,8560,新光,068764,0,10000,0.0,7500.0,-10000,-7500.0
2026-08-04,8560,新光,068902,15000,0,22100.0,0.0,15000,22100.0
2026-08-04,8560,新光,068912,0,35000,0.0,34300.0,-35000,-34300.0
2026-08-04,8560,新光,069058,100000,10000,130000.0,14300.0,90000,115700.0
2026-08-04,8560,新光,069062,0,4000,0.0,12560.0,-4000,-12560.0
2026-08-04,8560,新光,069063,3000,0,5280.0,0.0,3000,5280.0
2026-08-04,8560,新光,069083,0,2000,0.0,2840.0,-2000,-2840.0
2026-08-04,8560,新光,069103,0,100000,0.0,43000.0,-100000,-43000.0
2026-08-04,8560,新光,069204,100000,0,47000.0,0.0,100000,47000.0
2026-08-04,8560,新光,069236,1000,0,220.0,0.0,1000,220.0
2026-08-04,8560,新光,069305,9000,0,11490.0,0.0,9000,11490.0
2026-08-04,8560,新光,069334,300000,0,105000.0,0.0,300000,105000.0
2026-08-04,8560,新光,069382,5000,0,4750.0,0.0,5000,4750.0
2026-08-04,8560,新光,069448,0,1000,0.0,470.0,-1000,-470.0
2026-08-04,8560,新光,069454,0,17000,0.0,12920.0,-17000,-12920.0
2026-08-04,8560,新光,069509,0,2000,0.0,17200.0,-2000,-17200.0
2026-08-04,8560,新光,069782,5000,5000,50.0,50.0,0,0.0
2026-08-04,8560,新光,069819,0,100000,0.0,127000.0,-100000,-127000.0
2026-08-04,8560,新光,069842,0,10000,0.0,17000.0,-10000,-17000.0
2026-08-04,8560,新光,069871,70000,0,118600.0,0.0,70000,118600.0
2026-08-04,8560,新光,069877,0,1000,0.0,1890.0,-1000,-1890.0
2026-08-04,8560,新光,069944,5000,16000,42250.0,121000.0,-11000,-78750.0
2026-08-04,8560,新光,070038,3000,0,3450.0,0.0,3000,3450.0
2026-08-04,8560,新光,070057,20000,0,14400.0,0.0,20000,14400.0
2026-08-04,8560,新光,070079,5000,0,11800.0,0.0,5000,11800.0
2026-08-04,8560,新光,070221,1000,1000,520.0,500.0,0,20.0
2026-08-04,8560,新光,070235,0,35000,0.0,35700.0,-35000,-35700.0
2026-08-04,8560,新光,070247,0,1000,0.0,560.0,-1000,-560.0
2026-08-04,8560,新光,070453,4000,0,2010.0,0.0,4000,2010.0
2026-08-04,8560,新光,070489,0,10000,0.0,9600.0,-10000,-9600.0
2026-08-04,8560,新光,070551,40000,0,17600.0,0.0,40000,17600.0
2026-08-04,8560,新光,070615,81000,0,48600.0,0.0,81000,48600.0
2026-08-04,8560,新光,070625,1000,0,1450.0,0.0,1000,1450.0
2026-08-04,8560,新光,070633,0,30000,0.0,25500.0,-30000,-25500.0
2026-08-04,8560,新光,070669,97000,0,48500.0,0.0,97000,48500.0
2026-08-04,8560,新光,070797,0,50000,0.0,20000.0,-50000,-20000.0
2026-08-04,8560,新光,070806,0,2000,0.0,3580.0,-2000,-3580.0
2026-08-04,8560,新光,070900,0,600000,0.0,905400.0,-600000,-905400.0
2026-08-04,8560,新光,070962,66000,0,46860.0,0.0,66000,46860.0
2026-08-04,8560,新光,071044,0,1000,0.0,290.0,-1000,-290.0
2026-08-04,8560,新光,071056,25000,0,19750.0,0.0,25000,19750.0
2026-08-04,8560,新光,071083,0,3000,0.0,1110.0,-3000,-1110.0
2026-08-04,8560,新光,071130,20000,30000,19200.0,26700.0,-10000,-7500.0
2026-08-04,8560,新光,071133,0,7000,0.0,6790.0,-7000,-6790.0
2026-08-04,8560,新光,071319,50000,0,61500.0,0.0,50000,61500.0
2026-08-04,8560,新光,071352,3000,0,2730.0,0.0,3000,2730.0
2026-08-04,8560,新光,071422,50000,0,34900.0,0.0,50000,34900.0
2026-08-04,8560,新光,071429,5000,0,3750.0,0.0,5000,3750.0
2026-08-04,8560,新光,071506,0,70000,0.0,46200.0,-70000,-46200.0
2026-08-04,8560,新光,071582,10000,0,18100.0,0.0,10000,18100.0
2026-08-04,8560,新光,071694,20000,0,14800.0,0.0,20000,14800.0
2026-08-04,8560,新光,071865,3000,0,9960.0,0.0,3000,9960.0
2026-08-04,8560,新光,071908,10000,0,20400.0,0.0,10000,20400.0
2026-08-04,8560,新光,071936,5000,0,1850.0,0.0,5000,1850.0
2026-08-04,8560,新光,072188,0,30000,0.0,48000.0,-30000,-48000.0
2026-08-04,8560,新光,072419,0,2000,0.0,2380.0,-2000,-2380.0
2026-08-04,8560,新光,072468,5000,0,7100.0,0.0,5000,7100.0
2026-08-04,8560,新光,072486,0,60000,0.0,115300.0,-60000,-115300.0
2026-08-04,8560,新光,072525,0,1000,0.0,500.0,-1000,-500.0
2026-08-04,8560,新光,072530,10000,0,4700.0,0.0,10000,4700.0
2026-08-04,8560,新光,072543,0,120000,0.0,237800.0,-120000,-237800.0
2026-08-04,8560,新光,072570,40000,0,17200.0,0.0,40000,17200.0
2026-08-04,8560,新光,072668,2000,0,1000.0,0.0,2000,1000.0
2026-08-04,8560,新光,072717,218000,0,100280.0,0.0,218000,100280.0
2026-08-04,8560,新光,072750,3000,0,670.0,0.0,3000,670.0
2026-08-04,8560,新光,072776,3000,0,5160.0,0.0,3000,5160.0
2026-08-04,8560,新光,072826,0,20000,0.0,16400.0,-20000,-16400.0
2026-08-04,8560,新光,073005,5000,0,5300.0,0.0,5000,5300.0
2026-08-04,8560,新光,073127,0,1000,0.0,540.0,-1000,-540.0
2026-08-04,8560,新光,073693,10000,0,6000.0,0.0,10000,6000.0
2026-08-04,8560,新光,073808,0,15000,0.0,9450.0,-15000,-9450.0
2026-08-04,8560,新光,073884,0,3000,0.0,5760.0,-3000,-5760.0
2026-08-04,8560,新光,073963,4000,0,5120.0,0.0,4000,5120.0
2026-08-04,8560,新光,074012,3000,0,2940.0,0.0,3000,2940.0
2026-08-04,8560,新光,074099,0,4000,0.0,3440.0,-4000,-3440.0
2026-08-04,8560,新光,074115,1000,1000,590.0,580.0,0,10.0
2026-08-04,8560,新光,074123,50000,0,26000.0,0.0,50000,26000.0
2026-08-04,8560,新光,074132,3000,0,3330.0,0.0,3000,3330.0
2026-08-04,8560,新光,074394,15000,0,18200.0,0.0,15000,18200.0
2026-08-04,8560,新光,074425,45000,0,9900.0,0.0,45000,9900.0
2026-08-04,8560,新光,074497,50000,0,36500.0,0.0,50000,36500.0
2026-08-04,8560,新光,074585,200000,0,176000.0,0.0,200000,176000.0
2026-08-04,8560,新光,074597,10000,0,4200.0,0.0,10000,4200.0
2026-08-04,8560,新光,074994,0,35000,0.0,22500.0,-35000,-22500.0
2026-08-04,8560,新光,075013,0,20000,0.0,30600.0,-20000,-30600.0
2026-08-04,8560,新光,075197,13000,30000,23140.0,54300.0,-17000,-31160.0
2026-08-04,8560,新光,075221,3000,0,1410.0,0.0,3000,1410.0
2026-08-04,8560,新光,075496,0,1000,0.0,930.0,-1000,-930.0
2026-08-04,8560,新光,075526,0,10000,0.0,13200.0,-10000,-13200.0
2026-08-04,8560,新光,075818,0,1000,0.0,500.0,-1000,-500.0
2026-08-04,8560,新光,076181,0,1000,0.0,710.0,-1000,-710.0
2026-08-04,8560,新光,076213,2000,2000,1800.0,1740.0,0,60.0
2026-08-04,8560,新光,076286,0,6000,0.0,2400.0,-6000,-2400.0
2026-08-04,8560,新光,076292,3000,0,1800.0,0.0,3000,1800.0
2026-08-04,8560,新光,076459,400000,0,204000.0,0.0,400000,204000.0
2026-08-04,8560,新光,076581,10000,0,4600.0,0.0,10000,4600.0
2026-08-04,8560,新光,076616,0,60000,0.0,33600.0,-60000,-33600.0
2026-08-04,8560,新光,076649,10000,0,11200.0,0.0,10000,11200.0
2026-08-04,8560,新光,076712,2000,0,5990.0,0.0,2000,5990.0
2026-08-04,8560,新光,076770,50000,0,42000.0,0.0,50000,42000.0
2026-08-04,8560,新光,077104,0,8000,0.0,11920.0,-8000,-11920.0
2026-08-04,8560,新光,077118,200000,0,204500.0,0.0,200000,204500.0
2026-08-04,8560,新光,077287,20000,0,16600.0,0.0,20000,16600.0
2026-08-04,8560,新光,077410,30000,0,38700.0,0.0,30000,38700.0
2026-08-04,8560,新光,077468,2000,0,2260.0,0.0,2000,2260.0
2026-08-04,8560,新光,078032,0,4000,0.0,7140.0,-4000,-7140.0
2026-08-04,8560,新光,078064,10000,0,31500.0,0.0,10000,31500.0
2026-08-04,8560,新光,078077,4000,0,17160.0,0.0,4000,17160.0
2026-08-04,8560,新光,078352,8000,0,14720.0,0.0,8000,14720.0
2026-08-04,8560,新光,078368,0,7000,0.0,12250.0,-7000,-12250.0
2026-08-04,8560,新光,08092U,7000,0,490.0,0.0,7000,490.0
2026-08-04,8560,新光,08345U,11000,0,1320.0,0.0,11000,1320.0
2026-08-04,8560,新光,08458U,5000,0,100.0,0.0,5000,100.0
2026-08-04,8560,新光,087002,0,2000,0.0,6340.0,-2000,-6340.0
2026-08-04,8560,新光,087694,0,2000,0.0,560.0,-2000,-560.0
2026-08-04,8560,新光,08796U,40000,0,13600.0,0.0,40000,13600.0
2026-08-04,8560,新光,08999U,400000,0,256000.0,0.0,400000,256000.0
2026-08-04,8560,新光,700025,0,90000,0.0,20700.0,-90000,-20700.0
2026-08-04,8560,新光,700186,4000,20000,720.0,5000.0,-16000,-4280.0
2026-08-04,8560,新光,700343,23000,0,5290.0,0.0,23000,5290.0
2026-08-04,8560,新光,703001,0,40000,0.0,32300.0,-40000,-32300.0
2026-08-04,8560,新光,704207,0,2000,0.0,5370.0,-2000,-5370.0
2026-08-04,8560,新光,704702,0,2000,0.0,3680.0,-2000,-3680.0
2026-08-04,8560,新光,705199,100000,0,49800.0,0.0,100000,49800.0
2026-08-04,8560,新光,705236,0,170000,0.0,83500.0,-170000,-83500.0
2026-08-04,8560,新光,705391,9000,0,3780.0,0.0,9000,3780.0
2026-08-04,8560,新光,705453,0,3000,0.0,1380.0,-3000,-1380.0
2026-08-04,8560,新光,705515,0,400000,0.0,236000.0,-400000,-236000.0
2026-08-04,8560,新光,705527,0,1000,0.0,15100.0,-1000,-15100.0
2026-08-04,8560,新光,705560,2000,0,5000.0,0.0,2000,5000.0
2026-08-04,8560,新光,705565,9000,0,6410.0,0.0,9000,6410.0
2026-08-04,8560,新光,705781,60000,40000,45000.0,32200.0,20000,12800.0
2026-08-04,8560,新光,706066,0,10000,0.0,7400.0,-10000,-7400.0
2026-08-04,8560,新光,706259,0,100000,0.0,40000.0,-100000,-40000.0
2026-08-04,8560,新光,706411,1000,0,3170.0,0.0,1000,3170.0
2026-08-04,8560,新光,706442,0,1000,0.0,4990.0,-1000,-4990.0
2026-08-04,8560,新光,706987,10000,0,9000.0,0.0,10000,9000.0
2026-08-04,8560,新光,707042,1000,0,1930.0,0.0,1000,1930.0
2026-08-04,8560,新光,707103,50000,10000,98500.0,17000.0,40000,81500.0
2026-08-04,8560,新光,707126,0,1000,0.0,3290.0,-1000,-3290.0
2026-08-04,8560,新光,707205,10000,20000,14000.0,28600.0,-10000,-14600.0
2026-08-04,8560,新光,707313,0,2000,0.0,4710.0,-2000,-4710.0
2026-08-04,8560,新光,707329,30000,0,15300.0,0.0,30000,15300.0
2026-08-04,8560,新光,707330,5000,0,22000.0,0.0,5000,22000.0
2026-08-04,8560,新光,707336,100000,0,109000.0,0.0,100000,109000.0
2026-08-04,8560,新光,707374,2000,1000,2540.0,1120.0,1000,1420.0
2026-08-04,8560,新光,707381,0,24000,0.0,32080.0,-24000,-32080.0
2026-08-04,8560,新光,707423,0,10000,0.0,6700.0,-10000,-6700.0
2026-08-04,8560,新光,707449,0,3000,0.0,4560.0,-3000,-4560.0
2026-08-04,8560,新光,707515,0,2000,0.0,860.0,-2000,-860.0
2026-08-04,8560,新光,707589,10000,0,5500.0,0.0,10000,5500.0
2026-08-04,8560,新光,707735,0,90000,0.0,56950.0,-90000,-56950.0
2026-08-04,8560,新光,707796,20000,0,49300.0,0.0,20000,49300.0
2026-08-04,8560,新光,707797,0,3000,0.0,7470.0,-3000,-7470.0
2026-08-04,8560,新光,707813,0,1000,0.0,2100.0,-1000,-2100.0
2026-08-04,8560,新光,707858,0,92000,0.0,59440.0,-92000,-59440.0
2026-08-04,8560,新光,707931,1000,0,5850.0,0.0,1000,5850.0
2026-08-04,8560,新光,707964,2000,1000,280.0,120.0,1000,160.0
2026-08-04,8560,新光,708065,0,1000,0.0,1670.0,-1000,-1670.0
2026-08-04,8560,新光,708076,3000,2000,3120.0,2080.0,1000,1040.0
2026-08-04,8560,新光,708277,0,40000,0.0,9600.0,-40000,-9600.0
2026-08-04,8560,新光,708473,0,10000,0.0,11240.0,-10000,-11240.0
2026-08-04,8560,新光,708532,1000,0,1970.0,0.0,1000,1970.0
2026-08-04,8560,新光,708668,200000,0,201000.0,0.0,200000,201000.0
2026-08-04,8560,新光,708775,101000,0,56610.0,0.0,101000,56610.0
2026-08-04,8560,新光,708779,0,2000,0.0,1480.0,-2000,-1480.0
2026-08-04,8560,新光,708913,0,79000,0.0,31600.0,-79000,-31600.0
2026-08-04,8560,新光,709023,20000,0,60000.0,0.0,20000,60000.0
2026-08-04,8560,新光,709042,1000,0,1360.0,0.0,1000,1360.0
2026-08-04,8560,新光,709213,1000,0,160.0,0.0,1000,160.0
2026-08-04,8560,新光,709497,0,2000,0.0,5440.0,-2000,-5440.0
2026-08-04,8560,新光,709515,100000,0,89500.0,0.0,100000,89500.0
2026-08-04,8560,新光,709614,17000,1000,29050.0,1870.0,16000,27180.0
2026-08-04,8560,新光,709705,1000,0,990.0,0.0,1000,990.0
2026-08-04,8560,新光,709706,2000,0,1520.0,0.0,2000,1520.0
2026-08-04,8560,新光,709709,3000,0,940.0,0.0,3000,940.0
2026-08-04,8560,新光,709776,5000,0,3100.0,0.0,5000,3100.0
2026-08-04,8560,新光,709783,50000,250000,34000.0,162500.0,-200000,-128500.0
2026-08-04,8560,新光,709896,1000,0,900.0,0.0,1000,900.0
2026-08-04,8560,新光,709988,0,3000,0.0,1530.0,-3000,-1530.0
2026-08-04,8560,新光,710060,100000,0,93000.0,0.0,100000,93000.0
2026-08-04,8560,新光,710162,10000,0,2900.0,0.0,10000,2900.0
2026-08-04,8560,新光,710384,0,2000,0.0,5360.0,-2000,-5360.0
2026-08-04,8560,新光,710403,80000,0,30100.0,0.0,80000,30100.0
2026-08-04,8560,新光,710457,0,30000,0.0,27600.0,-30000,-27600.0
2026-08-04,8560,新光,710701,5000,0,4300.0,0.0,5000,4300.0
2026-08-04,8560,新光,710885,5000,0,4050.0,0.0,5000,4050.0
2026-08-04,8560,新光,710946,0,2000,0.0,1160.0,-2000,-1160.0
2026-08-04,8560,新光,710950,35000,0,49700.0,0.0,35000,49700.0
2026-08-04,8560,新光,710960,10000,0,6900.0,0.0,10000,6900.0
2026-08-04,8560,新光,711082,232000,1000,69710.0,360.0,231000,69350.0
2026-08-04,8560,新光,711128,0,200000,0.0,210000.0,-200000,-210000.0
2026-08-04,8560,新光,711291,0,10000,0.0,9400.0,-10000,-9400.0
2026-08-04,8560,新光,711367,10000,0,4900.0,0.0,10000,4900.0
2026-08-04,8560,新光,711552,0,2000,0.0,7680.0,-2000,-7680.0
2026-08-04,8560,新光,711587,29000,0,43760.0,0.0,29000,43760.0
2026-08-04,8560,新光,711845,0,3000,0.0,2280.0,-3000,-2280.0
2026-08-04,8560,新光,712088,10000,0,27700.0,0.0,10000,27700.0
2026-08-04,8560,新光,72798U,0,784000,0.0,436190.0,-784000,-436190.0
2026-08-04,8560,新光,72853U,20000,0,14000.0,0.0,20000,14000.0
2026-08-04,8560,新光,735512,0,1000,0.0,2050.0,-1000,-2050.0
2026-08-04,8560,新光,736428,1000,5000,400.0,1550.0,-4000,-1150.0
2026-08-04,8560,新光,736479,5000,0,4000.0,0.0,5000,4000.0
2026-08-04,9135,群益東大,03021T,12000,0,21320.0,0.0,12000,21320.0
2026-08-04,9135,群益東大,030609,0,10000,0.0,25000.0,-10000,-25000.0
2026-08-04,9135,群益東大,03089T,10000,0,10350.0,0.0,10000,10350.0
2026-08-04,9135,群益東大,03094T,80000,0,78500.0,0.0,80000,78500.0
2026-08-04,9135,群益東大,03326T,20000,0,10200.0,0.0,20000,10200.0
2026-08-04,9135,群益東大,033569,0,2000,0.0,1600.0,-2000,-1600.0
2026-08-04,9135,群益東大,03389T,10000,0,3000.0,0.0,10000,3000.0
2026-08-04,9135,群益東大,03448T,30000,0,27050.0,0.0,30000,27050.0
2026-08-04,9135,群益東大,03613T,20000,0,14200.0,0.0,20000,14200.0
2026-08-04,9135,群益東大,03620T,9000,0,13770.0,0.0,9000,13770.0
2026-08-04,9135,群益東大,03690T,0,12000,0.0,15720.0,-12000,-15720.0
2026-08-04,9135,群益東大,03797T,4000,0,9080.0,0.0,4000,9080.0
2026-08-04,9135,群益東大,038848,20000,0,12700.0,0.0,20000,12700.0
2026-08-04,9135,群益東大,04008T,3000,0,5760.0,0.0,3000,5760.0
2026-08-04,9135,群益東大,041061,0,3000,0.0,19500.0,-3000,-19500.0
2026-08-04,9135,群益東大,043522,1000,0,150.0,0.0,1000,150.0
2026-08-04,9135,群益東大,048097,1000,0,300.0,0.0,1000,300.0
2026-08-04,9135,群益東大,051259,0,10000,0.0,22300.0,-10000,-22300.0
2026-08-04,9135,群益東大,055371,3000,0,7500.0,0.0,3000,7500.0
2026-08-04,9135,群益東大,055827,5000,0,12750.0,0.0,5000,12750.0
2026-08-04,9135,群益東大,056074,3000,0,6150.0,0.0,3000,6150.0
2026-08-04,9135,群益東大,056578,0,10000,0.0,39900.0,-10000,-39900.0
2026-08-04,9135,群益東大,057291,0,10000,0.0,31900.0,-10000,-31900.0
2026-08-04,9135,群益東大,058795,0,22000,0.0,7260.0,-22000,-7260.0
2026-08-04,9135,群益東大,061945,30000,0,10800.0,0.0,30000,10800.0
2026-08-04,9135,群益東大,062806,5000,0,4500.0,0.0,5000,4500.0
2026-08-04,9135,群益東大,062899,0,6000,0.0,7000.0,-6000,-7000.0
2026-08-04,9135,群益東大,063446,20000,0,9400.0,0.0,20000,9400.0
2026-08-04,9135,群益東大,063513,1000,0,2550.0,0.0,1000,2550.0
2026-08-04,9135,群益東大,063693,0,30000,0.0,30300.0,-30000,-30300.0
2026-08-04,9135,群益東大,064006,10000,0,9500.0,0.0,10000,9500.0
2026-08-04,9135,群益東大,064028,1000,0,650.0,0.0,1000,650.0
2026-08-04,9135,群益東大,064162,0,5000,0.0,4800.0,-5000,-4800.0
2026-08-04,9135,群益東大,064667,0,5000,0.0,1500.0,-5000,-1500.0
2026-08-04,9135,群益東大,065231,150000,0,183000.0,0.0,150000,183000.0
2026-08-04,9135,群益東大,065458,0,20000,0.0,42800.0,-20000,-42800.0
2026-08-04,9135,群益東大,065459,10000,0,21450.0,0.0,10000,21450.0
2026-08-04,9135,群益東大,065461,0,100000,0.0,15000.0,-100000,-15000.0
2026-08-04,9135,群益東大,066110,1000,10000,200.0,2100.0,-9000,-1900.0
2026-08-04,9135,群益東大,066644,10000,0,6000.0,0.0,10000,6000.0
2026-08-04,9135,群益東大,067080,0,1000,0.0,2020.0,-1000,-2020.0
2026-08-04,9135,群益東大,067179,0,10000,0.0,8100.0,-10000,-8100.0
2026-08-04,9135,群益東大,067184,30000,0,10800.0,0.0,30000,10800.0
2026-08-04,9135,群益東大,067411,0,8000,0.0,5120.0,-8000,-5120.0
2026-08-04,9135,群益東大,067782,3000,0,2790.0,0.0,3000,2790.0
2026-08-04,9135,群益東大,067814,5000,0,7700.0,0.0,5000,7700.0
2026-08-04,9135,群益東大,068014,0,46000,0.0,33280.0,-46000,-33280.0
2026-08-04,9135,群益東大,068085,10000,0,16100.0,0.0,10000,16100.0
2026-08-04,9135,群益東大,068247,30000,0,16100.0,0.0,30000,16100.0
2026-08-04,9135,群益東大,068943,0,1000,0.0,940.0,-1000,-940.0
2026-08-04,9135,群益東大,069156,12000,0,12410.0,0.0,12000,12410.0
2026-08-04,9135,群益東大,069159,1000,0,180.0,0.0,1000,180.0
2026-08-04,9135,群益東大,069648,1000,1000,200.0,200.0,0,0.0
2026-08-04,9135,群益東大,069785,0,1000,0.0,320.0,-1000,-320.0
2026-08-04,9135,群益東大,070183,11000,0,6180.0,0.0,11000,6180.0
2026-08-04,9135,群益東大,070256,0,14000,0.0,8540.0,-14000,-8540.0
2026-08-04,9135,群益東大,070945,10000,0,8200.0,0.0,10000,8200.0
2026-08-04,9135,群益東大,071088,0,15000,0.0,10200.0,-15000,-10200.0
2026-08-04,9135,群益東大,071434,0,20000,0.0,6600.0,-20000,-6600.0
2026-08-04,9135,群益東大,072178,5000,0,7250.0,0.0,5000,7250.0
2026-08-04,9135,群益東大,072310,0,10000,0.0,22400.0,-10000,-22400.0
2026-08-04,9135,群益東大,072569,0,7000,0.0,4970.0,-7000,-4970.0
2026-08-04,9135,群益東大,072994,10000,0,7200.0,0.0,10000,7200.0
2026-08-04,9135,群益東大,073325,10000,0,11200.0,0.0,10000,11200.0
2026-08-04,9135,群益東大,073670,5000,0,6800.0,0.0,5000,6800.0
2026-08-04,9135,群益東大,073845,40000,0,23200.0,0.0,40000,23200.0
2026-08-04,9135,群益東大,074219,1000,0,500.0,0.0,1000,500.0
2026-08-04,9135,群益東大,074265,38000,10000,27960.0,8100.0,28000,19860.0
2026-08-04,9135,群益東大,074560,24000,0,23900.0,0.0,24000,23900.0
2026-08-04,9135,群益東大,08865U,10000,0,1100.0,0.0,10000,1100.0
2026-08-04,9135,群益東大,08978U,80000,0,72050.0,0.0,80000,72050.0
2026-08-04,9135,群益東大,700708,2000,0,540.0,0.0,2000,540.0
2026-08-04,9135,群益東大,701908,11000,0,1430.0,0.0,11000,1430.0
2026-08-04,9135,群益東大,703371,0,1000,0.0,220.0,-1000,-220.0
2026-08-04,9135,群益東大,705002,6000,0,4440.0,0.0,6000,4440.0
2026-08-04,9135,群益東大,705489,0,1000,0.0,990.0,-1000,-990.0
2026-08-04,9135,群益東大,706420,10000,0,3600.0,0.0,10000,3600.0
2026-08-04,9135,群益東大,707129,10000,0,6900.0,0.0,10000,6900.0
2026-08-04,9135,群益東大,707931,10000,2000,57500.0,12600.0,8000,44900.0
2026-08-04,9135,群益東大,708588,20000,0,3000.0,0.0,20000,3000.0
2026-08-04,9135,群益東大,708927,10000,0,4800.0,0.0,10000,4800.0
2026-08-04,9135,群益東大,710141,0,60000,0.0,28200.0,-60000,-28200.0
2026-08-04,9135,群益東大,710420,1000,0,370.0,0.0,1000,370.0
2026-08-04,9135,群益東大,711088,30000,0,15200.0,0.0,30000,15200.0
2026-08-04,9135,群益東大,711240,30000,0,15200.0,0.0,30000,15200.0
2026-08-04,9135,群益東大,72741U,6000,0,5820.0,0.0,6000,5820.0
2026-08-04,9186,群益新竹,03048T,0,5000,0.0,1350.0,-5000,-1350.0
2026-08-04,9186,群益新竹,03272T,10000,0,700.0,0.0,10000,700.0
2026-08-04,9186,群益新竹,03278T,1000,0,120.0,0.0,1000,120.0
2026-08-04,9186,群益新竹,03424T,1000,0,1280.0,0.0,1000,1280.0
2026-08-04,9186,群益新竹,03620T,28000,0,43280.0,0.0,28000,43280.0
2026-08-04,9186,群益新竹,03641T,2000,0,3640.0,0.0,2000,3640.0
2026-08-04,9186,群益新竹,043893,0,10000,0.0,4900.0,-10000,-4900.0
2026-08-04,9186,群益新竹,052966,2000,0,1000.0,0.0,2000,1000.0
2026-08-04,9186,群益新竹,057524,0,1000,0.0,3190.0,-1000,-3190.0
2026-08-04,9186,群益新竹,058281,0,800000,0.0,32000.0,-800000,-32000.0
2026-08-04,9186,群益新竹,059076,3000,0,2880.0,0.0,3000,2880.0
2026-08-04,9186,群益新竹,059640,0,8000,0.0,12020.0,-8000,-12020.0
2026-08-04,9186,群益新竹,061603,0,10000,0.0,13900.0,-10000,-13900.0
2026-08-04,9186,群益新竹,062804,16000,0,11200.0,0.0,16000,11200.0
2026-08-04,9186,群益新竹,063081,30000,31000,19500.0,22150.0,-1000,-2650.0
2026-08-04,9186,群益新竹,064148,1000,1000,1890.0,2010.0,0,-120.0
2026-08-04,9186,群益新竹,064718,0,3000,0.0,12300.0,-3000,-12300.0
2026-08-04,9186,群益新竹,065423,0,336000,0.0,223610.0,-336000,-223610.0
2026-08-04,9186,群益新竹,066231,6000,0,9480.0,0.0,6000,9480.0
2026-08-04,9186,群益新竹,066709,0,1000,0.0,1460.0,-1000,-1460.0
2026-08-04,9186,群益新竹,066819,0,1000,0.0,3210.0,-1000,-3210.0
2026-08-04,9186,群益新竹,066885,0,1000,0.0,3640.0,-1000,-3640.0
2026-08-04,9186,群益新竹,067178,0,4000,0.0,4120.0,-4000,-4120.0
2026-08-04,9186,群益新竹,067179,0,3000,0.0,2430.0,-3000,-2430.0
2026-08-04,9186,群益新竹,067256,86000,0,109220.0,0.0,86000,109220.0
2026-08-04,9186,群益新竹,067814,0,70000,0.0,105750.0,-70000,-105750.0
2026-08-04,9186,群益新竹,068000,7000,0,5970.0,0.0,7000,5970.0
2026-08-04,9186,群益新竹,069566,1000,0,120.0,0.0,1000,120.0
2026-08-04,9186,群益新竹,069656,3000,0,2570.0,0.0,3000,2570.0
2026-08-04,9186,群益新竹,070475,3000,0,2630.0,0.0,3000,2630.0
2026-08-04,9186,群益新竹,071741,10000,0,14950.0,0.0,10000,14950.0
2026-08-04,9186,群益新竹,071742,200000,0,238000.0,0.0,200000,238000.0
2026-08-04,9186,群益新竹,072419,0,6000,0.0,7020.0,-6000,-7020.0
2026-08-04,9186,群益新竹,074440,10000,0,10500.0,0.0,10000,10500.0
2026-08-04,9186,群益新竹,077966,4000,0,8000.0,0.0,4000,8000.0
2026-08-04,9186,群益新竹,08144U,3000,0,330.0,0.0,3000,330.0
2026-08-04,9186,群益新竹,700904,0,23000,0.0,79350.0,-23000,-79350.0
2026-08-04,9186,群益新竹,702450,0,5000,0.0,50.0,-5000,-50.0
2026-08-04,9186,群益新竹,704094,2000,0,620.0,0.0,2000,620.0
2026-08-04,9186,群益新竹,707169,0,1000,0.0,4360.0,-1000,-4360.0
2026-08-04,9186,群益新竹,707289,0,1000,0.0,2760.0,-1000,-2760.0
2026-08-04,9186,群益新竹,707680,0,4000,0.0,2200.0,-4000,-2200.0
2026-08-04,9186,群益新竹,707787,4000,0,2200.0,0.0,4000,2200.0
2026-08-04,9186,群益新竹,707798,11000,0,26520.0,0.0,11000,26520.0
2026-08-04,9186,群益新竹,707846,20000,0,3760.0,0.0,20000,3760.0
2026-08-04,9186,群益新竹,708537,10000,0,6400.0,0.0,10000,6400.0
2026-08-04,9186,群益新竹,708646,1000,0,210.0,0.0,1000,210.0
2026-08-04,9186,群益新竹,708684,10000,0,2400.0,0.0,10000,2400.0
2026-08-04,9186,群益新竹,709004,10000,0,7400.0,0.0,10000,7400.0
2026-08-04,9186,群益新竹,709333,1000,1000,1990.0,1990.0,0,0.0
2026-08-04,9186,群益新竹,709499,3000,0,1320.0,0.0,3000,1320.0
2026-08-04,9186,群益新竹,709532,0,10000,0.0,1900.0,-10000,-1900.0
2026-08-04,9186,群益新竹,709601,5000,0,5000.0,0.0,5000,5000.0
2026-08-04,9186,群益新竹,710420,0,1000,0.0,370.0,-1000,-370.0
2026-08-04,9186,群益新竹,72665U,0,101000,0.0,1790.0,-101000,-1790.0
2026-08-04,9186,群益新竹,72876U,2000,0,1000.0,0.0,2000,1000.0
2026-08-04,918C,群益古亭,03354T,50000,50000,34000.0,37500.0,0,-3500.0
2026-08-04,918C,群益古亭,03393T,100000,0,30000.0,0.0,100000,30000.0
2026-08-04,918C,群益古亭,03988T,100000,0,52000.0,0.0,100000,52000.0
2026-08-04,918C,群益古亭,041611,0,10000,0.0,11700.0,-10000,-11700.0
2026-08-04,918C,群益古亭,043853,0,20000,0.0,400.0,-20000,-400.0
2026-08-04,918C,群益古亭,046914,0,5000,0.0,7500.0,-5000,-7500.0
2026-08-04,918C,群益古亭,053664,5000,0,2900.0,0.0,5000,2900.0
2026-08-04,918C,群益古亭,054487,0,20000,0.0,30800.0,-20000,-30800.0
2026-08-04,918C,群益古亭,055272,0,50000,0.0,117500.0,-50000,-117500.0
2026-08-04,918C,群益古亭,057013,0,50000,0.0,59500.0,-50000,-59500.0
2026-08-04,918C,群益古亭,059499,100000,0,24000.0,0.0,100000,24000.0
2026-08-04,918C,群益古亭,063658,20000,0,6000.0,0.0,20000,6000.0
2026-08-04,918C,群益古亭,064154,0,109000,0.0,223450.0,-109000,-223450.0
2026-08-04,918C,群益古亭,064158,0,20000,0.0,20400.0,-20000,-20400.0
2026-08-04,918C,群益古亭,064444,1000,21000,110.0,1910.0,-20000,-1800.0
2026-08-04,918C,群益古亭,065056,0,200000,0.0,423000.0,-200000,-423000.0
2026-08-04,918C,群益古亭,065244,10000,0,18300.0,0.0,10000,18300.0
2026-08-04,918C,群益古亭,065423,0,10000,0.0,6200.0,-10000,-6200.0
2026-08-04,918C,群益古亭,065459,4000,0,8420.0,0.0,4000,8420.0
2026-08-04,918C,群益古亭,065774,4000,0,4720.0,0.0,4000,4720.0
2026-08-04,918C,群益古亭,067529,0,20000,0.0,42300.0,-20000,-42300.0
2026-08-04,918C,群益古亭,067607,10000,0,5400.0,0.0,10000,5400.0
2026-08-04,918C,群益古亭,067714,1000,0,780.0,0.0,1000,780.0
2026-08-04,918C,群益古亭,067998,21000,0,18950.0,0.0,21000,18950.0
2026-08-04,918C,群益古亭,068256,30000,30000,14400.0,16500.0,0,-2100.0
2026-08-04,918C,群益古亭,068312,20000,0,15000.0,0.0,20000,15000.0
2026-08-04,918C,群益古亭,068665,30000,0,65000.0,0.0,30000,65000.0
2026-08-04,918C,群益古亭,069197,20000,0,18200.0,0.0,20000,18200.0
2026-08-04,918C,群益古亭,071197,20000,40000,10200.0,22400.0,-20000,-12200.0
2026-08-04,918C,群益古亭,071244,5000,0,3900.0,0.0,5000,3900.0
2026-08-04,918C,群益古亭,071246,5000,0,3350.0,0.0,5000,3350.0
2026-08-04,918C,群益古亭,072507,15000,0,12450.0,0.0,15000,12450.0
2026-08-04,918C,群益古亭,072543,0,100000,0.0,199000.0,-100000,-199000.0
2026-08-04,918C,群益古亭,072569,5000,0,3350.0,0.0,5000,3350.0
2026-08-04,918C,群益古亭,072642,20000,30000,28600.0,43500.0,-10000,-14900.0
2026-08-04,918C,群益古亭,073575,30000,0,65700.0,0.0,30000,65700.0
2026-08-04,918C,群益古亭,073758,0,10000,0.0,34500.0,-10000,-34500.0
2026-08-04,918C,群益古亭,073884,40000,0,73950.0,0.0,40000,73950.0
2026-08-04,918C,群益古亭,074230,0,50000,0.0,29000.0,-50000,-29000.0
2026-08-04,918C,群益古亭,075021,0,20000,0.0,10800.0,-20000,-10800.0
2026-08-04,918C,群益古亭,075028,0,30000,0.0,63900.0,-30000,-63900.0
2026-08-04,918C,群益古亭,076732,40000,0,81200.0,0.0,40000,81200.0
2026-08-04,918C,群益古亭,076772,0,10000,0.0,16900.0,-10000,-16900.0
2026-08-04,918C,群益古亭,077802,0,100000,0.0,216000.0,-100000,-216000.0
2026-08-04,918C,群益古亭,089497,0,1000,0.0,14500.0,-1000,-14500.0
2026-08-04,918C,群益古亭,705782,60000,0,72300.0,0.0,60000,72300.0
2026-08-04,918C,群益古亭,706714,0,8000,0.0,4960.0,-8000,-4960.0
2026-08-04,918C,群益古亭,707333,9000,0,18900.0,0.0,9000,18900.0
2026-08-04,918C,群益古亭,710500,0,1200000,0.0,973000.0,-1200000,-973000.0
2026-08-04,918C,群益古亭,710546,0,10000,0.0,17500.0,-10000,-17500.0
2026-08-04,920H,凱基基隆,036860,5000,0,1600.0,0.0,5000,1600.0
2026-08-04,920H,凱基基隆,044796,107000,0,136890.0,0.0,107000,136890.0
2026-08-04,920H,凱基基隆,052206,3000,0,1710.0,0.0,3000,1710.0
2026-08-04,920H,凱基基隆,052245,60000,0,16000.0,0.0,60000,16000.0
2026-08-04,920H,凱基基隆,052353,0,10000,0.0,1000.0,-10000,-1000.0
2026-08-04,920H,凱基基隆,053270,10000,0,22300.0,0.0,10000,22300.0
2026-08-04,920H,凱基基隆,057154,0,15000,0.0,6450.0,-15000,-6450.0
2026-08-04,920H,凱基基隆,058373,0,14000,0.0,41720.0,-14000,-41720.0
2026-08-04,920H,凱基基隆,059663,4000,0,1880.0,0.0,4000,1880.0
2026-08-04,920H,凱基基隆,059671,0,1000,0.0,880.0,-1000,-880.0
2026-08-04,920H,凱基基隆,059683,10000,0,10700.0,0.0,10000,10700.0
2026-08-04,920H,凱基基隆,061726,0,20000,0.0,67400.0,-20000,-67400.0
2026-08-04,920H,凱基基隆,061892,0,10000,0.0,15600.0,-10000,-15600.0
2026-08-04,920H,凱基基隆,062425,0,30000,0.0,19800.0,-30000,-19800.0
2026-08-04,920H,凱基基隆,064148,10000,0,19700.0,0.0,10000,19700.0
2026-08-04,920H,凱基基隆,064450,0,29000,0.0,25290.0,-29000,-25290.0
2026-08-04,920H,凱基基隆,064707,0,100000,0.0,15000.0,-100000,-15000.0
2026-08-04,920H,凱基基隆,065129,0,12000,0.0,1560.0,-12000,-1560.0
2026-08-04,920H,凱基基隆,065408,4000,0,2830.0,0.0,4000,2830.0
2026-08-04,920H,凱基基隆,065423,10000,0,6040.0,0.0,10000,6040.0
2026-08-04,920H,凱基基隆,065480,0,1000,0.0,2790.0,-1000,-2790.0
2026-08-04,920H,凱基基隆,066453,1000,4000,750.0,3000.0,-3000,-2250.0
2026-08-04,920H,凱基基隆,067154,39000,0,52260.0,0.0,39000,52260.0
2026-08-04,920H,凱基基隆,067176,10000,0,8700.0,0.0,10000,8700.0
2026-08-04,920H,凱基基隆,067300,0,30000,0.0,18300.0,-30000,-18300.0
2026-08-04,920H,凱基基隆,067708,0,1000,0.0,1220.0,-1000,-1220.0
2026-08-04,920H,凱基基隆,067743,1000,0,1840.0,0.0,1000,1840.0
2026-08-04,920H,凱基基隆,067885,10000,0,21100.0,0.0,10000,21100.0
2026-08-04,920H,凱基基隆,068003,1000,0,870.0,0.0,1000,870.0
2026-08-04,920H,凱基基隆,069358,2000,0,1010.0,0.0,2000,1010.0
2026-08-04,920H,凱基基隆,069396,6000,0,4080.0,0.0,6000,4080.0
2026-08-04,920H,凱基基隆,069787,30000,0,12600.0,0.0,30000,12600.0
2026-08-04,920H,凱基基隆,070256,2000,0,1330.0,0.0,2000,1330.0
2026-08-04,920H,凱基基隆,070759,0,100000,0.0,110000.0,-100000,-110000.0
2026-08-04,920H,凱基基隆,071070,200000,0,102000.0,0.0,200000,102000.0
2026-08-04,920H,凱基基隆,071174,100000,0,69000.0,0.0,100000,69000.0
2026-08-04,920H,凱基基隆,071612,0,10000,0.0,6700.0,-10000,-6700.0
2026-08-04,920H,凱基基隆,072677,5000,0,1560.0,0.0,5000,1560.0
2026-08-04,920H,凱基基隆,073396,20000,0,13400.0,0.0,20000,13400.0
2026-08-04,920H,凱基基隆,073848,30000,0,22800.0,0.0,30000,22800.0
2026-08-04,920H,凱基基隆,074851,20000,0,10000.0,0.0,20000,10000.0
2026-08-04,920H,凱基基隆,075468,328000,0,96400.0,0.0,328000,96400.0
2026-08-04,920H,凱基基隆,076533,0,100000,0.0,102000.0,-100000,-102000.0
2026-08-04,920H,凱基基隆,076610,2000,0,2120.0,0.0,2000,2120.0
2026-08-04,920H,凱基基隆,078409,3000,0,3030.0,0.0,3000,3030.0
2026-08-04,920H,凱基基隆,08574U,0,22000,0.0,35860.0,-22000,-35860.0
2026-08-04,920H,凱基基隆,704538,2000,0,8100.0,0.0,2000,8100.0
2026-08-04,920H,凱基基隆,708473,1000,0,1110.0,0.0,1000,1110.0
2026-08-04,920H,凱基基隆,710950,0,10000,0.0,13900.0,-10000,-13900.0
2026-08-04,920H,凱基基隆,711186,4000,0,1880.0,0.0,4000,1880.0
2026-08-04,920H,凱基基隆,711607,10000,0,20200.0,0.0,10000,20200.0
2026-08-04,9211,凱基台南,030573,20000,0,45900.0,0.0,20000,45900.0
2026-08-04,9211,凱基台南,03178T,0,10000,0.0,7100.0,-10000,-7100.0
2026-08-04,9211,凱基台南,03202T,0,40000,0.0,19400.0,-40000,-19400.0
2026-08-04,9211,凱基台南,03211T,9000,0,9000.0,0.0,9000,9000.0
2026-08-04,9211,凱基台南,035629,0,3000,0.0,11670.0,-3000,-11670.0
2026-08-04,9211,凱基台南,03562T,10000,0,16200.0,0.0,10000,16200.0
2026-08-04,9211,凱基台南,03841T,20000,0,30450.0,0.0,20000,30450.0
2026-08-04,9211,凱基台南,038987,1000,0,740.0,0.0,1000,740.0
2026-08-04,9211,凱基台南,041740,4000,0,11380.0,0.0,4000,11380.0
2026-08-04,9211,凱基台南,043659,0,5000,0.0,17400.0,-5000,-17400.0
2026-08-04,9211,凱基台南,043891,4000,0,14310.0,0.0,4000,14310.0
2026-08-04,9211,凱基台南,044399,6000,0,17160.0,0.0,6000,17160.0
2026-08-04,9211,凱基台南,044612,0,50000,0.0,27000.0,-50000,-27000.0
2026-08-04,9211,凱基台南,051444,10000,0,13000.0,0.0,10000,13000.0
2026-08-04,9211,凱基台南,052266,0,20000,0.0,18800.0,-20000,-18800.0
2026-08-04,9211,凱基台南,053261,10000,0,6600.0,0.0,10000,6600.0
2026-08-04,9211,凱基台南,055388,100000,0,26000.0,0.0,100000,26000.0
2026-08-04,9211,凱基台南,057289,50000,0,92000.0,0.0,50000,92000.0
2026-08-04,9211,凱基台南,057878,100000,85000,258000.0,247350.0,15000,10650.0
2026-08-04,9211,凱基台南,058498,0,30000,0.0,52600.0,-30000,-52600.0
2026-08-04,9211,凱基台南,059020,0,9000,0.0,10710.0,-9000,-10710.0
2026-08-04,9211,凱基台南,059060,0,15000,0.0,18300.0,-15000,-18300.0
2026-08-04,9211,凱基台南,059089,15000,5000,39550.0,13350.0,10000,26200.0
2026-08-04,9211,凱基台南,061151,1000,0,2680.0,0.0,1000,2680.0
2026-08-04,9211,凱基台南,061788,12000,0,4080.0,0.0,12000,4080.0
2026-08-04,9211,凱基台南,063580,0,40000,0.0,30000.0,-40000,-30000.0
2026-08-04,9211,凱基台南,063656,100000,100000,108000.0,103000.0,0,5000.0
2026-08-04,9211,凱基台南,064154,0,5000,0.0,11050.0,-5000,-11050.0
2026-08-04,9211,凱基台南,065167,0,19000,0.0,5130.0,-19000,-5130.0
2026-08-04,9211,凱基台南,065459,3000,0,6030.0,0.0,3000,6030.0
2026-08-04,9211,凱基台南,065755,2000,1000,5800.0,2590.0,1000,3210.0
2026-08-04,9211,凱基台南,066183,0,5000,0.0,11050.0,-5000,-11050.0
2026-08-04,9211,凱基台南,066519,100000,0,12000.0,0.0,100000,12000.0
2026-08-04,9211,凱基台南,066782,0,3000,0.0,2970.0,-3000,-2970.0
2026-08-04,9211,凱基台南,066784,0,15000,0.0,82500.0,-15000,-82500.0
2026-08-04,9211,凱基台南,066916,0,10000,0.0,4900.0,-10000,-4900.0
2026-08-04,9211,凱基台南,067143,10000,0,17800.0,0.0,10000,17800.0
2026-08-04,9211,凱基台南,067161,3000,0,4690.0,0.0,3000,4690.0
2026-08-04,9211,凱基台南,067583,1000,0,970.0,0.0,1000,970.0
2026-08-04,9211,凱基台南,067587,0,10000,0.0,15500.0,-10000,-15500.0
2026-08-04,9211,凱基台南,067606,20000,20000,13500.0,14600.0,0,-1100.0
2026-08-04,9211,凱基台南,067639,0,3000,0.0,5400.0,-3000,-5400.0
2026-08-04,9211,凱基台南,068001,0,30000,0.0,21900.0,-30000,-21900.0
2026-08-04,9211,凱基台南,068003,90000,0,79100.0,0.0,90000,79100.0
2026-08-04,9211,凱基台南,068006,20000,0,12600.0,0.0,20000,12600.0
2026-08-04,9211,凱基台南,068061,42000,0,10080.0,0.0,42000,10080.0
2026-08-04,9211,凱基台南,068262,14000,0,11060.0,0.0,14000,11060.0
2026-08-04,9211,凱基台南,068562,11000,0,9520.0,0.0,11000,9520.0
2026-08-04,9211,凱基台南,068596,0,12000,0.0,16490.0,-12000,-16490.0
2026-08-04,9211,凱基台南,068605,100000,0,18000.0,0.0,100000,18000.0
2026-08-04,9211,凱基台南,068897,20000,0,7000.0,0.0,20000,7000.0
2026-08-04,9211,凱基台南,068950,0,30000,0.0,40900.0,-30000,-40900.0
2026-08-04,9211,凱基台南,069172,14000,0,33400.0,0.0,14000,33400.0
2026-08-04,9211,凱基台南,069321,1000,0,1530.0,0.0,1000,1530.0
2026-08-04,9211,凱基台南,070633,10000,0,8400.0,0.0,10000,8400.0
2026-08-04,9211,凱基台南,070837,10000,0,6500.0,0.0,10000,6500.0
2026-08-04,9211,凱基台南,070963,700000,0,444000.0,0.0,700000,444000.0
2026-08-04,9211,凱基台南,071504,10000,0,9200.0,0.0,10000,9200.0
2026-08-04,9211,凱基台南,071506,0,40000,0.0,26800.0,-40000,-26800.0
2026-08-04,9211,凱基台南,071587,160000,0,99200.0,0.0,160000,99200.0
2026-08-04,9211,凱基台南,071589,5000,0,3900.0,0.0,5000,3900.0
2026-08-04,9211,凱基台南,071964,0,5000,0.0,7550.0,-5000,-7550.0
2026-08-04,9211,凱基台南,071976,20000,0,8000.0,0.0,20000,8000.0
2026-08-04,9211,凱基台南,072159,30000,0,12300.0,0.0,30000,12300.0
2026-08-04,9211,凱基台南,072512,0,10000,0.0,10600.0,-10000,-10600.0
2026-08-04,9211,凱基台南,073202,30000,0,19500.0,0.0,30000,19500.0
2026-08-04,9211,凱基台南,074873,30000,0,10200.0,0.0,30000,10200.0
2026-08-04,9211,凱基台南,074934,5000,0,8850.0,0.0,5000,8850.0
2026-08-04,9211,凱基台南,075207,0,11000,0.0,28820.0,-11000,-28820.0
2026-08-04,9211,凱基台南,076213,4000,0,3480.0,0.0,4000,3480.0
2026-08-04,9211,凱基台南,076331,0,30000,0.0,17400.0,-30000,-17400.0
2026-08-04,9211,凱基台南,076465,1000,0,510.0,0.0,1000,510.0
2026-08-04,9211,凱基台南,076483,1000,0,750.0,0.0,1000,750.0
2026-08-04,9211,凱基台南,076546,60000,0,51600.0,0.0,60000,51600.0
2026-08-04,9211,凱基台南,080848,1000,0,4700.0,0.0,1000,4700.0
2026-08-04,9211,凱基台南,08917U,40000,0,10000.0,0.0,40000,10000.0
2026-08-04,9211,凱基台南,700190,3000,0,10950.0,0.0,3000,10950.0
2026-08-04,9211,凱基台南,702281,2000,0,3420.0,0.0,2000,3420.0
2026-08-04,9211,凱基台南,704702,1000,0,1980.0,0.0,1000,1980.0
2026-08-04,9211,凱基台南,705370,5000,0,7060.0,0.0,5000,7060.0
2026-08-04,9211,凱基台南,708642,35000,0,10150.0,0.0,35000,10150.0
2026-08-04,9211,凱基台南,708706,30000,0,15600.0,0.0,30000,15600.0
2026-08-04,9211,凱基台南,709073,25000,0,16000.0,0.0,25000,16000.0
2026-08-04,9211,凱基台南,709103,0,90000,0.0,92700.0,-90000,-92700.0
2026-08-04,9211,凱基台南,709526,1000,0,410.0,0.0,1000,410.0
2026-08-04,9211,凱基台南,709549,1000,0,1110.0,0.0,1000,1110.0
2026-08-04,9211,凱基台南,710599,20000,0,13000.0,0.0,20000,13000.0
2026-08-04,9211,凱基台南,710610,0,10000,0.0,11800.0,-10000,-11800.0
2026-08-04,9211,凱基台南,710921,20000,0,13600.0,0.0,20000,13600.0
2026-08-04,9211,凱基台南,711048,0,101000,0.0,79280.0,-101000,-79280.0
2026-08-04,9211,凱基台南,733461,10000,0,6400.0,0.0,10000,6400.0
2026-08-04,9229,凱基中山,03779T,5000,0,5450.0,0.0,5000,5450.0
2026-08-04,9229,凱基中山,042004,0,20000,0.0,30700.0,-20000,-30700.0
2026-08-04,9229,凱基中山,053030,0,1000,0.0,1470.0,-1000,-1470.0
2026-08-04,9229,凱基中山,063351,100000,0,45000.0,0.0,100000,45000.0
2026-08-04,9229,凱基中山,064372,90000,0,199400.0,0.0,90000,199400.0
2026-08-04,9229,凱基中山,068868,40000,0,44400.0,0.0,40000,44400.0
2026-08-04,9229,凱基中山,070016,10000,0,23000.0,0.0,10000,23000.0
2026-08-04,9229,凱基中山,071487,0,15000,0.0,16500.0,-15000,-16500.0
2026-08-04,9229,凱基中山,071776,7000,0,3100.0,0.0,7000,3100.0
2026-08-04,9229,凱基中山,704915,0,10000,0.0,32400.0,-10000,-32400.0
2026-08-04,9229,凱基中山,708870,5000,0,2200.0,0.0,5000,2200.0
2026-08-04,9229,凱基中山,709758,100000,0,36000.0,0.0,100000,36000.0
2026-08-04,9237,凱基敦北,030573,0,1000,0.0,2290.0,-1000,-2290.0
2026-08-04,9237,凱基敦北,03435T,0,10000,0.0,23000.0,-10000,-23000.0
2026-08-04,9237,凱基敦北,038321,10000,0,47600.0,0.0,10000,47600.0
2026-08-04,9237,凱基敦北,054048,0,10000,0.0,4900.0,-10000,-4900.0
2026-08-04,9237,凱基敦北,054160,0,10000,0.0,3900.0,-10000,-3900.0
2026-08-04,9237,凱基敦北,054446,0,10000,0.0,2100.0,-10000,-2100.0
2026-08-04,9237,凱基敦北,056893,0,10000,0.0,200.0,-10000,-200.0
2026-08-04,9237,凱基敦北,057034,0,10000,0.0,2300.0,-10000,-2300.0
2026-08-04,9237,凱基敦北,057745,1000,0,2070.0,0.0,1000,2070.0
2026-08-04,9237,凱基敦北,063654,1000,0,1610.0,0.0,1000,1610.0
2026-08-04,9237,凱基敦北,063918,0,10000,0.0,500.0,-10000,-500.0
2026-08-04,9237,凱基敦北,067785,0,1000,0.0,930.0,-1000,-930.0
2026-08-04,9237,凱基敦北,069726,0,1000,0.0,2780.0,-1000,-2780.0
2026-08-04,9237,凱基敦北,070158,1000,0,390.0,0.0,1000,390.0
2026-08-04,9237,凱基敦北,071238,0,5000,0.0,2300.0,-5000,-2300.0
2026-08-04,9237,凱基敦北,071842,5000,0,6900.0,0.0,5000,6900.0
2026-08-04,9237,凱基敦北,072082,1000,1000,1160.0,1230.0,0,-70.0
2026-08-04,9237,凱基敦北,078541,5000,0,8700.0,0.0,5000,8700.0
2026-08-04,9237,凱基敦北,706214,1000,0,1080.0,0.0,1000,1080.0
2026-08-04,9237,凱基敦北,709083,5000,0,4150.0,0.0,5000,4150.0
2026-08-04,9237,凱基敦北,709809,0,1000,0.0,1070.0,-1000,-1070.0
2026-08-04,9237,凱基敦北,712070,5000,0,8650.0,0.0,5000,8650.0
2026-08-04,9237,凱基敦北,72748U,7000,0,9450.0,0.0,7000,9450.0
2026-08-04,9238,凱基士林,03415T,50000,0,59000.0,0.0,50000,59000.0
2026-08-04,9238,凱基士林,03476T,45000,0,50850.0,0.0,45000,50850.0
2026-08-04,9238,凱基士林,036868,3000,0,13700.0,0.0,3000,13700.0
2026-08-04,9238,凱基士林,03737B,3000,9000,3500.0,10700.0,-6000,-7200.0
2026-08-04,9238,凱基士林,039012,2000,0,17450.0,0.0,2000,17450.0
2026-08-04,9238,凱基士林,04019C,2000,0,2270.0,0.0,2000,2270.0
2026-08-04,9238,凱基士林,041320,4000,0,62500.0,0.0,4000,62500.0
2026-08-04,9238,凱基士林,047767,0,2000,0.0,16100.0,-2000,-16100.0
2026-08-04,9238,凱基士林,048356,2000,0,5980.0,0.0,2000,5980.0
2026-08-04,9238,凱基士林,050195,0,1000,0.0,8000.0,-1000,-8000.0
2026-08-04,9238,凱基士林,051259,1000,0,2150.0,0.0,1000,2150.0
2026-08-04,9238,凱基士林,053252,0,2000,0.0,4860.0,-2000,-4860.0
2026-08-04,9238,凱基士林,053450,0,1000,0.0,1220.0,-1000,-1220.0
2026-08-04,9238,凱基士林,053558,0,4000,0.0,121100.0,-4000,-121100.0
2026-08-04,9238,凱基士林,056058,6000,0,6940.0,0.0,6000,6940.0
2026-08-04,9238,凱基士林,056074,2000,0,4180.0,0.0,2000,4180.0
2026-08-04,9238,凱基士林,056546,2000,2000,5320.0,5670.0,0,-350.0
2026-08-04,9238,凱基士林,057900,0,2000,0.0,13100.0,-2000,-13100.0
2026-08-04,9238,凱基士林,060547,5000,0,16750.0,0.0,5000,16750.0
2026-08-04,9238,凱基士林,061154,2000,0,10000.0,0.0,2000,10000.0
2026-08-04,9238,凱基士林,061763,6000,0,2040.0,0.0,6000,2040.0
2026-08-04,9238,凱基士林,061849,2000,0,3300.0,0.0,2000,3300.0
2026-08-04,9238,凱基士林,064007,5000,0,5600.0,0.0,5000,5600.0
2026-08-04,9238,凱基士林,064114,0,1000,0.0,5300.0,-1000,-5300.0
2026-08-04,9238,凱基士林,065114,1000,0,3150.0,0.0,1000,3150.0
2026-08-04,9238,凱基士林,065549,2000,1000,8220.0,4560.0,1000,3660.0
2026-08-04,9238,凱基士林,065868,3000,3000,2450.0,2450.0,0,0.0
2026-08-04,9238,凱基士林,066273,2000,0,9380.0,0.0,2000,9380.0
2026-08-04,9238,凱基士林,066666,0,1000,0.0,5900.0,-1000,-5900.0
2026-08-04,9238,凱基士林,066760,1000,0,3710.0,0.0,1000,3710.0
2026-08-04,9238,凱基士林,066784,1000,0,5700.0,0.0,1000,5700.0
2026-08-04,9238,凱基士林,067080,5000,0,10150.0,0.0,5000,10150.0
2026-08-04,9238,凱基士林,067393,0,1000,0.0,4450.0,-1000,-4450.0
2026-08-04,9238,凱基士林,067409,20000,0,9500.0,0.0,20000,9500.0
2026-08-04,9238,凱基士林,067683,10000,0,5400.0,0.0,10000,5400.0
2026-08-04,9238,凱基士林,067814,20000,0,33000.0,0.0,20000,33000.0
2026-08-04,9238,凱基士林,068002,2000,0,2140.0,0.0,2000,2140.0
2026-08-04,9238,凱基士林,070962,10000,0,7200.0,0.0,10000,7200.0
2026-08-04,9238,凱基士林,071589,0,12000,0.0,9600.0,-12000,-9600.0
2026-08-04,9238,凱基士林,072095,0,2000,0.0,4900.0,-2000,-4900.0
2026-08-04,9238,凱基士林,072523,0,1000,0.0,630.0,-1000,-630.0
2026-08-04,9238,凱基士林,072651,11000,0,10450.0,0.0,11000,10450.0
2026-08-04,9238,凱基士林,072652,11000,0,10890.0,0.0,11000,10890.0
2026-08-04,9238,凱基士林,073965,35000,20000,16150.0,9000.0,15000,7150.0
2026-08-04,9238,凱基士林,073966,10000,0,6300.0,0.0,10000,6300.0
2026-08-04,9238,凱基士林,076058,1000,0,2820.0,0.0,1000,2820.0
2026-08-04,9238,凱基士林,078119,0,10000,0.0,24200.0,-10000,-24200.0
2026-08-04,9238,凱基士林,08603U,0,11000,0.0,12760.0,-11000,-12760.0
2026-08-04,9238,凱基士林,704831,0,3000,0.0,14370.0,-3000,-14370.0
2026-08-04,9238,凱基士林,706150,1000,0,4450.0,0.0,1000,4450.0
2026-08-04,9238,凱基士林,706275,4000,0,16140.0,0.0,4000,16140.0
2026-08-04,9238,凱基士林,708534,2000,0,4300.0,0.0,2000,4300.0
2026-08-04,9238,凱基士林,709042,1000,0,1360.0,0.0,1000,1360.0
2026-08-04,9238,凱基士林,709241,100000,0,14000.0,0.0,100000,14000.0
2026-08-04,9238,凱基士林,709788,25000,0,10500.0,0.0,25000,10500.0
2026-08-04,9238,凱基士林,710454,10000,50000,6300.0,29500.0,-40000,-23200.0
2026-08-04,9238,凱基士林,710511,0,50000,0.0,24000.0,-50000,-24000.0
2026-08-04,9238,凱基士林,710607,100000,0,42000.0,0.0,100000,42000.0
2026-08-04,9238,凱基士林,710740,30000,10000,19500.0,7100.0,20000,12400.0
2026-08-04,9238,凱基士林,710854,30000,10000,14200.0,5100.0,20000,9100.0
2026-08-04,9238,凱基士林,710921,300000,0,213400.0,0.0,300000,213400.0
2026-08-04,9238,凱基士林,711769,1000,0,2130.0,0.0,1000,2130.0
2026-08-04,9238,凱基士林,711885,5000,0,8900.0,0.0,5000,8900.0
2026-08-04,9238,凱基士林,711975,2000,1000,3760.0,2140.0,1000,1620.0
2026-08-04,9302,華南台中,03098T,17000,0,11120.0,0.0,17000,11120.0
2026-08-04,9302,華南台中,03731T,80000,0,104300.0,0.0,80000,104300.0
2026-08-04,9302,華南台中,03740B,10000,0,4100.0,0.0,10000,4100.0
2026-08-04,9302,華南台中,037497,0,29000,0.0,41920.0,-29000,-41920.0
2026-08-04,9302,華南台中,03771T,30000,0,33900.0,0.0,30000,33900.0
2026-08-04,9302,華南台中,038318,7000,0,9520.0,0.0,7000,9520.0
2026-08-04,9302,華南台中,038847,0,46000,0.0,34960.0,-46000,-34960.0
2026-08-04,9302,華南台中,039028,0,18000,0.0,36900.0,-18000,-36900.0
2026-08-04,9302,華南台中,044803,0,3000,0.0,4740.0,-3000,-4740.0
2026-08-04,9302,華南台中,052139,5000,0,6150.0,0.0,5000,6150.0
2026-08-04,9302,華南台中,052205,45000,60000,52600.0,71200.0,-15000,-18600.0
2026-08-04,9302,華南台中,056080,0,1000,0.0,1300.0,-1000,-1300.0
2026-08-04,9302,華南台中,057544,1000,0,2180.0,0.0,1000,2180.0
2026-08-04,9302,華南台中,059301,5000,0,9050.0,0.0,5000,9050.0
2026-08-04,9302,華南台中,059639,0,10000,0.0,24750.0,-10000,-24750.0
2026-08-04,9302,華南台中,060293,0,40000,0.0,6500.0,-40000,-6500.0
2026-08-04,9302,華南台中,061054,2000,0,320.0,0.0,2000,320.0
2026-08-04,9302,華南台中,061128,0,1000,0.0,1200.0,-1000,-1200.0
2026-08-04,9302,華南台中,061638,0,1000,0.0,740.0,-1000,-740.0
2026-08-04,9302,華南台中,063286,10000,0,3800.0,0.0,10000,3800.0
2026-08-04,9302,華南台中,063487,0,14000,0.0,42560.0,-14000,-42560.0
2026-08-04,9302,華南台中,064013,0,10000,0.0,21100.0,-10000,-21100.0
2026-08-04,9302,華南台中,064154,5000,0,10200.0,0.0,5000,10200.0
2026-08-04,9302,華南台中,065114,0,1000,0.0,3350.0,-1000,-3350.0
2026-08-04,9302,華南台中,065459,5000,100000,10700.0,200650.0,-95000,-189950.0
2026-08-04,9302,華南台中,065511,0,1000,0.0,6700.0,-1000,-6700.0
2026-08-04,9302,華南台中,065627,0,100000,0.0,497990.0,-100000,-497990.0
2026-08-04,9302,華南台中,065837,0,1000,0.0,960.0,-1000,-960.0
2026-08-04,9302,華南台中,066235,10000,0,14800.0,0.0,10000,14800.0
2026-08-04,9302,華南台中,066415,0,2000,0.0,8550.0,-2000,-8550.0
2026-08-04,9302,華南台中,067409,2000,0,980.0,0.0,2000,980.0
2026-08-04,9302,華南台中,067411,0,2000,0.0,1320.0,-2000,-1320.0
2026-08-04,9302,華南台中,067441,18000,83000,17350.0,83050.0,-65000,-65700.0
2026-08-04,9302,華南台中,067997,0,180000,0.0,141300.0,-180000,-141300.0
2026-08-04,9302,華南台中,068072,4000,0,2480.0,0.0,4000,2480.0
2026-08-04,9302,華南台中,068073,1000,0,690.0,0.0,1000,690.0
2026-08-04,9302,華南台中,068822,1000,0,980.0,0.0,1000,980.0
2026-08-04,9302,華南台中,069064,0,499000,0.0,603790.0,-499000,-603790.0
2026-08-04,9302,華南台中,069666,0,5000,0.0,3250.0,-5000,-3250.0
2026-08-04,9302,華南台中,070259,10000,0,2200.0,0.0,10000,2200.0
2026-08-04,9302,華南台中,071581,100000,0,123000.0,0.0,100000,123000.0
2026-08-04,9302,華南台中,071771,1000,0,410.0,0.0,1000,410.0
2026-08-04,9302,華南台中,071790,0,5000,0.0,3500.0,-5000,-3500.0
2026-08-04,9302,華南台中,072228,2000,119000,560.0,36470.0,-117000,-35910.0
2026-08-04,9302,華南台中,072608,70000,0,77700.0,0.0,70000,77700.0
2026-08-04,9302,華南台中,074191,5000,0,9850.0,0.0,5000,9850.0
2026-08-04,9302,華南台中,074744,0,10000,0.0,21000.0,-10000,-21000.0
2026-08-04,9302,永昌台中,704897,0,1000,0.0,3650.0,-1000,-3650.0
2026-08-04,9302,永昌台中,705052,165000,0,3300.0,0.0,165000,3300.0
2026-08-04,9302,永昌台中,707852,5000,0,13500.0,0.0,5000,13500.0
2026-08-04,9302,永昌台中,708180,1000,0,1470.0,0.0,1000,1470.0
2026-08-04,9302,永昌台中,709532,50000,0,9880.0,0.0,50000,9880.0
2026-08-04,9302,永昌台中,709919,110000,100000,107200.0,97200.0,10000,10000.0
2026-08-04,9302,永昌台中,710598,0,900000,0.0,598010.0,-900000,-598010.0
2026-08-04,9302,永昌台中,711081,10000,0,8600.0,0.0,10000,8600.0
2026-08-04,9302,永昌台中,711279,3000,0,1440.0,0.0,3000,1440.0
2026-08-04,9302,永昌台中,711441,30000,0,12600.0,0.0,30000,12600.0
2026-08-04,9316,華南淡水,03188T,0,4000,0.0,4920.0,-4000,-4920.0
2026-08-04,9316,華南淡水,03726B,0,1000,0.0,1110.0,-1000,-1110.0
2026-08-04,9316,華南淡水,03732B,1000,0,830.0,0.0,1000,830.0
2026-08-04,9316,華南淡水,038168,0,499000,0.0,4990.0,-499000,-4990.0
2026-08-04,9316,華南淡水,04026C,1000,0,960.0,0.0,1000,960.0
2026-08-04,9316,華南淡水,056074,0,20000,0.0,40380.0,-20000,-40380.0
2026-08-04,9316,華南淡水,056863,0,7000,0.0,9800.0,-7000,-9800.0
2026-08-04,9316,華南淡水,060141,0,1000,0.0,1200.0,-1000,-1200.0
2026-08-04,9316,華南淡水,060347,0,10000,0.0,2700.0,-10000,-2700.0
2026-08-04,9316,華南淡水,062108,30000,0,34800.0,0.0,30000,34800.0
2026-08-04,9316,華南淡水,062651,10000,0,6000.0,0.0,10000,6000.0
2026-08-04,9316,華南淡水,064098,160000,0,100800.0,0.0,160000,100800.0
2026-08-04,9316,華南淡水,064312,0,10000,0.0,1600.0,-10000,-1600.0
2026-08-04,9316,華南淡水,067987,40000,0,24600.0,0.0,40000,24600.0
2026-08-04,9316,華南淡水,070089,0,23000,0.0,22260.0,-23000,-22260.0
2026-08-04,9316,華南淡水,071751,0,30000,0.0,170500.0,-30000,-170500.0
2026-08-04,9316,華南淡水,072173,10000,40000,4300.0,17800.0,-30000,-13500.0
2026-08-04,9316,華南淡水,08802U,5000,0,650.0,0.0,5000,650.0
2026-08-04,9316,永昌淡水,707858,101000,0,77770.0,0.0,101000,77770.0
2026-08-04,9316,永昌淡水,710431,10000,10000,6800.0,7000.0,0,-200.0
2026-08-04,9316,永昌淡水,711955,50000,0,105000.0,0.0,50000,105000.0
2026-08-04,9337,華南內壢,03740T,10000,0,12300.0,0.0,10000,12300.0
2026-08-04,9337,華南內壢,03929T,0,5000,0.0,8320.0,-5000,-8320.0
2026-08-04,9337,華南內壢,053639,250000,0,57000.0,0.0,250000,57000.0
2026-08-04,9337,華南內壢,057783,1000,0,1810.0,0.0,1000,1810.0
2026-08-04,9337,華南內壢,057953,100000,0,24500.0,0.0,100000,24500.0
2026-08-04,9337,華南內壢,059081,2000,0,3680.0,0.0,2000,3680.0
2026-08-04,9337,華南內壢,059082,5000,0,9230.0,0.0,5000,9230.0
2026-08-04,9337,華南內壢,059083,5000,0,8930.0,0.0,5000,8930.0
2026-08-04,9337,華南內壢,059121,5000,0,4500.0,0.0,5000,4500.0
2026-08-04,9337,華南內壢,059122,25000,0,38140.0,0.0,25000,38140.0
2026-08-04,9337,華南內壢,060191,0,5000,0.0,8900.0,-5000,-8900.0
2026-08-04,9337,華南內壢,065455,0,165000,0.0,67650.0,-165000,-67650.0
2026-08-04,9337,華南內壢,065831,12000,0,5640.0,0.0,12000,5640.0
2026-08-04,9337,華南內壢,066233,1000,0,1250.0,0.0,1000,1250.0
2026-08-04,9337,華南內壢,066592,20000,10000,21000.0,10900.0,10000,10100.0
2026-08-04,9337,華南內壢,067107,0,20000,0.0,58200.0,-20000,-58200.0
2026-08-04,9337,華南內壢,067200,5000,0,3850.0,0.0,5000,3850.0
2026-08-04,9337,華南內壢,067449,0,1000,0.0,860.0,-1000,-860.0
2026-08-04,9337,華南內壢,067790,0,29000,0.0,37000.0,-29000,-37000.0
2026-08-04,9337,華南內壢,067942,10000,0,18400.0,0.0,10000,18400.0
2026-08-04,9337,華南內壢,068097,100000,0,48000.0,0.0,100000,48000.0
2026-08-04,9337,華南內壢,068665,0,1000,0.0,2240.0,-1000,-2240.0
2026-08-04,9337,華南內壢,069594,14000,0,18200.0,0.0,14000,18200.0
2026-08-04,9337,華南內壢,069697,1000,0,690.0,0.0,1000,690.0
2026-08-04,9337,華南內壢,070267,20000,20000,14400.0,15400.0,0,-1000.0
2026-08-04,9337,華南內壢,070422,2000,0,4240.0,0.0,2000,4240.0
2026-08-04,9337,華南內壢,070495,0,2000,0.0,1900.0,-2000,-1900.0
2026-08-04,9337,華南內壢,070625,0,16000,0.0,22600.0,-16000,-22600.0
2026-08-04,9337,華南內壢,070669,0,10000,0.0,5000.0,-10000,-5000.0
2026-08-04,9337,華南內壢,071097,0,3000,0.0,3180.0,-3000,-3180.0
2026-08-04,9337,華南內壢,071173,0,55000,0.0,54150.0,-55000,-54150.0
2026-08-04,9337,華南內壢,071218,20000,10000,25200.0,13100.0,10000,12100.0
2026-08-04,9337,華南內壢,071512,22000,0,29700.0,0.0,22000,29700.0
2026-08-04,9337,華南內壢,071715,0,11000,0.0,19120.0,-11000,-19120.0
2026-08-04,9337,華南內壢,071742,20000,6000,23700.0,7380.0,14000,16320.0
2026-08-04,9337,華南內壢,071860,0,5000,0.0,11450.0,-5000,-11450.0
2026-08-04,9337,華南內壢,071944,1000,0,490.0,0.0,1000,490.0
2026-08-04,9337,華南內壢,072002,1000,0,880.0,0.0,1000,880.0
2026-08-04,9337,華南內壢,072757,1000,0,380.0,0.0,1000,380.0
2026-08-04,9337,華南內壢,072894,0,10000,0.0,3800.0,-10000,-3800.0
2026-08-04,9337,華南內壢,073395,1000,0,820.0,0.0,1000,820.0
2026-08-04,9337,華南內壢,077056,1000,0,470.0,0.0,1000,470.0
2026-08-04,9337,華南內壢,077650,26000,0,30160.0,0.0,26000,30160.0
2026-08-04,9337,永昌內壢,706819,0,50000,0.0,10500.0,-50000,-10500.0
2026-08-04,9337,永昌內壢,708106,33000,0,14850.0,0.0,33000,14850.0
2026-08-04,9343,華南頭份,03734B,3000,1000,3420.0,1230.0,2000,2190.0
2026-08-04,9343,華南頭份,052688,0,1000,0.0,1020.0,-1000,-1020.0
2026-08-04,9343,華南頭份,059060,10000,0,13000.0,0.0,10000,13000.0
2026-08-04,9343,華南頭份,063225,5000,0,7000.0,0.0,5000,7000.0
2026-08-04,9343,華南頭份,067411,10000,10000,6400.0,6600.0,0,-200.0
2026-08-04,9343,華南頭份,067777,10000,0,14500.0,0.0,10000,14500.0
2026-08-04,9343,華南頭份,072992,10000,0,10900.0,0.0,10000,10900.0
2026-08-04,9343,華南頭份,073325,2000,0,2220.0,0.0,2000,2220.0
2026-08-04,9343,華南頭份,077304,1000,0,1170.0,0.0,1000,1170.0
2026-08-04,9343,永昌頭份,708354,211000,178000,82730.0,78320.0,33000,4410.0
2026-08-04,9343,永昌頭份,710141,0,9000,0.0,4140.0,-9000,-4140.0
2026-08-04,961F,富邦公益,030887,0,530000,0.0,2954200.0,-530000,-2954200.0
2026-08-04,961F,富邦公益,03278T,3000,0,360.0,0.0,3000,360.0
2026-08-04,961F,富邦公益,03330T,0,5000,0.0,7000.0,-5000,-7000.0
2026-08-04,961F,富邦公益,03389T,10000,0,3100.0,0.0,10000,3100.0
2026-08-04,961F,富邦公益,03518T,0,1000,0.0,2100.0,-1000,-2100.0
2026-08-04,961F,富邦公益,03700T,100000,0,205000.0,0.0,100000,205000.0
2026-08-04,961F,富邦公益,037024,0,1000,0.0,2200.0,-1000,-2200.0
2026-08-04,961F,富邦公益,037037,0,2000,0.0,34000.0,-2000,-34000.0
2026-08-04,961F,富邦公益,03802T,30000,0,107100.0,0.0,30000,107100.0
2026-08-04,961F,富邦公益,038848,0,30000,0.0,19270.0,-30000,-19270.0
2026-08-04,961F,富邦公益,044274,150000,0,24000.0,0.0,150000,24000.0
2026-08-04,961F,富邦公益,044906,0,45000,0.0,803000.0,-45000,-803000.0
2026-08-04,961F,富邦公益,051994,30000,0,94500.0,0.0,30000,94500.0
2026-08-04,961F,富邦公益,052980,4000,0,11640.0,0.0,4000,11640.0
2026-08-04,961F,富邦公益,054258,0,40000,0.0,20000.0,-40000,-20000.0
2026-08-04,961F,富邦公益,055838,0,10000,0.0,22900.0,-10000,-22900.0
2026-08-04,961F,富邦公益,056619,80000,0,88000.0,0.0,80000,88000.0
2026-08-04,961F,富邦公益,057651,0,10000,0.0,29300.0,-10000,-29300.0
2026-08-04,961F,富邦公益,058329,0,10000,0.0,6900.0,-10000,-6900.0
2026-08-04,961F,富邦公益,058472,1000,0,640.0,0.0,1000,640.0
2026-08-04,961F,富邦公益,059089,0,1000,0.0,2690.0,-1000,-2690.0
2026-08-04,961F,富邦公益,059196,20000,0,27000.0,0.0,20000,27000.0
2026-08-04,961F,富邦公益,059610,0,1000,0.0,3330.0,-1000,-3330.0
2026-08-04,961F,富邦公益,060193,50000,50000,8500.0,8500.0,0,0.0
2026-08-04,961F,富邦公益,060842,8000,0,11120.0,0.0,8000,11120.0
2026-08-04,961F,富邦公益,061954,1000,0,830.0,0.0,1000,830.0
2026-08-04,961F,富邦公益,062440,11000,0,10560.0,0.0,11000,10560.0
2026-08-04,961F,富邦公益,062652,0,10000,0.0,1920.0,-10000,-1920.0
2026-08-04,961F,富邦公益,062665,0,67000,0.0,56280.0,-67000,-56280.0
2026-08-04,961F,富邦公益,062994,6000,0,9660.0,0.0,6000,9660.0
2026-08-04,961F,富邦公益,063023,5000,0,6050.0,0.0,5000,6050.0
2026-08-04,961F,富邦公益,063461,17000,0,19690.0,0.0,17000,19690.0
2026-08-04,961F,富邦公益,063465,1000,0,260.0,0.0,1000,260.0
2026-08-04,961F,富邦公益,064349,1000,0,30.0,0.0,1000,30.0
2026-08-04,961F,富邦公益,064508,8000,0,22000.0,0.0,8000,22000.0
2026-08-04,961F,富邦公益,065509,0,1000,0.0,4670.0,-1000,-4670.0
2026-08-04,961F,富邦公益,065609,0,1000,0.0,500.0,-1000,-500.0
2026-08-04,961F,富邦公益,066367,5000,0,55000.0,0.0,5000,55000.0
2026-08-04,961F,富邦公益,066591,10000,0,6300.0,0.0,10000,6300.0
2026-08-04,961F,富邦公益,066965,200000,0,294000.0,0.0,200000,294000.0
2026-08-04,961F,富邦公益,067081,0,1000,0.0,690.0,-1000,-690.0
2026-08-04,961F,富邦公益,067418,10000,0,16300.0,0.0,10000,16300.0
2026-08-04,961F,富邦公益,067560,0,12000,0.0,20280.0,-12000,-20280.0
2026-08-04,961F,富邦公益,067577,0,3000,0.0,2010.0,-3000,-2010.0
2026-08-04,961F,富邦公益,067638,5000,0,5000.0,0.0,5000,5000.0
2026-08-04,961F,富邦公益,067819,30000,0,24900.0,0.0,30000,24900.0
2026-08-04,961F,富邦公益,067984,50000,53000,30000.0,30210.0,-3000,-210.0
2026-08-04,961F,富邦公益,068006,5000,0,3200.0,0.0,5000,3200.0
2026-08-04,961F,富邦公益,068704,0,3000,0.0,1380.0,-3000,-1380.0
2026-08-04,961F,富邦公益,069559,6000,0,2760.0,0.0,6000,2760.0
2026-08-04,961F,富邦公益,070080,6000,0,8220.0,0.0,6000,8220.0
2026-08-04,961F,富邦公益,070348,0,1000,0.0,590.0,-1000,-590.0
2026-08-04,961F,富邦公益,071507,3000,0,3150.0,0.0,3000,3150.0
2026-08-04,961F,富邦公益,071589,10000,0,7800.0,0.0,10000,7800.0
2026-08-04,961F,富邦公益,071743,1000,0,5650.0,0.0,1000,5650.0
2026-08-04,961F,富邦公益,071745,0,1000,0.0,1480.0,-1000,-1480.0
2026-08-04,961F,富邦公益,072264,6000,0,8580.0,0.0,6000,8580.0
2026-08-04,961F,富邦公益,072570,100000,0,42000.0,0.0,100000,42000.0
2026-08-04,961F,富邦公益,073544,0,4000,0.0,3360.0,-4000,-3360.0
2026-08-04,961F,富邦公益,074309,0,1000,0.0,810.0,-1000,-810.0
2026-08-04,961F,富邦公益,075291,80000,0,123200.0,0.0,80000,123200.0
2026-08-04,961F,富邦公益,075878,0,5000,0.0,3550.0,-5000,-3550.0
2026-08-04,961F,富邦公益,075928,0,4000,0.0,3040.0,-4000,-3040.0
2026-08-04,961F,富邦公益,076623,0,50000,0.0,19000.0,-50000,-19000.0
2026-08-04,961F,富邦公益,077076,4000,0,3040.0,0.0,4000,3040.0
2026-08-04,961F,富邦公益,077687,15000,0,36600.0,0.0,15000,36600.0
2026-08-04,961F,富邦公益,077701,5000,0,6200.0,0.0,5000,6200.0
2026-08-04,961F,富邦公益,078289,14000,0,20960.0,0.0,14000,20960.0
2026-08-04,961F,富邦公益,08856U,300000,0,147000.0,0.0,300000,147000.0
2026-08-04,961F,富邦公益,08907U,20000,0,5000.0,0.0,20000,5000.0
2026-08-04,961F,富邦公益,08959U,50000,0,9000.0,0.0,50000,9000.0
2026-08-04,961F,富邦公益,703686,0,1000,0.0,29500.0,-1000,-29500.0
2026-08-04,961F,富邦公益,704590,0,10000,0.0,6700.0,-10000,-6700.0
2026-08-04,961F,富邦公益,705652,0,2000,0.0,9020.0,-2000,-9020.0
2026-08-04,961F,富邦公益,707325,0,5000,0.0,8700.0,-5000,-8700.0
2026-08-04,961F,富邦公益,707848,0,1000,0.0,1310.0,-1000,-1310.0
2026-08-04,961F,富邦公益,708914,5000,0,1600.0,0.0,5000,1600.0
2026-08-04,961F,富邦公益,711436,2000,0,1270.0,0.0,2000,1270.0
2026-08-04,961F,富邦公益,711653,0,3000,0.0,2610.0,-3000,-2610.0
2026-08-04,961F,富邦公益,711931,3000,0,3870.0,0.0,3000,3870.0
2026-08-04,9663,富邦敦南,03149T,5000,0,5980.0,0.0,5000,5980.0
2026-08-04,9663,富邦敦南,03178T,1000,0,720.0,0.0,1000,720.0
2026-08-04,9663,富邦敦南,03188T,4000,0,4540.0,0.0,4000,4540.0
2026-08-04,9663,富邦敦南,03245T,8000,0,6850.0,0.0,8000,6850.0
2026-08-04,9663,富邦敦南,03326T,99000,0,49500.0,0.0,99000,49500.0
2026-08-04,9663,富邦敦南,03331T,38000,0,25030.0,0.0,38000,25030.0
2026-08-04,9663,富邦敦南,03337T,1000,0,1110.0,0.0,1000,1110.0
2026-08-04,9663,富邦敦南,03338T,1000,0,1360.0,0.0,1000,1360.0
2026-08-04,9663,富邦敦南,03342T,5000,0,5300.0,0.0,5000,5300.0
2026-08-04,9663,富邦敦南,03351T,0,20000,0.0,12350.0,-20000,-12350.0
2026-08-04,9663,富邦敦南,03407T,1000,0,2360.0,0.0,1000,2360.0
2026-08-04,9663,富邦敦南,03441T,0,1000,0.0,790.0,-1000,-790.0
2026-08-04,9663,富邦敦南,03467T,3000,0,6380.0,0.0,3000,6380.0
2026-08-04,9663,富邦敦南,03551T,20000,0,27100.0,0.0,20000,27100.0
2026-08-04,9663,富邦敦南,03568T,3000,0,2790.0,0.0,3000,2790.0
2026-08-04,9663,富邦敦南,03579T,2000,0,1840.0,0.0,2000,1840.0
2026-08-04,9663,富邦敦南,03640T,6000,0,8900.0,0.0,6000,8900.0
2026-08-04,9663,富邦敦南,03670T,6000,0,7310.0,0.0,6000,7310.0
2026-08-04,9663,富邦敦南,03732B,5000,0,4100.0,0.0,5000,4100.0
2026-08-04,9663,富邦敦南,03797T,2000,0,4560.0,0.0,2000,4560.0
2026-08-04,9663,富邦敦南,03829T,10000,0,27320.0,0.0,10000,27320.0
2026-08-04,9663,富邦敦南,03830T,3000,0,4410.0,0.0,3000,4410.0
2026-08-04,9663,富邦敦南,03882T,3000,0,2100.0,0.0,3000,2100.0
2026-08-04,9663,富邦敦南,03883T,1000,0,1710.0,0.0,1000,1710.0
2026-08-04,9663,富邦敦南,038846,0,23000,0.0,15040.0,-23000,-15040.0
2026-08-04,9663,富邦敦南,040609,0,5000,0.0,26250.0,-5000,-26250.0
2026-08-04,9663,富邦敦南,041605,2000,0,7620.0,0.0,2000,7620.0
2026-08-04,9663,富邦敦南,045631,0,13000,0.0,6500.0,-13000,-6500.0
2026-08-04,9663,富邦敦南,051665,1000,0,730.0,0.0,1000,730.0
2026-08-04,9663,富邦敦南,052191,20000,0,14400.0,0.0,20000,14400.0
2026-08-04,9663,富邦敦南,053033,0,39000,0.0,77890.0,-39000,-77890.0
2026-08-04,9663,富邦敦南,053185,10000,0,24600.0,0.0,10000,24600.0
2026-08-04,9663,富邦敦南,054066,0,5000,0.0,10900.0,-5000,-10900.0
2026-08-04,9663,富邦敦南,054481,0,5000,0.0,4900.0,-5000,-4900.0
2026-08-04,9663,富邦敦南,055417,0,30000,0.0,9900.0,-30000,-9900.0
2026-08-04,9663,富邦敦南,056864,0,10000,0.0,15400.0,-10000,-15400.0
2026-08-04,9663,富邦敦南,057524,0,2000,0.0,6300.0,-2000,-6300.0
2026-08-04,9663,富邦敦南,057857,12000,0,25200.0,0.0,12000,25200.0
2026-08-04,9663,富邦敦南,059276,25000,0,25850.0,0.0,25000,25850.0
2026-08-04,9663,富邦敦南,059639,5000,0,12500.0,0.0,5000,12500.0
2026-08-04,9663,富邦敦南,060210,1000,0,530.0,0.0,1000,530.0
2026-08-04,9663,富邦敦南,060474,10000,0,1950.0,0.0,10000,1950.0
2026-08-04,9663,富邦敦南,060718,3000,0,7650.0,0.0,3000,7650.0
2026-08-04,9663,富邦敦南,061921,0,20000,0.0,11900.0,-20000,-11900.0
2026-08-04,9663,富邦敦南,062674,0,100000,0.0,73000.0,-100000,-73000.0
2026-08-04,9663,富邦敦南,062703,1000,0,980.0,0.0,1000,980.0
2026-08-04,9663,富邦敦南,063222,0,120000,0.0,86520.0,-120000,-86520.0
2026-08-04,9663,富邦敦南,064004,1000,1000,3260.0,3260.0,0,0.0
2026-08-04,9663,富邦敦南,064221,0,1000,0.0,2400.0,-1000,-2400.0
2026-08-04,9663,富邦敦南,064690,70000,60000,13300.0,10800.0,10000,2500.0
2026-08-04,9663,富邦敦南,064823,0,50000,0.0,11500.0,-50000,-11500.0
2026-08-04,9663,富邦敦南,065459,5000,0,10300.0,0.0,5000,10300.0
2026-08-04,9663,富邦敦南,065827,5000,0,2350.0,0.0,5000,2350.0
2026-08-04,9663,富邦敦南,065856,0,10000,0.0,30800.0,-10000,-30800.0
2026-08-04,9663,富邦敦南,066046,0,10000,0.0,8000.0,-10000,-8000.0
2026-08-04,9663,富邦敦南,066056,0,10000,0.0,26000.0,-10000,-26000.0
2026-08-04,9663,富邦敦南,066080,0,1000,0.0,1410.0,-1000,-1410.0
2026-08-04,9663,富邦敦南,066453,5000,0,3750.0,0.0,5000,3750.0
2026-08-04,9663,富邦敦南,066547,0,1000,0.0,710.0,-1000,-710.0
2026-08-04,9663,富邦敦南,066642,100000,0,67100.0,0.0,100000,67100.0
2026-08-04,9663,富邦敦南,066968,0,30000,0.0,19050.0,-30000,-19050.0
2026-08-04,9663,富邦敦南,067213,0,10000,0.0,14800.0,-10000,-14800.0
2026-08-04,9663,富邦敦南,067470,0,5000,0.0,12650.0,-5000,-12650.0
2026-08-04,9663,富邦敦南,067544,1000,0,1100.0,0.0,1000,1100.0
2026-08-04,9663,富邦敦南,067628,0,10000,0.0,11200.0,-10000,-11200.0
2026-08-04,9663,富邦敦南,067860,10000,0,16050.0,0.0,10000,16050.0
2026-08-04,9663,富邦敦南,068019,0,10000,0.0,3800.0,-10000,-3800.0
2026-08-04,9663,富邦敦南,068032,0,25000,0.0,10750.0,-25000,-10750.0
2026-08-04,9663,富邦敦南,068054,60000,0,30600.0,0.0,60000,30600.0
2026-08-04,9663,富邦敦南,068071,0,30000,0.0,16700.0,-30000,-16700.0
2026-08-04,9663,富邦敦南,068079,20000,0,16900.0,0.0,20000,16900.0
2026-08-04,9663,富邦敦南,068115,0,25000,0.0,18750.0,-25000,-18750.0
2026-08-04,9663,富邦敦南,068257,1000,0,1090.0,0.0,1000,1090.0
2026-08-04,9663,富邦敦南,068385,0,10000,0.0,33500.0,-10000,-33500.0
2026-08-04,9663,富邦敦南,068665,4000,47000,8480.0,100580.0,-43000,-92100.0
2026-08-04,9663,富邦敦南,069151,1000,0,750.0,0.0,1000,750.0
2026-08-04,9663,富邦敦南,069282,0,150000,0.0,93000.0,-150000,-93000.0
2026-08-04,9663,富邦敦南,069382,0,1000,0.0,940.0,-1000,-940.0
2026-08-04,9663,富邦敦南,069450,0,4000,0.0,2380.0,-4000,-2380.0
2026-08-04,9663,富邦敦南,069648,0,20000,0.0,3600.0,-20000,-3600.0
2026-08-04,9663,富邦敦南,069814,1000,0,1070.0,0.0,1000,1070.0
2026-08-04,9663,富邦敦南,070275,50000,0,35950.0,0.0,50000,35950.0
2026-08-04,9663,富邦敦南,070303,0,30000,0.0,12600.0,-30000,-12600.0
2026-08-04,9663,富邦敦南,070438,10000,0,5600.0,0.0,10000,5600.0
2026-08-04,9663,富邦敦南,070684,0,100000,0.0,74000.0,-100000,-74000.0
2026-08-04,9663,富邦敦南,070728,0,3000,0.0,2310.0,-3000,-2310.0
2026-08-04,9663,富邦敦南,071078,1000,0,550.0,0.0,1000,550.0
2026-08-04,9663,富邦敦南,071272,20000,0,18400.0,0.0,20000,18400.0
2026-08-04,9663,富邦敦南,071436,0,50000,0.0,15000.0,-50000,-15000.0
2026-08-04,9663,富邦敦南,071775,0,50000,0.0,20000.0,-50000,-20000.0
2026-08-04,9663,富邦敦南,071945,0,10000,0.0,5600.0,-10000,-5600.0
2026-08-04,9663,富邦敦南,072142,30000,0,38900.0,0.0,30000,38900.0
2026-08-04,9663,富邦敦南,072423,1000,0,1060.0,0.0,1000,1060.0
2026-08-04,9663,富邦敦南,072452,0,10000,0.0,12300.0,-10000,-12300.0
2026-08-04,9663,富邦敦南,072570,0,5000,0.0,2300.0,-5000,-2300.0
2026-08-04,9663,富邦敦南,072602,0,30000,0.0,28800.0,-30000,-28800.0
2026-08-04,9663,富邦敦南,073096,0,8000,0.0,10960.0,-8000,-10960.0
2026-08-04,9663,富邦敦南,073203,200000,0,188000.0,0.0,200000,188000.0
2026-08-04,9663,富邦敦南,073231,0,2000,0.0,1940.0,-2000,-1940.0
2026-08-04,9663,富邦敦南,073561,3000,0,2310.0,0.0,3000,2310.0
2026-08-04,9663,富邦敦南,074265,0,15000,0.0,11250.0,-15000,-11250.0
2026-08-04,9663,富邦敦南,074628,0,20000,0.0,19000.0,-20000,-19000.0
2026-08-04,9663,富邦敦南,075182,0,1000,0.0,2300.0,-1000,-2300.0
2026-08-04,9663,富邦敦南,075391,1000,0,910.0,0.0,1000,910.0
2026-08-04,9663,富邦敦南,075709,4000,0,3220.0,0.0,4000,3220.0
2026-08-04,9663,富邦敦南,704950,20000,0,1200.0,0.0,20000,1200.0
2026-08-04,9663,富邦敦南,705829,0,12000,0.0,4800.0,-12000,-4800.0
2026-08-04,9663,富邦敦南,706134,29000,0,32260.0,0.0,29000,32260.0
2026-08-04,9663,富邦敦南,706545,0,10000,0.0,20000.0,-10000,-20000.0
2026-08-04,9663,富邦敦南,707328,0,10000,0.0,18000.0,-10000,-18000.0
2026-08-04,9663,富邦敦南,707541,20000,0,10400.0,0.0,20000,10400.0
2026-08-04,9663,富邦敦南,708032,0,5000,0.0,17500.0,-5000,-17500.0
2026-08-04,9663,富邦敦南,708580,0,60000,0.0,9600.0,-60000,-9600.0
2026-08-04,9663,富邦敦南,708870,1000,0,650.0,0.0,1000,650.0
2026-08-04,9663,富邦敦南,708982,0,10000,0.0,3400.0,-10000,-3400.0
2026-08-04,9663,富邦敦南,709452,100000,0,28000.0,0.0,100000,28000.0
2026-08-04,9663,富邦敦南,710006,1000,0,870.0,0.0,1000,870.0
2026-08-04,9663,富邦敦南,711240,0,20000,0.0,9600.0,-20000,-9600.0
2026-08-04,9663,富邦敦南,711503,0,100000,0.0,162000.0,-100000,-162000.0
2026-08-04,9663,富邦敦南,711603,35000,40000,16500.0,17600.0,-5000,-1100.0
2026-08-04,9663,富邦敦南,72853U,10000,0,6950.0,0.0,10000,6950.0
2026-08-04,9676,富邦仁愛,03012T,1000,0,150.0,0.0,1000,150.0
2026-08-04,9676,富邦仁愛,03027T,1000,0,130.0,0.0,1000,130.0
2026-08-04,9676,富邦仁愛,03074T,3000,3000,1830.0,1950.0,0,-120.0
2026-08-04,9676,富邦仁愛,03080T,0,8000,0.0,6560.0,-8000,-6560.0
2026-08-04,9676,富邦仁愛,03142T,2000,0,490.0,0.0,2000,490.0
2026-08-04,9676,富邦仁愛,03162T,2000,0,190.0,0.0,2000,190.0
2026-08-04,9676,富邦仁愛,03211T,20000,0,20000.0,0.0,20000,20000.0
2026-08-04,9676,富邦仁愛,032685,0,10000,0.0,200.0,-10000,-200.0
2026-08-04,9676,富邦仁愛,033552,0,5000,0.0,8750.0,-5000,-8750.0
2026-08-04,9676,富邦仁愛,03442T,10000,0,10800.0,0.0,10000,10800.0
2026-08-04,9676,富邦仁愛,03499T,10000,0,10700.0,0.0,10000,10700.0
2026-08-04,9676,富邦仁愛,03512T,10000,0,13400.0,0.0,10000,13400.0
2026-08-04,9676,富邦仁愛,035172,0,240000,0.0,1432000.0,-240000,-1432000.0
2026-08-04,9676,富邦仁愛,035365,0,70000,0.0,700.0,-70000,-700.0
2026-08-04,9676,富邦仁愛,035753,0,330000,0.0,711350.0,-330000,-711350.0
2026-08-04,9676,富邦仁愛,03618T,5000,0,8050.0,0.0,5000,8050.0
2026-08-04,9676,富邦仁愛,03661T,10000,5000,18800.0,9200.0,5000,9600.0
2026-08-04,9676,富邦仁愛,036843,0,8000,0.0,6560.0,-8000,-6560.0
2026-08-04,9676,富邦仁愛,03737T,10000,0,14200.0,0.0,10000,14200.0
2026-08-04,9676,富邦仁愛,03888T,30000,20000,32700.0,23600.0,10000,9100.0
2026-08-04,9676,富邦仁愛,04018C,10000,0,16700.0,0.0,10000,16700.0
2026-08-04,9676,富邦仁愛,041165,0,10000,0.0,54250.0,-10000,-54250.0
2026-08-04,9676,富邦仁愛,043291,1000,0,240.0,0.0,1000,240.0
2026-08-04,9676,富邦仁愛,044609,2000,0,2080.0,0.0,2000,2080.0
2026-08-04,9676,富邦仁愛,044803,0,10000,0.0,14900.0,-10000,-14900.0
2026-08-04,9676,富邦仁愛,045460,0,2000,0.0,11250.0,-2000,-11250.0
2026-08-04,9676,富邦仁愛,047223,0,1000,0.0,9650.0,-1000,-9650.0
2026-08-04,9676,富邦仁愛,050278,0,1000,0.0,2830.0,-1000,-2830.0
2026-08-04,9676,富邦仁愛,056009,0,30000,0.0,64800.0,-30000,-64800.0
2026-08-04,9676,富邦仁愛,056080,0,1000,0.0,1270.0,-1000,-1270.0
2026-08-04,9676,富邦仁愛,056114,0,5000,0.0,16850.0,-5000,-16850.0
2026-08-04,9676,富邦仁愛,056135,0,1000,0.0,4200.0,-1000,-4200.0
2026-08-04,9676,富邦仁愛,056479,0,50000,0.0,39000.0,-50000,-39000.0
2026-08-04,9676,富邦仁愛,056863,50000,0,69000.0,0.0,50000,69000.0
2026-08-04,9676,富邦仁愛,057289,0,130000,0.0,186500.0,-130000,-186500.0
2026-08-04,9676,富邦仁愛,057324,4000,0,25200.0,0.0,4000,25200.0
2026-08-04,9676,富邦仁愛,057525,0,5000,0.0,15850.0,-5000,-15850.0
2026-08-04,9676,富邦仁愛,058308,10000,0,7400.0,0.0,10000,7400.0
2026-08-04,9676,富邦仁愛,058991,0,20000,0.0,23400.0,-20000,-23400.0
2026-08-04,9676,富邦仁愛,059022,0,1000,0.0,2580.0,-1000,-2580.0
2026-08-04,9676,富邦仁愛,059083,0,40000,0.0,67200.0,-40000,-67200.0
2026-08-04,9676,富邦仁愛,059121,20000,0,18000.0,0.0,20000,18000.0
2026-08-04,9676,富邦仁愛,059122,43000,0,66960.0,0.0,43000,66960.0
2026-08-04,9676,富邦仁愛,059237,0,30000,0.0,15300.0,-30000,-15300.0
2026-08-04,9676,富邦仁愛,059238,97000,100000,86330.0,92000.0,-3000,-5670.0
2026-08-04,9676,富邦仁愛,059482,10000,0,9800.0,0.0,10000,9800.0
2026-08-04,9676,富邦仁愛,059511,100000,0,255900.0,0.0,100000,255900.0
2026-08-04,9676,富邦仁愛,060067,0,20000,0.0,21200.0,-20000,-21200.0
2026-08-04,9676,富邦仁愛,060178,25000,0,23350.0,0.0,25000,23350.0
2026-08-04,9676,富邦仁愛,061015,20000,0,11000.0,0.0,20000,11000.0
2026-08-04,9676,富邦仁愛,061140,0,30000,0.0,31200.0,-30000,-31200.0
2026-08-04,9676,富邦仁愛,061211,28000,0,13720.0,0.0,28000,13720.0
2026-08-04,9676,富邦仁愛,061260,115000,65000,187850.0,101300.0,50000,86550.0
2026-08-04,9676,富邦仁愛,061505,15000,0,26650.0,0.0,15000,26650.0
2026-08-04,9676,富邦仁愛,061777,1000,0,730.0,0.0,1000,730.0
2026-08-04,9676,富邦仁愛,062438,0,50000,0.0,133500.0,-50000,-133500.0
2026-08-04,9676,富邦仁愛,062967,0,4000,0.0,3230.0,-4000,-3230.0
2026-08-04,9676,富邦仁愛,063023,0,24000,0.0,28840.0,-24000,-28840.0
2026-08-04,9676,富邦仁愛,063155,0,10000,0.0,18900.0,-10000,-18900.0
2026-08-04,9676,富邦仁愛,063349,80000,0,202600.0,0.0,80000,202600.0
2026-08-04,9676,富邦仁愛,063532,40000,0,46000.0,0.0,40000,46000.0
2026-08-04,9676,富邦仁愛,063624,5000,5000,42500.0,42500.0,0,0.0
2026-08-04,9676,富邦仁愛,063629,0,2000,0.0,160.0,-2000,-160.0
2026-08-04,9676,富邦仁愛,063883,21000,0,29820.0,0.0,21000,29820.0
2026-08-04,9676,富邦仁愛,064327,0,10000,0.0,24900.0,-10000,-24900.0
2026-08-04,9676,富邦仁愛,064328,120000,0,215480.0,0.0,120000,215480.0
2026-08-04,9676,富邦仁愛,064351,0,60000,0.0,88100.0,-60000,-88100.0
2026-08-04,9676,富邦仁愛,064535,1000,0,3190.0,0.0,1000,3190.0
2026-08-04,9676,富邦仁愛,064624,2000,0,6630.0,0.0,2000,6630.0
2026-08-04,9676,富邦仁愛,064825,14000,14000,4060.0,4340.0,0,-280.0
2026-08-04,9676,富邦仁愛,064989,0,1000,0.0,470.0,-1000,-470.0
2026-08-04,9676,富邦仁愛,065341,15000,0,12000.0,0.0,15000,12000.0
2026-08-04,9676,富邦仁愛,065350,10000,0,13300.0,0.0,10000,13300.0
2026-08-04,9676,富邦仁愛,065458,20000,0,44800.0,0.0,20000,44800.0
2026-08-04,9676,富邦仁愛,065522,10000,0,10600.0,0.0,10000,10600.0
2026-08-04,9676,富邦仁愛,065894,0,5000,0.0,9300.0,-5000,-9300.0
2026-08-04,9676,富邦仁愛,066017,0,1000,0.0,320.0,-1000,-320.0
2026-08-04,9676,富邦仁愛,066126,2000,0,7600.0,0.0,2000,7600.0
2026-08-04,9676,富邦仁愛,066287,2000,0,8440.0,0.0,2000,8440.0
2026-08-04,9676,富邦仁愛,066325,0,388000,0.0,368600.0,-388000,-368600.0
2026-08-04,9676,富邦仁愛,066445,2000,0,920.0,0.0,2000,920.0
2026-08-04,9676,富邦仁愛,066530,0,30000,0.0,26100.0,-30000,-26100.0
2026-08-04,9676,富邦仁愛,066713,0,5000,0.0,8550.0,-5000,-8550.0
2026-08-04,9676,富邦仁愛,066823,3000,0,8700.0,0.0,3000,8700.0
2026-08-04,9676,富邦仁愛,066960,0,1000,0.0,820.0,-1000,-820.0
2026-08-04,9676,富邦仁愛,067053,0,5000,0.0,11650.0,-5000,-11650.0
2026-08-04,9676,富邦仁愛,067117,5000,0,8150.0,0.0,5000,8150.0
2026-08-04,9676,富邦仁愛,067222,60000,60000,41400.0,45300.0,0,-3900.0
2026-08-04,9676,富邦仁愛,067237,5000,0,8150.0,0.0,5000,8150.0
2026-08-04,9676,富邦仁愛,067288,5000,0,4450.0,0.0,5000,4450.0
2026-08-04,9676,富邦仁愛,067324,0,9000,0.0,19710.0,-9000,-19710.0
2026-08-04,9676,富邦仁愛,067551,3000,0,3590.0,0.0,3000,3590.0
2026-08-04,9676,富邦仁愛,067638,30000,0,25200.0,0.0,30000,25200.0
2026-08-04,9676,富邦仁愛,067680,80000,60000,48800.0,38700.0,20000,10100.0
2026-08-04,9676,富邦仁愛,068000,18000,0,15840.0,0.0,18000,15840.0
2026-08-04,9676,富邦仁愛,068003,20000,0,17800.0,0.0,20000,17800.0
2026-08-04,9676,富邦仁愛,068220,0,33000,0.0,59400.0,-33000,-59400.0
2026-08-04,9676,富邦仁愛,068400,8000,0,10240.0,0.0,8000,10240.0
2026-08-04,9676,富邦仁愛,068467,0,10000,0.0,12300.0,-10000,-12300.0
2026-08-04,9676,富邦仁愛,068636,6000,0,4500.0,0.0,6000,4500.0
2026-08-04,9676,富邦仁愛,068979,5000,0,13350.0,0.0,5000,13350.0
2026-08-04,9676,富邦仁愛,069237,0,1000,0.0,5400.0,-1000,-5400.0
2026-08-04,9676,富邦仁愛,069301,15000,0,71800.0,0.0,15000,71800.0
2026-08-04,9676,富邦仁愛,069439,10000,0,13700.0,0.0,10000,13700.0
2026-08-04,9676,富邦仁愛,070161,0,20000,0.0,12600.0,-20000,-12600.0
2026-08-04,9676,富邦仁愛,070217,0,15000,0.0,18450.0,-15000,-18450.0
2026-08-04,9676,富邦仁愛,070430,10000,0,4500.0,0.0,10000,4500.0
2026-08-04,9676,富邦仁愛,071233,0,50000,0.0,9500.0,-50000,-9500.0
2026-08-04,9676,富邦仁愛,071285,20000,0,13600.0,0.0,20000,13600.0
2026-08-04,9676,富邦仁愛,071346,0,50000,0.0,37500.0,-50000,-37500.0
2026-08-04,9676,富邦仁愛,071476,0,20000,0.0,25000.0,-20000,-25000.0
2026-08-04,9676,富邦仁愛,071506,0,1000,0.0,800.0,-1000,-800.0
2026-08-04,9676,富邦仁愛,072266,0,5000,0.0,4950.0,-5000,-4950.0
2026-08-04,9676,富邦仁愛,073645,50000,0,46000.0,0.0,50000,46000.0
2026-08-04,9676,富邦仁愛,074217,4000,0,9600.0,0.0,4000,9600.0
2026-08-04,9676,富邦仁愛,074671,0,10000,0.0,7900.0,-10000,-7900.0
2026-08-04,9676,富邦仁愛,075029,5000,0,13850.0,0.0,5000,13850.0
2026-08-04,9676,富邦仁愛,075126,15000,15000,26500.0,26250.0,0,250.0
2026-08-04,9676,富邦仁愛,076752,0,10000,0.0,16400.0,-10000,-16400.0
2026-08-04,9676,富邦仁愛,077744,14000,9000,35060.0,22230.0,5000,12830.0
2026-08-04,9676,富邦仁愛,077911,17000,0,35640.0,0.0,17000,35640.0
2026-08-04,9676,富邦仁愛,078002,10000,0,6200.0,0.0,10000,6200.0
2026-08-04,9676,富邦仁愛,08086U,1000,0,320.0,0.0,1000,320.0
2026-08-04,9676,富邦仁愛,08498U,1000,0,430.0,0.0,1000,430.0
2026-08-04,9676,富邦仁愛,08929U,0,2000,0.0,160.0,-2000,-160.0
2026-08-04,9676,富邦仁愛,701698,0,3000,0.0,6870.0,-3000,-6870.0
2026-08-04,9676,富邦仁愛,703606,0,5000,0.0,288000.0,-5000,-288000.0
2026-08-04,9676,富邦仁愛,704352,2000,0,800.0,0.0,2000,800.0
2026-08-04,9676,富邦仁愛,705186,0,2000,0.0,5010.0,-2000,-5010.0
2026-08-04,9676,富邦仁愛,705431,0,5000,0.0,3600.0,-5000,-3600.0
2026-08-04,9676,富邦仁愛,706133,0,15000,0.0,6450.0,-15000,-6450.0
2026-08-04,9676,富邦仁愛,707429,0,1000,0.0,410.0,-1000,-410.0
2026-08-04,9676,富邦仁愛,708073,6000,0,9060.0,0.0,6000,9060.0
2026-08-04,9676,富邦仁愛,710792,0,1000,0.0,690.0,-1000,-690.0
2026-08-04,9676,富邦仁愛,710819,30000,30000,53700.0,50400.0,0,3300.0
2026-08-04,9676,富邦仁愛,710926,10000,10000,10500.0,10000.0,0,500.0
2026-08-04,9676,富邦仁愛,72794U,40000,40000,46800.0,49200.0,0,-2400.0
2026-08-04,9676,富邦仁愛,72862U,1000,0,300.0,0.0,1000,300.0
2026-08-04,9676,富邦仁愛,733461,20000,0,10600.0,0.0,20000,10600.0
2026-08-04,9676,富邦仁愛,736082,0,69000,0.0,17250.0,-69000,-17250.0
2026-08-04,9676,富邦仁愛,736934,0,3000,0.0,15600.0,-3000,-15600.0
2026-08-04,980l,元大虎尾,03373T,11000,0,4620.0,0.0,11000,4620.0
2026-08-04,980l,元大虎尾,03735B,0,5000,0.0,4250.0,-5000,-4250.0
2026-08-04,980l,元大虎尾,042518,0,3000,0.0,270.0,-3000,-270.0
2026-08-04,980l,元大虎尾,043938,3000,0,2430.0,0.0,3000,2430.0
2026-08-04,980l,元大虎尾,049881,0,1000,0.0,30.0,-1000,-30.0
2026-08-04,980l,元大虎尾,052980,200000,0,578000.0,0.0,200000,578000.0
2026-08-04,980l,元大虎尾,056257,500000,0,300010.0,0.0,500000,300010.0
2026-08-04,980l,元大虎尾,056569,0,2000,0.0,5100.0,-2000,-5100.0
2026-08-04,980l,元大虎尾,056572,0,1000,0.0,560.0,-1000,-560.0
2026-08-04,980l,元大虎尾,060455,125000,0,222500.0,0.0,125000,222500.0
2026-08-04,980l,元大虎尾,061964,0,6000,0.0,3840.0,-6000,-3840.0
2026-08-04,980l,元大虎尾,064254,0,1000,0.0,1300.0,-1000,-1300.0
2026-08-04,980l,元大虎尾,064642,0,2000,0.0,1780.0,-2000,-1780.0
2026-08-04,980l,元大虎尾,065908,749000,0,127330.0,0.0,749000,127330.0
2026-08-04,980l,元大虎尾,066202,0,1000,0.0,1330.0,-1000,-1330.0
2026-08-04,980l,元大虎尾,066556,0,3000,0.0,9310.0,-3000,-9310.0
2026-08-04,980l,元大虎尾,066642,30000,0,20700.0,0.0,30000,20700.0
2026-08-04,980l,元大虎尾,067771,30000,0,300000.0,0.0,30000,300000.0
2026-08-04,980l,元大虎尾,067943,5000,0,8250.0,0.0,5000,8250.0
2026-08-04,980l,元大虎尾,068695,10000,0,3050.0,0.0,10000,3050.0
2026-08-04,980l,元大虎尾,068928,0,50000,0.0,60000.0,-50000,-60000.0
2026-08-04,980l,元大虎尾,069029,200000,0,206000.0,0.0,200000,206000.0
2026-08-04,980l,元大虎尾,069579,1000,0,650.0,0.0,1000,650.0
2026-08-04,980l,元大虎尾,069656,10000,0,8800.0,0.0,10000,8800.0
2026-08-04,980l,元大虎尾,069684,180000,11000,234000.0,14520.0,169000,219480.0
2026-08-04,980l,元大虎尾,070301,15000,17000,13200.0,14980.0,-2000,-1780.0
2026-08-04,980l,元大虎尾,070346,25000,0,11250.0,0.0,25000,11250.0
2026-08-04,980l,元大虎尾,070864,0,10000,0.0,9600.0,-10000,-9600.0
2026-08-04,980l,元大虎尾,071254,10000,0,9100.0,0.0,10000,9100.0
2026-08-04,980l,元大虎尾,071750,0,5000,0.0,2900.0,-5000,-2900.0
2026-08-04,980l,元大虎尾,072388,0,1000,0.0,2320.0,-1000,-2320.0
2026-08-04,980l,元大虎尾,073092,20000,0,19800.0,0.0,20000,19800.0
2026-08-04,980l,元大虎尾,074169,799000,0,988770.0,0.0,799000,988770.0
2026-08-04,980l,元大虎尾,074303,6000,0,19340.0,0.0,6000,19340.0
2026-08-04,980l,元大虎尾,075826,250000,0,212500.0,0.0,250000,212500.0
2026-08-04,980l,元大虎尾,076417,10000,5000,15200.0,7800.0,5000,7400.0
2026-08-04,980l,元大虎尾,077037,200000,0,404000.0,0.0,200000,404000.0
2026-08-04,980l,元大虎尾,077154,699000,0,1028540.0,0.0,699000,1028540.0
2026-08-04,980l,元大虎尾,077630,501000,0,380770.0,0.0,501000,380770.0
2026-08-04,980l,元大虎尾,077931,15000,20000,28250.0,38350.0,-5000,-10100.0
2026-08-04,980l,元大虎尾,078037,500000,0,930040.0,0.0,500000,930040.0
2026-08-04,980l,元大虎尾,700899,0,450000,0.0,256200.0,-450000,-256200.0
2026-08-04,980l,元大虎尾,702802,0,100000,0.0,3000.0,-100000,-3000.0
2026-08-04,980l,元大虎尾,705370,1000,0,1350.0,0.0,1000,1350.0
2026-08-04,980l,元大虎尾,706134,10000,0,11500.0,0.0,10000,11500.0
2026-08-04,980l,元大虎尾,706308,2000,0,5760.0,0.0,2000,5760.0
2026-08-04,980l,元大虎尾,707014,0,35000,0.0,43050.0,-35000,-43050.0
2026-08-04,980l,元大虎尾,707336,10000,0,12700.0,0.0,10000,12700.0
2026-08-04,980l,元大虎尾,707769,1000,0,200.0,0.0,1000,200.0
2026-08-04,980l,元大虎尾,709670,50000,0,18500.0,0.0,50000,18500.0
2026-08-04,980l,元大虎尾,711784,4000,0,2680.0,0.0,4000,2680.0
2026-08-04,9853,元大南屯,03209T,0,2000,0.0,1800.0,-2000,-1800.0
2026-08-04,9853,元大南屯,03278T,0,20000,0.0,2400.0,-20000,-2400.0
2026-08-04,9853,元大南屯,03339T,0,1000,0.0,650.0,-1000,-650.0
2026-08-04,9853,元大南屯,03351T,0,4000,0.0,2360.0,-4000,-2360.0
2026-08-04,9853,元大南屯,03431T,18000,0,21720.0,0.0,18000,21720.0
2026-08-04,9853,元大南屯,03442T,0,12000,0.0,11530.0,-12000,-11530.0
2026-08-04,9853,元大南屯,03643T,0,2000,0.0,3760.0,-2000,-3760.0
2026-08-04,9853,元大南屯,03665T,0,6000,0.0,10560.0,-6000,-10560.0
2026-08-04,9853,元大南屯,03740T,0,6000,0.0,7560.0,-6000,-7560.0
2026-08-04,9853,元大南屯,03758T,100000,0,149000.0,0.0,100000,149000.0
2026-08-04,9853,元大南屯,03829T,0,2000,0.0,5300.0,-2000,-5300.0
2026-08-04,9853,元大南屯,03830T,0,3000,0.0,4350.0,-3000,-4350.0
2026-08-04,9853,元大南屯,03832T,0,1000,0.0,2520.0,-1000,-2520.0
2026-08-04,9853,元大南屯,03834T,0,2000,0.0,3600.0,-2000,-3600.0
2026-08-04,9853,元大南屯,038813,0,12000,0.0,10540.0,-12000,-10540.0
2026-08-04,9853,元大南屯,03937T,0,1000,0.0,1270.0,-1000,-1270.0
2026-08-04,9853,元大南屯,039450,0,1000,0.0,4400.0,-1000,-4400.0
2026-08-04,9853,元大南屯,048631,0,1000,0.0,3030.0,-1000,-3030.0
2026-08-04,9853,元大南屯,049939,0,1000,0.0,1880.0,-1000,-1880.0
2026-08-04,9853,元大南屯,050214,0,25000,0.0,10800.0,-25000,-10800.0
2026-08-04,9853,元大南屯,051815,0,1000,0.0,1510.0,-1000,-1510.0
2026-08-04,9853,元大南屯,052894,0,15000,0.0,38950.0,-15000,-38950.0
2026-08-04,9853,元大南屯,053514,0,2000,0.0,1600.0,-2000,-1600.0
2026-08-04,9853,元大南屯,054495,200000,0,100000.0,0.0,200000,100000.0
2026-08-04,9853,元大南屯,054945,0,2000,0.0,2900.0,-2000,-2900.0
2026-08-04,9853,元大南屯,056059,2000,0,2000.0,0.0,2000,2000.0
2026-08-04,9853,元大南屯,056500,0,417000,0.0,2564550.0,-417000,-2564550.0
2026-08-04,9853,元大南屯,056863,0,49000,0.0,68960.0,-49000,-68960.0
2026-08-04,9853,元大南屯,057018,0,2000,0.0,39400.0,-2000,-39400.0
2026-08-04,9853,元大南屯,057824,0,300000,0.0,105000.0,-300000,-105000.0
2026-08-04,9853,元大南屯,057853,0,13000,0.0,260.0,-13000,-260.0
2026-08-04,9853,元大南屯,058499,3000,0,6090.0,0.0,3000,6090.0
2026-08-04,9853,元大南屯,059013,30000,0,52800.0,0.0,30000,52800.0
2026-08-04,9853,元大南屯,059707,0,5000,0.0,19800.0,-5000,-19800.0
2026-08-04,9853,元大南屯,060461,0,1000,0.0,1430.0,-1000,-1430.0
2026-08-04,9853,元大南屯,061084,25000,0,9750.0,0.0,25000,9750.0
2026-08-04,9853,元大南屯,061128,2000,0,1200.0,0.0,2000,1200.0
2026-08-04,9853,元大南屯,061944,0,20000,0.0,12200.0,-20000,-12200.0
2026-08-04,9853,元大南屯,063169,0,1000,0.0,4200.0,-1000,-4200.0
2026-08-04,9853,元大南屯,063280,19000,0,28120.0,0.0,19000,28120.0
2026-08-04,9853,元大南屯,063314,0,10000,0.0,9200.0,-10000,-9200.0
2026-08-04,9853,元大南屯,063382,0,905000,0.0,6153500.0,-905000,-6153500.0
2026-08-04,9853,元大南屯,063809,93000,64000,141290.0,98490.0,29000,42800.0
2026-08-04,9853,元大南屯,063990,0,40000,0.0,2400.0,-40000,-2400.0
2026-08-04,9853,元大南屯,064443,0,5000,0.0,5200.0,-5000,-5200.0
2026-08-04,9853,元大南屯,065058,1000,0,470.0,0.0,1000,470.0
2026-08-04,9853,元大南屯,065387,1000,0,1380.0,0.0,1000,1380.0
2026-08-04,9853,元大南屯,065423,0,4000,0.0,2640.0,-4000,-2640.0
2026-08-04,9853,元大南屯,065716,2000,0,2380.0,0.0,2000,2380.0
2026-08-04,9853,元大南屯,065796,1000,5000,1370.0,8650.0,-4000,-7280.0
2026-08-04,9853,元大南屯,065912,0,5000,0.0,1550.0,-5000,-1550.0
2026-08-04,9853,元大南屯,066109,0,20000,0.0,15050.0,-20000,-15050.0
2026-08-04,9853,元大南屯,066235,150000,0,226000.0,0.0,150000,226000.0
2026-08-04,9853,元大南屯,066591,16000,0,10400.0,0.0,16000,10400.0
2026-08-04,9853,元大南屯,066736,0,6000,0.0,11580.0,-6000,-11580.0
2026-08-04,9853,元大南屯,066759,0,2000,0.0,5680.0,-2000,-5680.0
2026-08-04,9853,元大南屯,066916,1000,0,390.0,0.0,1000,390.0
2026-08-04,9853,元大南屯,067081,6000,0,4620.0,0.0,6000,4620.0
2026-08-04,9853,元大南屯,067162,0,30000,0.0,49600.0,-30000,-49600.0
2026-08-04,9853,元大南屯,067271,0,1000,0.0,1240.0,-1000,-1240.0
2026-08-04,9853,元大南屯,067334,3000,7000,4270.0,10920.0,-4000,-6650.0
2026-08-04,9853,元大南屯,067409,1000,0,500.0,0.0,1000,500.0
2026-08-04,9853,元大南屯,067482,0,1000,0.0,1530.0,-1000,-1530.0
2026-08-04,9853,元大南屯,067516,0,3000,0.0,3090.0,-3000,-3090.0
2026-08-04,9853,元大南屯,067570,2000,0,5240.0,0.0,2000,5240.0
2026-08-04,9853,元大南屯,067592,0,2000,0.0,1860.0,-2000,-1860.0
2026-08-04,9853,元大南屯,067607,0,16000,0.0,7960.0,-16000,-7960.0
2026-08-04,9853,元大南屯,067620,100000,0,170000.0,0.0,100000,170000.0
2026-08-04,9853,元大南屯,067638,20000,0,17000.0,0.0,20000,17000.0
2026-08-04,9853,元大南屯,067663,0,1000,0.0,220.0,-1000,-220.0
2026-08-04,9853,元大南屯,067801,0,1000,0.0,1240.0,-1000,-1240.0
2026-08-04,9853,元大南屯,067879,0,3000,0.0,3780.0,-3000,-3780.0
2026-08-04,9853,元大南屯,067942,0,1000,0.0,1830.0,-1000,-1830.0
2026-08-04,9853,元大南屯,068002,0,40000,0.0,42800.0,-40000,-42800.0
2026-08-04,9853,元大南屯,068003,1000,0,880.0,0.0,1000,880.0
2026-08-04,9853,元大南屯,068015,3000,0,2250.0,0.0,3000,2250.0
2026-08-04,9853,元大南屯,068116,9000,0,8310.0,0.0,9000,8310.0
2026-08-04,9853,元大南屯,068188,0,5000,0.0,7500.0,-5000,-7500.0
2026-08-04,9853,元大南屯,068416,0,1000,0.0,1550.0,-1000,-1550.0
2026-08-04,9853,元大南屯,068513,0,4000,0.0,16320.0,-4000,-16320.0
2026-08-04,9853,元大南屯,068623,60000,0,39000.0,0.0,60000,39000.0
2026-08-04,9853,元大南屯,068634,3000,0,2880.0,0.0,3000,2880.0
2026-08-04,9853,元大南屯,068730,2000,0,6030.0,0.0,2000,6030.0
2026-08-04,9853,元大南屯,068796,0,300000,0.0,420000.0,-300000,-420000.0
2026-08-04,9853,元大南屯,069015,10000,0,9700.0,0.0,10000,9700.0
2026-08-04,9853,元大南屯,069223,0,10000,0.0,4900.0,-10000,-4900.0
2026-08-04,9853,元大南屯,069352,0,10000,0.0,5800.0,-10000,-5800.0
2026-08-04,9853,元大南屯,069379,4000,2000,4180.0,2060.0,2000,2120.0
2026-08-04,9853,元大南屯,069666,12000,0,7950.0,0.0,12000,7950.0
2026-08-04,9853,元大南屯,069787,3000,0,1260.0,0.0,3000,1260.0
2026-08-04,9853,元大南屯,069852,5000,0,1000.0,0.0,5000,1000.0
2026-08-04,9853,元大南屯,069882,2000,0,1580.0,0.0,2000,1580.0
2026-08-04,9853,元大南屯,070138,499000,0,798400.0,0.0,499000,798400.0
2026-08-04,9853,元大南屯,070204,0,1000,0.0,880.0,-1000,-880.0
2026-08-04,9853,元大南屯,070347,0,8000,0.0,5840.0,-8000,-5840.0
2026-08-04,9853,元大南屯,07081U,0,1000,0.0,90.0,-1000,-90.0
2026-08-04,9853,元大南屯,070962,8000,0,5520.0,0.0,8000,5520.0
2026-08-04,9853,元大南屯,07173U,2000,0,1340.0,0.0,2000,1340.0
2026-08-04,9853,元大南屯,071877,1000,0,990.0,0.0,1000,990.0
2026-08-04,9853,元大南屯,071887,1000,0,450.0,0.0,1000,450.0
2026-08-04,9853,元大南屯,072194,0,1000,0.0,950.0,-1000,-950.0
2026-08-04,9853,元大南屯,072402,1000,0,840.0,0.0,1000,840.0
2026-08-04,9853,元大南屯,072570,3000,0,1260.0,0.0,3000,1260.0
2026-08-04,9853,元大南屯,072672,0,2000,0.0,2800.0,-2000,-2800.0
2026-08-04,9853,元大南屯,072982,0,3000,0.0,6180.0,-3000,-6180.0
2026-08-04,9853,元大南屯,073315,0,9000,0.0,3690.0,-9000,-3690.0
2026-08-04,9853,元大南屯,073343,0,5000,0.0,7850.0,-5000,-7850.0
2026-08-04,9853,元大南屯,073544,1000,0,980.0,0.0,1000,980.0
2026-08-04,9853,元大南屯,073696,3000,0,5010.0,0.0,3000,5010.0
2026-08-04,9853,元大南屯,074615,2000,0,4410.0,0.0,2000,4410.0
2026-08-04,9853,元大南屯,074739,0,5000,0.0,5900.0,-5000,-5900.0
2026-08-04,9853,元大南屯,074796,30000,0,36300.0,0.0,30000,36300.0
2026-08-04,9853,元大南屯,074978,1000,0,390.0,0.0,1000,390.0
2026-08-04,9853,元大南屯,075121,1000,0,880.0,0.0,1000,880.0
2026-08-04,9853,元大南屯,075153,0,1000,0.0,1900.0,-1000,-1900.0
2026-08-04,9853,元大南屯,075593,30000,0,16400.0,0.0,30000,16400.0
2026-08-04,9853,元大南屯,075608,0,1000,0.0,1770.0,-1000,-1770.0
2026-08-04,9853,元大南屯,075896,20000,0,15600.0,0.0,20000,15600.0
2026-08-04,9853,元大南屯,076164,1000,0,1280.0,0.0,1000,1280.0
2026-08-04,9853,元大南屯,076255,0,1000,0.0,900.0,-1000,-900.0
2026-08-04,9853,元大南屯,076270,0,6000,0.0,5340.0,-6000,-5340.0
2026-08-04,9853,元大南屯,076282,0,2000,0.0,3750.0,-2000,-3750.0
2026-08-04,9853,元大南屯,076309,0,1000,0.0,950.0,-1000,-950.0
2026-08-04,9853,元大南屯,076370,8000,0,5120.0,0.0,8000,5120.0
2026-08-04,9853,元大南屯,076442,30000,0,35700.0,0.0,30000,35700.0
2026-08-04,9853,元大南屯,076458,50000,0,27500.0,0.0,50000,27500.0
2026-08-04,9853,元大南屯,076655,0,3000,0.0,4290.0,-3000,-4290.0
2026-08-04,9853,元大南屯,076861,0,1000,0.0,1600.0,-1000,-1600.0
2026-08-04,9853,元大南屯,076904,0,1000,0.0,2150.0,-1000,-2150.0
2026-08-04,9853,元大南屯,077681,30000,0,34500.0,0.0,30000,34500.0
2026-08-04,9853,元大南屯,078480,10000,0,16500.0,0.0,10000,16500.0
2026-08-04,9853,元大南屯,08720U,27000,0,3510.0,0.0,27000,3510.0
2026-08-04,9853,元大南屯,08932U,30000,0,13200.0,0.0,30000,13200.0
2026-08-04,9853,元大南屯,700022,0,2000,0.0,4640.0,-2000,-4640.0
2026-08-04,9853,元大南屯,700173,0,3000,0.0,2190.0,-3000,-2190.0
2026-08-04,9853,元大南屯,700904,5000,0,17500.0,0.0,5000,17500.0
2026-08-04,9853,元大南屯,705072,0,20000,0.0,14800.0,-20000,-14800.0
2026-08-04,9853,元大南屯,707306,0,1000,0.0,3580.0,-1000,-3580.0
2026-08-04,9853,元大南屯,707449,0,3000,0.0,4680.0,-3000,-4680.0
2026-08-04,9853,元大南屯,707542,50000,0,50500.0,0.0,50000,50500.0
2026-08-04,9853,元大南屯,707753,30000,0,11700.0,0.0,30000,11700.0
2026-08-04,9853,元大南屯,707881,0,2000,0.0,1600.0,-2000,-1600.0
2026-08-04,9853,元大南屯,708641,0,1000,0.0,4150.0,-1000,-4150.0
2026-08-04,9853,元大南屯,708760,2000,0,4020.0,0.0,2000,4020.0
2026-08-04,9853,元大南屯,708833,0,2000,0.0,3220.0,-2000,-3220.0
2026-08-04,9853,元大南屯,708869,0,60000,0.0,56400.0,-60000,-56400.0
2026-08-04,9853,元大南屯,708893,0,1000,0.0,1310.0,-1000,-1310.0
2026-08-04,9853,元大南屯,709008,0,1000,0.0,1110.0,-1000,-1110.0
2026-08-04,9853,元大南屯,709173,2000,0,1880.0,0.0,2000,1880.0
2026-08-04,9853,元大南屯,709313,2000,0,3350.0,0.0,2000,3350.0
2026-08-04,9853,元大南屯,709345,2000,0,5340.0,0.0,2000,5340.0
2026-08-04,9853,元大南屯,709355,0,6000,0.0,2520.0,-6000,-2520.0
2026-08-04,9853,元大南屯,709410,3000,0,870.0,0.0,3000,870.0
2026-08-04,9853,元大南屯,709666,2000,0,840.0,0.0,2000,840.0
2026-08-04,9853,元大南屯,709718,0,4000,0.0,3890.0,-4000,-3890.0
2026-08-04,9853,元大南屯,709833,0,20000,0.0,14600.0,-20000,-14600.0
2026-08-04,9853,元大南屯,709931,0,2000,0.0,1640.0,-2000,-1640.0
2026-08-04,9853,元大南屯,710000,0,3000,0.0,9240.0,-3000,-9240.0
2026-08-04,9853,元大南屯,710146,2000,0,2000.0,0.0,2000,2000.0
2026-08-04,9853,元大南屯,710487,2000,0,2910.0,0.0,2000,2910.0
2026-08-04,9853,元大南屯,710826,0,30000,0.0,8100.0,-30000,-8100.0
2026-08-04,9853,元大南屯,710909,1000,0,1060.0,0.0,1000,1060.0
2026-08-04,9853,元大南屯,711064,1000,0,2410.0,0.0,1000,2410.0
2026-08-04,9853,元大南屯,711122,20000,0,11200.0,0.0,20000,11200.0
2026-08-04,9853,元大南屯,711503,0,1000,0.0,1620.0,-1000,-1620.0
2026-08-04,9853,元大南屯,711769,0,1000,0.0,2060.0,-1000,-2060.0
2026-08-04,9853,元大南屯,711921,1000,0,1090.0,0.0,1000,1090.0
2026-08-04,9853,元大南屯,72839U,0,3000,0.0,450.0,-3000,-450.0
2026-08-04,9853,元大南屯,72850U,0,13000,0.0,2470.0,-13000,-2470.0
2026-08-04,9853,元大南屯,72853U,5000,0,3450.0,0.0,5000,3450.0
2026-08-04,9853,元大南屯,72865U,1000,0,190.0,0.0,1000,190.0
2026-08-04,9853,元大南屯,72883U,0,15000,0.0,11380.0,-15000,-11380.0
2026-08-04,9853,元大南屯,72902U,0,3000,0.0,2040.0,-3000,-2040.0
2026-08-04,9853,元大南屯,72924U,0,3000,0.0,3450.0,-3000,-3450.0
2026-08-04,9853,元大南屯,72925U,1000,0,1100.0,0.0,1000,1100.0
2026-08-04,9853,元大南屯,72963U,0,3000,0.0,5910.0,-3000,-5910.0
2026-08-04,9853,元大南屯,733461,16000,0,8800.0,0.0,16000,8800.0
2026-08-04,9867,元大民權,03036T,6000,0,600.0,0.0,6000,600.0
2026-08-04,9867,元大民權,030573,0,10000,0.0,22700.0,-10000,-22700.0
2026-08-04,9867,元大民權,03277T,28000,0,31190.0,0.0,28000,31190.0
2026-08-04,9867,元大民權,03785T,5000,0,8050.0,0.0,5000,8050.0
2026-08-04,9867,元大民權,03797T,12000,0,27070.0,0.0,12000,27070.0
2026-08-04,9867,元大民權,03912T,2000,0,1800.0,0.0,2000,1800.0
2026-08-04,9867,元大民權,045709,0,20000,0.0,120500.0,-20000,-120500.0
2026-08-04,9867,元大民權,046662,0,2000,0.0,830.0,-2000,-830.0
2026-08-04,9867,元大民權,057136,10000,0,38000.0,0.0,10000,38000.0
2026-08-04,9867,元大民權,058574,6000,0,21180.0,0.0,6000,21180.0
2026-08-04,9867,元大民權,058603,2000,0,3680.0,0.0,2000,3680.0
2026-08-04,9867,元大民權,058604,2000,0,3500.0,0.0,2000,3500.0
2026-08-04,9867,元大民權,058830,2000,0,1940.0,0.0,2000,1940.0
2026-08-04,9867,元大民權,063109,1000,0,400.0,0.0,1000,400.0
2026-08-04,9867,元大民權,064868,1000,0,1310.0,0.0,1000,1310.0
2026-08-04,9867,元大民權,064894,0,1000,0.0,490.0,-1000,-490.0
2026-08-04,9867,元大民權,065311,0,5000,0.0,3700.0,-5000,-3700.0
2026-08-04,9867,元大民權,065358,5000,0,1650.0,0.0,5000,1650.0
2026-08-04,9867,元大民權,065630,0,3000,0.0,2370.0,-3000,-2370.0
2026-08-04,9867,元大民權,065776,10000,0,5300.0,0.0,10000,5300.0
2026-08-04,9867,元大民權,065827,20000,0,9400.0,0.0,20000,9400.0
2026-08-04,9867,元大民權,066205,7000,0,4340.0,0.0,7000,4340.0
2026-08-04,9867,元大民權,066286,0,35000,0.0,119000.0,-35000,-119000.0
2026-08-04,9867,元大民權,066594,0,154000,0.0,210980.0,-154000,-210980.0
2026-08-04,9867,元大民權,066780,10000,0,7200.0,0.0,10000,7200.0
2026-08-04,9867,元大民權,066818,0,5000,0.0,30000.0,-5000,-30000.0
2026-08-04,9867,元大民權,067142,0,1000,0.0,1690.0,-1000,-1690.0
2026-08-04,9867,元大民權,067297,14000,0,8540.0,0.0,14000,8540.0
2026-08-04,9867,元大民權,067300,10000,0,5900.0,0.0,10000,5900.0
2026-08-04,9867,元大民權,067370,0,10000,0.0,13330.0,-10000,-13330.0
2026-08-04,9867,元大民權,067814,0,56000,0.0,81200.0,-56000,-81200.0
2026-08-04,9867,元大民權,067999,34000,0,38800.0,0.0,34000,38800.0
2026-08-04,9867,元大民權,068159,1000,0,680.0,0.0,1000,680.0
2026-08-04,9867,元大民權,068735,0,20000,0.0,7800.0,-20000,-7800.0
2026-08-04,9867,元大民權,068971,72000,0,23040.0,0.0,72000,23040.0
2026-08-04,9867,元大民權,069109,0,1000,0.0,430.0,-1000,-430.0
2026-08-04,9867,元大民權,069536,0,8000,0.0,1840.0,-8000,-1840.0
2026-08-04,9867,元大民權,070788,0,4000,0.0,3960.0,-4000,-3960.0
2026-08-04,9867,元大民權,070850,1000,0,640.0,0.0,1000,640.0
2026-08-04,9867,元大民權,070962,10000,0,6900.0,0.0,10000,6900.0
2026-08-04,9867,元大民權,072136,0,10000,0.0,8300.0,-10000,-8300.0
2026-08-04,9867,元大民權,072321,0,2000,0.0,2460.0,-2000,-2460.0
2026-08-04,9867,元大民權,072902,10000,0,6200.0,0.0,10000,6200.0
2026-08-04,9867,元大民權,074219,0,1000,0.0,500.0,-1000,-500.0
2026-08-04,9867,元大民權,075182,0,50000,0.0,103200.0,-50000,-103200.0
2026-08-04,9867,元大民權,076985,30000,0,55500.0,0.0,30000,55500.0
2026-08-04,9867,元大民權,077026,0,15000,0.0,16200.0,-15000,-16200.0
2026-08-04,9867,元大民權,078155,10000,0,7200.0,0.0,10000,7200.0
2026-08-04,9867,元大民權,078289,50000,0,79500.0,0.0,50000,79500.0
2026-08-04,9867,元大民權,087904,10000,0,14000.0,0.0,10000,14000.0
2026-08-04,9867,元大內湖民,700022,33000,0,78800.0,0.0,33000,78800.0
2026-08-04,9867,元大內湖民,700201,10000,0,28800.0,0.0,10000,28800.0
2026-08-04,9867,元大內湖民,704351,0,1000,0.0,430.0,-1000,-430.0
2026-08-04,9867,元大內湖民,704831,15000,0,73550.0,0.0,15000,73550.0
2026-08-04,9867,元大內湖民,705341,5000,0,1100.0,0.0,5000,1100.0
2026-08-04,9867,元大內湖民,705711,10000,0,1900.0,0.0,10000,1900.0
2026-08-04,9867,元大內湖民,708240,10000,0,14400.0,0.0,10000,14400.0
2026-08-04,9867,元大內湖民,710190,199000,0,100500.0,0.0,199000,100500.0
2026-08-04,9867,元大內湖民,710843,5000,0,1950.0,0.0,5000,1950.0
2026-08-04,9867,元大內湖民,72692U,21000,0,1270.0,0.0,21000,1270.0
2026-08-04,9867,元大內湖民,72855U,13000,0,12740.0,0.0,13000,12740.0
2026-08-04,9867,元大內湖民,735512,17000,0,34950.0,0.0,17000,34950.0
2026-08-04,989J,元大彰生,03257T,35000,0,41650.0,0.0,35000,41650.0
2026-08-04,989J,元大彰生,03265T,0,5000,0.0,2550.0,-5000,-2550.0
2026-08-04,989J,元大彰生,03613T,10000,0,7100.0,0.0,10000,7100.0
2026-08-04,989J,元大彰生,03732B,0,5000,0.0,4300.0,-5000,-4300.0
2026-08-04,989J,元大彰生,03740B,3000,0,1200.0,0.0,3000,1200.0
2026-08-04,989J,元大彰生,038987,0,7000,0.0,5250.0,-7000,-5250.0
2026-08-04,989J,元大彰生,040615,18000,0,32700.0,0.0,18000,32700.0
2026-08-04,989J,元大彰生,054131,0,10000,0.0,2700.0,-10000,-2700.0
2026-08-04,989J,元大彰生,056176,0,1000,0.0,1780.0,-1000,-1780.0
2026-08-04,989J,元大彰生,057339,10000,0,4400.0,0.0,10000,4400.0
2026-08-04,989J,元大彰生,057757,200000,150000,411900.0,277000.0,50000,134900.0
2026-08-04,989J,元大彰生,058038,200000,150000,392200.0,264000.0,50000,128200.0
2026-08-04,989J,元大彰生,058719,0,5000,0.0,4700.0,-5000,-4700.0
2026-08-04,989J,元大彰生,059059,0,60000,0.0,45600.0,-60000,-45600.0
2026-08-04,989J,元大彰生,059060,10000,0,12200.0,0.0,10000,12200.0
2026-08-04,989J,元大彰生,059183,120000,139000,187300.0,236560.0,-19000,-49260.0
2026-08-04,989J,元大彰生,059195,0,17000,0.0,10880.0,-17000,-10880.0
2026-08-04,989J,元大彰生,059848,0,3000,0.0,2220.0,-3000,-2220.0
2026-08-04,989J,元大彰生,061158,10000,0,16500.0,0.0,10000,16500.0
2026-08-04,989J,元大彰生,062055,19000,0,21090.0,0.0,19000,21090.0
2026-08-04,989J,元大彰生,062385,40000,0,47200.0,0.0,40000,47200.0
2026-08-04,989J,元大彰生,062615,5000,0,4500.0,0.0,5000,4500.0
2026-08-04,989J,元大彰生,062912,200000,0,170000.0,0.0,200000,170000.0
2026-08-04,989J,元大彰生,063022,5000,0,8000.0,0.0,5000,8000.0
2026-08-04,989J,元大彰生,063028,20000,0,41000.0,0.0,20000,41000.0
2026-08-04,989J,元大彰生,063040,15000,0,19050.0,0.0,15000,19050.0
2026-08-04,989J,元大彰生,063084,48000,0,88820.0,0.0,48000,88820.0
2026-08-04,989J,元大彰生,063344,80000,0,31700.0,0.0,80000,31700.0
2026-08-04,989J,元大彰生,063600,20000,0,24800.0,0.0,20000,24800.0
2026-08-04,989J,元大彰生,063918,10000,0,500.0,0.0,10000,500.0
2026-08-04,989J,元大彰生,064595,4000,0,4680.0,0.0,4000,4680.0
2026-08-04,989J,元大彰生,064655,0,1000,0.0,6300.0,-1000,-6300.0
2026-08-04,989J,元大彰生,065057,0,53000,0.0,183320.0,-53000,-183320.0
2026-08-04,989J,元大彰生,066642,4000,0,2720.0,0.0,4000,2720.0
2026-08-04,989J,元大彰生,066713,0,17000,0.0,27760.0,-17000,-27760.0
2026-08-04,989J,元大彰生,066819,0,7000,0.0,22120.0,-7000,-22120.0
2026-08-04,989J,元大彰生,067341,21000,0,26950.0,0.0,21000,26950.0
2026-08-04,989J,元大彰生,067411,17000,0,11050.0,0.0,17000,11050.0
2026-08-04,989J,元大彰生,067885,5000,0,10480.0,0.0,5000,10480.0
2026-08-04,989J,元大彰生,068000,1000,0,880.0,0.0,1000,880.0
2026-08-04,989J,元大彰生,068247,100000,0,53000.0,0.0,100000,53000.0
2026-08-04,989J,元大彰生,068556,0,4000,0.0,4840.0,-4000,-4840.0
2026-08-04,989J,元大彰生,068636,30000,0,24100.0,0.0,30000,24100.0
2026-08-04,989J,元大彰生,068793,20000,0,3800.0,0.0,20000,3800.0
2026-08-04,989J,元大彰生,068930,10000,0,13600.0,0.0,10000,13600.0
2026-08-04,989J,元大彰生,069088,100000,0,45000.0,0.0,100000,45000.0
2026-08-04,989J,元大彰生,069475,20000,0,10800.0,0.0,20000,10800.0
2026-08-04,989J,元大彰生,070300,9000,0,5040.0,0.0,9000,5040.0
2026-08-04,989J,元大彰生,070330,60000,0,76000.0,0.0,60000,76000.0
2026-08-04,989J,元大彰生,070347,2000,0,1420.0,0.0,2000,1420.0
2026-08-04,989J,元大彰生,070356,10000,0,14400.0,0.0,10000,14400.0
2026-08-04,989J,元大彰生,070377,0,50000,0.0,25000.0,-50000,-25000.0
2026-08-04,989J,元大彰生,070429,0,100000,0.0,173000.0,-100000,-173000.0
2026-08-04,989J,元大彰生,070571,80000,0,96400.0,0.0,80000,96400.0
2026-08-04,989J,元大彰生,070796,6000,2000,5100.0,1580.0,4000,3520.0
2026-08-04,989J,元大彰生,071183,0,7000,0.0,5040.0,-7000,-5040.0
2026-08-04,989J,元大彰生,071244,6000,0,4740.0,0.0,6000,4740.0
2026-08-04,989J,元大彰生,075270,15000,0,10800.0,0.0,15000,10800.0
2026-08-04,989J,元大彰生,075277,23000,0,20930.0,0.0,23000,20930.0
2026-08-04,989J,元大彰生,076677,20000,0,23600.0,0.0,20000,23600.0
2026-08-04,989J,元大彰生,077614,0,46000,0.0,45080.0,-46000,-45080.0
2026-08-04,989J,元大彰生,078171,14000,0,19740.0,0.0,14000,19740.0
2026-08-04,989J,元大彰生,078182,20000,0,24700.0,0.0,20000,24700.0
2026-08-04,989J,元大彰化,701097,1000,1000,730.0,730.0,0,0.0
2026-08-04,989J,元大彰化,705516,1000,0,200.0,0.0,1000,200.0
2026-08-04,989J,元大彰化,705947,0,195000,0.0,117000.0,-195000,-117000.0
2026-08-04,989J,元大彰化,707783,270000,0,20900.0,0.0,270000,20900.0
2026-08-04,989J,元大彰化,708585,10000,0,1300.0,0.0,10000,1300.0
2026-08-04,989J,元大彰化,708903,90000,0,63950.0,0.0,90000,63950.0
2026-08-04,989J,元大彰化,709006,10000,0,14400.0,0.0,10000,14400.0
2026-08-04,989J,元大彰化,709287,2000,0,580.0,0.0,2000,580.0
2026-08-04,989J,元大彰化,709748,12000,0,5040.0,0.0,12000,5040.0
2026-08-04,989J,元大彰化,710060,1000,0,940.0,0.0,1000,940.0
2026-08-04,989J,元大彰化,710068,1000,0,600.0,0.0,1000,600.0
2026-08-04,989J,元大彰化,710069,1000,0,580.0,0.0,1000,580.0
2026-08-04,989J,元大彰化,710073,1000,0,860.0,0.0,1000,860.0
2026-08-04,989J,元大彰化,711305,1000,1000,1720.0,1720.0,0,0.0
2026-08-04,989J,元大彰化,733471,1000,2000,1200.0,2390.0,-1000,-1190.0
2026-08-04,989J,元大彰化,739460,3000,0,5940.0,0.0,3000,5940.0
2026-08-04,989Q,元大汐止,03042T,1000,0,60.0,0.0,1000,60.0
2026-08-04,989Q,元大汐止,033644,0,1000,0.0,3210.0,-1000,-3210.0
2026-08-04,989Q,元大汐止,033853,0,5000,0.0,15000.0,-5000,-15000.0
2026-08-04,989Q,元大汐止,043522,0,200000,0.0,21000.0,-200000,-21000.0
2026-08-04,989Q,元大汐止,051666,10000,0,16200.0,0.0,10000,16200.0
2026-08-04,989Q,元大汐止,053528,20000,0,28000.0,0.0,20000,28000.0
2026-08-04,989Q,元大汐止,054705,25000,0,14750.0,0.0,25000,14750.0
2026-08-04,989Q,元大汐止,054781,0,1000,0.0,100.0,-1000,-100.0
2026-08-04,989Q,元大汐止,056232,20000,20000,22500.0,22600.0,0,-100.0
2026-08-04,989Q,元大汐止,057841,5000,26000,500.0,3380.0,-21000,-2880.0
2026-08-04,989Q,元大汐止,058231,0,1000,0.0,1920.0,-1000,-1920.0
2026-08-04,989Q,元大汐止,058657,0,6000,0.0,11940.0,-6000,-11940.0
2026-08-04,989Q,元大汐止,059007,0,199000,0.0,135320.0,-199000,-135320.0
2026-08-04,989Q,元大汐止,059454,0,20000,0.0,43000.0,-20000,-43000.0
2026-08-04,989Q,元大汐止,061043,20000,20000,15600.0,13400.0,0,2200.0
2026-08-04,989Q,元大汐止,061907,25000,0,8750.0,0.0,25000,8750.0
2026-08-04,989Q,元大汐止,062287,0,5000,0.0,2550.0,-5000,-2550.0
2026-08-04,989Q,元大汐止,062615,0,200000,0.0,178000.0,-200000,-178000.0
2026-08-04,989Q,元大汐止,062929,20000,0,19500.0,0.0,20000,19500.0
2026-08-04,989Q,元大汐止,063028,20000,0,40600.0,0.0,20000,40600.0
2026-08-04,989Q,元大汐止,064524,30000,0,31200.0,0.0,30000,31200.0
2026-08-04,989Q,元大汐止,064807,1000,0,420.0,0.0,1000,420.0
2026-08-04,989Q,元大汐止,065190,1000,0,450.0,0.0,1000,450.0
2026-08-04,989Q,元大汐止,065271,0,1000,0.0,250.0,-1000,-250.0
2026-08-04,989Q,元大汐止,065426,3000,0,990.0,0.0,3000,990.0
2026-08-04,989Q,元大汐止,066056,0,15000,0.0,37800.0,-15000,-37800.0
2026-08-04,989Q,元大汐止,066186,1000,10000,2500.0,23700.0,-9000,-21200.0
2026-08-04,989Q,元大汐止,066469,10000,0,6100.0,0.0,10000,6100.0
2026-08-04,989Q,元大汐止,066479,0,9000,0.0,16830.0,-9000,-16830.0
2026-08-04,989Q,元大汐止,066725,1000,0,1000.0,0.0,1000,1000.0
2026-08-04,989Q,元大汐止,066930,0,15000,0.0,7650.0,-15000,-7650.0
2026-08-04,989Q,元大汐止,067092,0,1000,0.0,1920.0,-1000,-1920.0
2026-08-04,989Q,元大汐止,067370,1000,0,1360.0,0.0,1000,1360.0
2026-08-04,989Q,元大汐止,067379,0,2000,0.0,6160.0,-2000,-6160.0
2026-08-04,989Q,元大汐止,067411,70000,0,44500.0,0.0,70000,44500.0
2026-08-04,989Q,元大汐止,067722,1000,0,4090.0,0.0,1000,4090.0
2026-08-04,989Q,元大汐止,067858,1000,0,1020.0,0.0,1000,1020.0
2026-08-04,989Q,元大汐止,067997,5000,0,3850.0,0.0,5000,3850.0
2026-08-04,989Q,元大汐止,068072,15000,0,9000.0,0.0,15000,9000.0
2026-08-04,989Q,元大汐止,068079,10000,0,8300.0,0.0,10000,8300.0
2026-08-04,989Q,元大汐止,068822,10000,0,9800.0,0.0,10000,9800.0
2026-08-04,989Q,元大汐止,068966,20000,0,5200.0,0.0,20000,5200.0
2026-08-04,989Q,元大汐止,069157,5000,0,5250.0,0.0,5000,5250.0
2026-08-04,989Q,元大汐止,069370,60000,0,54000.0,0.0,60000,54000.0
2026-08-04,989Q,元大汐止,069402,10000,0,13200.0,0.0,10000,13200.0
2026-08-04,989Q,元大汐止,069696,2000,0,740.0,0.0,2000,740.0
2026-08-04,989Q,元大汐止,069879,0,40000,0.0,133600.0,-40000,-133600.0
2026-08-04,989Q,元大汐止,069896,5000,0,4350.0,0.0,5000,4350.0
2026-08-04,989Q,元大汐止,070137,100000,100000,356000.0,281000.0,0,75000.0
2026-08-04,989Q,元大汐止,070246,0,5000,0.0,1600.0,-5000,-1600.0
2026-08-04,989Q,元大汐止,070272,10000,0,18000.0,0.0,10000,18000.0
2026-08-04,989Q,元大汐止,070318,0,10000,0.0,17200.0,-10000,-17200.0
2026-08-04,989Q,元大汐止,070472,0,2000,0.0,2400.0,-2000,-2400.0
2026-08-04,989Q,元大汐止,070782,30000,0,9900.0,0.0,30000,9900.0
2026-08-04,989Q,元大汐止,070878,0,200000,0.0,207000.0,-200000,-207000.0
2026-08-04,989Q,元大汐止,071254,2000,0,1880.0,0.0,2000,1880.0
2026-08-04,989Q,元大汐止,071419,0,15000,0.0,10950.0,-15000,-10950.0
2026-08-04,989Q,元大汐止,071429,1000,1000,860.0,860.0,0,0.0
2026-08-04,989Q,元大汐止,071779,0,82000,0.0,72980.0,-82000,-72980.0
2026-08-04,989Q,元大汐止,071889,0,30000,0.0,41100.0,-30000,-41100.0
2026-08-04,989Q,元大汐止,072002,0,1000,0.0,930.0,-1000,-930.0
2026-08-04,989Q,元大汐止,072703,0,2000,0.0,1100.0,-2000,-1100.0
2026-08-04,989Q,元大汐止,072995,0,200000,0.0,328000.0,-200000,-328000.0
2026-08-04,989Q,元大汐止,073133,15000,0,7800.0,0.0,15000,7800.0
2026-08-04,989Q,元大汐止,073248,2000,0,3000.0,0.0,2000,3000.0
2026-08-04,989Q,元大汐止,074422,0,1000,0.0,1520.0,-1000,-1520.0
2026-08-04,989Q,元大汐止,075323,1000,0,2600.0,0.0,1000,2600.0
2026-08-04,989Q,元大汐止,075456,200000,0,104000.0,0.0,200000,104000.0
2026-08-04,989Q,元大汐止,075602,0,200000,0.0,108000.0,-200000,-108000.0
2026-08-04,989Q,元大汐止,075716,6000,0,6740.0,0.0,6000,6740.0
2026-08-04,989Q,元大汐止,075827,99000,0,85140.0,0.0,99000,85140.0
2026-08-04,989Q,元大汐止,076767,0,9000,0.0,5850.0,-9000,-5850.0
2026-08-04,989Q,元大汐止,077481,10000,0,12000.0,0.0,10000,12000.0
2026-08-04,989Q,元大汐止,08826U,3000,0,3900.0,0.0,3000,3900.0
2026-08-04,989Q,元大汐止,08845U,3000,0,2370.0,0.0,3000,2370.0
2026-08-04,989Q,元大汐止,08852U,10000,0,4500.0,0.0,10000,4500.0
2026-08-04,989Q,元大汐止,703985,10000,0,16300.0,0.0,10000,16300.0
2026-08-04,989Q,元大汐止,705268,2000,0,530.0,0.0,2000,530.0
2026-08-04,989Q,元大汐止,705311,2000,0,440.0,0.0,2000,440.0
2026-08-04,989Q,元大汐止,705483,2000,0,800.0,0.0,2000,800.0
2026-08-04,989Q,元大汐止,706198,80000,0,13600.0,0.0,80000,13600.0
2026-08-04,989Q,元大汐止,706957,0,155000,0.0,192150.0,-155000,-192150.0
2026-08-04,989Q,元大汐止,707334,0,10000,0.0,16800.0,-10000,-16800.0
2026-08-04,989Q,元大汐止,708979,50000,0,23500.0,0.0,50000,23500.0
2026-08-04,989Q,元大汐止,709589,300000,0,87000.0,0.0,300000,87000.0
2026-08-04,989Q,元大汐止,709788,30000,0,12600.0,0.0,30000,12600.0
2026-08-04,989Q,元大汐止,710802,1000,0,360.0,0.0,1000,360.0
2026-08-04,989a,元大苑裡,03236T,0,170000,0.0,108800.0,-170000,-108800.0
2026-08-04,989a,元大苑裡,03678T,40000,0,64000.0,0.0,40000,64000.0
2026-08-04,989a,元大苑裡,057164,200000,0,115000.0,0.0,200000,115000.0
2026-08-04,989a,元大苑裡,059059,25000,0,18950.0,0.0,25000,18950.0
2026-08-04,989a,元大苑裡,060818,0,50000,0.0,5000.0,-50000,-5000.0
2026-08-04,989a,元大苑裡,063794,50000,0,9000.0,0.0,50000,9000.0
2026-08-04,989a,元大苑裡,065191,10000,0,12700.0,0.0,10000,12700.0
2026-08-04,989a,元大苑裡,065424,0,2000,0.0,2540.0,-2000,-2540.0
2026-08-04,989a,元大苑裡,066867,20000,0,17400.0,0.0,20000,17400.0
2026-08-04,989a,元大苑裡,067050,5000,5000,6050.0,5850.0,0,200.0
2026-08-04,989a,元大苑裡,067441,0,82000,0.0,70850.0,-82000,-70850.0
2026-08-04,989a,元大苑裡,067814,100000,0,146900.0,0.0,100000,146900.0
2026-08-04,989a,元大苑裡,067819,0,100000,0.0,83000.0,-100000,-83000.0
2026-08-04,989a,元大苑裡,067857,1000,0,1000.0,0.0,1000,1000.0
2026-08-04,989a,元大苑裡,069313,30000,0,5400.0,0.0,30000,5400.0
2026-08-04,989a,元大苑裡,072014,60000,0,143600.0,0.0,60000,143600.0
2026-08-04,989a,元大苑裡,072734,0,11000,0.0,15400.0,-11000,-15400.0
2026-08-04,989a,元大苑裡,073677,0,1000,0.0,1050.0,-1000,-1050.0
2026-08-04,989a,元大苑裡,077906,0,5000,0.0,5650.0,-5000,-5650.0
2026-08-04,989a,元大苑裡,078342,0,20000,0.0,40200.0,-20000,-40200.0
2026-08-04,989a,元大苑裡,704507,0,3000,0.0,4290.0,-3000,-4290.0
2026-08-04,989a,元大苑裡,705758,0,2000,0.0,4120.0,-2000,-4120.0
2026-08-04,989a,元大苑裡,706354,5000,0,3550.0,0.0,5000,3550.0
2026-08-04,989a,元大苑裡,707735,1000,0,650.0,0.0,1000,650.0
2026-08-04,989a,元大苑裡,708073,8000,0,11760.0,0.0,8000,11760.0
2026-08-04,989a,元大苑裡,708090,0,3000,0.0,11700.0,-3000,-11700.0
2026-08-04,989a,元大苑裡,708463,0,10000,0.0,9400.0,-10000,-9400.0
2026-08-04,989a,元大苑裡,708470,0,46000,0.0,209300.0,-46000,-209300.0
2026-08-04,989a,元大苑裡,708532,0,50000,0.0,86500.0,-50000,-86500.0
2026-08-04,989a,元大苑裡,709530,0,7000,0.0,13300.0,-7000,-13300.0
2026-08-04,989a,元大苑裡,709619,11000,0,15310.0,0.0,11000,15310.0
2026-08-04,989f,元大東港,03248T,20000,0,16000.0,0.0,20000,16000.0
2026-08-04,989f,元大東港,033570,0,10000,0.0,30500.0,-10000,-30500.0
2026-08-04,989f,元大東港,036842,0,17000,0.0,18700.0,-17000,-18700.0
2026-08-04,989f,元大東港,043355,0,10000,0.0,1200.0,-10000,-1200.0
2026-08-04,989f,元大東港,054703,0,2000,0.0,9760.0,-2000,-9760.0
2026-08-04,989f,元大東港,056852,10000,0,22000.0,0.0,10000,22000.0
2026-08-04,989f,元大東港,058762,0,1000,0.0,1790.0,-1000,-1790.0
2026-08-04,989f,元大東港,059035,0,81000,0.0,77150.0,-81000,-77150.0
2026-08-04,989f,元大東港,059073,0,25000,0.0,4000.0,-25000,-4000.0
2026-08-04,989f,元大東港,059238,0,1000,0.0,910.0,-1000,-910.0
2026-08-04,989f,元大東港,059671,1000,0,880.0,0.0,1000,880.0
2026-08-04,989f,元大東港,059759,3000,0,4110.0,0.0,3000,4110.0
2026-08-04,989f,元大東港,063435,0,14000,0.0,22540.0,-14000,-22540.0
2026-08-04,989f,元大東港,063451,10000,0,3600.0,0.0,10000,3600.0
2026-08-04,989f,元大東港,063573,0,2000,0.0,2300.0,-2000,-2300.0
2026-08-04,989f,元大東港,063903,20000,0,35400.0,0.0,20000,35400.0
2026-08-04,989f,元大東港,065426,10000,0,3600.0,0.0,10000,3600.0
2026-08-04,989f,元大東港,065743,0,2000,0.0,2540.0,-2000,-2540.0
2026-08-04,989f,元大東港,065853,1000,0,3600.0,0.0,1000,3600.0
2026-08-04,989f,元大東港,066883,2000,0,5680.0,0.0,2000,5680.0
2026-08-04,989f,元大東港,066925,1000,0,1090.0,0.0,1000,1090.0
2026-08-04,989f,元大東港,066998,1000,0,550.0,0.0,1000,550.0
2026-08-04,989f,元大東港,068207,0,1000,0.0,1690.0,-1000,-1690.0
2026-08-04,989f,元大東港,068212,0,2000,0.0,2580.0,-2000,-2580.0
2026-08-04,989f,元大東港,068619,3000,0,1080.0,0.0,3000,1080.0
2026-08-04,989f,元大東港,069721,1000,0,1250.0,0.0,1000,1250.0
2026-08-04,989f,元大東港,070472,0,37000,0.0,38110.0,-37000,-38110.0
2026-08-04,989f,元大東港,071299,0,40000,0.0,23200.0,-40000,-23200.0
2026-08-04,989f,元大東港,072513,0,1000,0.0,550.0,-1000,-550.0
2026-08-04,989f,元大東港,074253,0,1000,0.0,550.0,-1000,-550.0
2026-08-04,989f,元大東港,076163,0,28000,0.0,35200.0,-28000,-35200.0
2026-08-04,989f,元大東港,076434,0,3000,0.0,3960.0,-3000,-3960.0
2026-08-04,989f,元大東港,076672,3000,5000,6870.0,11200.0,-2000,-4330.0
2026-08-04,989f,元大東港,077108,2000,0,2860.0,0.0,2000,2860.0
2026-08-04,989f,元大東港,077470,80000,0,57600.0,0.0,80000,57600.0
2026-08-04,989f,元大東港,077902,3000,2000,4230.0,2780.0,1000,1450.0
2026-08-04,989f,元大東港,078202,25000,25000,41500.0,41500.0,0,0.0
2026-08-04,989f,元大東港,087678,0,1000,0.0,160.0,-1000,-160.0
2026-08-04,989f,元大東港,700904,6000,0,21000.0,0.0,6000,21000.0
2026-08-04,989f,元大東港,704388,0,4000,0.0,12920.0,-4000,-12920.0
2026-08-04,989f,元大東港,706890,0,7000,0.0,910.0,-7000,-910.0
2026-08-04,989f,元大東港,709126,0,2000,0.0,2480.0,-2000,-2480.0
2026-08-04,989f,元大東港,710611,3000,0,4530.0,0.0,3000,4530.0
2026-08-04,989f,元大東港,734287,0,5000,0.0,9500.0,-5000,-9500.0
2026-08-04,989f,元大東港,736479,0,11000,0.0,9680.0,-11000,-9680.0
2026-08-04,9A9P,永豐竹北,03272T,59000,80000,4720.0,7200.0,-21000,-2480.0
2026-08-04,9A9P,永豐竹北,03278T,100000,0,13000.0,0.0,100000,13000.0
2026-08-04,9A9P,永豐竹北,03339T,18000,0,11340.0,0.0,18000,11340.0
2026-08-04,9A9P,永豐竹北,03396T,40000,0,37600.0,0.0,40000,37600.0
2026-08-04,9A9P,永豐竹北,03502T,0,30000,0.0,30000.0,-30000,-30000.0
2026-08-04,9A9P,永豐竹北,03734B,0,10000,0.0,12400.0,-10000,-12400.0
2026-08-04,9A9P,永豐竹北,038317,0,1000,0.0,3410.0,-1000,-3410.0
2026-08-04,9A9P,永豐竹北,041232,0,5000,0.0,3350.0,-5000,-3350.0
2026-08-04,9A9P,永豐竹北,042255,1000,1000,2300.0,2300.0,0,0.0
2026-08-04,9A9P,永豐竹北,044796,0,29000,0.0,37410.0,-29000,-37410.0
2026-08-04,9A9P,永豐竹北,045565,1000,1000,90.0,90.0,0,0.0
2026-08-04,9A9P,永豐竹北,049713,2000,0,3660.0,0.0,2000,3660.0
2026-08-04,9A9P,永豐竹北,049899,0,5000,0.0,14150.0,-5000,-14150.0
2026-08-04,9A9P,永豐竹北,052191,4000,0,2860.0,0.0,4000,2860.0
2026-08-04,9A9P,永豐竹北,053534,5000,0,2150.0,0.0,5000,2150.0
2026-08-04,9A9P,永豐竹北,053735,70000,0,27700.0,0.0,70000,27700.0
2026-08-04,9A9P,永豐竹北,053838,0,20000,0.0,86800.0,-20000,-86800.0
2026-08-04,9A9P,永豐竹北,054694,0,3000,0.0,2340.0,-3000,-2340.0
2026-08-04,9A9P,永豐竹北,054945,120000,0,146630.0,0.0,120000,146630.0
2026-08-04,9A9P,永豐竹北,055120,1000,1000,6800.0,6800.0,0,0.0
2026-08-04,9A9P,永豐竹北,055214,0,1000,0.0,6700.0,-1000,-6700.0
2026-08-04,9A9P,永豐竹北,055417,99000,0,36600.0,0.0,99000,36600.0
2026-08-04,9A9P,永豐竹北,056578,10000,0,39900.0,0.0,10000,39900.0
2026-08-04,9A9P,永豐竹北,057216,2000,0,6830.0,0.0,2000,6830.0
2026-08-04,9A9P,永豐竹北,057492,0,88000,0.0,704000.0,-88000,-704000.0
2026-08-04,9A9P,永豐竹北,057748,37000,0,18660.0,0.0,37000,18660.0
2026-08-04,9A9P,永豐竹北,057961,10000,0,3700.0,0.0,10000,3700.0
2026-08-04,9A9P,永豐竹北,058231,2000,0,3860.0,0.0,2000,3860.0
2026-08-04,9A9P,永豐竹北,058539,5000,0,5500.0,0.0,5000,5500.0
2026-08-04,9A9P,永豐竹北,058560,180000,0,345600.0,0.0,180000,345600.0
2026-08-04,9A9P,永豐竹北,058807,10000,0,6700.0,0.0,10000,6700.0
2026-08-04,9A9P,永豐竹北,059073,50000,0,8500.0,0.0,50000,8500.0
2026-08-04,9A9P,永豐竹北,059796,10000,0,5800.0,0.0,10000,5800.0
2026-08-04,9A9P,永豐竹北,060532,1000,0,280.0,0.0,1000,280.0
2026-08-04,9A9P,永豐竹北,060574,0,300000,0.0,146000.0,-300000,-146000.0
2026-08-04,9A9P,永豐竹北,060907,190000,0,51300.0,0.0,190000,51300.0
2026-08-04,9A9P,永豐竹北,061015,0,30000,0.0,16200.0,-30000,-16200.0
2026-08-04,9A9P,永豐竹北,061137,450000,0,111600.0,0.0,450000,111600.0
2026-08-04,9A9P,永豐竹北,061391,1000,0,690.0,0.0,1000,690.0
2026-08-04,9A9P,永豐竹北,061462,0,2000,0.0,3750.0,-2000,-3750.0
2026-08-04,9A9P,永豐竹北,061778,2000,0,460.0,0.0,2000,460.0
2026-08-04,9A9P,永豐竹北,061822,350000,0,33000.0,0.0,350000,33000.0
2026-08-04,9A9P,永豐竹北,063344,2000,0,720.0,0.0,2000,720.0
2026-08-04,9A9P,永豐竹北,063492,2000,0,460.0,0.0,2000,460.0
2026-08-04,9A9P,永豐竹北,063502,30000,0,19500.0,0.0,30000,19500.0
2026-08-04,9A9P,永豐竹北,063505,0,50000,0.0,42500.0,-50000,-42500.0
2026-08-04,9A9P,永豐竹北,063661,100000,0,1665000.0,0.0,100000,1665000.0
2026-08-04,9A9P,永豐竹北,064187,0,40000,0.0,28800.0,-40000,-28800.0
2026-08-04,9A9P,永豐竹北,064384,80000,0,36000.0,0.0,80000,36000.0
2026-08-04,9A9P,永豐竹北,064389,0,2000,0.0,19000.0,-2000,-19000.0
2026-08-04,9A9P,永豐竹北,065364,10000,0,53500.0,0.0,10000,53500.0
2026-08-04,9A9P,永豐竹北,065371,45000,0,54100.0,0.0,45000,54100.0
2026-08-04,9A9P,永豐竹北,065432,0,40000,0.0,105200.0,-40000,-105200.0
2026-08-04,9A9P,永豐竹北,065467,0,10000,0.0,31100.0,-10000,-31100.0
2026-08-04,9A9P,永豐竹北,065480,0,59000,0.0,135110.0,-59000,-135110.0
2026-08-04,9A9P,永豐竹北,065509,0,30000,0.0,139800.0,-30000,-139800.0
2026-08-04,9A9P,永豐竹北,065510,0,20000,0.0,89600.0,-20000,-89600.0
2026-08-04,9A9P,永豐竹北,065513,0,30000,0.0,97200.0,-30000,-97200.0
2026-08-04,9A9P,永豐竹北,065552,0,10000,0.0,22100.0,-10000,-22100.0
2026-08-04,9A9P,永豐竹北,065553,100000,0,105000.0,0.0,100000,105000.0
2026-08-04,9A9P,永豐竹北,066043,200000,0,601000.0,0.0,200000,601000.0
2026-08-04,9A9P,永豐竹北,066146,150000,170000,610500.0,705800.0,-20000,-95300.0
2026-08-04,9A9P,永豐竹北,066173,0,100000,0.0,262000.0,-100000,-262000.0
2026-08-04,9A9P,永豐竹北,066174,0,30000,0.0,94800.0,-30000,-94800.0
2026-08-04,9A9P,永豐竹北,066175,0,90000,0.0,238950.0,-90000,-238950.0
2026-08-04,9A9P,永豐竹北,066286,0,110000,0.0,377300.0,-110000,-377300.0
2026-08-04,9A9P,永豐竹北,066555,3000,0,34500.0,0.0,3000,34500.0
2026-08-04,9A9P,永豐竹北,066590,0,100000,0.0,72620.0,-100000,-72620.0
2026-08-04,9A9P,永豐竹北,066664,0,50000,0.0,62500.0,-50000,-62500.0
2026-08-04,9A9P,永豐竹北,066780,20000,0,14500.0,0.0,20000,14500.0
2026-08-04,9A9P,永豐竹北,066818,10000,0,54500.0,0.0,10000,54500.0
2026-08-04,9A9P,永豐竹北,066819,3000,0,9180.0,0.0,3000,9180.0
2026-08-04,9A9P,永豐竹北,067203,0,3000,0.0,7980.0,-3000,-7980.0
2026-08-04,9A9P,永豐竹北,067300,0,30000,0.0,18900.0,-30000,-18900.0
2026-08-04,9A9P,永豐竹北,067411,75000,0,49500.0,0.0,75000,49500.0
2026-08-04,9A9P,永豐竹北,067516,20000,0,20200.0,0.0,20000,20200.0
2026-08-04,9A9P,永豐竹北,067814,50000,50000,82000.0,76000.0,0,6000.0
2026-08-04,9A9P,永豐竹北,067885,0,10000,0.0,21060.0,-10000,-21060.0
2026-08-04,9A9P,永豐竹北,067942,10000,0,19900.0,0.0,10000,19900.0
2026-08-04,9A9P,永豐竹北,068002,82000,0,84680.0,0.0,82000,84680.0
2026-08-04,9A9P,永豐竹北,068508,0,100000,0.0,75500.0,-100000,-75500.0
2026-08-04,9A9P,永豐竹北,068532,75000,0,160500.0,0.0,75000,160500.0
2026-08-04,9A9P,永豐竹北,068782,0,180000,0.0,133200.0,-180000,-133200.0
2026-08-04,9A9P,永豐竹北,068885,30000,0,71350.0,0.0,30000,71350.0
2026-08-04,9A9P,永豐竹北,068966,20000,0,5000.0,0.0,20000,5000.0
2026-08-04,9A9P,永豐竹北,069289,0,46000,0.0,18400.0,-46000,-18400.0
2026-08-04,9A9P,永豐竹北,069354,0,8000,0.0,11520.0,-8000,-11520.0
2026-08-04,9A9P,永豐竹北,070850,0,195000,0.0,120900.0,-195000,-120900.0
2026-08-04,9A9P,永豐竹北,071037,0,90000,0.0,72300.0,-90000,-72300.0
2026-08-04,9A9P,永豐竹北,071672,10000,0,18700.0,0.0,10000,18700.0
2026-08-04,9A9P,永豐竹北,072525,39000,0,6240.0,0.0,39000,6240.0
2026-08-04,9A9P,永豐竹北,072570,1000,0,390.0,0.0,1000,390.0
2026-08-04,9A9P,永豐竹北,072918,1000,1000,280.0,280.0,0,0.0
2026-08-04,9A9P,永豐竹北,073003,100000,108000,54000.0,61560.0,-8000,-7560.0
2026-08-04,9A9P,永豐竹北,073982,0,1000,0.0,640.0,-1000,-640.0
2026-08-04,9A9P,永豐竹北,074925,0,150000,0.0,125500.0,-150000,-125500.0
2026-08-04,9A9P,永豐竹北,075166,150000,0,164500.0,0.0,150000,164500.0
2026-08-04,9A9P,永豐竹北,075263,170000,0,197200.0,0.0,170000,197200.0
2026-08-04,9A9P,永豐竹北,075309,80000,0,86560.0,0.0,80000,86560.0
2026-08-04,9A9P,永豐竹北,075509,118000,0,321180.0,0.0,118000,321180.0
2026-08-04,9A9P,永豐竹北,075716,180000,0,206300.0,0.0,180000,206300.0
2026-08-04,9A9P,永豐竹北,075763,4000,0,3280.0,0.0,4000,3280.0
2026-08-04,9A9P,永豐竹北,075959,50000,0,39500.0,0.0,50000,39500.0
2026-08-04,9A9P,永豐竹北,076213,100000,0,82000.0,0.0,100000,82000.0
2026-08-04,9A9P,永豐竹北,076515,90000,0,109800.0,0.0,90000,109800.0
2026-08-04,9A9P,永豐竹北,076713,10000,0,19000.0,0.0,10000,19000.0
2026-08-04,9A9P,永豐竹北,076746,100000,0,133000.0,0.0,100000,133000.0
2026-08-04,9A9P,永豐竹北,077630,0,200000,0.0,148000.0,-200000,-148000.0
2026-08-04,9A9P,永豐竹北,077786,13000,20000,12270.0,18820.0,-7000,-6550.0
2026-08-04,9A9P,永豐竹北,078130,100000,0,62000.0,0.0,100000,62000.0
2026-08-04,9A9P,永豐竹北,078596,33000,0,66330.0,0.0,33000,66330.0
2026-08-04,9A9P,永豐竹北,08855U,100000,0,62000.0,0.0,100000,62000.0
2026-08-04,9A9P,永豐竹北,08976U,10000,0,7800.0,0.0,10000,7800.0
2026-08-04,9A9P,永豐金竹北,701422,1000,0,410.0,0.0,1000,410.0
2026-08-04,9A9P,永豐金竹北,703767,69000,0,23460.0,0.0,69000,23460.0
2026-08-04,9A9P,永豐金竹北,704029,2000,0,3000.0,0.0,2000,3000.0
2026-08-04,9A9P,永豐金竹北,704207,2000,0,5200.0,0.0,2000,5200.0
2026-08-04,9A9P,永豐金竹北,704748,10000,0,7200.0,0.0,10000,7200.0
2026-08-04,9A9P,永豐金竹北,705248,10000,0,1200.0,0.0,10000,1200.0
2026-08-04,9A9P,永豐金竹北,705447,2000,0,5260.0,0.0,2000,5260.0
2026-08-04,9A9P,永豐金竹北,705649,1000,1000,7800.0,7800.0,0,0.0
2026-08-04,9A9P,永豐金竹北,706920,20000,0,17400.0,0.0,20000,17400.0
2026-08-04,9A9P,永豐金竹北,707124,30000,0,41700.0,0.0,30000,41700.0
2026-08-04,9A9P,永豐金竹北,707309,0,2000,0.0,1060.0,-2000,-1060.0
2026-08-04,9A9P,永豐金竹北,707313,2000,0,3720.0,0.0,2000,3720.0
2026-08-04,9A9P,永豐金竹北,707471,3000,0,1110.0,0.0,3000,1110.0
2026-08-04,9A9P,永豐金竹北,707924,200000,0,23000.0,0.0,200000,23000.0
2026-08-04,9A9P,永豐金竹北,708023,50000,0,7000.0,0.0,50000,7000.0
2026-08-04,9A9P,永豐金竹北,708352,5000,0,3900.0,0.0,5000,3900.0
2026-08-04,9A9P,永豐金竹北,708517,4000,0,660.0,0.0,4000,660.0
2026-08-04,9A9P,永豐金竹北,708519,2000,0,550.0,0.0,2000,550.0
2026-08-04,9A9P,永豐金竹北,708857,95000,0,29450.0,0.0,95000,29450.0
2026-08-04,9A9P,永豐金竹北,709166,60000,0,18600.0,0.0,60000,18600.0
2026-08-04,9A9P,永豐金竹北,709312,10000,0,2600.0,0.0,10000,2600.0
2026-08-04,9A9P,永豐金竹北,709688,20000,0,24400.0,0.0,20000,24400.0
2026-08-04,9A9P,永豐金竹北,709845,15000,0,7000.0,0.0,15000,7000.0
2026-08-04,9A9P,永豐金竹北,711591,20000,0,36700.0,0.0,20000,36700.0
2026-08-04,9A9P,永豐金竹北,711602,150000,0,59000.0,0.0,150000,59000.0
2026-08-04,9A9P,永豐金竹北,711812,0,200000,0.0,192000.0,-200000,-192000.0
2026-08-04,9A9P,永豐金竹北,711881,0,20000,0.0,28600.0,-20000,-28600.0
2026-08-04,9A9P,永豐金竹北,711885,0,3000,0.0,4260.0,-3000,-4260.0
2026-08-04,9A9P,永豐金竹北,72858U,20000,0,20400.0,0.0,20000,20400.0
2026-08-04,9A9P,永豐金竹北,733460,12000,0,12840.0,0.0,12000,12840.0
2026-08-04,9A9R,永豐信義,032956,0,1000,0.0,3600.0,-1000,-3600.0
2026-08-04,9A9R,永豐信義,036295,0,2000,0.0,7000.0,-2000,-7000.0
2026-08-04,9A9R,永豐信義,03665T,0,78000,0.0,139620.0,-78000,-139620.0
2026-08-04,9A9R,永豐信義,03670T,0,40000,0.0,48000.0,-40000,-48000.0
2026-08-04,9A9R,永豐信義,045797,0,1000,0.0,3330.0,-1000,-3330.0
2026-08-04,9A9R,永豐信義,048039,0,2000,0.0,3630.0,-2000,-3630.0
2026-08-04,9A9R,永豐信義,054480,30000,0,30300.0,0.0,30000,30300.0
2026-08-04,9A9R,永豐信義,055652,10000,0,400.0,0.0,10000,400.0
2026-08-04,9A9R,永豐信義,056864,0,268000,0.0,378420.0,-268000,-378420.0
2026-08-04,9A9R,永豐信義,059983,30000,0,15900.0,0.0,30000,15900.0
2026-08-04,9A9R,永豐信義,064933,30000,0,7200.0,0.0,30000,7200.0
2026-08-04,9A9R,永豐信義,065125,30000,0,5100.0,0.0,30000,5100.0
2026-08-04,9A9R,永豐信義,065183,0,1000,0.0,1640.0,-1000,-1640.0
2026-08-04,9A9R,永豐信義,067997,10000,0,7700.0,0.0,10000,7700.0
2026-08-04,9A9R,永豐信義,068993,300000,0,531000.0,0.0,300000,531000.0
2026-08-04,9A9R,永豐信義,070489,0,6000,0.0,6840.0,-6000,-6840.0
2026-08-04,9A9R,永豐信義,071459,10000,0,5300.0,0.0,10000,5300.0
2026-08-04,9A9R,永豐信義,071589,1350000,0,1089500.0,0.0,1350000,1089500.0
2026-08-04,9A9R,永豐信義,072665,70000,0,12700.0,0.0,70000,12700.0
2026-08-04,9A9R,永豐信義,072742,0,168000,0.0,156240.0,-168000,-156240.0
2026-08-04,9A9R,永豐信義,073565,10000,0,12800.0,0.0,10000,12800.0
2026-08-04,9A9R,永豐金信義,707757,0,8000,0.0,4960.0,-8000,-4960.0
2026-08-04,9A9R,永豐金信義,72889U,0,35000,0.0,29750.0,-35000,-29750.0
2026-08-04,9A9R,永豐金信義,72891U,0,30000,0.0,59100.0,-30000,-59100.0
2026-08-04,9A9W,永豐市政,030573,5000,0,11500.0,0.0,5000,11500.0
2026-08-04,9A9W,永豐市政,03110T,20000,0,4800.0,0.0,20000,4800.0
2026-08-04,9A9W,永豐市政,03142T,0,1000,0.0,260.0,-1000,-260.0
2026-08-04,9A9W,永豐市政,03272T,0,5000,0.0,350.0,-5000,-350.0
2026-08-04,9A9W,永豐市政,03306T,0,40000,0.0,57200.0,-40000,-57200.0
2026-08-04,9A9W,永豐市政,033556,1000,0,1570.0,0.0,1000,1570.0
2026-08-04,9A9W,永豐市政,033665,0,1000,0.0,390.0,-1000,-390.0
2026-08-04,9A9W,永豐市政,03468T,10000,0,7800.0,0.0,10000,7800.0
2026-08-04,9A9W,永豐市政,03478T,17000,0,16150.0,0.0,17000,16150.0
2026-08-04,9A9W,永豐市政,03537T,3000,0,2140.0,0.0,3000,2140.0
2026-08-04,9A9W,永豐市政,03599T,5000,0,7900.0,0.0,5000,7900.0
2026-08-04,9A9W,永豐市政,037044,0,1000,0.0,7500.0,-1000,-7500.0
2026-08-04,9A9W,永豐市政,03704T,1000,0,1060.0,0.0,1000,1060.0
2026-08-04,9A9W,永豐市政,03715T,0,10000,0.0,15600.0,-10000,-15600.0
2026-08-04,9A9W,永豐市政,03732B,1000,0,800.0,0.0,1000,800.0
2026-08-04,9A9W,永豐市政,03734B,9000,0,11070.0,0.0,9000,11070.0
2026-08-04,9A9W,永豐市政,03737B,2000,3000,2260.0,3600.0,-1000,-1340.0
2026-08-04,9A9W,永豐市政,037988,0,10000,0.0,24300.0,-10000,-24300.0
2026-08-04,9A9W,永豐市政,03802T,0,10000,0.0,34700.0,-10000,-34700.0
2026-08-04,9A9W,永豐市政,038848,0,20000,0.0,12500.0,-20000,-12500.0
2026-08-04,9A9W,永豐市政,04001T,1000,0,1140.0,0.0,1000,1140.0
2026-08-04,9A9W,永豐市政,043891,0,1000,0.0,3430.0,-1000,-3430.0
2026-08-04,9A9W,永豐市政,044796,1000,0,1290.0,0.0,1000,1290.0
2026-08-04,9A9W,永豐市政,045132,0,21000,0.0,62740.0,-21000,-62740.0
2026-08-04,9A9W,永豐市政,046379,0,2000,0.0,1640.0,-2000,-1640.0
2026-08-04,9A9W,永豐市政,046802,3000,0,8160.0,0.0,3000,8160.0
2026-08-04,9A9W,永豐市政,048360,0,1000,0.0,1770.0,-1000,-1770.0
2026-08-04,9A9W,永豐市政,049414,0,1000,0.0,1580.0,-1000,-1580.0
2026-08-04,9A9W,永豐市政,051694,0,1000,0.0,950.0,-1000,-950.0
2026-08-04,9A9W,永豐市政,051800,10000,0,27000.0,0.0,10000,27000.0
2026-08-04,9A9W,永豐市政,052214,10000,0,5900.0,0.0,10000,5900.0
2026-08-04,9A9W,永豐市政,052547,0,5000,0.0,1860.0,-5000,-1860.0
2026-08-04,9A9W,永豐市政,052685,0,1000,0.0,550.0,-1000,-550.0
2026-08-04,9A9W,永豐市政,052786,500000,0,360000.0,0.0,500000,360000.0
2026-08-04,9A9W,永豐市政,053004,0,1000,0.0,6800.0,-1000,-6800.0
2026-08-04,9A9W,永豐市政,053085,0,1000,0.0,950.0,-1000,-950.0
2026-08-04,9A9W,永豐市政,053341,10000,0,2300.0,0.0,10000,2300.0
2026-08-04,9A9W,永豐市政,053880,0,1000,0.0,14300.0,-1000,-14300.0
2026-08-04,9A9W,永豐市政,054483,1000,0,2320.0,0.0,1000,2320.0
2026-08-04,9A9W,永豐市政,054634,0,20000,0.0,69200.0,-20000,-69200.0
2026-08-04,9A9W,永豐市政,055342,1000,0,2570.0,0.0,1000,2570.0
2026-08-04,9A9W,永豐市政,055662,0,50000,0.0,29500.0,-50000,-29500.0
2026-08-04,9A9W,永豐市政,056059,0,1000,0.0,940.0,-1000,-940.0
2026-08-04,9A9W,永豐市政,056635,10000,0,22800.0,0.0,10000,22800.0
2026-08-04,9A9W,永豐市政,057101,1000,0,2150.0,0.0,1000,2150.0
2026-08-04,9A9W,永豐市政,057153,1000,0,900.0,0.0,1000,900.0
2026-08-04,9A9W,永豐市政,057492,10000,0,83000.0,0.0,10000,83000.0
2026-08-04,9A9W,永豐市政,057764,0,1000,0.0,1550.0,-1000,-1550.0
2026-08-04,9A9W,永豐市政,057905,20000,0,47800.0,0.0,20000,47800.0
2026-08-04,9A9W,永豐市政,057916,0,2000,0.0,1380.0,-2000,-1380.0
2026-08-04,9A9W,永豐市政,058019,10000,0,10600.0,0.0,10000,10600.0
2026-08-04,9A9W,永豐市政,058161,1000,0,900.0,0.0,1000,900.0
2026-08-04,9A9W,永豐市政,058224,0,20000,0.0,2200.0,-20000,-2200.0
2026-08-04,9A9W,永豐市政,058497,90000,0,127000.0,0.0,90000,127000.0
2026-08-04,9A9W,永豐市政,058500,200000,0,432000.0,0.0,200000,432000.0
2026-08-04,9A9W,永豐市政,058548,10000,0,9700.0,0.0,10000,9700.0
2026-08-04,9A9W,永豐市政,059033,0,3000,0.0,8670.0,-3000,-8670.0
2026-08-04,9A9W,永豐市政,059080,3000,0,4410.0,0.0,3000,4410.0
2026-08-04,9A9W,永豐市政,059121,0,47000,0.0,37600.0,-47000,-37600.0
2026-08-04,9A9W,永豐市政,059195,0,230000,0.0,146740.0,-230000,-146740.0
2026-08-04,9A9W,永豐市政,059373,20000,0,57000.0,0.0,20000,57000.0
2026-08-04,9A9W,永豐市政,059456,0,1000,0.0,1950.0,-1000,-1950.0
2026-08-04,9A9W,永豐市政,059500,0,10000,0.0,13000.0,-10000,-13000.0
2026-08-04,9A9W,永豐市政,059552,10000,0,22200.0,0.0,10000,22200.0
2026-08-04,9A9W,永豐市政,059605,10000,0,45600.0,0.0,10000,45600.0
2026-08-04,9A9W,永豐市政,059653,1000,0,1120.0,0.0,1000,1120.0
2026-08-04,9A9W,永豐市政,059859,0,1000,0.0,1290.0,-1000,-1290.0
2026-08-04,9A9W,永豐市政,060073,0,1000,0.0,4000.0,-1000,-4000.0
2026-08-04,9A9W,永豐市政,060776,0,4000,0.0,8800.0,-4000,-8800.0
2026-08-04,9A9W,永豐市政,061054,0,50000,0.0,7720.0,-50000,-7720.0
2026-08-04,9A9W,永豐市政,061075,5000,6000,11400.0,15440.0,-1000,-4040.0
2026-08-04,9A9W,永豐市政,061089,0,1000,0.0,430.0,-1000,-430.0
2026-08-04,9A9W,永豐市政,061128,1000,0,1200.0,0.0,1000,1200.0
2026-08-04,9A9W,永豐市政,061274,0,10000,0.0,4200.0,-10000,-4200.0
2026-08-04,9A9W,永豐市政,061758,20000,0,5900.0,0.0,20000,5900.0
2026-08-04,9A9W,永豐市政,061904,0,30000,0.0,1200.0,-30000,-1200.0
2026-08-04,9A9W,永豐市政,061923,0,20000,0.0,57000.0,-20000,-57000.0
2026-08-04,9A9W,永豐市政,061956,0,1000,0.0,170.0,-1000,-170.0
2026-08-04,9A9W,永豐市政,061962,0,1000,0.0,290.0,-1000,-290.0
2026-08-04,9A9W,永豐市政,062014,0,30000,0.0,87900.0,-30000,-87900.0
2026-08-04,9A9W,永豐市政,062647,0,1000,0.0,730.0,-1000,-730.0
2026-08-04,9A9W,永豐市政,062702,25000,0,16750.0,0.0,25000,16750.0
2026-08-04,9A9W,永豐市政,062887,2000,0,1400.0,0.0,2000,1400.0
2026-08-04,9A9W,永豐市政,063001,10000,0,27400.0,0.0,10000,27400.0
2026-08-04,9A9W,永豐市政,063084,22000,0,40000.0,0.0,22000,40000.0
2026-08-04,9A9W,永豐市政,063087,6000,0,2700.0,0.0,6000,2700.0
2026-08-04,9A9W,永豐市政,063405,2000,0,1360.0,0.0,2000,1360.0
2026-08-04,9A9W,永豐市政,063442,1000,0,2350.0,0.0,1000,2350.0
2026-08-04,9A9W,永豐市政,063471,100000,0,79000.0,0.0,100000,79000.0
2026-08-04,9A9W,永豐市政,063805,15000,0,7500.0,0.0,15000,7500.0
2026-08-04,9A9W,永豐市政,063825,0,1000,0.0,500.0,-1000,-500.0
2026-08-04,9A9W,永豐市政,063926,10000,0,19700.0,0.0,10000,19700.0
2026-08-04,9A9W,永豐市政,063930,10000,0,29800.0,0.0,10000,29800.0
2026-08-04,9A9W,永豐市政,063956,0,3000,0.0,360.0,-3000,-360.0
2026-08-04,9A9W,永豐市政,064210,0,14000,0.0,17780.0,-14000,-17780.0
2026-08-04,9A9W,永豐市政,064741,26000,0,5460.0,0.0,26000,5460.0
2026-08-04,9A9W,永豐市政,064787,0,1000,0.0,770.0,-1000,-770.0
2026-08-04,9A9W,永豐市政,064836,0,1000,0.0,2630.0,-1000,-2630.0
2026-08-04,9A9W,永豐市政,065058,0,17000,0.0,8580.0,-17000,-8580.0
2026-08-04,9A9W,永豐市政,065190,0,1000,0.0,330.0,-1000,-330.0
2026-08-04,9A9W,永豐市政,065360,10000,0,31400.0,0.0,10000,31400.0
2026-08-04,9A9W,永豐市政,065452,8000,0,4470.0,0.0,8000,4470.0
2026-08-04,9A9W,永豐市政,065609,440000,0,217600.0,0.0,440000,217600.0
2026-08-04,9A9W,永豐市政,065636,0,1000,0.0,4960.0,-1000,-4960.0
2026-08-04,9A9W,永豐市政,065880,10000,0,36400.0,0.0,10000,36400.0
2026-08-04,9A9W,永豐市政,066077,0,10000,0.0,1700.0,-10000,-1700.0
2026-08-04,9A9W,永豐市政,066147,2000,0,3320.0,0.0,2000,3320.0
2026-08-04,9A9W,永豐市政,066287,65000,0,282100.0,0.0,65000,282100.0
2026-08-04,9A9W,永豐市政,066415,10000,1000,43900.0,4800.0,9000,39100.0
2026-08-04,9A9W,永豐市政,066549,1000,0,1280.0,0.0,1000,1280.0
2026-08-04,9A9W,永豐市政,066550,0,3000,0.0,2760.0,-3000,-2760.0
2026-08-04,9A9W,永豐市政,066591,475000,0,299000.0,0.0,475000,299000.0
2026-08-04,9A9W,永豐市政,066652,0,30000,0.0,92100.0,-30000,-92100.0
2026-08-04,9A9W,永豐市政,066653,10000,0,40500.0,0.0,10000,40500.0
2026-08-04,9A9W,永豐市政,066910,0,10000,0.0,6500.0,-10000,-6500.0
2026-08-04,9A9W,永豐市政,066941,3000,0,2040.0,0.0,3000,2040.0
2026-08-04,9A9W,永豐市政,067081,15000,0,11400.0,0.0,15000,11400.0
2026-08-04,9A9W,永豐市政,067147,20000,0,5600.0,0.0,20000,5600.0
2026-08-04,9A9W,永豐市政,067170,10000,0,10900.0,0.0,10000,10900.0
2026-08-04,9A9W,永豐市政,067208,10000,8000,2800.0,2160.0,2000,640.0
2026-08-04,9A9W,永豐市政,067409,0,1000,0.0,500.0,-1000,-500.0
2026-08-04,9A9W,永豐市政,067418,2000,0,3400.0,0.0,2000,3400.0
2026-08-04,9A9W,永豐市政,067462,20000,0,44800.0,0.0,20000,44800.0
2026-08-04,9A9W,永豐市政,067468,1000,0,6650.0,0.0,1000,6650.0
2026-08-04,9A9W,永豐市政,067569,5000,0,24000.0,0.0,5000,24000.0
2026-08-04,9A9W,永豐市政,067587,2000,0,3100.0,0.0,2000,3100.0
2026-08-04,9A9W,永豐市政,067596,1000,0,2190.0,0.0,1000,2190.0
2026-08-04,9A9W,永豐市政,067644,0,5000,0.0,5750.0,-5000,-5750.0
2026-08-04,9A9W,永豐市政,067660,0,20000,0.0,36500.0,-20000,-36500.0
2026-08-04,9A9W,永豐市政,067673,100000,0,99000.0,0.0,100000,99000.0
2026-08-04,9A9W,永豐市政,067679,3000,0,3850.0,0.0,3000,3850.0
2026-08-04,9A9W,永豐市政,067697,0,3000,0.0,1410.0,-3000,-1410.0
2026-08-04,9A9W,永豐市政,067714,3000,0,2430.0,0.0,3000,2430.0
2026-08-04,9A9W,永豐市政,067814,20000,0,30500.0,0.0,20000,30500.0
2026-08-04,9A9W,永豐市政,067828,5000,0,1800.0,0.0,5000,1800.0
2026-08-04,9A9W,永豐市政,067942,1000,0,2100.0,0.0,1000,2100.0
2026-08-04,9A9W,永豐市政,067943,1000,0,1110.0,0.0,1000,1110.0
2026-08-04,9A9W,永豐市政,068015,724000,0,499560.0,0.0,724000,499560.0
2026-08-04,9A9W,永豐市政,068024,2000,0,1580.0,0.0,2000,1580.0
2026-08-04,9A9W,永豐市政,068101,0,5000,0.0,3040.0,-5000,-3040.0
2026-08-04,9A9W,永豐市政,068114,1000,0,590.0,0.0,1000,590.0
2026-08-04,9A9W,永豐市政,068130,1000,0,400.0,0.0,1000,400.0
2026-08-04,9A9W,永豐市政,068243,0,10000,0.0,6000.0,-10000,-6000.0
2026-08-04,9A9W,永豐市政,068276,0,10000,0.0,6800.0,-10000,-6800.0
2026-08-04,9A9W,永豐市政,068386,10000,0,44600.0,0.0,10000,44600.0
2026-08-04,9A9W,永豐市政,068512,10000,0,83000.0,0.0,10000,83000.0
2026-08-04,9A9W,永豐市政,068583,5000,0,31750.0,0.0,5000,31750.0
2026-08-04,9A9W,永豐市政,068608,0,20000,0.0,13200.0,-20000,-13200.0
2026-08-04,9A9W,永豐市政,068613,15000,0,11100.0,0.0,15000,11100.0
2026-08-04,9A9W,永豐市政,068633,2000,0,2000.0,0.0,2000,2000.0
2026-08-04,9A9W,永豐市政,068679,450000,0,328500.0,0.0,450000,328500.0
2026-08-04,9A9W,永豐市政,068706,0,60000,0.0,42000.0,-60000,-42000.0
2026-08-04,9A9W,永豐市政,068770,0,2000,0.0,1740.0,-2000,-1740.0
2026-08-04,9A9W,永豐市政,068844,10000,0,22900.0,0.0,10000,22900.0
2026-08-04,9A9W,永豐市政,068992,10000,0,21100.0,0.0,10000,21100.0
2026-08-04,9A9W,永豐市政,069052,2000,0,2180.0,0.0,2000,2180.0
2026-08-04,9A9W,永豐市政,069084,1000,1000,350.0,350.0,0,0.0
2026-08-04,9A9W,永豐市政,069157,2000,0,2040.0,0.0,2000,2040.0
2026-08-04,9A9W,永豐市政,069257,50000,0,73200.0,0.0,50000,73200.0
2026-08-04,9A9W,永豐市政,069899,0,30000,0.0,10800.0,-30000,-10800.0
2026-08-04,9A9W,永豐市政,069944,0,2000,0.0,16000.0,-2000,-16000.0
2026-08-04,9A9W,永豐市政,070229,0,3000,0.0,480.0,-3000,-480.0
2026-08-04,9A9W,永豐市政,070256,2000,0,1280.0,0.0,2000,1280.0
2026-08-04,9A9W,永豐市政,070305,100000,0,78000.0,0.0,100000,78000.0
2026-08-04,9A9W,永豐市政,070314,1000,0,1170.0,0.0,1000,1170.0
2026-08-04,9A9W,永豐市政,070424,2000,0,1920.0,0.0,2000,1920.0
2026-08-04,9A9W,永豐市政,070497,20000,0,14800.0,0.0,20000,14800.0
2026-08-04,9A9W,永豐市政,070616,0,10000,0.0,5500.0,-10000,-5500.0
2026-08-04,9A9W,永豐市政,070806,0,1000,0.0,1640.0,-1000,-1640.0
2026-08-04,9A9W,永豐市政,070850,0,110000,0.0,68200.0,-110000,-68200.0
2026-08-04,9A9W,永豐市政,071015,30000,40000,14400.0,19200.0,-10000,-4800.0
2026-08-04,9A9W,永豐市政,071434,1000,0,350.0,0.0,1000,350.0
2026-08-04,9A9W,永豐市政,071442,25000,0,11250.0,0.0,25000,11250.0
2026-08-04,9A9W,永豐市政,071478,5000,0,24900.0,0.0,5000,24900.0
2026-08-04,9A9W,永豐市政,071822,1000,0,540.0,0.0,1000,540.0
2026-08-04,9A9W,永豐市政,071865,30000,0,97800.0,0.0,30000,97800.0
2026-08-04,9A9W,永豐市政,072014,20000,0,49600.0,0.0,20000,49600.0
2026-08-04,9A9W,永豐市政,072083,0,5000,0.0,4950.0,-5000,-4950.0
2026-08-04,9A9W,永豐市政,072111,0,30000,0.0,23400.0,-30000,-23400.0
2026-08-04,9A9W,永豐市政,072374,10000,0,11500.0,0.0,10000,11500.0
2026-08-04,9A9W,永豐市政,072507,20000,0,16200.0,0.0,20000,16200.0
2026-08-04,9A9W,永豐市政,072551,0,20000,0.0,14800.0,-20000,-14800.0
2026-08-04,9A9W,永豐市政,072652,1000,0,990.0,0.0,1000,990.0
2026-08-04,9A9W,永豐市政,072677,10000,0,3100.0,0.0,10000,3100.0
2026-08-04,9A9W,永豐市政,073325,10000,0,11100.0,0.0,10000,11100.0
2026-08-04,9A9W,永豐市政,073391,1000,0,1330.0,0.0,1000,1330.0
2026-08-04,9A9W,永豐市政,073561,1000,0,790.0,0.0,1000,790.0
2026-08-04,9A9W,永豐市政,073717,0,10000,0.0,10800.0,-10000,-10800.0
2026-08-04,9A9W,永豐市政,073894,0,40000,0.0,35600.0,-40000,-35600.0
2026-08-04,9A9W,永豐市政,074196,0,3000,0.0,3330.0,-3000,-3330.0
2026-08-04,9A9W,永豐市政,07436U,1000,1000,30.0,30.0,0,0.0
2026-08-04,9A9W,永豐市政,074422,10000,0,14400.0,0.0,10000,14400.0
2026-08-04,9A9W,永豐市政,074671,0,20000,0.0,17000.0,-20000,-17000.0
2026-08-04,9A9W,永豐市政,074685,3000,0,1560.0,0.0,3000,1560.0
2026-08-04,9A9W,永豐市政,076120,30000,0,28500.0,0.0,30000,28500.0
2026-08-04,9A9W,永豐市政,076147,10000,0,4900.0,0.0,10000,4900.0
2026-08-04,9A9W,永豐市政,076175,15000,0,26800.0,0.0,15000,26800.0
2026-08-04,9A9W,永豐市政,076282,5000,0,9100.0,0.0,5000,9100.0
2026-08-04,9A9W,永豐市政,076549,10000,0,12000.0,0.0,10000,12000.0
2026-08-04,9A9W,永豐市政,076551,2000,0,2860.0,0.0,2000,2860.0
2026-08-04,9A9W,永豐市政,076778,0,3000,0.0,3750.0,-3000,-3750.0
2026-08-04,9A9W,永豐市政,076836,0,8000,0.0,12400.0,-8000,-12400.0
2026-08-04,9A9W,永豐市政,076838,1000,0,3600.0,0.0,1000,3600.0
2026-08-04,9A9W,永豐市政,076880,0,2000,0.0,3960.0,-2000,-3960.0
2026-08-04,9A9W,永豐市政,077530,0,30000,0.0,39300.0,-30000,-39300.0
2026-08-04,9A9W,永豐市政,077597,1000,0,1580.0,0.0,1000,1580.0
2026-08-04,9A9W,永豐市政,077734,0,1000,0.0,590.0,-1000,-590.0
2026-08-04,9A9W,永豐市政,077966,5000,0,10000.0,0.0,5000,10000.0
2026-08-04,9A9W,永豐市政,078061,2000,0,3980.0,0.0,2000,3980.0
2026-08-04,9A9W,永豐市政,078096,0,3000,0.0,3660.0,-3000,-3660.0
2026-08-04,9A9W,永豐市政,078345,1000,0,2240.0,0.0,1000,2240.0
2026-08-04,9A9W,永豐市政,078372,5000,0,17750.0,0.0,5000,17750.0
2026-08-04,9A9W,永豐市政,08527U,245000,0,39000.0,0.0,245000,39000.0
2026-08-04,9A9W,永豐金市政,700113,0,2000,0.0,1060.0,-2000,-1060.0
2026-08-04,9A9W,永豐金市政,700904,31000,0,111050.0,0.0,31000,111050.0
2026-08-04,9A9W,永豐金市政,701615,0,1000,0.0,3100.0,-1000,-3100.0
2026-08-04,9A9W,永豐金市政,704538,5000,0,20250.0,0.0,5000,20250.0
2026-08-04,9A9W,永豐金市政,705325,0,2000,0.0,800.0,-2000,-800.0
2026-08-04,9A9W,永豐金市政,705863,1000,1000,1550.0,1550.0,0,0.0
2026-08-04,9A9W,永豐金市政,706030,0,1000,0.0,440.0,-1000,-440.0
2026-08-04,9A9W,永豐金市政,706528,51000,0,43740.0,0.0,51000,43740.0
2026-08-04,9A9W,永豐金市政,706699,10000,0,12800.0,0.0,10000,12800.0
2026-08-04,9A9W,永豐金市政,706701,30000,0,19100.0,0.0,30000,19100.0
2026-08-04,9A9W,永豐金市政,706721,20000,0,16400.0,0.0,20000,16400.0
2026-08-04,9A9W,永豐金市政,706972,10000,0,38900.0,0.0,10000,38900.0
2026-08-04,9A9W,永豐金市政,707033,20000,0,28500.0,0.0,20000,28500.0
2026-08-04,9A9W,永豐金市政,707075,0,1000,0.0,540.0,-1000,-540.0
2026-08-04,9A9W,永豐金市政,707083,0,6000,0.0,13680.0,-6000,-13680.0
2026-08-04,9A9W,永豐金市政,707335,0,5000,0.0,6700.0,-5000,-6700.0
2026-08-04,9A9W,永豐金市政,707336,10000,0,11900.0,0.0,10000,11900.0
2026-08-04,9A9W,永豐金市政,707376,60000,0,67100.0,0.0,60000,67100.0
2026-08-04,9A9W,永豐金市政,707422,0,30000,0.0,35400.0,-30000,-35400.0
2026-08-04,9A9W,永豐金市政,707449,10000,0,14500.0,0.0,10000,14500.0
2026-08-04,9A9W,永豐金市政,707492,0,10000,0.0,2000.0,-10000,-2000.0
2026-08-04,9A9W,永豐金市政,707681,5000,0,4200.0,0.0,5000,4200.0
2026-08-04,9A9W,永豐金市政,707707,0,100000,0.0,18000.0,-100000,-18000.0
2026-08-04,9A9W,永豐金市政,707735,4000,11000,2280.0,6240.0,-7000,-3960.0
2026-08-04,9A9W,永豐金市政,707991,10000,0,11900.0,0.0,10000,11900.0
2026-08-04,9A9W,永豐金市政,708180,0,1000,0.0,1470.0,-1000,-1470.0
2026-08-04,9A9W,永豐金市政,708350,0,85000,0.0,82450.0,-85000,-82450.0
2026-08-04,9A9W,永豐金市政,708588,50000,0,8000.0,0.0,50000,8000.0
2026-08-04,9A9W,永豐金市政,709126,30000,0,39000.0,0.0,30000,39000.0
2026-08-04,9A9W,永豐金市政,709131,20000,0,29600.0,0.0,20000,29600.0
2026-08-04,9A9W,永豐金市政,709200,0,1000,0.0,270.0,-1000,-270.0
2026-08-04,9A9W,永豐金市政,709313,10000,0,18900.0,0.0,10000,18900.0
2026-08-04,9A9W,永豐金市政,709477,0,499000,0.0,189620.0,-499000,-189620.0
2026-08-04,9A9W,永豐金市政,709504,0,10000,0.0,7700.0,-10000,-7700.0
2026-08-04,9A9W,永豐金市政,709511,1000,0,1260.0,0.0,1000,1260.0
2026-08-04,9A9W,永豐金市政,709687,20000,0,11800.0,0.0,20000,11800.0
2026-08-04,9A9W,永豐金市政,709869,10000,0,31000.0,0.0,10000,31000.0
2026-08-04,9A9W,永豐金市政,709934,4000,0,8000.0,0.0,4000,8000.0
2026-08-04,9A9W,永豐金市政,710805,10000,0,24900.0,0.0,10000,24900.0
2026-08-04,9A9W,永豐金市政,710936,10000,0,13600.0,0.0,10000,13600.0
2026-08-04,9A9W,永豐金市政,710950,10000,0,14000.0,0.0,10000,14000.0
2026-08-04,9A9W,永豐金市政,711029,1000,0,670.0,0.0,1000,670.0
2026-08-04,9A9W,永豐金市政,711123,3000,0,1560.0,0.0,3000,1560.0
2026-08-04,9A9W,永豐金市政,711171,20000,0,13000.0,0.0,20000,13000.0
2026-08-04,9A9W,永豐金市政,711487,35000,0,27650.0,0.0,35000,27650.0
2026-08-04,9A9W,永豐金市政,711558,3000,0,2970.0,0.0,3000,2970.0
2026-08-04,9A9W,永豐金市政,711721,65000,0,42250.0,0.0,65000,42250.0
2026-08-04,9A9W,永豐金市政,711804,0,10000,0.0,6800.0,-10000,-6800.0
2026-08-04,9A9W,永豐金市政,712047,42000,0,85260.0,0.0,42000,85260.0
2026-08-04,9A9W,永豐金市政,72853U,2000,0,1380.0,0.0,2000,1380.0
2026-08-04,9A9W,永豐金市政,732332,0,1000,0.0,180.0,-1000,-180.0
2026-08-04,9A9W,永豐金市政,734209,0,1000,0.0,2300.0,-1000,-2300.0
2026-08-04,9A9X,永豐竹科,03048T,100000,0,27000.0,0.0,100000,27000.0
2026-08-04,9A9X,永豐竹科,030573,2000,0,4420.0,0.0,2000,4420.0
2026-08-04,9A9X,永豐竹科,030592,0,15000,0.0,19650.0,-15000,-19650.0
2026-08-04,9A9X,永豐竹科,03162T,1000,1000,100.0,100.0,0,0.0
2026-08-04,9A9X,永豐竹科,03192T,20000,0,11000.0,0.0,20000,11000.0
2026-08-04,9A9X,永豐竹科,03227T,0,10000,0.0,8200.0,-10000,-8200.0
2026-08-04,9A9X,永豐竹科,03306T,0,110000,0.0,157300.0,-110000,-157300.0
2026-08-04,9A9X,永豐竹科,03339T,100000,0,67000.0,0.0,100000,67000.0
2026-08-04,9A9X,永豐竹科,033591,1000,0,680.0,0.0,1000,680.0
2026-08-04,9A9X,永豐竹科,03372T,150000,0,61500.0,0.0,150000,61500.0
2026-08-04,9A9X,永豐竹科,03467T,0,1000,0.0,2000.0,-1000,-2000.0
2026-08-04,9A9X,永豐竹科,03478T,2000,28000,1920.0,27210.0,-26000,-25290.0
2026-08-04,9A9X,永豐竹科,03564T,0,1000,0.0,330.0,-1000,-330.0
2026-08-04,9A9X,永豐竹科,03618T,1000,0,1480.0,0.0,1000,1480.0
2026-08-04,9A9X,永豐竹科,036282,2000,0,2100.0,0.0,2000,2100.0
2026-08-04,9A9X,永豐竹科,03718T,300000,0,1047000.0,0.0,300000,1047000.0
2026-08-04,9A9X,永豐竹科,03732B,1000,0,790.0,0.0,1000,790.0
2026-08-04,9A9X,永豐竹科,03737B,211000,0,240540.0,0.0,211000,240540.0
2026-08-04,9A9X,永豐竹科,037707,0,1000,0.0,1550.0,-1000,-1550.0
2026-08-04,9A9X,永豐竹科,03809T,30000,0,32700.0,0.0,30000,32700.0
2026-08-04,9A9X,永豐竹科,038321,1000,0,4300.0,0.0,1000,4300.0
2026-08-04,9A9X,永豐竹科,038987,3000,0,2250.0,0.0,3000,2250.0
2026-08-04,9A9X,永豐竹科,04014C,3000,0,11480.0,0.0,3000,11480.0
2026-08-04,9A9X,永豐竹科,04026C,2000,0,1940.0,0.0,2000,1940.0
2026-08-04,9A9X,永豐竹科,040414,7000,0,30010.0,0.0,7000,30010.0
2026-08-04,9A9X,永豐竹科,043521,0,20000,0.0,30200.0,-20000,-30200.0
2026-08-04,9A9X,永豐竹科,043713,0,8000,0.0,15360.0,-8000,-15360.0
2026-08-04,9A9X,永豐竹科,043953,0,5000,0.0,8300.0,-5000,-8300.0
2026-08-04,9A9X,永豐竹科,044354,0,2000,0.0,1400.0,-2000,-1400.0
2026-08-04,9A9X,永豐竹科,051250,0,10000,0.0,24400.0,-10000,-24400.0
2026-08-04,9A9X,永豐竹科,051357,0,4000,0.0,1280.0,-4000,-1280.0
2026-08-04,9A9X,永豐竹科,051666,10000,0,15600.0,0.0,10000,15600.0
2026-08-04,9A9X,永豐竹科,051694,0,5000,0.0,4950.0,-5000,-4950.0
2026-08-04,9A9X,永豐竹科,052966,1000,0,540.0,0.0,1000,540.0
2026-08-04,9A9X,永豐竹科,053160,0,1000,0.0,7500.0,-1000,-7500.0
2026-08-04,9A9X,永豐竹科,055345,10000,10000,21300.0,22900.0,0,-1600.0
2026-08-04,9A9X,永豐竹科,055352,2000,0,2560.0,0.0,2000,2560.0
2026-08-04,9A9X,永豐竹科,056134,0,2000,0.0,11650.0,-2000,-11650.0
2026-08-04,9A9X,永豐竹科,056372,5000,0,5500.0,0.0,5000,5500.0
2026-08-04,9A9X,永豐竹科,056647,0,1000,0.0,930.0,-1000,-930.0
2026-08-04,9A9X,永豐竹科,056677,1000,0,650.0,0.0,1000,650.0
2026-08-04,9A9X,永豐竹科,057199,0,27000,0.0,11300.0,-27000,-11300.0
2026-08-04,9A9X,永豐竹科,057524,1000,0,3100.0,0.0,1000,3100.0
2026-08-04,9A9X,永豐竹科,057749,2000,0,2620.0,0.0,2000,2620.0
2026-08-04,9A9X,永豐竹科,058851,2000,0,1280.0,0.0,2000,1280.0
2026-08-04,9A9X,永豐竹科,060235,10000,0,13650.0,0.0,10000,13650.0
2026-08-04,9A9X,永豐竹科,060446,0,220000,0.0,446600.0,-220000,-446600.0
2026-08-04,9A9X,永豐竹科,061393,0,3000,0.0,1440.0,-3000,-1440.0
2026-08-04,9A9X,永豐竹科,061448,0,20000,0.0,34000.0,-20000,-34000.0
2026-08-04,9A9X,永豐竹科,062339,0,20000,0.0,20600.0,-20000,-20600.0
2026-08-04,9A9X,永豐竹科,062665,65000,0,56500.0,0.0,65000,56500.0
2026-08-04,9A9X,永豐竹科,063042,4000,0,2360.0,0.0,4000,2360.0
2026-08-04,9A9X,永豐竹科,063526,60000,0,23100.0,0.0,60000,23100.0
2026-08-04,9A9X,永豐竹科,064388,0,1000,0.0,3390.0,-1000,-3390.0
2026-08-04,9A9X,永豐竹科,064487,1000,0,2370.0,0.0,1000,2370.0
2026-08-04,9A9X,永豐竹科,064524,0,6000,0.0,6420.0,-6000,-6420.0
2026-08-04,9A9X,永豐竹科,064549,1000,0,1380.0,0.0,1000,1380.0
2026-08-04,9A9X,永豐竹科,064889,0,4000,0.0,120.0,-4000,-120.0
2026-08-04,9A9X,永豐竹科,065156,0,2000,0.0,6940.0,-2000,-6940.0
2026-08-04,9A9X,永豐竹科,065423,2000,1000,1290.0,690.0,1000,600.0
2026-08-04,9A9X,永豐竹科,065455,5000,0,2100.0,0.0,5000,2100.0
2026-08-04,9A9X,永豐竹科,065605,5000,0,2150.0,0.0,5000,2150.0
2026-08-04,9A9X,永豐竹科,065609,453000,0,217410.0,0.0,453000,217410.0
2026-08-04,9A9X,永豐竹科,065718,5000,0,26200.0,0.0,5000,26200.0
2026-08-04,9A9X,永豐竹科,066305,5000,0,4450.0,0.0,5000,4450.0
2026-08-04,9A9X,永豐竹科,066377,2000,0,3480.0,0.0,2000,3480.0
2026-08-04,9A9X,永豐竹科,066448,2000,0,1160.0,0.0,2000,1160.0
2026-08-04,9A9X,永豐竹科,066556,0,10000,0.0,30200.0,-10000,-30200.0
2026-08-04,9A9X,永豐竹科,066612,0,5000,0.0,4400.0,-5000,-4400.0
2026-08-04,9A9X,永豐竹科,066725,20000,0,19700.0,0.0,20000,19700.0
2026-08-04,9A9X,永豐竹科,067052,0,2000,0.0,1960.0,-2000,-1960.0
2026-08-04,9A9X,永豐竹科,067080,0,3000,0.0,6000.0,-3000,-6000.0
2026-08-04,9A9X,永豐竹科,067417,20000,0,30000.0,0.0,20000,30000.0
2026-08-04,9A9X,永豐竹科,067426,0,8000,0.0,18720.0,-8000,-18720.0
2026-08-04,9A9X,永豐竹科,067620,1000,0,1730.0,0.0,1000,1730.0
2026-08-04,9A9X,永豐竹科,067845,10000,0,11900.0,0.0,10000,11900.0
2026-08-04,9A9X,永豐竹科,067979,5000,0,3150.0,0.0,5000,3150.0
2026-08-04,9A9X,永豐竹科,067997,1000,0,780.0,0.0,1000,780.0
2026-08-04,9A9X,永豐竹科,067999,5000,0,5500.0,0.0,5000,5500.0
2026-08-04,9A9X,永豐竹科,068001,1000,0,730.0,0.0,1000,730.0
2026-08-04,9A9X,永豐竹科,068080,7000,0,4750.0,0.0,7000,4750.0
2026-08-04,9A9X,永豐竹科,068489,20000,0,49000.0,0.0,20000,49000.0
2026-08-04,9A9X,永豐竹科,068618,1000,0,630.0,0.0,1000,630.0
2026-08-04,9A9X,永豐竹科,069054,350000,0,395500.0,0.0,350000,395500.0
2026-08-04,9A9X,永豐竹科,069157,0,20000,0.0,20370.0,-20000,-20370.0
2026-08-04,9A9X,永豐竹科,069440,3000,0,5580.0,0.0,3000,5580.0
2026-08-04,9A9X,永豐竹科,070080,0,6000,0.0,8100.0,-6000,-8100.0
2026-08-04,9A9X,永豐竹科,070433,35000,0,30400.0,0.0,35000,30400.0
2026-08-04,9A9X,永豐竹科,070466,40000,0,35000.0,0.0,40000,35000.0
2026-08-04,9A9X,永豐竹科,070615,30000,0,18000.0,0.0,30000,18000.0
2026-08-04,9A9X,永豐竹科,070899,10000,0,17700.0,0.0,10000,17700.0
2026-08-04,9A9X,永豐竹科,071394,25000,0,9750.0,0.0,25000,9750.0
2026-08-04,9A9X,永豐竹科,071507,0,30000,0.0,29700.0,-30000,-29700.0
2026-08-04,9A9X,永豐竹科,071550,0,11000,0.0,9670.0,-11000,-9670.0
2026-08-04,9A9X,永豐竹科,071552,3000,0,2040.0,0.0,3000,2040.0
2026-08-04,9A9X,永豐竹科,072168,0,5000,0.0,3520.0,-5000,-3520.0
2026-08-04,9A9X,永豐竹科,072634,3000,0,2460.0,0.0,3000,2460.0
2026-08-04,9A9X,永豐竹科,072987,2000,0,2520.0,0.0,2000,2520.0
2026-08-04,9A9X,永豐竹科,073052,100000,0,74000.0,0.0,100000,74000.0
2026-08-04,9A9X,永豐竹科,073566,140000,0,165200.0,0.0,140000,165200.0
2026-08-04,9A9X,永豐竹科,074383,20000,0,10800.0,0.0,20000,10800.0
2026-08-04,9A9X,永豐竹科,074540,70000,108000,272700.0,425520.0,-38000,-152820.0
2026-08-04,9A9X,永豐竹科,074875,0,100000,0.0,85000.0,-100000,-85000.0
2026-08-04,9A9X,永豐竹科,07490U,1000,1000,310.0,290.0,0,20.0
2026-08-04,9A9X,永豐竹科,074949,0,770000,0.0,608300.0,-770000,-608300.0
2026-08-04,9A9X,永豐竹科,075686,0,10000,0.0,7500.0,-10000,-7500.0
2026-08-04,9A9X,永豐竹科,075739,0,1000,0.0,1420.0,-1000,-1420.0
2026-08-04,9A9X,永豐竹科,076599,10000,0,6350.0,0.0,10000,6350.0
2026-08-04,9A9X,永豐竹科,076607,50000,0,17000.0,0.0,50000,17000.0
2026-08-04,9A9X,永豐竹科,076623,0,40000,0.0,14000.0,-40000,-14000.0
2026-08-04,9A9X,永豐竹科,076885,14000,0,17970.0,0.0,14000,17970.0
2026-08-04,9A9X,永豐竹科,077533,0,1000,0.0,3350.0,-1000,-3350.0
2026-08-04,9A9X,永豐竹科,077681,100000,0,112000.0,0.0,100000,112000.0
2026-08-04,9A9X,永豐竹科,078299,3000,0,6210.0,0.0,3000,6210.0
2026-08-04,9A9X,永豐金竹科,700904,4000,0,13800.0,0.0,4000,13800.0
2026-08-04,9A9X,永豐金竹科,701279,10000,0,1400.0,0.0,10000,1400.0
2026-08-04,9A9X,永豐金竹科,702592,3000,0,3030.0,0.0,3000,3030.0
2026-08-04,9A9X,永豐金竹科,704538,1000,0,4120.0,0.0,1000,4120.0
2026-08-04,9A9X,永豐金竹科,705072,5000,0,3750.0,0.0,5000,3750.0
2026-08-04,9A9X,永豐金竹科,705399,36000,0,30840.0,0.0,36000,30840.0
2026-08-04,9A9X,永豐金竹科,705860,5000,0,2350.0,0.0,5000,2350.0
2026-08-04,9A9X,永豐金竹科,706503,2000,0,1840.0,0.0,2000,1840.0
2026-08-04,9A9X,永豐金竹科,707123,0,1000,0.0,350.0,-1000,-350.0
2026-08-04,9A9X,永豐金竹科,707129,15000,0,10500.0,0.0,15000,10500.0
2026-08-04,9A9X,永豐金竹科,707144,30000,0,35750.0,0.0,30000,35750.0
2026-08-04,9A9X,永豐金竹科,707215,4000,0,1600.0,0.0,4000,1600.0
2026-08-04,9A9X,永豐金竹科,707331,0,1000,0.0,1900.0,-1000,-1900.0
2026-08-04,9A9X,永豐金竹科,707334,0,1000,0.0,1680.0,-1000,-1680.0
2026-08-04,9A9X,永豐金竹科,707735,2000,0,1260.0,0.0,2000,1260.0
2026-08-04,9A9X,永豐金竹科,707763,2000,0,3000.0,0.0,2000,3000.0
2026-08-04,9A9X,永豐金竹科,707820,10000,0,9900.0,0.0,10000,9900.0
2026-08-04,9A9X,永豐金竹科,707935,0,6000,0.0,1860.0,-6000,-1860.0
2026-08-04,9A9X,永豐金竹科,708028,3000,0,1740.0,0.0,3000,1740.0
2026-08-04,9A9X,永豐金竹科,708473,1000,0,1140.0,0.0,1000,1140.0
2026-08-04,9A9X,永豐金竹科,708927,0,20000,0.0,9400.0,-20000,-9400.0
2026-08-04,9A9X,永豐金竹科,709303,5000,0,950.0,0.0,5000,950.0
2026-08-04,9A9X,永豐金竹科,710014,10000,0,8400.0,0.0,10000,8400.0
2026-08-04,9A9X,永豐金竹科,710888,0,30000,0.0,24500.0,-30000,-24500.0
2026-08-04,9A9X,永豐金竹科,711131,0,2000,0.0,1340.0,-2000,-1340.0
2026-08-04,9A9X,永豐金竹科,712038,50000,0,70000.0,0.0,50000,70000.0
2026-08-04,9A9X,永豐金竹科,72749U,1000,1000,1150.0,1170.0,0,-20.0
2026-08-04,9A9X,永豐金竹科,72932U,5000,0,9150.0,0.0,5000,9150.0
2026-08-04,9A9g,永豐內湖,03028T,0,3000,0.0,150.0,-3000,-150.0
2026-08-04,9A9g,永豐內湖,031292,1000,0,1460.0,0.0,1000,1460.0
2026-08-04,9A9g,永豐內湖,03266T,2000,0,1400.0,0.0,2000,1400.0
2026-08-04,9A9g,永豐內湖,040630,0,2000,0.0,5540.0,-2000,-5540.0
2026-08-04,9A9g,永豐內湖,043891,0,3000,0.0,10580.0,-3000,-10580.0
2026-08-04,9A9g,永豐內湖,044403,0,6000,0.0,6600.0,-6000,-6600.0
2026-08-04,9A9g,永豐內湖,052185,20000,0,26200.0,0.0,20000,26200.0
2026-08-04,9A9g,永豐內湖,053033,499000,0,1022950.0,0.0,499000,1022950.0
2026-08-04,9A9g,永豐內湖,053267,19000,0,57000.0,0.0,19000,57000.0
2026-08-04,9A9g,永豐內湖,053657,5000,0,2150.0,0.0,5000,2150.0
2026-08-04,9A9g,永豐內湖,054483,10000,0,24550.0,0.0,10000,24550.0
2026-08-04,9A9g,永豐內湖,056059,1000,0,1000.0,0.0,1000,1000.0
2026-08-04,9A9g,永豐內湖,057289,499000,0,833330.0,0.0,499000,833330.0
2026-08-04,9A9g,永豐內湖,059022,7000,0,17080.0,0.0,7000,17080.0
2026-08-04,9A9g,永豐內湖,059080,0,45000,0.0,64800.0,-45000,-64800.0
2026-08-04,9A9g,永豐內湖,060741,0,25000,0.0,39750.0,-25000,-39750.0
2026-08-04,9A9g,永豐內湖,061944,499000,0,299400.0,0.0,499000,299400.0
2026-08-04,9A9g,永豐內湖,062036,759000,0,491590.0,0.0,759000,491590.0
2026-08-04,9A9g,永豐內湖,063020,2000,0,2560.0,0.0,2000,2560.0
2026-08-04,9A9g,永豐內湖,063288,150000,0,96000.0,0.0,150000,96000.0
2026-08-04,9A9g,永豐內湖,063344,499000,0,184630.0,0.0,499000,184630.0
2026-08-04,9A9g,永豐內湖,063903,100000,0,187000.0,0.0,100000,187000.0
2026-08-04,9A9g,永豐內湖,064430,10000,0,11450.0,0.0,10000,11450.0
2026-08-04,9A9g,永豐內湖,065049,0,1000,0.0,3250.0,-1000,-3250.0
2026-08-04,9A9g,永豐內湖,065125,1000,0,170.0,0.0,1000,170.0
2026-08-04,9A9g,永豐內湖,065640,0,10000,0.0,9100.0,-10000,-9100.0
2026-08-04,9A9g,永豐內湖,066043,2000,0,5960.0,0.0,2000,5960.0
2026-08-04,9A9g,永豐內湖,066235,0,8000,0.0,11840.0,-8000,-11840.0
2026-08-04,9A9g,永豐內湖,066885,0,4000,0.0,14020.0,-4000,-14020.0
2026-08-04,9A9g,永豐內湖,067142,10000,0,16000.0,0.0,10000,16000.0
2026-08-04,9A9g,永豐內湖,067845,4000,0,4720.0,0.0,4000,4720.0
2026-08-04,9A9g,永豐內湖,068689,0,6000,0.0,4380.0,-6000,-4380.0
2026-08-04,9A9g,永豐內湖,068993,998000,0,1876240.0,0.0,998000,1876240.0
2026-08-04,9A9g,永豐內湖,069188,0,1000,0.0,110.0,-1000,-110.0
2026-08-04,9A9g,永豐內湖,069922,7000,0,19950.0,0.0,7000,19950.0
2026-08-04,9A9g,永豐內湖,070977,18000,0,15840.0,0.0,18000,15840.0
2026-08-04,9A9g,永豐內湖,072697,0,12000,0.0,9960.0,-12000,-9960.0
2026-08-04,9A9g,永豐內湖,072772,0,15000,0.0,29850.0,-15000,-29850.0
2026-08-04,9A9g,永豐內湖,073715,2000,0,1300.0,0.0,2000,1300.0
2026-08-04,9A9g,永豐內湖,073951,0,20000,0.0,28200.0,-20000,-28200.0
2026-08-04,9A9g,永豐內湖,074611,0,15000,0.0,23850.0,-15000,-23850.0
2026-08-04,9A9g,永豐內湖,076903,0,20000,0.0,34200.0,-20000,-34200.0
2026-08-04,9A9g,永豐金內湖,705874,20000,0,48400.0,0.0,20000,48400.0
2026-08-04,9A9g,永豐金內湖,706171,0,1000,0.0,3120.0,-1000,-3120.0
2026-08-04,9A9g,永豐金內湖,706228,0,1000,0.0,2000.0,-1000,-2000.0
2026-08-04,9A9g,永豐金內湖,706607,12000,0,15440.0,0.0,12000,15440.0
2026-08-04,9A9g,永豐金內湖,706701,0,16000,0.0,9760.0,-16000,-9760.0
2026-08-04,9A9g,永豐金內湖,707711,0,3000,0.0,1830.0,-3000,-1830.0
2026-08-04,9A9g,永豐金內湖,707725,0,2000,0.0,2500.0,-2000,-2500.0
2026-08-04,9A9g,永豐金內湖,707740,0,12000,0.0,8160.0,-12000,-8160.0
2026-08-04,9A9g,永豐金內湖,707796,0,1000,0.0,2530.0,-1000,-2530.0
2026-08-04,9A9g,永豐金內湖,707810,0,1000,0.0,1580.0,-1000,-1580.0
2026-08-04,9A9g,永豐金內湖,707822,15000,0,18000.0,0.0,15000,18000.0
2026-08-04,9A9g,永豐金內湖,708639,11000,0,3300.0,0.0,11000,3300.0
2026-08-04,9A9g,永豐金內湖,708730,49000,0,21250.0,0.0,49000,21250.0
2026-08-04,9A9g,永豐金內湖,709081,0,20000,0.0,11400.0,-20000,-11400.0
2026-08-04,9A9g,永豐金內湖,709353,0,8000,0.0,5360.0,-8000,-5360.0
2026-08-04,9A9g,永豐金內湖,709357,0,14000,0.0,5180.0,-14000,-5180.0
2026-08-04,9A9g,永豐金內湖,709361,0,15000,0.0,2850.0,-15000,-2850.0
2026-08-04,9A9g,永豐金內湖,710067,0,30000,0.0,10200.0,-30000,-10200.0
