date,securities_trader_id,securities_trader,stock_id,buy_volume,sell_volume,buy_amount,sell_amount,net_volume,net_amount
2026-08-06,111B,台企建成,031805,0,1056000,0.0,2707920.0,-1056000,-2707920.0
2026-08-06,111B,台企建成,033634,92000,0,220520.0,0.0,92000,220520.0
2026-08-06,111B,台企建成,046913,430000,0,717800.0,0.0,430000,717800.0
2026-08-06,111B,台企建成,052104,70000,0,131600.0,0.0,70000,131600.0
2026-08-06,111B,台企建成,054791,30000,0,42000.0,0.0,30000,42000.0
2026-08-06,111B,台企建成,060298,140000,0,98000.0,0.0,140000,98000.0
2026-08-06,111B,台企建成,060761,85000,0,183600.0,0.0,85000,183600.0
2026-08-06,111B,台企建成,066097,116000,0,310940.0,0.0,116000,310940.0
2026-08-06,111B,台企銀建成,710279,200000,0,254000.0,0.0,200000,254000.0
2026-08-06,538Y,第一中壢,03120T,0,20000,0.0,13000.0,-20000,-13000.0
2026-08-06,538Y,第一中壢,03356T,0,1000,0.0,680.0,-1000,-680.0
2026-08-06,538Y,第一中壢,03474T,50000,50000,44500.0,43500.0,0,1000.0
2026-08-06,538Y,第一中壢,039822,0,2000,0.0,33000.0,-2000,-33000.0
2026-08-06,538Y,第一中壢,055946,0,534000,0.0,918480.0,-534000,-918480.0
2026-08-06,538Y,第一中壢,059005,0,7000,0.0,10500.0,-7000,-10500.0
2026-08-06,538Y,第一中壢,059121,10000,0,12310.0,0.0,10000,12310.0
2026-08-06,538Y,第一中壢,059639,0,4000,0.0,10840.0,-4000,-10840.0
2026-08-06,538Y,第一中壢,060547,0,1000,0.0,4450.0,-1000,-4450.0
2026-08-06,538Y,第一中壢,061821,0,1294000,0.0,729580.0,-1294000,-729580.0
2026-08-06,538Y,第一中壢,062742,1000,0,2150.0,0.0,1000,2150.0
2026-08-06,538Y,第一中壢,063351,4000,0,2280.0,0.0,4000,2280.0
2026-08-06,538Y,第一中壢,063578,14000,0,9800.0,0.0,14000,9800.0
2026-08-06,538Y,第一中壢,065468,0,6000,0.0,12000.0,-6000,-12000.0
2026-08-06,538Y,第一中壢,065890,19000,0,9700.0,0.0,19000,9700.0
2026-08-06,538Y,第一中壢,066290,0,1000,0.0,3500.0,-1000,-3500.0
2026-08-06,538Y,第一中壢,066937,0,5000,0.0,6400.0,-5000,-6400.0
2026-08-06,538Y,第一中壢,067425,0,2000,0.0,7380.0,-2000,-7380.0
2026-08-06,538Y,第一中壢,067427,0,60000,0.0,187200.0,-60000,-187200.0
2026-08-06,538Y,第一中壢,067639,0,1000,0.0,1920.0,-1000,-1920.0
2026-08-06,538Y,第一中壢,067984,0,1000,0.0,570.0,-1000,-570.0
2026-08-06,538Y,第一中壢,068079,0,10000,0.0,9600.0,-10000,-9600.0
2026-08-06,538Y,第一中壢,068272,15000,0,10500.0,0.0,15000,10500.0
2026-08-06,538Y,第一中壢,069816,20000,0,7200.0,0.0,20000,7200.0
2026-08-06,538Y,第一中壢,070136,10000,0,7800.0,0.0,10000,7800.0
2026-08-06,538Y,第一中壢,070866,2000,2000,7340.0,7150.0,0,190.0
2026-08-06,538Y,第一中壢,072039,3000,0,5610.0,0.0,3000,5610.0
2026-08-06,538Y,第一中壢,072448,5000,0,6320.0,0.0,5000,6320.0
2026-08-06,538Y,第一中壢,073093,1000,0,3160.0,0.0,1000,3160.0
2026-08-06,538Y,第一中壢,074796,0,1000,0.0,1210.0,-1000,-1210.0
2026-08-06,538Y,第一中壢,075270,0,20000,0.0,18620.0,-20000,-18620.0
2026-08-06,538Y,第一中壢,076690,0,1000,0.0,1980.0,-1000,-1980.0
2026-08-06,538Y,第一中壢,077780,3000,0,8460.0,0.0,3000,8460.0
2026-08-06,538Y,第一金中壢,705555,3000,0,10420.0,0.0,3000,10420.0
2026-08-06,538Y,第一金中壢,707048,0,3000,0.0,2190.0,-3000,-2190.0
2026-08-06,538Y,第一金中壢,707235,0,200000,0.0,618320.0,-200000,-618320.0
2026-08-06,538Y,第一金中壢,708886,2000,0,4460.0,0.0,2000,4460.0
2026-08-06,538Y,第一金中壢,709275,1393000,0,348250.0,0.0,1393000,348250.0
2026-08-06,538Y,第一金中壢,711162,1000,0,2460.0,0.0,1000,2460.0
2026-08-06,538Y,第一金中壢,711386,0,1000,0.0,2270.0,-1000,-2270.0
2026-08-06,538Y,第一金中壢,711713,30000,0,24300.0,0.0,30000,24300.0
2026-08-06,5853,統一中壢,03272T,2000,0,160.0,0.0,2000,160.0
2026-08-06,5853,統一中壢,038846,91000,0,58720.0,0.0,91000,58720.0
2026-08-06,5853,統一中壢,041787,0,24000,0.0,340200.0,-24000,-340200.0
2026-08-06,5853,統一中壢,051252,0,5000,0.0,8550.0,-5000,-8550.0
2026-08-06,5853,統一中壢,052771,0,20000,0.0,100000.0,-20000,-100000.0
2026-08-06,5853,統一中壢,056055,0,10000,0.0,6300.0,-10000,-6300.0
2026-08-06,5853,統一中壢,057318,0,1000,0.0,30.0,-1000,-30.0
2026-08-06,5853,統一中壢,060050,0,1000,0.0,5250.0,-1000,-5250.0
2026-08-06,5853,統一中壢,062665,0,1000,0.0,1010.0,-1000,-1010.0
2026-08-06,5853,統一中壢,066497,6000,0,10620.0,0.0,6000,10620.0
2026-08-06,5853,統一中壢,067977,10000,0,4500.0,0.0,10000,4500.0
2026-08-06,5853,統一中壢,069282,10000,0,7000.0,0.0,10000,7000.0
2026-08-06,5853,統一中壢,072113,0,70000,0.0,51100.0,-70000,-51100.0
2026-08-06,5853,統一中壢,073386,0,5000,0.0,8400.0,-5000,-8400.0
2026-08-06,5853,統一中壢,077681,0,20000,0.0,25100.0,-20000,-25100.0
2026-08-06,5853,統一中壢,078526,30000,0,69800.0,0.0,30000,69800.0
2026-08-06,5853,統一中壢,078888,2000,0,1360.0,0.0,2000,1360.0
2026-08-06,5853,統一中壢,08720U,0,41000,0.0,4100.0,-41000,-4100.0
2026-08-06,5853,統一中壢,705003,200000,200000,166000.0,150000.0,0,16000.0
2026-08-06,5853,統一中壢,706360,0,1000,0.0,2610.0,-1000,-2610.0
2026-08-06,5853,統一中壢,706766,0,100000,0.0,17000.0,-100000,-17000.0
2026-08-06,5853,統一中壢,708179,200000,200000,150000.0,165000.0,0,-15000.0
2026-08-06,5853,統一中壢,709330,100000,0,11000.0,0.0,100000,11000.0
2026-08-06,5853,統一中壢,710078,5000,0,4200.0,0.0,5000,4200.0
2026-08-06,5853,統一中壢,710888,8000,0,6160.0,0.0,8000,6160.0
2026-08-06,585Q,統一三多,03371T,0,20000,0.0,8600.0,-20000,-8600.0
2026-08-06,585Q,統一三多,03372T,30000,120000,11500.0,48000.0,-90000,-36500.0
2026-08-06,585Q,統一三多,03421T,0,6000,0.0,7020.0,-6000,-7020.0
2026-08-06,585Q,統一三多,058728,0,30000,0.0,95700.0,-30000,-95700.0
2026-08-06,585Q,統一三多,059944,0,5000,0.0,14750.0,-5000,-14750.0
2026-08-06,585Q,統一三多,061877,0,50000,0.0,76500.0,-50000,-76500.0
2026-08-06,585Q,統一三多,061885,0,10000,0.0,9000.0,-10000,-9000.0
2026-08-06,585Q,統一三多,062427,151000,0,82320.0,0.0,151000,82320.0
2026-08-06,585Q,統一三多,062752,400000,0,272000.0,0.0,400000,272000.0
2026-08-06,585Q,統一三多,063692,200000,500000,282000.0,795000.0,-300000,-513000.0
2026-08-06,585Q,統一三多,064388,50000,30000,212000.0,133200.0,20000,78800.0
2026-08-06,585Q,統一三多,065320,20000,0,6000.0,0.0,20000,6000.0
2026-08-06,585Q,統一三多,066222,110000,0,627000.0,0.0,110000,627000.0
2026-08-06,585Q,統一三多,067179,5000,10000,3960.0,7600.0,-5000,-3640.0
2026-08-06,585Q,統一三多,067814,10000,0,15100.0,0.0,10000,15100.0
2026-08-06,585Q,統一三多,068015,5000,0,3750.0,0.0,5000,3750.0
2026-08-06,585Q,統一三多,068032,0,200000,0.0,92000.0,-200000,-92000.0
2026-08-06,585Q,統一三多,068797,10000,0,10000.0,0.0,10000,10000.0
2026-08-06,585Q,統一三多,070711,50000,0,36000.0,0.0,50000,36000.0
2026-08-06,585Q,統一三多,071662,0,5000,0.0,9100.0,-5000,-9100.0
2026-08-06,585Q,統一三多,072569,10000,0,7800.0,0.0,10000,7800.0
2026-08-06,585Q,統一三多,072596,5000,0,6500.0,0.0,5000,6500.0
2026-08-06,585Q,統一三多,072663,0,10000,0.0,8100.0,-10000,-8100.0
2026-08-06,585Q,統一三多,073018,5000,0,5530.0,0.0,5000,5530.0
2026-08-06,585Q,統一三多,074186,30000,0,18300.0,0.0,30000,18300.0
2026-08-06,585Q,統一三多,074396,300000,0,88000.0,0.0,300000,88000.0
2026-08-06,585Q,統一三多,074555,101000,0,66290.0,0.0,101000,66290.0
2026-08-06,585Q,統一三多,074560,100000,1080000,117000.0,1167460.0,-980000,-1050460.0
2026-08-06,585Q,統一三多,075071,15000,20000,30700.0,42900.0,-5000,-12200.0
2026-08-06,585Q,統一三多,075270,0,1000,0.0,1050.0,-1000,-1050.0
2026-08-06,585Q,統一三多,076567,0,35000,0.0,27650.0,-35000,-27650.0
2026-08-06,585Q,統一三多,076879,0,30000,0.0,35400.0,-30000,-35400.0
2026-08-06,585Q,統一三多,077267,29000,7000,49680.0,12340.0,22000,37340.0
2026-08-06,585Q,統一三多,077406,200000,0,312000.0,0.0,200000,312000.0
2026-08-06,585Q,統一三多,078927,50000,0,41000.0,0.0,50000,41000.0
2026-08-06,585Q,統一三多,700201,0,10000,0.0,28200.0,-10000,-28200.0
2026-08-06,585Q,統一三多,704353,8000,0,8000.0,0.0,8000,8000.0
2026-08-06,585Q,統一三多,705589,5000,0,4050.0,0.0,5000,4050.0
2026-08-06,585Q,統一三多,706302,30000,0,30300.0,0.0,30000,30300.0
2026-08-06,585Q,統一三多,708462,1000,200000,310.0,60000.0,-199000,-59690.0
2026-08-06,585Q,統一三多,709267,60000,0,40200.0,0.0,60000,40200.0
2026-08-06,585Q,統一三多,709705,1000,111000,1140.0,111940.0,-110000,-110800.0
2026-08-06,585Q,統一三多,710069,50000,0,27500.0,0.0,50000,27500.0
2026-08-06,585Q,統一三多,710086,30000,0,17550.0,0.0,30000,17550.0
2026-08-06,585Q,統一三多,710153,0,1000,0.0,840.0,-1000,-840.0
2026-08-06,585Q,統一三多,711138,0,4000,0.0,2440.0,-4000,-2440.0
2026-08-06,585Q,統一三多,711868,26000,0,37160.0,0.0,26000,37160.0
2026-08-06,585Q,統一三多,72898U,300000,1400000,219000.0,1085020.0,-1100000,-866020.0
2026-08-06,585Q,統一三多,72988U,0,3000,0.0,2430.0,-3000,-2430.0
2026-08-06,585Q,統一三多,733461,10000,3000,5450.0,1620.0,7000,3830.0
2026-08-06,585Y,統一土城,031273,0,6000,0.0,6300.0,-6000,-6300.0
2026-08-06,585Y,統一土城,038532,3000,3000,6720.0,6780.0,0,-60.0
2026-08-06,585Y,統一土城,049832,0,6000,0.0,24000.0,-6000,-24000.0
2026-08-06,585Y,統一土城,052215,4000,0,3360.0,0.0,4000,3360.0
2026-08-06,585Y,統一土城,052796,1000,2000,4750.0,9600.0,-1000,-4850.0
2026-08-06,585Y,統一土城,053278,20000,0,7400.0,0.0,20000,7400.0
2026-08-06,585Y,統一土城,054258,0,5000,0.0,4550.0,-5000,-4550.0
2026-08-06,585Y,統一土城,056059,8000,10000,8160.0,10100.0,-2000,-1940.0
2026-08-06,585Y,統一土城,056067,0,30000,0.0,26400.0,-30000,-26400.0
2026-08-06,585Y,統一土城,058209,10000,0,700.0,0.0,10000,700.0
2026-08-06,585Y,統一土城,060731,0,11000,0.0,18880.0,-11000,-18880.0
2026-08-06,585Y,統一土城,061102,0,5000,0.0,12400.0,-5000,-12400.0
2026-08-06,585Y,統一土城,063707,0,4000,0.0,6180.0,-4000,-6180.0
2026-08-06,585Y,統一土城,064524,6000,0,7530.0,0.0,6000,7530.0
2026-08-06,585Y,統一土城,066147,1000,0,1740.0,0.0,1000,1740.0
2026-08-06,6114,中銀員林,036038,2000,0,73800.0,0.0,2000,73800.0
2026-08-06,6114,中銀員林,056059,0,8000,0.0,8160.0,-8000,-8160.0
2026-08-06,6114,中銀員林,058489,0,10000,0.0,26300.0,-10000,-26300.0
2026-08-06,6114,中銀員林,059381,10000,0,15000.0,0.0,10000,15000.0
2026-08-06,6114,中銀員林,061750,0,20000,0.0,17000.0,-20000,-17000.0
2026-08-06,6114,中銀員林,064574,5000,0,6500.0,0.0,5000,6500.0
2026-08-06,6114,中銀員林,065921,0,20000,0.0,13600.0,-20000,-13600.0
2026-08-06,6114,中銀員林,065966,0,100000,0.0,341000.0,-100000,-341000.0
2026-08-06,6114,中銀員林,067984,5000,0,3050.0,0.0,5000,3050.0
2026-08-06,6114,中銀員林,068583,7000,0,56950.0,0.0,7000,56950.0
2026-08-06,6114,中銀員林,071100,0,20000,0.0,8200.0,-20000,-8200.0
2026-08-06,6114,中銀員林,071434,10000,0,2400.0,0.0,10000,2400.0
2026-08-06,6114,中銀員林,071994,0,20000,0.0,9200.0,-20000,-9200.0
2026-08-06,6114,中銀員林,072875,0,30000,0.0,6900.0,-30000,-6900.0
2026-08-06,6114,中銀員林,075759,10000,0,3500.0,0.0,10000,3500.0
2026-08-06,6114,中銀員林,078061,0,33000,0.0,68640.0,-33000,-68640.0
2026-08-06,6114,台中銀員林,700204,0,1000,0.0,350.0,-1000,-350.0
2026-08-06,6114,台中銀員林,704883,0,100000,0.0,16000.0,-100000,-16000.0
2026-08-06,6114,台中銀員林,707336,10000,0,11350.0,0.0,10000,11350.0
2026-08-06,6114,台中銀員林,707580,20000,0,4000.0,0.0,20000,4000.0
2026-08-06,6114,台中銀員林,709738,10000,0,34500.0,0.0,10000,34500.0
2026-08-06,6381,光和溪湖,03664T,10000,0,15800.0,0.0,10000,15800.0
2026-08-06,6381,光和溪湖,064435,0,8000,0.0,2400.0,-8000,-2400.0
2026-08-06,6381,光和溪湖,069697,5000,5000,3800.0,4000.0,0,-200.0
2026-08-06,6381,光和溪湖,073943,10000,0,4100.0,0.0,10000,4100.0
2026-08-06,6381,光和溪湖,708938,10000,0,4900.0,0.0,10000,4900.0
2026-08-06,6480,福邦,058376,110000,0,116600.0,0.0,110000,116600.0
2026-08-06,6480,福邦,058489,0,499000,0.0,1362270.0,-499000,-1362270.0
2026-08-06,6480,福邦,066744,0,700000,0.0,2414110.0,-700000,-2414110.0
2026-08-06,6480,福邦,066829,0,700000,0.0,1601600.0,-700000,-1601600.0
2026-08-06,6480,福邦,068202,1199000,0,623480.0,0.0,1199000,623480.0
2026-08-06,6480,福邦,068886,990000,0,544500.0,0.0,990000,544500.0
2026-08-06,6480,福邦,076303,0,30000,0.0,30900.0,-30000,-30900.0
2026-08-06,6480,福邦,076535,0,300000,0.0,1152000.0,-300000,-1152000.0
2026-08-06,700B,兆豐板橋,03237T,99000,99000,36830.0,39600.0,0,-2770.0
2026-08-06,700B,兆豐板橋,03351T,300000,0,197950.0,0.0,300000,197950.0
2026-08-06,700B,兆豐板橋,03558T,5000,0,2900.0,0.0,5000,2900.0
2026-08-06,700B,兆豐板橋,03802T,0,10000,0.0,31700.0,-10000,-31700.0
2026-08-06,700B,兆豐板橋,060735,0,64000,0.0,41280.0,-64000,-41280.0
2026-08-06,700B,兆豐板橋,062714,20000,0,16500.0,0.0,20000,16500.0
2026-08-06,700B,兆豐板橋,062864,0,10000,0.0,37100.0,-10000,-37100.0
2026-08-06,700B,兆豐板橋,064787,499000,0,449100.0,0.0,499000,449100.0
2026-08-06,700B,兆豐板橋,071551,40000,0,39400.0,0.0,40000,39400.0
2026-08-06,700B,兆豐板橋,073352,22000,0,40740.0,0.0,22000,40740.0
2026-08-06,700B,兆豐板橋,075291,20000,7000,28500.0,10490.0,13000,18010.0
2026-08-06,700B,兆豐板橋,076838,10000,0,46800.0,0.0,10000,46800.0
2026-08-06,700B,兆豐板橋,076962,998000,0,1102790.0,0.0,998000,1102790.0
2026-08-06,700B,兆豐板橋,077923,0,100000,0.0,222000.0,-100000,-222000.0
2026-08-06,700B,兆豐板橋,701400,0,150000,0.0,1305000.0,-150000,-1305000.0
2026-08-06,700B,兆豐板橋,701920,0,20000,0.0,13000.0,-20000,-13000.0
2026-08-06,700B,兆豐板橋,703660,10000,0,23550.0,0.0,10000,23550.0
2026-08-06,700B,兆豐板橋,705447,10000,0,31880.0,0.0,10000,31880.0
2026-08-06,700B,兆豐板橋,707735,5000,0,4300.0,0.0,5000,4300.0
2026-08-06,700B,兆豐板橋,709579,10000,0,19050.0,0.0,10000,19050.0
2026-08-06,700B,兆豐板橋,709718,40000,0,36400.0,0.0,40000,36400.0
2026-08-06,700B,兆豐板橋,709933,499000,0,678640.0,0.0,499000,678640.0
2026-08-06,700B,兆豐板橋,72939U,998000,0,1017960.0,0.0,998000,1017960.0
2026-08-06,779c,國票敦北,056638,4000,0,14200.0,0.0,4000,14200.0
2026-08-06,779c,國票敦北,057236,0,100000,0.0,98000.0,-100000,-98000.0
2026-08-06,779c,國票敦北,058565,160000,0,128800.0,0.0,160000,128800.0
2026-08-06,779c,國票敦北,059233,0,2000,0.0,19500.0,-2000,-19500.0
2026-08-06,779c,國票敦北,060235,0,457000,0.0,680930.0,-457000,-680930.0
2026-08-06,779c,國票敦北,060475,1000,0,530.0,0.0,1000,530.0
2026-08-06,779c,國票敦北,062107,1000,0,440.0,0.0,1000,440.0
2026-08-06,779c,國票敦北,063286,5000,1000,2390.0,440.0,4000,1950.0
2026-08-06,779c,國票敦北,063351,1000,0,590.0,0.0,1000,590.0
2026-08-06,779c,國票敦北,063559,0,2000,0.0,4220.0,-2000,-4220.0
2026-08-06,779c,國票敦北,063578,0,1497000,0.0,1007980.0,-1497000,-1007980.0
2026-08-06,779c,國票敦北,063682,0,5000,0.0,8050.0,-5000,-8050.0
2026-08-06,779c,國票敦北,064497,0,1000,0.0,7000.0,-1000,-7000.0
2026-08-06,779c,國票敦北,064989,0,1000,0.0,470.0,-1000,-470.0
2026-08-06,779c,國票敦北,065175,0,15000,0.0,12900.0,-15000,-12900.0
2026-08-06,779c,國票敦北,065364,80000,0,438500.0,0.0,80000,438500.0
2026-08-06,779c,國票敦北,065776,100000,0,43000.0,0.0,100000,43000.0
2026-08-06,779c,國票敦北,066539,2000,0,800.0,0.0,2000,800.0
2026-08-06,779c,國票敦北,067079,0,1000,0.0,1150.0,-1000,-1150.0
2026-08-06,779c,國票敦北,068967,1000,1000,920.0,850.0,0,70.0
2026-08-06,779c,國票敦北,069152,1000,0,290.0,0.0,1000,290.0
2026-08-06,779c,國票敦北,070032,0,1000,0.0,930.0,-1000,-930.0
2026-08-06,779c,國票敦北,071578,0,50000,0.0,57500.0,-50000,-57500.0
2026-08-06,779c,國票敦北,072402,0,1000,0.0,900.0,-1000,-900.0
2026-08-06,779c,國票敦北,07312U,20000,0,4200.0,0.0,20000,4200.0
2026-08-06,779c,國票敦北,073385,30000,0,26400.0,0.0,30000,26400.0
2026-08-06,779c,國票敦北,075686,0,2000,0.0,1720.0,-2000,-1720.0
2026-08-06,779c,國票敦北,076166,0,20000,0.0,22200.0,-20000,-22200.0
2026-08-06,779c,國票敦北,078316,5000,0,9150.0,0.0,5000,9150.0
2026-08-06,779c,國票敦北,705652,10000,60000,53500.0,375000.0,-50000,-321500.0
2026-08-06,779c,國票敦北,706125,80000,100000,129600.0,153000.0,-20000,-23400.0
2026-08-06,779c,國票敦北,706714,25000,0,11800.0,0.0,25000,11800.0
2026-08-06,779c,國票敦北,707127,1000,0,9050.0,0.0,1000,9050.0
2026-08-06,779c,國票敦北,708250,1000,0,580.0,0.0,1000,580.0
2026-08-06,779c,國票敦北,708571,1000,0,500.0,0.0,1000,500.0
2026-08-06,8560,新光,03012T,0,30000,0.0,3600.0,-30000,-3600.0
2026-08-06,8560,新光,031273,0,10000,0.0,10720.0,-10000,-10720.0
2026-08-06,8560,新光,03162T,20000,0,1600.0,0.0,20000,1600.0
2026-08-06,8560,新光,03179T,100000,50000,99500.0,49000.0,50000,50500.0
2026-08-06,8560,新光,03241T,40000,0,19200.0,0.0,40000,19200.0
2026-08-06,8560,新光,03265T,100000,0,43000.0,0.0,100000,43000.0
2026-08-06,8560,新光,03285T,0,23000,0.0,12130.0,-23000,-12130.0
2026-08-06,8560,新光,032942,11000,0,5280.0,0.0,11000,5280.0
2026-08-06,8560,新光,032944,50000,0,12500.0,0.0,50000,12500.0
2026-08-06,8560,新光,03298T,0,6000,0.0,4660.0,-6000,-4660.0
2026-08-06,8560,新光,03326T,104000,0,49920.0,0.0,104000,49920.0
2026-08-06,8560,新光,03346T,0,4000,0.0,1840.0,-4000,-1840.0
2026-08-06,8560,新光,03511T,7000,7000,12600.0,12880.0,0,-280.0
2026-08-06,8560,新光,03599T,3000,0,4440.0,0.0,3000,4440.0
2026-08-06,8560,新光,037064,0,10000,0.0,31200.0,-10000,-31200.0
2026-08-06,8560,新光,03732B,120000,99000,86600.0,72550.0,21000,14050.0
2026-08-06,8560,新光,03735B,0,56000,0.0,43080.0,-56000,-43080.0
2026-08-06,8560,新光,037494,0,3000,0.0,20700.0,-3000,-20700.0
2026-08-06,8560,新光,038450,10000,0,6000.0,0.0,10000,6000.0
2026-08-06,8560,新光,039024,0,80000,0.0,51200.0,-80000,-51200.0
2026-08-06,8560,新光,03918T,0,1000,0.0,1850.0,-1000,-1850.0
2026-08-06,8560,新光,039470,0,6000,0.0,4920.0,-6000,-4920.0
2026-08-06,8560,新光,040649,0,1000,0.0,2380.0,-1000,-2380.0
2026-08-06,8560,新光,040982,5000,0,28000.0,0.0,5000,28000.0
2026-08-06,8560,新光,041613,19000,0,12780.0,0.0,19000,12780.0
2026-08-06,8560,新光,043901,0,2000,0.0,5140.0,-2000,-5140.0
2026-08-06,8560,新光,044404,0,1000,0.0,1520.0,-1000,-1520.0
2026-08-06,8560,新光,047464,0,1000,0.0,8350.0,-1000,-8350.0
2026-08-06,8560,新光,047531,0,3000,0.0,5640.0,-3000,-5640.0
2026-08-06,8560,新光,049787,30000,0,122100.0,0.0,30000,122100.0
2026-08-06,8560,新光,049847,1000,0,1440.0,0.0,1000,1440.0
2026-08-06,8560,新光,051250,0,2000,0.0,5220.0,-2000,-5220.0
2026-08-06,8560,新光,051252,45000,0,76800.0,0.0,45000,76800.0
2026-08-06,8560,新光,051721,0,10000,0.0,83000.0,-10000,-83000.0
2026-08-06,8560,新光,052120,1000,0,280.0,0.0,1000,280.0
2026-08-06,8560,新光,052181,5000,0,4090.0,0.0,5000,4090.0
2026-08-06,8560,新光,052359,0,49000,0.0,57820.0,-49000,-57820.0
2026-08-06,8560,新光,052479,60000,100000,293900.0,463100.0,-40000,-169200.0
2026-08-06,8560,新光,052692,35000,0,29020.0,0.0,35000,29020.0
2026-08-06,8560,新光,052786,10000,0,7500.0,0.0,10000,7500.0
2026-08-06,8560,新光,052824,50000,0,56000.0,0.0,50000,56000.0
2026-08-06,8560,新光,053284,1000,0,980.0,0.0,1000,980.0
2026-08-06,8560,新光,053666,20000,0,12000.0,0.0,20000,12000.0
2026-08-06,8560,新光,054291,10000,0,5900.0,0.0,10000,5900.0
2026-08-06,8560,新光,054411,0,300000,0.0,285000.0,-300000,-285000.0
2026-08-06,8560,新光,054473,20000,0,14000.0,0.0,20000,14000.0
2026-08-06,8560,新光,054525,0,8000,0.0,720.0,-8000,-720.0
2026-08-06,8560,新光,054634,0,1000,0.0,3630.0,-1000,-3630.0
2026-08-06,8560,新光,054694,0,4000,0.0,3160.0,-4000,-3160.0
2026-08-06,8560,新光,055218,50000,0,67500.0,0.0,50000,67500.0
2026-08-06,8560,新光,055260,0,1000,0.0,1810.0,-1000,-1810.0
2026-08-06,8560,新光,055407,30000,0,19500.0,0.0,30000,19500.0
2026-08-06,8560,新光,055658,3000,0,1860.0,0.0,3000,1860.0
2026-08-06,8560,新光,055842,0,5000,0.0,8900.0,-5000,-8900.0
2026-08-06,8560,新光,055866,0,100000,0.0,86000.0,-100000,-86000.0
2026-08-06,8560,新光,056071,0,1000,0.0,3490.0,-1000,-3490.0
2026-08-06,8560,新光,056096,20000,0,10200.0,0.0,20000,10200.0
2026-08-06,8560,新光,056250,0,38000,0.0,9500.0,-38000,-9500.0
2026-08-06,8560,新光,056633,0,6000,0.0,17400.0,-6000,-17400.0
2026-08-06,8560,新光,056974,4000,0,6800.0,0.0,4000,6800.0
2026-08-06,8560,新光,057180,0,3000,0.0,4800.0,-3000,-4800.0
2026-08-06,8560,新光,057318,0,2000,0.0,60.0,-2000,-60.0
2026-08-06,8560,新光,057362,0,1000,0.0,230.0,-1000,-230.0
2026-08-06,8560,新光,057525,3000,0,9750.0,0.0,3000,9750.0
2026-08-06,8560,新光,057601,0,1000,0.0,4150.0,-1000,-4150.0
2026-08-06,8560,新光,058405,10000,0,4500.0,0.0,10000,4500.0
2026-08-06,8560,新光,058676,0,8000,0.0,22400.0,-8000,-22400.0
2026-08-06,8560,新光,058891,4000,0,12400.0,0.0,4000,12400.0
2026-08-06,8560,新光,058912,1000,0,1260.0,0.0,1000,1260.0
2026-08-06,8560,新光,059020,0,1000,0.0,1590.0,-1000,-1590.0
2026-08-06,8560,新光,059030,1000,0,2690.0,0.0,1000,2690.0
2026-08-06,8560,新光,059050,4000,0,3400.0,0.0,4000,3400.0
2026-08-06,8560,新光,059065,3000,0,6780.0,0.0,3000,6780.0
2026-08-06,8560,新光,059067,3000,3000,7350.0,7260.0,0,90.0
2026-08-06,8560,新光,059156,0,2000,0.0,2030.0,-2000,-2030.0
2026-08-06,8560,新光,059190,20000,0,43300.0,0.0,20000,43300.0
2026-08-06,8560,新光,059211,10000,0,15100.0,0.0,10000,15100.0
2026-08-06,8560,新光,059639,0,5000,0.0,12840.0,-5000,-12840.0
2026-08-06,8560,新光,059740,1000,0,1910.0,0.0,1000,1910.0
2026-08-06,8560,新光,059983,0,150000,0.0,121500.0,-150000,-121500.0
2026-08-06,8560,新光,060176,0,170000,0.0,200600.0,-170000,-200600.0
2026-08-06,8560,新光,060263,0,30000,0.0,73800.0,-30000,-73800.0
2026-08-06,8560,新光,060355,0,5000,0.0,20500.0,-5000,-20500.0
2026-08-06,8560,新光,060609,1000,0,4500.0,0.0,1000,4500.0
2026-08-06,8560,新光,061071,0,4000,0.0,3200.0,-4000,-3200.0
2026-08-06,8560,新光,061142,10000,0,29300.0,0.0,10000,29300.0
2026-08-06,8560,新光,061408,0,5000,0.0,49000.0,-5000,-49000.0
2026-08-06,8560,新光,061605,0,5000,0.0,4500.0,-5000,-4500.0
2026-08-06,8560,新光,061777,10000,0,8000.0,0.0,10000,8000.0
2026-08-06,8560,新光,061838,0,10000,0.0,92500.0,-10000,-92500.0
2026-08-06,8560,新光,061944,30000,0,19200.0,0.0,30000,19200.0
2026-08-06,8560,新光,062109,10000,0,1800.0,0.0,10000,1800.0
2026-08-06,8560,新光,062301,0,5000,0.0,950.0,-5000,-950.0
2026-08-06,8560,新光,062342,50000,0,26500.0,0.0,50000,26500.0
2026-08-06,8560,新光,062425,0,10000,0.0,9000.0,-10000,-9000.0
2026-08-06,8560,新光,062503,50000,0,40500.0,0.0,50000,40500.0
2026-08-06,8560,新光,062650,85000,0,56950.0,0.0,85000,56950.0
2026-08-06,8560,新光,062672,0,250000,0.0,300000.0,-250000,-300000.0
2026-08-06,8560,新光,062686,50000,50000,36000.0,35000.0,0,1000.0
2026-08-06,8560,新光,062689,0,9000,0.0,6300.0,-9000,-6300.0
2026-08-06,8560,新光,062706,0,2000,0.0,3880.0,-2000,-3880.0
2026-08-06,8560,新光,062731,4000,0,6340.0,0.0,4000,6340.0
2026-08-06,8560,新光,062742,18000,0,37900.0,0.0,18000,37900.0
2026-08-06,8560,新光,062784,0,3000,0.0,7770.0,-3000,-7770.0
2026-08-06,8560,新光,062929,20000,43000,22200.0,49450.0,-23000,-27250.0
2026-08-06,8560,新光,063280,0,2000,0.0,3300.0,-2000,-3300.0
2026-08-06,8560,新光,063295,2000,0,2780.0,0.0,2000,2780.0
2026-08-06,8560,新光,063344,40000,0,15600.0,0.0,40000,15600.0
2026-08-06,8560,新光,063390,3000,0,3850.0,0.0,3000,3850.0
2026-08-06,8560,新光,063406,1000,0,900.0,0.0,1000,900.0
2026-08-06,8560,新光,063448,10000,0,9700.0,0.0,10000,9700.0
2026-08-06,8560,新光,063533,0,18000,0.0,40140.0,-18000,-40140.0
2026-08-06,8560,新光,063578,0,20000,0.0,14400.0,-20000,-14400.0
2026-08-06,8560,新光,063639,0,21000,0.0,52500.0,-21000,-52500.0
2026-08-06,8560,新光,063641,0,18000,0.0,36000.0,-18000,-36000.0
2026-08-06,8560,新光,063808,80000,0,85400.0,0.0,80000,85400.0
2026-08-06,8560,新光,063827,0,10000,0.0,9900.0,-10000,-9900.0
2026-08-06,8560,新光,064011,0,22000,0.0,76380.0,-22000,-76380.0
2026-08-06,8560,新光,064013,1000,0,2300.0,0.0,1000,2300.0
2026-08-06,8560,新光,064064,20000,0,6200.0,0.0,20000,6200.0
2026-08-06,8560,新光,064133,0,6000,0.0,8160.0,-6000,-8160.0
2026-08-06,8560,新光,064154,58000,0,134720.0,0.0,58000,134720.0
2026-08-06,8560,新光,064438,16000,0,12320.0,0.0,16000,12320.0
2026-08-06,8560,新光,064524,0,4000,0.0,4720.0,-4000,-4720.0
2026-08-06,8560,新光,064573,0,4000,0.0,4320.0,-4000,-4320.0
2026-08-06,8560,新光,064652,100000,0,17000.0,0.0,100000,17000.0
2026-08-06,8560,新光,064679,0,1000,0.0,1500.0,-1000,-1500.0
2026-08-06,8560,新光,064707,0,67000,0.0,12060.0,-67000,-12060.0
2026-08-06,8560,新光,064805,10000,40000,16800.0,59200.0,-30000,-42400.0
2026-08-06,8560,新光,064915,2000,2000,2860.0,2780.0,0,80.0
2026-08-06,8560,新光,064969,0,2000,0.0,2080.0,-2000,-2080.0
2026-08-06,8560,新光,065050,10000,60000,11650.0,58200.0,-50000,-46550.0
2026-08-06,8560,新光,065058,0,139000,0.0,104250.0,-139000,-104250.0
2026-08-06,8560,新光,065067,10000,0,8700.0,0.0,10000,8700.0
2026-08-06,8560,新光,065111,0,2000,0.0,9540.0,-2000,-9540.0
2026-08-06,8560,新光,065125,0,1000,0.0,480.0,-1000,-480.0
2026-08-06,8560,新光,065423,580000,1000,446930.0,840.0,579000,446090.0
2026-08-06,8560,新光,065458,5000,0,12000.0,0.0,5000,12000.0
2026-08-06,8560,新光,065464,0,15000,0.0,8250.0,-15000,-8250.0
2026-08-06,8560,新光,065468,200000,0,420000.0,0.0,200000,420000.0
2026-08-06,8560,新光,065565,3000,0,4650.0,0.0,3000,4650.0
2026-08-06,8560,新光,065673,100000,0,297000.0,0.0,100000,297000.0
2026-08-06,8560,新光,065890,16000,60000,7040.0,32100.0,-44000,-25060.0
2026-08-06,8560,新光,066063,20000,0,39800.0,0.0,20000,39800.0
2026-08-06,8560,新光,066075,20000,0,8800.0,0.0,20000,8800.0
2026-08-06,8560,新光,066145,20000,0,60000.0,0.0,20000,60000.0
2026-08-06,8560,新光,066147,2000,0,3460.0,0.0,2000,3460.0
2026-08-06,8560,新光,066180,15000,0,21380.0,0.0,15000,21380.0
2026-08-06,8560,新光,066189,0,72000,0.0,134640.0,-72000,-134640.0
2026-08-06,8560,新光,066341,3000,0,14700.0,0.0,3000,14700.0
2026-08-06,8560,新光,066373,2000,0,7440.0,0.0,2000,7440.0
2026-08-06,8560,新光,066444,0,3000,0.0,7500.0,-3000,-7500.0
2026-08-06,8560,新光,066513,0,1000,0.0,2300.0,-1000,-2300.0
2026-08-06,8560,新光,066555,5000,0,63500.0,0.0,5000,63500.0
2026-08-06,8560,新光,066573,0,10000,0.0,31500.0,-10000,-31500.0
2026-08-06,8560,新光,066653,0,1000,0.0,4100.0,-1000,-4100.0
2026-08-06,8560,新光,066666,0,80000,0.0,515900.0,-80000,-515900.0
2026-08-06,8560,新光,066671,3000,0,3000.0,0.0,3000,3000.0
2026-08-06,8560,新光,066767,357000,0,99960.0,0.0,357000,99960.0
2026-08-06,8560,新光,066784,0,30000,0.0,177000.0,-30000,-177000.0
2026-08-06,8560,新光,066801,0,100000,0.0,172000.0,-100000,-172000.0
2026-08-06,8560,新光,066818,0,10000,0.0,65000.0,-10000,-65000.0
2026-08-06,8560,新光,066858,120000,0,127400.0,0.0,120000,127400.0
2026-08-06,8560,新光,067078,69000,0,15890.0,0.0,69000,15890.0
2026-08-06,8560,新光,067080,0,10000,0.0,20000.0,-10000,-20000.0
2026-08-06,8560,新光,067119,4000,0,5440.0,0.0,4000,5440.0
2026-08-06,8560,新光,067215,10000,0,7400.0,0.0,10000,7400.0
2026-08-06,8560,新光,067216,0,33000,0.0,27390.0,-33000,-27390.0
2026-08-06,8560,新光,067283,1000,0,1780.0,0.0,1000,1780.0
2026-08-06,8560,新光,067386,1000,0,2820.0,0.0,1000,2820.0
2026-08-06,8560,新光,067398,10000,0,3600.0,0.0,10000,3600.0
2026-08-06,8560,新光,067411,20000,0,13800.0,0.0,20000,13800.0
2026-08-06,8560,新光,067426,0,3000,0.0,8520.0,-3000,-8520.0
2026-08-06,8560,新光,067427,35000,0,106050.0,0.0,35000,106050.0
2026-08-06,8560,新光,067590,0,30000,0.0,27300.0,-30000,-27300.0
2026-08-06,8560,新光,067610,9000,0,24810.0,0.0,9000,24810.0
2026-08-06,8560,新光,067611,45000,55000,40700.0,49850.0,-10000,-9150.0
2026-08-06,8560,新光,067642,8000,0,6240.0,0.0,8000,6240.0
2026-08-06,8560,新光,067727,1000,0,3050.0,0.0,1000,3050.0
2026-08-06,8560,新光,067745,1000,1000,830.0,900.0,0,-70.0
2026-08-06,8560,新光,067806,0,27000,0.0,81000.0,-27000,-81000.0
2026-08-06,8560,新光,067828,0,30000,0.0,8990.0,-30000,-8990.0
2026-08-06,8560,新光,067942,20000,0,39300.0,0.0,20000,39300.0
2026-08-06,8560,新光,067984,0,50000,0.0,29500.0,-50000,-29500.0
2026-08-06,8560,新光,067996,0,5000,0.0,3830.0,-5000,-3830.0
2026-08-06,8560,新光,068001,10000,0,7500.0,0.0,10000,7500.0
2026-08-06,8560,新光,068002,1000,5000,1070.0,5100.0,-4000,-4030.0
2026-08-06,8560,新光,068010,3000,0,3390.0,0.0,3000,3390.0
2026-08-06,8560,新光,068042,0,4000,0.0,2440.0,-4000,-2440.0
2026-08-06,8560,新光,068132,10000,0,11600.0,0.0,10000,11600.0
2026-08-06,8560,新光,068256,5000,0,2750.0,0.0,5000,2750.0
2026-08-06,8560,新光,068338,0,30000,0.0,49900.0,-30000,-49900.0
2026-08-06,8560,新光,068342,30000,0,120300.0,0.0,30000,120300.0
2026-08-06,8560,新光,068413,0,800000,0.0,420000.0,-800000,-420000.0
2026-08-06,8560,新光,068438,5000,0,5700.0,0.0,5000,5700.0
2026-08-06,8560,新光,068463,0,79000,0.0,101910.0,-79000,-101910.0
2026-08-06,8560,新光,068465,140000,0,184800.0,0.0,140000,184800.0
2026-08-06,8560,新光,068596,20000,0,29400.0,0.0,20000,29400.0
2026-08-06,8560,新光,068635,5000,30000,8950.0,54000.0,-25000,-45050.0
2026-08-06,8560,新光,068764,0,20000,0.0,11080.0,-20000,-11080.0
2026-08-06,8560,新光,068833,0,20000,0.0,152000.0,-20000,-152000.0
2026-08-06,8560,新光,068927,1000,0,760.0,0.0,1000,760.0
2026-08-06,8560,新光,068930,1000,0,1350.0,0.0,1000,1350.0
2026-08-06,8560,新光,068954,114000,0,47880.0,0.0,114000,47880.0
2026-08-06,8560,新光,068961,0,15000,0.0,17250.0,-15000,-17250.0
2026-08-06,8560,新光,068993,2000,0,5600.0,0.0,2000,5600.0
2026-08-06,8560,新光,069058,0,190000,0.0,254600.0,-190000,-254600.0
2026-08-06,8560,新光,069063,20000,0,44600.0,0.0,20000,44600.0
2026-08-06,8560,新光,069071,0,3000,0.0,13740.0,-3000,-13740.0
2026-08-06,8560,新光,069147,0,1000,0.0,1250.0,-1000,-1250.0
2026-08-06,8560,新光,069305,27000,5000,41110.0,7000.0,22000,34110.0
2026-08-06,8560,新光,069370,0,50000,0.0,45000.0,-50000,-45000.0
2026-08-06,8560,新光,069449,0,40000,0.0,14900.0,-40000,-14900.0
2026-08-06,8560,新光,069534,10000,0,13000.0,0.0,10000,13000.0
2026-08-06,8560,新光,069549,2000,0,1820.0,0.0,2000,1820.0
2026-08-06,8560,新光,069579,180000,0,117000.0,0.0,180000,117000.0
2026-08-06,8560,新光,069625,100000,0,82000.0,0.0,100000,82000.0
2026-08-06,8560,新光,069655,5000,0,3450.0,0.0,5000,3450.0
2026-08-06,8560,新光,069684,1000,0,1260.0,0.0,1000,1260.0
2026-08-06,8560,新光,069698,0,10000,0.0,11300.0,-10000,-11300.0
2026-08-06,8560,新光,069776,0,96000,0.0,140460.0,-96000,-140460.0
2026-08-06,8560,新光,069826,15000,0,11250.0,0.0,15000,11250.0
2026-08-06,8560,新光,069913,0,60000,0.0,48000.0,-60000,-48000.0
2026-08-06,8560,新光,069944,6000,3000,58350.0,28750.0,3000,29600.0
2026-08-06,8560,新光,069967,40000,0,26000.0,0.0,40000,26000.0
2026-08-06,8560,新光,070131,0,320000,0.0,512000.0,-320000,-512000.0
2026-08-06,8560,新光,070170,10000,0,8900.0,0.0,10000,8900.0
2026-08-06,8560,新光,070643,0,15000,0.0,10050.0,-15000,-10050.0
2026-08-06,8560,新光,070811,2000,0,2780.0,0.0,2000,2780.0
2026-08-06,8560,新光,070854,0,1000,0.0,1630.0,-1000,-1630.0
2026-08-06,8560,新光,070900,60000,0,91800.0,0.0,60000,91800.0
2026-08-06,8560,新光,070931,2000,0,1520.0,0.0,2000,1520.0
2026-08-06,8560,新光,071014,5000,0,6900.0,0.0,5000,6900.0
2026-08-06,8560,新光,071194,2000,0,5100.0,0.0,2000,5100.0
2026-08-06,8560,新光,071210,1000,0,7500.0,0.0,1000,7500.0
2026-08-06,8560,新光,071218,30000,0,41100.0,0.0,30000,41100.0
2026-08-06,8560,新光,071244,20000,0,22000.0,0.0,20000,22000.0
2026-08-06,8560,新光,071409,20000,0,15000.0,0.0,20000,15000.0
2026-08-06,8560,新光,071467,10000,0,16400.0,0.0,10000,16400.0
2026-08-06,8560,新光,071582,3000,2000,7020.0,5000.0,1000,2020.0
2026-08-06,8560,新光,071619,0,5000,0.0,5300.0,-5000,-5300.0
2026-08-06,8560,新光,071823,10000,0,3300.0,0.0,10000,3300.0
2026-08-06,8560,新光,072173,40000,0,20300.0,0.0,40000,20300.0
2026-08-06,8560,新光,072199,30000,0,32100.0,0.0,30000,32100.0
2026-08-06,8560,新光,072241,0,3000,0.0,5100.0,-3000,-5100.0
2026-08-06,8560,新光,072249,2000,0,2680.0,0.0,2000,2680.0
2026-08-06,8560,新光,072284,1000,0,800.0,0.0,1000,800.0
2026-08-06,8560,新光,072296,40000,0,22000.0,0.0,40000,22000.0
2026-08-06,8560,新光,072525,10000,0,1600.0,0.0,10000,1600.0
2026-08-06,8560,新光,072560,10000,0,28700.0,0.0,10000,28700.0
2026-08-06,8560,新光,072608,5000,0,6550.0,0.0,5000,6550.0
2026-08-06,8560,新光,072661,0,13000,0.0,2990.0,-13000,-2990.0
2026-08-06,8560,新光,072995,0,3000,0.0,5250.0,-3000,-5250.0
2026-08-06,8560,新光,073065,2000,0,2000.0,0.0,2000,2000.0
2026-08-06,8560,新光,073123,0,120000,0.0,139200.0,-120000,-139200.0
2026-08-06,8560,新光,073370,3000,0,4020.0,0.0,3000,4020.0
2026-08-06,8560,新光,073693,0,80000,0.0,48000.0,-80000,-48000.0
2026-08-06,8560,新光,073808,50000,0,38500.0,0.0,50000,38500.0
2026-08-06,8560,新光,073884,1000,1000,2000.0,2110.0,0,-110.0
2026-08-06,8560,新光,074012,0,30000,0.0,32700.0,-30000,-32700.0
2026-08-06,8560,新光,074027,5000,0,5450.0,0.0,5000,5450.0
2026-08-06,8560,新光,074132,2000,35000,2630.0,42900.0,-33000,-40270.0
2026-08-06,8560,新光,074394,5000,25000,7500.0,35250.0,-20000,-27750.0
2026-08-06,8560,新光,074397,27000,0,35100.0,0.0,27000,35100.0
2026-08-06,8560,新光,074597,5000,0,2200.0,0.0,5000,2200.0
2026-08-06,8560,新光,074631,29000,0,49290.0,0.0,29000,49290.0
2026-08-06,8560,新光,074671,50000,0,48000.0,0.0,50000,48000.0
2026-08-06,8560,新光,074710,99000,0,85140.0,0.0,99000,85140.0
2026-08-06,8560,新光,074806,30000,0,17200.0,0.0,30000,17200.0
2026-08-06,8560,新光,074994,0,6000,0.0,4140.0,-6000,-4140.0
2026-08-06,8560,新光,075072,1000,0,2040.0,0.0,1000,2040.0
2026-08-06,8560,新光,075375,1000,0,1810.0,0.0,1000,1810.0
2026-08-06,8560,新光,075477,42000,0,49300.0,0.0,42000,49300.0
2026-08-06,8560,新光,075561,0,1000,0.0,900.0,-1000,-900.0
2026-08-06,8560,新光,075704,20000,0,17200.0,0.0,20000,17200.0
2026-08-06,8560,新光,076075,0,20000,0.0,5000.0,-20000,-5000.0
2026-08-06,8560,新光,076213,2000,2000,2120.0,2220.0,0,-100.0
2026-08-06,8560,新光,076250,1000,0,1350.0,0.0,1000,1350.0
2026-08-06,8560,新光,076345,0,10000,0.0,10000.0,-10000,-10000.0
2026-08-06,8560,新光,076377,0,10000,0.0,10800.0,-10000,-10800.0
2026-08-06,8560,新光,076378,499000,0,449100.0,0.0,499000,449100.0
2026-08-06,8560,新光,076449,10000,0,6300.0,0.0,10000,6300.0
2026-08-06,8560,新光,076459,5000,0,3150.0,0.0,5000,3150.0
2026-08-06,8560,新光,076508,5000,315000,5300.0,352800.0,-310000,-347500.0
2026-08-06,8560,新光,076576,5000,0,19000.0,0.0,5000,19000.0
2026-08-06,8560,新光,076581,0,20000,0.0,9000.0,-20000,-9000.0
2026-08-06,8560,新光,076696,20000,0,34500.0,0.0,20000,34500.0
2026-08-06,8560,新光,076765,0,10000,0.0,3900.0,-10000,-3900.0
2026-08-06,8560,新光,076770,150000,0,134000.0,0.0,150000,134000.0
2026-08-06,8560,新光,077033,1000,0,2630.0,0.0,1000,2630.0
2026-08-06,8560,新光,077410,0,30000,0.0,39900.0,-30000,-39900.0
2026-08-06,8560,新光,077448,100000,0,75000.0,0.0,100000,75000.0
2026-08-06,8560,新光,077456,20000,0,14200.0,0.0,20000,14200.0
2026-08-06,8560,新光,077591,0,1000,0.0,9150.0,-1000,-9150.0
2026-08-06,8560,新光,077605,2000,0,3360.0,0.0,2000,3360.0
2026-08-06,8560,新光,077749,5000,0,10050.0,0.0,5000,10050.0
2026-08-06,8560,新光,077849,2000,0,2580.0,0.0,2000,2580.0
2026-08-06,8560,新光,077923,5000,0,12000.0,0.0,5000,12000.0
2026-08-06,8560,新光,077968,4000,0,10240.0,0.0,4000,10240.0
2026-08-06,8560,新光,078029,1000,0,2580.0,0.0,1000,2580.0
2026-08-06,8560,新光,078100,2000,0,3260.0,0.0,2000,3260.0
2026-08-06,8560,新光,078107,8000,0,12640.0,0.0,8000,12640.0
2026-08-06,8560,新光,078177,1000,0,1590.0,0.0,1000,1590.0
2026-08-06,8560,新光,078219,120000,0,114000.0,0.0,120000,114000.0
2026-08-06,8560,新光,078291,50000,0,40000.0,0.0,50000,40000.0
2026-08-06,8560,新光,078305,4000,0,10280.0,0.0,4000,10280.0
2026-08-06,8560,新光,078446,11000,0,12320.0,0.0,11000,12320.0
2026-08-06,8560,新光,078721,10000,0,32600.0,0.0,10000,32600.0
2026-08-06,8560,新光,080849,10000,0,29000.0,0.0,10000,29000.0
2026-08-06,8560,新光,08092U,4000,0,280.0,0.0,4000,280.0
2026-08-06,8560,新光,08458U,0,62000,0.0,1240.0,-62000,-1240.0
2026-08-06,8560,新光,700022,0,11000,0.0,27060.0,-11000,-27060.0
2026-08-06,8560,新光,700190,0,5000,0.0,22200.0,-5000,-22200.0
2026-08-06,8560,新光,700415,30000,0,21300.0,0.0,30000,21300.0
2026-08-06,8560,新光,700904,1000,0,4290.0,0.0,1000,4290.0
2026-08-06,8560,新光,702300,0,1000,0.0,2480.0,-1000,-2480.0
2026-08-06,8560,新光,702639,0,10000,0.0,54000.0,-10000,-54000.0
2026-08-06,8560,新光,702980,10000,0,2400.0,0.0,10000,2400.0
2026-08-06,8560,新光,704203,8000,0,8200.0,0.0,8000,8200.0
2026-08-06,8560,新光,704293,100000,100000,32000.0,33000.0,0,-1000.0
2026-08-06,8560,新光,704906,10000,0,14600.0,0.0,10000,14600.0
2026-08-06,8560,新光,704948,0,89000,0.0,45390.0,-89000,-45390.0
2026-08-06,8560,新光,705153,0,150000,0.0,855000.0,-150000,-855000.0
2026-08-06,8560,新光,705199,120000,0,39200.0,0.0,120000,39200.0
2026-08-06,8560,新光,705241,1000,0,2460.0,0.0,1000,2460.0
2026-08-06,8560,新光,705316,1000,0,1760.0,0.0,1000,1760.0
2026-08-06,8560,新光,705391,1000,0,490.0,0.0,1000,490.0
2026-08-06,8560,新光,705399,5000,0,4400.0,0.0,5000,4400.0
2026-08-06,8560,新光,705489,10000,0,11700.0,0.0,10000,11700.0
2026-08-06,8560,新光,705527,0,1000,0.0,17300.0,-1000,-17300.0
2026-08-06,8560,新光,705565,4000,0,3520.0,0.0,4000,3520.0
2026-08-06,8560,新光,705781,10000,0,8000.0,0.0,10000,8000.0
2026-08-06,8560,新光,705806,7000,0,16470.0,0.0,7000,16470.0
2026-08-06,8560,新光,705807,1000,0,1850.0,0.0,1000,1850.0
2026-08-06,8560,新光,705826,0,1000,0.0,3250.0,-1000,-3250.0
2026-08-06,8560,新光,705860,11000,0,5610.0,0.0,11000,5610.0
2026-08-06,8560,新光,706235,35000,0,47560.0,0.0,35000,47560.0
2026-08-06,8560,新光,706245,27000,95000,16200.0,47000.0,-68000,-30800.0
2026-08-06,8560,新光,706326,60000,0,45000.0,0.0,60000,45000.0
2026-08-06,8560,新光,706340,10000,0,5000.0,0.0,10000,5000.0
2026-08-06,8560,新光,706597,3000,0,9330.0,0.0,3000,9330.0
2026-08-06,8560,新光,707070,0,2000,0.0,5840.0,-2000,-5840.0
2026-08-06,8560,新光,707181,0,5000,0.0,42500.0,-5000,-42500.0
2026-08-06,8560,新光,707231,0,40000,0.0,17200.0,-40000,-17200.0
2026-08-06,8560,新光,707299,10000,34000,29500.0,82220.0,-24000,-52720.0
2026-08-06,8560,新光,707330,3000,0,18000.0,0.0,3000,18000.0
2026-08-06,8560,新光,707335,1000,1000,1880.0,1760.0,0,120.0
2026-08-06,8560,新光,707336,200000,0,226000.0,0.0,200000,226000.0
2026-08-06,8560,新光,707343,10000,0,9900.0,0.0,10000,9900.0
2026-08-06,8560,新光,707589,0,10000,0.0,6800.0,-10000,-6800.0
2026-08-06,8560,新光,707735,15000,62000,13130.0,45520.0,-47000,-32390.0
2026-08-06,8560,新光,707757,0,1000,0.0,850.0,-1000,-850.0
2026-08-06,8560,新光,707822,3000,0,3000.0,0.0,3000,3000.0
2026-08-06,8560,新光,707843,3000,0,4530.0,0.0,3000,4530.0
2026-08-06,8560,新光,707852,8000,0,24640.0,0.0,8000,24640.0
2026-08-06,8560,新光,707931,2000,1000,9620.0,4690.0,1000,4930.0
2026-08-06,8560,新光,708008,0,10000,0.0,12000.0,-10000,-12000.0
2026-08-06,8560,新光,708017,0,10000,0.0,28800.0,-10000,-28800.0
2026-08-06,8560,新光,708087,23000,0,9200.0,0.0,23000,9200.0
2026-08-06,8560,新光,708250,0,25000,0.0,9000.0,-25000,-9000.0
2026-08-06,8560,新光,708305,20000,0,17000.0,0.0,20000,17000.0
2026-08-06,8560,新光,708470,200000,0,651000.0,0.0,200000,651000.0
2026-08-06,8560,新光,708473,6000,0,6080.0,0.0,6000,6080.0
2026-08-06,8560,新光,708588,21000,0,5230.0,0.0,21000,5230.0
2026-08-06,8560,新光,708659,80000,0,47200.0,0.0,80000,47200.0
2026-08-06,8560,新光,708775,2000,2000,1400.0,1400.0,0,0.0
2026-08-06,8560,新光,708827,13000,0,10270.0,0.0,13000,10270.0
2026-08-06,8560,新光,708843,6000,0,11460.0,0.0,6000,11460.0
2026-08-06,8560,新光,708894,6000,0,8820.0,0.0,6000,8820.0
2026-08-06,8560,新光,708923,10000,0,6000.0,0.0,10000,6000.0
2026-08-06,8560,新光,709023,30000,0,96000.0,0.0,30000,96000.0
2026-08-06,8560,新光,709171,20000,0,11800.0,0.0,20000,11800.0
2026-08-06,8560,新光,709202,85000,90000,47300.0,54300.0,-5000,-7000.0
2026-08-06,8560,新光,709302,0,40000,0.0,14000.0,-40000,-14000.0
2026-08-06,8560,新光,709309,80000,0,16800.0,0.0,80000,16800.0
2026-08-06,8560,新光,709515,0,100000,0.0,104000.0,-100000,-104000.0
2026-08-06,8560,新光,709552,0,120000,0.0,102000.0,-120000,-102000.0
2026-08-06,8560,新光,709591,0,10000,0.0,7200.0,-10000,-7200.0
2026-08-06,8560,新光,709706,1000,0,940.0,0.0,1000,940.0
2026-08-06,8560,新光,709709,2000,2000,960.0,960.0,0,0.0
2026-08-06,8560,新光,709783,0,30000,0.0,26700.0,-30000,-26700.0
2026-08-06,8560,新光,709972,64000,0,99200.0,0.0,64000,99200.0
2026-08-06,8560,新光,709977,50000,10000,37500.0,7000.0,40000,30500.0
2026-08-06,8560,新光,709984,20000,0,27600.0,0.0,20000,27600.0
2026-08-06,8560,新光,709988,100000,0,46000.0,0.0,100000,46000.0
2026-08-06,8560,新光,710018,60000,0,19500.0,0.0,60000,19500.0
2026-08-06,8560,新光,710024,90000,90000,46700.0,48500.0,0,-1800.0
2026-08-06,8560,新光,710060,70000,50000,75900.0,53500.0,20000,22400.0
2026-08-06,8560,新光,710069,30000,0,20950.0,0.0,30000,20950.0
2026-08-06,8560,新光,710074,25000,0,24800.0,0.0,25000,24800.0
2026-08-06,8560,新光,710094,0,20000,0.0,8600.0,-20000,-8600.0
2026-08-06,8560,新光,710266,1000,0,110.0,0.0,1000,110.0
2026-08-06,8560,新光,710403,60000,10000,22200.0,4000.0,50000,18200.0
2026-08-06,8560,新光,710421,0,35000,0.0,40600.0,-35000,-40600.0
2026-08-06,8560,新光,710481,20000,20000,29000.0,22400.0,0,6600.0
2026-08-06,8560,新光,710626,0,12000,0.0,6570.0,-12000,-6570.0
2026-08-06,8560,新光,710910,40000,0,46800.0,0.0,40000,46800.0
2026-08-06,8560,新光,710960,0,10000,0.0,4800.0,-10000,-4800.0
2026-08-06,8560,新光,711082,1000,1000,400.0,400.0,0,0.0
2026-08-06,8560,新光,711222,1000,0,3080.0,0.0,1000,3080.0
2026-08-06,8560,新光,711241,50000,0,49800.0,0.0,50000,49800.0
2026-08-06,8560,新光,711347,10000,0,15800.0,0.0,10000,15800.0
2026-08-06,8560,新光,711367,0,300000,0.0,151000.0,-300000,-151000.0
2026-08-06,8560,新光,711512,20000,0,24900.0,0.0,20000,24900.0
2026-08-06,8560,新光,711524,10000,0,10500.0,0.0,10000,10500.0
2026-08-06,8560,新光,711680,10000,0,13200.0,0.0,10000,13200.0
2026-08-06,8560,新光,711929,10000,0,12600.0,0.0,10000,12600.0
2026-08-06,8560,新光,711977,2000,0,4040.0,0.0,2000,4040.0
2026-08-06,8560,新光,712021,2000,0,2060.0,0.0,2000,2060.0
2026-08-06,8560,新光,712198,5000,0,10050.0,0.0,5000,10050.0
2026-08-06,8560,新光,712219,1000,0,960.0,0.0,1000,960.0
2026-08-06,8560,新光,72725U,0,1000,0.0,10.0,-1000,-10.0
2026-08-06,8560,新光,72853U,0,10000,0.0,6350.0,-10000,-6350.0
2026-08-06,8560,新光,72939U,20000,0,20400.0,0.0,20000,20400.0
2026-08-06,8560,新光,733760,0,1000,0.0,530.0,-1000,-530.0
2026-08-06,8560,新光,735512,0,2000,0.0,4980.0,-2000,-4980.0
2026-08-06,8560,新光,736427,39000,150000,6240.0,23500.0,-111000,-17260.0
2026-08-06,8560,新光,736428,1000,0,360.0,0.0,1000,360.0
2026-08-06,9135,群益東大,03094T,0,303000,0.0,263580.0,-303000,-263580.0
2026-08-06,9135,群益東大,03371T,1000,0,440.0,0.0,1000,440.0
2026-08-06,9135,群益東大,03495T,0,10000,0.0,8400.0,-10000,-8400.0
2026-08-06,9135,群益東大,03580T,0,4000,0.0,9680.0,-4000,-9680.0
2026-08-06,9135,群益東大,03797T,0,4000,0.0,7760.0,-4000,-7760.0
2026-08-06,9135,群益東大,039472,2000,0,450.0,0.0,2000,450.0
2026-08-06,9135,群益東大,048097,1000,0,240.0,0.0,1000,240.0
2026-08-06,9135,群益東大,052120,2226000,0,659800.0,0.0,2226000,659800.0
2026-08-06,9135,群益東大,054555,0,5000,0.0,9250.0,-5000,-9250.0
2026-08-06,9135,群益東大,057934,1000,0,4740.0,0.0,1000,4740.0
2026-08-06,9135,群益東大,059505,10000,0,10300.0,0.0,10000,10300.0
2026-08-06,9135,群益東大,063446,0,25000,0.0,12250.0,-25000,-12250.0
2026-08-06,9135,群益東大,063513,0,2000,0.0,7040.0,-2000,-7040.0
2026-08-06,9135,群益東大,064312,30000,0,7200.0,0.0,30000,7200.0
2026-08-06,9135,群益東大,065011,1000,1000,550.0,550.0,0,0.0
2026-08-06,9135,群益東大,065461,110000,6000,20800.0,1320.0,104000,19480.0
2026-08-06,9135,群益東大,065764,450000,450000,477000.0,483500.0,0,-6500.0
2026-08-06,9135,群益東大,066110,0,5000,0.0,1400.0,-5000,-1400.0
2026-08-06,9135,群益東大,066180,0,20000,0.0,28900.0,-20000,-28900.0
2026-08-06,9135,群益東大,066744,29000,0,85260.0,0.0,29000,85260.0
2026-08-06,9135,群益東大,067080,0,24000,0.0,48000.0,-24000,-48000.0
2026-08-06,9135,群益東大,067694,0,46000,0.0,19900.0,-46000,-19900.0
2026-08-06,9135,群益東大,067828,6000,0,1710.0,0.0,6000,1710.0
2026-08-06,9135,群益東大,068079,200000,0,190000.0,0.0,200000,190000.0
2026-08-06,9135,群益東大,068792,1000,1000,260.0,250.0,0,10.0
2026-08-06,9135,群益東大,069785,10000,3000,3600.0,1080.0,7000,2520.0
2026-08-06,9135,群益東大,070460,20000,0,19400.0,0.0,20000,19400.0
2026-08-06,9135,群益東大,070945,10000,0,8200.0,0.0,10000,8200.0
2026-08-06,9135,群益東大,071282,0,5000,0.0,5800.0,-5000,-5800.0
2026-08-06,9135,群益東大,071432,250000,0,197500.0,0.0,250000,197500.0
2026-08-06,9135,群益東大,071504,0,25000,0.0,25000.0,-25000,-25000.0
2026-08-06,9135,群益東大,071780,0,4000,0.0,2920.0,-4000,-2920.0
2026-08-06,9135,群益東大,071848,5000,0,9300.0,0.0,5000,9300.0
2026-08-06,9135,群益東大,072040,70000,0,27600.0,0.0,70000,27600.0
2026-08-06,9135,群益東大,072146,0,1000,0.0,530.0,-1000,-530.0
2026-08-06,9135,群益東大,072257,10000,0,5100.0,0.0,10000,5100.0
2026-08-06,9135,群益東大,072448,5000,0,6200.0,0.0,5000,6200.0
2026-08-06,9135,群益東大,072548,20000,0,42300.0,0.0,20000,42300.0
2026-08-06,9135,群益東大,072552,10000,0,8600.0,0.0,10000,8600.0
2026-08-06,9135,群益東大,073142,7000,0,2730.0,0.0,7000,2730.0
2026-08-06,9135,群益東大,073845,0,10000,0.0,6000.0,-10000,-6000.0
2026-08-06,9135,群益東大,074124,0,1000,0.0,610.0,-1000,-610.0
2026-08-06,9135,群益東大,074307,20000,0,7000.0,0.0,20000,7000.0
2026-08-06,9135,群益東大,074560,2000,14000,2140.0,16880.0,-12000,-14740.0
2026-08-06,9135,群益東大,075375,5000,0,8850.0,0.0,5000,8850.0
2026-08-06,9135,群益東大,075461,15000,0,68590.0,0.0,15000,68590.0
2026-08-06,9135,群益東大,076327,20000,0,41200.0,0.0,20000,41200.0
2026-08-06,9135,群益東大,077186,15000,0,66750.0,0.0,15000,66750.0
2026-08-06,9135,群益東大,077748,15000,0,32400.0,0.0,15000,32400.0
2026-08-06,9135,群益東大,078445,10000,0,11700.0,0.0,10000,11700.0
2026-08-06,9135,群益東大,078522,15000,0,49200.0,0.0,15000,49200.0
2026-08-06,9135,群益東大,078594,30000,0,93900.0,0.0,30000,93900.0
2026-08-06,9135,群益東大,703983,0,1000,0.0,2180.0,-1000,-2180.0
2026-08-06,9135,群益東大,706927,1000,0,4730.0,0.0,1000,4730.0
2026-08-06,9135,群益東大,707764,0,70000,0.0,136500.0,-70000,-136500.0
2026-08-06,9135,群益東大,707858,0,50000,0.0,54000.0,-50000,-54000.0
2026-08-06,9135,群益東大,708588,104000,0,24680.0,0.0,104000,24680.0
2026-08-06,9135,群益東大,708927,100000,0,51000.0,0.0,100000,51000.0
2026-08-06,9135,群益東大,709843,0,50000,0.0,102000.0,-50000,-102000.0
2026-08-06,9135,群益東大,709869,0,100000,0.0,260000.0,-100000,-260000.0
2026-08-06,9135,群益東大,709937,20000,0,54200.0,0.0,20000,54200.0
2026-08-06,9135,群益東大,710276,40000,0,10800.0,0.0,40000,10800.0
2026-08-06,9135,群益東大,710420,2000,0,760.0,0.0,2000,760.0
2026-08-06,9135,群益東大,711134,0,1497000,0.0,858280.0,-1497000,-858280.0
2026-08-06,9135,群益東大,712071,3000,0,5400.0,0.0,3000,5400.0
2026-08-06,9135,群益東大,72821U,0,3000,0.0,570.0,-3000,-570.0
2026-08-06,9186,群益新竹,030573,51000,0,116280.0,0.0,51000,116280.0
2026-08-06,9186,群益新竹,03160T,0,50000,0.0,34500.0,-50000,-34500.0
2026-08-06,9186,群益新竹,03432T,0,10000,0.0,13000.0,-10000,-13000.0
2026-08-06,9186,群益新竹,03735B,0,5000,0.0,3900.0,-5000,-3900.0
2026-08-06,9186,群益新竹,038851,0,2000,0.0,9300.0,-2000,-9300.0
2026-08-06,9186,群益新竹,055829,5000,0,3430.0,0.0,5000,3430.0
2026-08-06,9186,群益新竹,056490,1000,0,810.0,0.0,1000,810.0
2026-08-06,9186,群益新竹,056493,1000,0,650.0,0.0,1000,650.0
2026-08-06,9186,群益新竹,058845,1000,0,610.0,0.0,1000,610.0
2026-08-06,9186,群益新竹,059144,0,39000,0.0,61430.0,-39000,-61430.0
2026-08-06,9186,群益新竹,062816,0,10000,0.0,4300.0,-10000,-4300.0
2026-08-06,9186,群益新竹,064039,4000,0,2900.0,0.0,4000,2900.0
2026-08-06,9186,群益新竹,064148,2000,0,3780.0,0.0,2000,3780.0
2026-08-06,9186,群益新竹,066633,5000,0,6050.0,0.0,5000,6050.0
2026-08-06,9186,群益新竹,066963,0,8000,0.0,4000.0,-8000,-4000.0
2026-08-06,9186,群益新竹,067814,0,100000,0.0,152000.0,-100000,-152000.0
2026-08-06,9186,群益新竹,067986,5000,0,2700.0,0.0,5000,2700.0
2026-08-06,9186,群益新竹,068547,2000,0,2000.0,0.0,2000,2000.0
2026-08-06,9186,群益新竹,068665,0,2000,0.0,3660.0,-2000,-3660.0
2026-08-06,9186,群益新竹,071741,15000,0,25350.0,0.0,15000,25350.0
2026-08-06,9186,群益新竹,078011,400000,0,1069000.0,0.0,400000,1069000.0
2026-08-06,9186,群益新竹,08144U,1000,3000,100.0,300.0,-2000,-200.0
2026-08-06,9186,群益新竹,700904,24000,0,102960.0,0.0,24000,102960.0
2026-08-06,9186,群益新竹,702450,0,3000,0.0,30.0,-3000,-30.0
2026-08-06,9186,群益新竹,704094,5000,0,1450.0,0.0,5000,1450.0
2026-08-06,9186,群益新竹,705196,0,16000,0.0,13120.0,-16000,-13120.0
2026-08-06,9186,群益新竹,705487,0,10000,0.0,10400.0,-10000,-10400.0
2026-08-06,9186,群益新竹,705516,0,6000,0.0,2160.0,-6000,-2160.0
2026-08-06,9186,群益新竹,705535,0,8000,0.0,3360.0,-8000,-3360.0
2026-08-06,9186,群益新竹,707336,5000,0,5650.0,0.0,5000,5650.0
2026-08-06,9186,群益新竹,707602,100000,0,29000.0,0.0,100000,29000.0
2026-08-06,9186,群益新竹,708270,6000,0,3000.0,0.0,6000,3000.0
2026-08-06,9186,群益新竹,708843,6000,0,11760.0,0.0,6000,11760.0
2026-08-06,9186,群益新竹,708907,1000,0,450.0,0.0,1000,450.0
2026-08-06,9186,群益新竹,708935,4000,0,2720.0,0.0,4000,2720.0
2026-08-06,9186,群益新竹,708945,2000,0,1580.0,0.0,2000,1580.0
2026-08-06,9186,群益新竹,709333,1000,1000,2280.0,2280.0,0,0.0
2026-08-06,9186,群益新竹,709499,12000,12000,8060.0,8060.0,0,0.0
2026-08-06,9186,群益新竹,709636,20000,0,13400.0,0.0,20000,13400.0
2026-08-06,9186,群益新竹,710502,4000,0,4240.0,0.0,4000,4240.0
2026-08-06,9186,群益新竹,710515,2000,0,1800.0,0.0,2000,1800.0
2026-08-06,918C,群益古亭,03402T,50000,0,66000.0,0.0,50000,66000.0
2026-08-06,918C,群益古亭,03558T,0,100000,0.0,57000.0,-100000,-57000.0
2026-08-06,918C,群益古亭,03987T,20000,0,20300.0,0.0,20000,20300.0
2026-08-06,918C,群益古亭,043900,1000,0,980.0,0.0,1000,980.0
2026-08-06,918C,群益古亭,056067,0,100000,0.0,86000.0,-100000,-86000.0
2026-08-06,918C,群益古亭,058778,5000,0,10300.0,0.0,5000,10300.0
2026-08-06,918C,群益古亭,058888,0,1000,0.0,1730.0,-1000,-1730.0
2026-08-06,918C,群益古亭,063658,0,10000,0.0,3500.0,-10000,-3500.0
2026-08-06,918C,群益古亭,064162,10000,0,13800.0,0.0,10000,13800.0
2026-08-06,918C,群益古亭,064258,0,70000,0.0,176000.0,-70000,-176000.0
2026-08-06,918C,群益古亭,064444,0,93000,0.0,9300.0,-93000,-9300.0
2026-08-06,918C,群益古亭,064493,0,5000,0.0,21600.0,-5000,-21600.0
2026-08-06,918C,群益古亭,067357,20000,0,15000.0,0.0,20000,15000.0
2026-08-06,918C,群益古亭,068093,0,10000,0.0,5300.0,-10000,-5300.0
2026-08-06,918C,群益古亭,068833,5000,0,40000.0,0.0,5000,40000.0
2026-08-06,918C,群益古亭,069197,30000,0,35000.0,0.0,30000,35000.0
2026-08-06,918C,群益古亭,069342,0,10000,0.0,20000.0,-10000,-20000.0
2026-08-06,918C,群益古亭,071197,0,60000,0.0,40200.0,-60000,-40200.0
2026-08-06,918C,群益古亭,071432,1000,0,790.0,0.0,1000,790.0
2026-08-06,918C,群益古亭,071830,0,40000,0.0,44400.0,-40000,-44400.0
2026-08-06,918C,群益古亭,071848,100000,0,187000.0,0.0,100000,187000.0
2026-08-06,918C,群益古亭,072904,1000,0,440.0,0.0,1000,440.0
2026-08-06,918C,群益古亭,073575,0,70000,0.0,151200.0,-70000,-151200.0
2026-08-06,918C,群益古亭,073884,0,45000,0.0,89100.0,-45000,-89100.0
2026-08-06,918C,群益古亭,074230,0,50000,0.0,30500.0,-50000,-30500.0
2026-08-06,918C,群益古亭,075166,1000,0,1370.0,0.0,1000,1370.0
2026-08-06,918C,群益古亭,075761,15000,0,14450.0,0.0,15000,14450.0
2026-08-06,918C,群益古亭,075870,40000,0,26550.0,0.0,40000,26550.0
2026-08-06,918C,群益古亭,076732,0,73000,0.0,146730.0,-73000,-146730.0
2026-08-06,918C,群益古亭,077902,30000,0,55400.0,0.0,30000,55400.0
2026-08-06,918C,群益古亭,078718,20000,0,55800.0,0.0,20000,55800.0
2026-08-06,918C,群益古亭,708047,80000,0,13600.0,0.0,80000,13600.0
2026-08-06,918C,群益古亭,711823,181000,0,107470.0,0.0,181000,107470.0
2026-08-06,918C,群益古亭,72997U,20000,0,23400.0,0.0,20000,23400.0
2026-08-06,920H,凱基基隆,03393T,0,48000,0.0,13920.0,-48000,-13920.0
2026-08-06,920H,凱基基隆,044796,35000,0,46900.0,0.0,35000,46900.0
2026-08-06,920H,凱基基隆,052805,420000,0,193200.0,0.0,420000,193200.0
2026-08-06,920H,凱基基隆,059565,0,1000,0.0,680.0,-1000,-680.0
2026-08-06,920H,凱基基隆,060447,26000,0,25320.0,0.0,26000,25320.0
2026-08-06,920H,凱基基隆,061726,0,20000,0.0,79200.0,-20000,-79200.0
2026-08-06,920H,凱基基隆,063204,0,112000,0.0,395720.0,-112000,-395720.0
2026-08-06,920H,凱基基隆,063682,0,2000,0.0,3420.0,-2000,-3420.0
2026-08-06,920H,凱基基隆,065031,12000,0,5160.0,0.0,12000,5160.0
2026-08-06,920H,凱基基隆,067196,20000,0,15000.0,0.0,20000,15000.0
2026-08-06,920H,凱基基隆,068986,11000,0,3850.0,0.0,11000,3850.0
2026-08-06,920H,凱基基隆,069358,6000,0,2960.0,0.0,6000,2960.0
2026-08-06,920H,凱基基隆,069396,10000,0,9200.0,0.0,10000,9200.0
2026-08-06,920H,凱基基隆,071056,30000,0,23100.0,0.0,30000,23100.0
2026-08-06,920H,凱基基隆,071174,200000,0,127000.0,0.0,200000,127000.0
2026-08-06,920H,凱基基隆,071996,0,50000,0.0,65000.0,-50000,-65000.0
2026-08-06,920H,凱基基隆,072677,2000,0,680.0,0.0,2000,680.0
2026-08-06,920H,凱基基隆,073566,2000,0,2460.0,0.0,2000,2460.0
2026-08-06,920H,凱基基隆,077238,0,4000,0.0,4240.0,-4000,-4240.0
2026-08-06,920H,凱基基隆,077715,0,2000,0.0,1540.0,-2000,-1540.0
2026-08-06,920H,凱基基隆,078927,3000,0,2310.0,0.0,3000,2310.0
2026-08-06,920H,凱基基隆,707425,2000,0,2500.0,0.0,2000,2500.0
2026-08-06,920H,凱基基隆,707613,0,199000,0.0,143580.0,-199000,-143580.0
2026-08-06,920H,凱基基隆,709700,100000,0,19000.0,0.0,100000,19000.0
2026-08-06,920H,凱基基隆,710904,0,6000,0.0,1920.0,-6000,-1920.0
2026-08-06,9211,凱基台南,031292,0,40000,0.0,66100.0,-40000,-66100.0
2026-08-06,9211,凱基台南,03142T,100000,0,14000.0,0.0,100000,14000.0
2026-08-06,9211,凱基台南,03211T,61000,0,54900.0,0.0,61000,54900.0
2026-08-06,9211,凱基台南,03395T,0,30000,0.0,22100.0,-30000,-22100.0
2026-08-06,9211,凱基台南,035679,100000,0,4000.0,0.0,100000,4000.0
2026-08-06,9211,凱基台南,037053,0,10000,0.0,12300.0,-10000,-12300.0
2026-08-06,9211,凱基台南,04088T,5000,0,14350.0,0.0,5000,14350.0
2026-08-06,9211,凱基台南,041613,0,4000,0.0,2600.0,-4000,-2600.0
2026-08-06,9211,凱基台南,052072,0,2000,0.0,7760.0,-2000,-7760.0
2026-08-06,9211,凱基台南,052649,4000,0,1880.0,0.0,4000,1880.0
2026-08-06,9211,凱基台南,052987,2000,0,1800.0,0.0,2000,1800.0
2026-08-06,9211,凱基台南,057525,0,3000,0.0,9620.0,-3000,-9620.0
2026-08-06,9211,凱基台南,057878,160000,145000,439800.0,420500.0,15000,19300.0
2026-08-06,9211,凱基台南,058466,0,5000,0.0,29000.0,-5000,-29000.0
2026-08-06,9211,凱基台南,059065,0,14000,0.0,29120.0,-14000,-29120.0
2026-08-06,9211,凱基台南,059089,0,5000,0.0,14950.0,-5000,-14950.0
2026-08-06,9211,凱基台南,059144,0,3000,0.0,4110.0,-3000,-4110.0
2026-08-06,9211,凱基台南,061143,0,5000,0.0,13210.0,-5000,-13210.0
2026-08-06,9211,凱基台南,061151,1000,0,3880.0,0.0,1000,3880.0
2026-08-06,9211,凱基台南,061364,0,10000,0.0,12600.0,-10000,-12600.0
2026-08-06,9211,凱基台南,065125,10000,0,1900.0,0.0,10000,1900.0
2026-08-06,9211,凱基台南,065755,1000,6000,3200.0,17160.0,-5000,-13960.0
2026-08-06,9211,凱基台南,065964,3000,0,1830.0,0.0,3000,1830.0
2026-08-06,9211,凱基台南,067161,14000,0,23800.0,0.0,14000,23800.0
2026-08-06,9211,凱基台南,067606,10000,10000,7700.0,7900.0,0,-200.0
2026-08-06,9211,凱基台南,067683,40000,0,20800.0,0.0,40000,20800.0
2026-08-06,9211,凱基台南,068262,0,31000,0.0,34720.0,-31000,-34720.0
2026-08-06,9211,凱基台南,069172,20000,20000,45500.0,47800.0,0,-2300.0
2026-08-06,9211,凱基台南,069321,1000,0,2180.0,0.0,1000,2180.0
2026-08-06,9211,凱基台南,070245,0,20000,0.0,11800.0,-20000,-11800.0
2026-08-06,9211,凱基台南,070837,5000,0,3700.0,0.0,5000,3700.0
2026-08-06,9211,凱基台南,070939,5000,0,6850.0,0.0,5000,6850.0
2026-08-06,9211,凱基台南,071244,0,10000,0.0,10800.0,-10000,-10800.0
2026-08-06,9211,凱基台南,071495,5000,0,4350.0,0.0,5000,4350.0
2026-08-06,9211,凱基台南,071504,5000,0,5000.0,0.0,5000,5000.0
2026-08-06,9211,凱基台南,071587,0,50000,0.0,31500.0,-50000,-31500.0
2026-08-06,9211,凱基台南,071642,10000,0,25500.0,0.0,10000,25500.0
2026-08-06,9211,凱基台南,072348,10000,0,16000.0,0.0,10000,16000.0
2026-08-06,9211,凱基台南,072774,30000,0,17700.0,0.0,30000,17700.0
2026-08-06,9211,凱基台南,073202,0,20000,0.0,17500.0,-20000,-17500.0
2026-08-06,9211,凱基台南,073495,20000,0,8000.0,0.0,20000,8000.0
2026-08-06,9211,凱基台南,073554,0,20000,0.0,24000.0,-20000,-24000.0
2026-08-06,9211,凱基台南,074262,20000,0,21400.0,0.0,20000,21400.0
2026-08-06,9211,凱基台南,074872,0,30000,0.0,11400.0,-30000,-11400.0
2026-08-06,9211,凱基台南,076317,0,10000,0.0,13800.0,-10000,-13800.0
2026-08-06,9211,凱基台南,076373,0,6000,0.0,11280.0,-6000,-11280.0
2026-08-06,9211,凱基台南,076483,1000,0,790.0,0.0,1000,790.0
2026-08-06,9211,凱基台南,076686,15000,0,21450.0,0.0,15000,21450.0
2026-08-06,9211,凱基台南,077108,10000,0,17400.0,0.0,10000,17400.0
2026-08-06,9211,凱基台南,077537,80000,0,131600.0,0.0,80000,131600.0
2026-08-06,9211,凱基台南,077723,15000,0,25350.0,0.0,15000,25350.0
2026-08-06,9211,凱基台南,078506,10000,0,17100.0,0.0,10000,17100.0
2026-08-06,9211,凱基台南,080848,10000,0,42000.0,0.0,10000,42000.0
2026-08-06,9211,凱基台南,702281,1000,0,2800.0,0.0,1000,2800.0
2026-08-06,9211,凱基台南,705307,4000,0,800.0,0.0,4000,800.0
2026-08-06,9211,凱基台南,705565,70000,0,68700.0,0.0,70000,68700.0
2026-08-06,9211,凱基台南,707063,5000,0,14300.0,0.0,5000,14300.0
2026-08-06,9211,凱基台南,707269,40000,0,27200.0,0.0,40000,27200.0
2026-08-06,9211,凱基台南,707736,2000,0,680.0,0.0,2000,680.0
2026-08-06,9211,凱基台南,707860,3000,0,540.0,0.0,3000,540.0
2026-08-06,9211,凱基台南,708706,10000,30000,6800.0,21600.0,-20000,-14800.0
2026-08-06,9211,凱基台南,709103,5000,0,5450.0,0.0,5000,5450.0
2026-08-06,9211,凱基台南,709288,20000,0,5000.0,0.0,20000,5000.0
2026-08-06,9211,凱基台南,709911,100000,0,43000.0,0.0,100000,43000.0
2026-08-06,9211,凱基台南,710116,0,1000,0.0,490.0,-1000,-490.0
2026-08-06,9211,凱基台南,710311,0,1000,0.0,620.0,-1000,-620.0
2026-08-06,9211,凱基台南,710547,40000,0,30000.0,0.0,40000,30000.0
2026-08-06,9211,凱基台南,710805,30000,20000,69700.0,43400.0,10000,26300.0
2026-08-06,9211,凱基台南,711048,0,150000,0.0,119000.0,-150000,-119000.0
2026-08-06,9211,凱基台南,711171,0,5000,0.0,4050.0,-5000,-4050.0
2026-08-06,9211,凱基台南,711217,20000,0,9200.0,0.0,20000,9200.0
2026-08-06,9211,凱基台南,711906,40000,0,53600.0,0.0,40000,53600.0
2026-08-06,9211,凱基台南,712198,10000,0,21100.0,0.0,10000,21100.0
2026-08-06,9211,凱基台南,724063,0,1000,0.0,6900.0,-1000,-6900.0
2026-08-06,9211,凱基台南,72812U,40000,0,43200.0,0.0,40000,43200.0
2026-08-06,9211,凱基台南,72855U,10000,0,8300.0,0.0,10000,8300.0
2026-08-06,9211,凱基台南,72859U,0,60000,0.0,46200.0,-60000,-46200.0
2026-08-06,9211,凱基台南,72882U,0,20000,0.0,15200.0,-20000,-15200.0
2026-08-06,9211,凱基台南,72883U,0,40000,0.0,37700.0,-40000,-37700.0
2026-08-06,9211,凱基台南,734287,0,2000,0.0,3860.0,-2000,-3860.0
2026-08-06,9229,凱基中山,03094T,12000,0,9960.0,0.0,12000,9960.0
2026-08-06,9229,凱基中山,053030,0,2000,0.0,2980.0,-2000,-2980.0
2026-08-06,9229,凱基中山,054475,5000,0,5400.0,0.0,5000,5400.0
2026-08-06,9229,凱基中山,057609,200000,0,504000.0,0.0,200000,504000.0
2026-08-06,9229,凱基中山,062002,0,4000,0.0,2360.0,-4000,-2360.0
2026-08-06,9229,凱基中山,065886,0,12000,0.0,11040.0,-12000,-11040.0
2026-08-06,9229,凱基中山,067029,0,4000,0.0,9480.0,-4000,-9480.0
2026-08-06,9229,凱基中山,067131,2000,0,13900.0,0.0,2000,13900.0
2026-08-06,9229,凱基中山,069517,100000,0,126000.0,0.0,100000,126000.0
2026-08-06,9229,凱基中山,069567,1000,0,570.0,0.0,1000,570.0
2026-08-06,9229,凱基中山,070016,0,10000,0.0,24100.0,-10000,-24100.0
2026-08-06,9229,凱基中山,070037,4000,0,2280.0,0.0,4000,2280.0
2026-08-06,9229,凱基中山,071859,0,50000,0.0,61500.0,-50000,-61500.0
2026-08-06,9229,凱基中山,072371,200000,0,490000.0,0.0,200000,490000.0
2026-08-06,9229,凱基中山,073677,18000,0,20250.0,0.0,18000,20250.0
2026-08-06,9229,凱基中山,073965,40000,0,24600.0,0.0,40000,24600.0
2026-08-06,9229,凱基中山,073966,50000,0,42000.0,0.0,50000,42000.0
2026-08-06,9229,凱基中山,077894,10000,0,17800.0,0.0,10000,17800.0
2026-08-06,9229,凱基中山,078384,12000,0,25560.0,0.0,12000,25560.0
2026-08-06,9229,凱基中山,707306,10000,0,40500.0,0.0,10000,40500.0
2026-08-06,9229,凱基中山,707852,0,2000,0.0,6240.0,-2000,-6240.0
2026-08-06,9229,凱基中山,708064,0,15000,0.0,37950.0,-15000,-37950.0
2026-08-06,9229,凱基中山,708894,6000,0,8820.0,0.0,6000,8820.0
2026-08-06,9229,凱基中山,709758,100000,300000,41000.0,117000.0,-200000,-76000.0
2026-08-06,9229,凱基中山,709905,0,300000,0.0,93000.0,-300000,-93000.0
2026-08-06,9229,凱基中山,710923,0,1000,0.0,1400.0,-1000,-1400.0
2026-08-06,9229,凱基中山,711047,10000,0,5600.0,0.0,10000,5600.0
2026-08-06,9229,凱基中山,72622U,36000,0,10440.0,0.0,36000,10440.0
2026-08-06,9229,凱基中山,72859U,15000,0,11250.0,0.0,15000,11250.0
2026-08-06,9229,凱基中山,72981U,9000,0,11340.0,0.0,9000,11340.0
2026-08-06,9237,凱基敦北,044795,10000,0,22300.0,0.0,10000,22300.0
2026-08-06,9237,凱基敦北,060163,0,5000,0.0,14700.0,-5000,-14700.0
2026-08-06,9237,凱基敦北,060187,0,1000,0.0,1030.0,-1000,-1030.0
2026-08-06,9237,凱基敦北,061749,0,1000,0.0,1750.0,-1000,-1750.0
2026-08-06,9237,凱基敦北,063369,1000,0,1700.0,0.0,1000,1700.0
2026-08-06,9237,凱基敦北,063654,1000,0,1720.0,0.0,1000,1720.0
2026-08-06,9237,凱基敦北,064070,0,1000,0.0,660.0,-1000,-660.0
2026-08-06,9237,凱基敦北,065458,0,6000,0.0,14580.0,-6000,-14580.0
2026-08-06,9237,凱基敦北,067149,0,1000,0.0,1110.0,-1000,-1110.0
2026-08-06,9237,凱基敦北,067283,1000,0,2000.0,0.0,1000,2000.0
2026-08-06,9237,凱基敦北,067635,5000,0,4600.0,0.0,5000,4600.0
2026-08-06,9237,凱基敦北,068986,0,2000,0.0,530.0,-2000,-530.0
2026-08-06,9237,凱基敦北,070158,0,1000,0.0,380.0,-1000,-380.0
2026-08-06,9237,凱基敦北,071779,0,30000,0.0,29100.0,-30000,-29100.0
2026-08-06,9237,凱基敦北,073850,1000,0,1110.0,0.0,1000,1110.0
2026-08-06,9237,凱基敦北,077069,1000,0,2350.0,0.0,1000,2350.0
2026-08-06,9237,凱基敦北,702592,0,1000,0.0,1470.0,-1000,-1470.0
2026-08-06,9237,凱基敦北,707844,5000,0,5450.0,0.0,5000,5450.0
2026-08-06,9237,凱基敦北,707998,2000,0,2160.0,0.0,2000,2160.0
2026-08-06,9237,凱基敦北,730635,0,2000,0.0,1200.0,-2000,-1200.0
2026-08-06,9238,凱基士林,031292,0,69000,0.0,115510.0,-69000,-115510.0
2026-08-06,9238,凱基士林,03476T,12000,0,11880.0,0.0,12000,11880.0
2026-08-06,9238,凱基士林,035098,2000,0,28200.0,0.0,2000,28200.0
2026-08-06,9238,凱基士林,043287,0,3000,0.0,990.0,-3000,-990.0
2026-08-06,9238,凱基士林,043937,30000,0,8400.0,0.0,30000,8400.0
2026-08-06,9238,凱基士林,044796,5000,0,6750.0,0.0,5000,6750.0
2026-08-06,9238,凱基士林,050195,0,2000,0.0,18500.0,-2000,-18500.0
2026-08-06,9238,凱基士林,052692,50000,0,53900.0,0.0,50000,53900.0
2026-08-06,9238,凱基士林,055506,200000,0,190000.0,0.0,200000,190000.0
2026-08-06,9238,凱基士林,056382,50000,0,67500.0,0.0,50000,67500.0
2026-08-06,9238,凱基士林,060496,1000,0,3260.0,0.0,1000,3260.0
2026-08-06,9238,凱基士林,060893,3000,0,10900.0,0.0,3000,10900.0
2026-08-06,9238,凱基士林,061100,2000,2000,3700.0,4080.0,0,-380.0
2026-08-06,9238,凱基士林,061411,0,5000,0.0,8190.0,-5000,-8190.0
2026-08-06,9238,凱基士林,063827,50000,0,51000.0,0.0,50000,51000.0
2026-08-06,9238,凱基士林,064154,2000,0,4660.0,0.0,2000,4660.0
2026-08-06,9238,凱基士林,065191,5000,0,8400.0,0.0,5000,8400.0
2026-08-06,9238,凱基士林,065549,0,1000,0.0,5250.0,-1000,-5250.0
2026-08-06,9238,凱基士林,066021,3000,0,15640.0,0.0,3000,15640.0
2026-08-06,9238,凱基士林,066760,0,1000,0.0,4070.0,-1000,-4070.0
2026-08-06,9238,凱基士林,066784,0,2000,0.0,11800.0,-2000,-11800.0
2026-08-06,9238,凱基士林,067133,3000,0,5040.0,0.0,3000,5040.0
2026-08-06,9238,凱基士林,067409,85000,285000,45950.0,172300.0,-200000,-126350.0
2026-08-06,9238,凱基士林,067814,10000,10000,13900.0,15600.0,0,-1700.0
2026-08-06,9238,凱基士林,068958,5000,0,3400.0,0.0,5000,3400.0
2026-08-06,9238,凱基士林,070004,20000,0,26200.0,0.0,20000,26200.0
2026-08-06,9238,凱基士林,072651,10000,0,9800.0,0.0,10000,9800.0
2026-08-06,9238,凱基士林,075590,0,10000,0.0,18200.0,-10000,-18200.0
2026-08-06,9238,凱基士林,075890,0,7000,0.0,10420.0,-7000,-10420.0
2026-08-06,9238,凱基士林,077010,0,3000,0.0,6430.0,-3000,-6430.0
2026-08-06,9238,凱基士林,078076,0,1000,0.0,4720.0,-1000,-4720.0
2026-08-06,9238,凱基士林,702639,1000,0,5400.0,0.0,1000,5400.0
2026-08-06,9238,凱基士林,705446,0,1000,0.0,5500.0,-1000,-5500.0
2026-08-06,9238,凱基士林,706088,1000,0,4950.0,0.0,1000,4950.0
2026-08-06,9238,凱基士林,706275,0,3000,0.0,12480.0,-3000,-12480.0
2026-08-06,9238,凱基士林,707042,2000,0,3100.0,0.0,2000,3100.0
2026-08-06,9238,凱基士林,707276,5000,0,4700.0,0.0,5000,4700.0
2026-08-06,9238,凱基士林,707299,0,4000,0.0,11450.0,-4000,-11450.0
2026-08-06,9238,凱基士林,707352,2000,0,2080.0,0.0,2000,2080.0
2026-08-06,9238,凱基士林,707425,0,1000,0.0,1230.0,-1000,-1230.0
2026-08-06,9238,凱基士林,708077,0,1000,0.0,1700.0,-1000,-1700.0
2026-08-06,9238,凱基士林,708559,0,80000,0.0,19200.0,-80000,-19200.0
2026-08-06,9238,凱基士林,709170,0,100000,0.0,90000.0,-100000,-90000.0
2026-08-06,9238,凱基士林,709241,0,100000,0.0,21000.0,-100000,-21000.0
2026-08-06,9238,凱基士林,710165,0,2000,0.0,1720.0,-2000,-1720.0
2026-08-06,9238,凱基士林,710921,100000,200000,87000.0,158000.0,-100000,-71000.0
2026-08-06,9238,凱基士林,710923,45000,0,62650.0,0.0,45000,62650.0
2026-08-06,9238,凱基士林,711769,3000,2000,7440.0,5500.0,1000,1940.0
2026-08-06,9238,凱基士林,711885,0,2000,0.0,4040.0,-2000,-4040.0
2026-08-06,9238,凱基士林,739380,0,3000,0.0,5760.0,-3000,-5760.0
2026-08-06,9302,華南台中,03424T,10000,0,12300.0,0.0,10000,12300.0
2026-08-06,9302,華南台中,03731T,30000,30000,36300.0,36600.0,0,-300.0
2026-08-06,9302,華南台中,03732B,0,120000,0.0,87600.0,-120000,-87600.0
2026-08-06,9302,華南台中,039470,0,25000,0.0,20250.0,-25000,-20250.0
2026-08-06,9302,華南台中,043682,0,100000,0.0,40000.0,-100000,-40000.0
2026-08-06,9302,華南台中,044712,0,5000,0.0,47150.0,-5000,-47150.0
2026-08-06,9302,華南台中,052205,112000,120000,136560.0,150300.0,-8000,-13740.0
2026-08-06,9302,華南台中,052247,0,1000,0.0,5750.0,-1000,-5750.0
2026-08-06,9302,華南台中,057544,1000,1000,2500.0,2550.0,0,-50.0
2026-08-06,9302,華南台中,059035,0,1000,0.0,1170.0,-1000,-1170.0
2026-08-06,9302,華南台中,059065,0,1000,0.0,2190.0,-1000,-2190.0
2026-08-06,9302,華南台中,059372,3000,0,7510.0,0.0,3000,7510.0
2026-08-06,9302,華南台中,060936,0,1000,0.0,700.0,-1000,-700.0
2026-08-06,9302,華南台中,061152,0,3000,0.0,5130.0,-3000,-5130.0
2026-08-06,9302,華南台中,062339,100000,0,118000.0,0.0,100000,118000.0
2026-08-06,9302,華南台中,063579,5000,100000,6700.0,133100.0,-95000,-126400.0
2026-08-06,9302,華南台中,064524,0,1000,0.0,1260.0,-1000,-1260.0
2026-08-06,9302,華南台中,065161,0,200000,0.0,80000.0,-200000,-80000.0
2026-08-06,9302,華南台中,065202,0,130000,0.0,49700.0,-130000,-49700.0
2026-08-06,9302,華南台中,065686,0,10000,0.0,16400.0,-10000,-16400.0
2026-08-06,9302,華南台中,065759,5000,0,8250.0,0.0,5000,8250.0
2026-08-06,9302,華南台中,066083,6000,0,4950.0,0.0,6000,4950.0
2026-08-06,9302,華南台中,066184,0,19000,0.0,39690.0,-19000,-39690.0
2026-08-06,9302,華南台中,066921,10000,0,3300.0,0.0,10000,3300.0
2026-08-06,9302,華南台中,067411,50000,0,31500.0,0.0,50000,31500.0
2026-08-06,9302,華南台中,068792,0,1000,0.0,260.0,-1000,-260.0
2026-08-06,9302,華南台中,070136,0,200000,0.0,136000.0,-200000,-136000.0
2026-08-06,9302,華南台中,070303,14000,0,6020.0,0.0,14000,6020.0
2026-08-06,9302,華南台中,070545,155000,0,231700.0,0.0,155000,231700.0
2026-08-06,9302,華南台中,070629,4000,0,6540.0,0.0,4000,6540.0
2026-08-06,9302,華南台中,071440,5000,0,5350.0,0.0,5000,5350.0
2026-08-06,9302,華南台中,072276,2000,0,1860.0,0.0,2000,1860.0
2026-08-06,9302,華南台中,072608,200000,0,259500.0,0.0,200000,259500.0
2026-08-06,9302,華南台中,074570,89000,0,113160.0,0.0,89000,113160.0
2026-08-06,9302,華南台中,075650,4000,0,4420.0,0.0,4000,4420.0
2026-08-06,9302,華南台中,077082,0,89000,0.0,135280.0,-89000,-135280.0
2026-08-06,9302,華南台中,077436,3000,0,4140.0,0.0,3000,4140.0
2026-08-06,9302,華南台中,077552,30000,0,59150.0,0.0,30000,59150.0
2026-08-06,9302,華南台中,078439,150000,0,387000.0,0.0,150000,387000.0
2026-08-06,9302,華南台中,078445,5000,0,5650.0,0.0,5000,5650.0
2026-08-06,9302,華南台中,08438U,15000,0,3900.0,0.0,15000,3900.0
2026-08-06,9302,永昌台中,700688,0,5000,0.0,9750.0,-5000,-9750.0
2026-08-06,9302,永昌台中,702802,0,2000,0.0,160.0,-2000,-160.0
2026-08-06,9302,永昌台中,706142,20000,0,10000.0,0.0,20000,10000.0
2026-08-06,9302,永昌台中,707075,100000,0,56500.0,0.0,100000,56500.0
2026-08-06,9302,永昌台中,707757,0,7000,0.0,7140.0,-7000,-7140.0
2026-08-06,9302,永昌台中,707758,0,13000,0.0,11570.0,-13000,-11570.0
2026-08-06,9302,永昌台中,708457,0,2000,0.0,3170.0,-2000,-3170.0
2026-08-06,9302,永昌台中,708596,0,1000,0.0,1800.0,-1000,-1800.0
2026-08-06,9302,永昌台中,708622,0,1000,0.0,900.0,-1000,-900.0
2026-08-06,9302,永昌台中,708847,0,2000,0.0,3550.0,-2000,-3550.0
2026-08-06,9302,永昌台中,708867,0,2000,0.0,4750.0,-2000,-4750.0
2026-08-06,9302,永昌台中,709032,0,2000,0.0,4300.0,-2000,-4300.0
2026-08-06,9302,永昌台中,709168,0,29000,0.0,9980.0,-29000,-9980.0
2026-08-06,9302,永昌台中,709191,0,2000,0.0,3700.0,-2000,-3700.0
2026-08-06,9302,永昌台中,709252,0,3000,0.0,4050.0,-3000,-4050.0
2026-08-06,9302,永昌台中,709253,0,1000,0.0,1550.0,-1000,-1550.0
2026-08-06,9302,永昌台中,709905,0,391000,0.0,145070.0,-391000,-145070.0
2026-08-06,9302,永昌台中,709919,22000,20000,21780.0,19400.0,2000,2380.0
2026-08-06,9302,永昌台中,711029,20000,0,13800.0,0.0,20000,13800.0
2026-08-06,9302,永昌台中,711503,5000,0,9700.0,0.0,5000,9700.0
2026-08-06,9316,華南淡水,03188T,0,18000,0.0,17100.0,-18000,-17100.0
2026-08-06,9316,華南淡水,03195T,0,8000,0.0,5720.0,-8000,-5720.0
2026-08-06,9316,華南淡水,03732B,5000,0,3550.0,0.0,5000,3550.0
2026-08-06,9316,華南淡水,037494,0,32000,0.0,220800.0,-32000,-220800.0
2026-08-06,9316,華南淡水,042976,15000,0,4350.0,0.0,15000,4350.0
2026-08-06,9316,華南淡水,044796,80000,0,106900.0,0.0,80000,106900.0
2026-08-06,9316,華南淡水,046580,0,1000,0.0,870.0,-1000,-870.0
2026-08-06,9316,華南淡水,048156,0,3000,0.0,39600.0,-3000,-39600.0
2026-08-06,9316,華南淡水,060347,0,5000,0.0,1750.0,-5000,-1750.0
2026-08-06,9316,華南淡水,062108,0,30000,0.0,35100.0,-30000,-35100.0
2026-08-06,9316,華南淡水,062368,0,2000,0.0,4200.0,-2000,-4200.0
2026-08-06,9316,華南淡水,062650,20000,0,13400.0,0.0,20000,13400.0
2026-08-06,9316,華南淡水,063578,40000,0,28800.0,0.0,40000,28800.0
2026-08-06,9316,華南淡水,063579,177000,0,248110.0,0.0,177000,248110.0
2026-08-06,9316,華南淡水,063857,0,1000,0.0,1560.0,-1000,-1560.0
2026-08-06,9316,華南淡水,064224,3000,0,1140.0,0.0,3000,1140.0
2026-08-06,9316,華南淡水,065191,3000,0,5040.0,0.0,3000,5040.0
2026-08-06,9316,華南淡水,065281,300000,0,140850.0,0.0,300000,140850.0
2026-08-06,9316,華南淡水,066633,2000,0,2820.0,0.0,2000,2820.0
2026-08-06,9316,華南淡水,067221,0,5000,0.0,3700.0,-5000,-3700.0
2026-08-06,9316,華南淡水,067418,2000,0,3160.0,0.0,2000,3160.0
2026-08-06,9316,華南淡水,067987,6000,0,3780.0,0.0,6000,3780.0
2026-08-06,9316,華南淡水,069255,7000,0,21070.0,0.0,7000,21070.0
2026-08-06,9316,華南淡水,070089,0,7000,0.0,9240.0,-7000,-9240.0
2026-08-06,9316,華南淡水,071376,200000,0,256000.0,0.0,200000,256000.0
2026-08-06,9316,華南淡水,072142,3000,0,4440.0,0.0,3000,4440.0
2026-08-06,9316,華南淡水,072173,0,45000,0.0,21400.0,-45000,-21400.0
2026-08-06,9316,華南淡水,072550,0,20000,0.0,152000.0,-20000,-152000.0
2026-08-06,9316,華南淡水,073365,2000,0,5380.0,0.0,2000,5380.0
2026-08-06,9316,華南淡水,074175,2000,0,1840.0,0.0,2000,1840.0
2026-08-06,9316,華南淡水,075270,0,140000,0.0,134400.0,-140000,-134400.0
2026-08-06,9316,華南淡水,076064,22000,0,93060.0,0.0,22000,93060.0
2026-08-06,9316,華南淡水,076113,2000,0,1900.0,0.0,2000,1900.0
2026-08-06,9316,華南淡水,076115,10000,0,44600.0,0.0,10000,44600.0
2026-08-06,9316,華南淡水,076281,10000,0,7800.0,0.0,10000,7800.0
2026-08-06,9316,華南淡水,076406,0,10000,0.0,19500.0,-10000,-19500.0
2026-08-06,9316,華南淡水,077411,3000,0,3210.0,0.0,3000,3210.0
2026-08-06,9316,華南淡水,078118,3000,0,4920.0,0.0,3000,4920.0
2026-08-06,9316,華南淡水,078189,147000,0,133480.0,0.0,147000,133480.0
2026-08-06,9316,華南淡水,078879,3000,0,3720.0,0.0,3000,3720.0
2026-08-06,9316,永昌淡水,703389,30000,0,9000.0,0.0,30000,9000.0
2026-08-06,9316,永昌淡水,705177,0,10000,0.0,2000.0,-10000,-2000.0
2026-08-06,9316,永昌淡水,705262,10000,0,5800.0,0.0,10000,5800.0
2026-08-06,9316,永昌淡水,705488,3000,0,3780.0,0.0,3000,3780.0
2026-08-06,9316,永昌淡水,707321,2000,0,780.0,0.0,2000,780.0
2026-08-06,9316,永昌淡水,707590,0,40000,0.0,18800.0,-40000,-18800.0
2026-08-06,9316,永昌淡水,708235,0,26000,0.0,16120.0,-26000,-16120.0
2026-08-06,9316,永昌淡水,710209,0,6000,0.0,3420.0,-6000,-3420.0
2026-08-06,9316,永昌淡水,710431,10000,0,6350.0,0.0,10000,6350.0
2026-08-06,9316,永昌淡水,711856,5000,0,6550.0,0.0,5000,6550.0
2026-08-06,9337,華南內壢,03142T,200000,0,28000.0,0.0,200000,28000.0
2026-08-06,9337,華南內壢,03740T,0,10000,0.0,11400.0,-10000,-11400.0
2026-08-06,9337,華南內壢,039164,10000,0,4000.0,0.0,10000,4000.0
2026-08-06,9337,華南內壢,057915,0,450000,0.0,135000.0,-450000,-135000.0
2026-08-06,9337,華南內壢,059021,0,16000,0.0,25120.0,-16000,-25120.0
2026-08-06,9337,華南內壢,059081,6000,10000,15620.0,20200.0,-4000,-4580.0
2026-08-06,9337,華南內壢,059082,8000,16000,20820.0,35040.0,-8000,-14220.0
2026-08-06,9337,華南內壢,059121,1000,400000,1150.0,372000.0,-399000,-370850.0
2026-08-06,9337,華南內壢,059122,9000,0,17550.0,0.0,9000,17550.0
2026-08-06,9337,華南內壢,059195,0,19000,0.0,15010.0,-19000,-15010.0
2026-08-06,9337,華南內壢,059426,4000,0,5220.0,0.0,4000,5220.0
2026-08-06,9337,華南內壢,059945,1000,0,530.0,0.0,1000,530.0
2026-08-06,9337,華南內壢,059982,1000,0,1030.0,0.0,1000,1030.0
2026-08-06,9337,華南內壢,061397,0,100000,0.0,25000.0,-100000,-25000.0
2026-08-06,9337,華南內壢,065831,20000,13000,13400.0,8970.0,7000,4430.0
2026-08-06,9337,華南內壢,066592,10000,0,11500.0,0.0,10000,11500.0
2026-08-06,9337,華南內壢,066885,0,6000,0.0,22500.0,-6000,-22500.0
2026-08-06,9337,華南內壢,067038,0,1000,0.0,870.0,-1000,-870.0
2026-08-06,9337,華南內壢,067200,0,5000,0.0,3900.0,-5000,-3900.0
2026-08-06,9337,華南內壢,067216,10000,0,8000.0,0.0,10000,8000.0
2026-08-06,9337,華南內壢,067945,10000,0,12700.0,0.0,10000,12700.0
2026-08-06,9337,華南內壢,069359,24000,0,20280.0,0.0,24000,20280.0
2026-08-06,9337,華南內壢,069999,200000,0,63500.0,0.0,200000,63500.0
2026-08-06,9337,華南內壢,071137,21000,0,14910.0,0.0,21000,14910.0
2026-08-06,9337,華南內壢,071141,5000,0,25990.0,0.0,5000,25990.0
2026-08-06,9337,華南內壢,071218,10000,0,13900.0,0.0,10000,13900.0
2026-08-06,9337,華南內壢,071512,0,20000,0.0,28400.0,-20000,-28400.0
2026-08-06,9337,華南內壢,071742,10000,5000,13300.0,6800.0,5000,6500.0
2026-08-06,9337,華南內壢,072757,5000,0,2000.0,0.0,5000,2000.0
2026-08-06,9337,華南內壢,073561,350000,0,301000.0,0.0,350000,301000.0
2026-08-06,9337,華南內壢,075664,20000,0,8600.0,0.0,20000,8600.0
2026-08-06,9337,永昌內壢,707859,0,45000,0.0,51750.0,-45000,-51750.0
2026-08-06,9337,永昌內壢,708106,0,33000,0.0,13860.0,-33000,-13860.0
2026-08-06,9337,永昌內壢,708473,5000,0,5050.0,0.0,5000,5050.0
2026-08-06,9337,永昌內壢,709614,0,13000,0.0,26650.0,-13000,-26650.0
2026-08-06,9337,永昌內壢,711013,0,100000,0.0,123000.0,-100000,-123000.0
2026-08-06,9343,華南頭份,03732B,0,2000,0.0,1480.0,-2000,-1480.0
2026-08-06,9343,華南頭份,044791,0,1000,0.0,350.0,-1000,-350.0
2026-08-06,9343,華南頭份,044795,5000,0,10590.0,0.0,5000,10590.0
2026-08-06,9343,華南頭份,056480,0,6000,0.0,9060.0,-6000,-9060.0
2026-08-06,9343,華南頭份,060646,0,10000,0.0,14700.0,-10000,-14700.0
2026-08-06,9343,華南頭份,062670,4000,0,2920.0,0.0,4000,2920.0
2026-08-06,9343,華南頭份,065707,3000,0,7710.0,0.0,3000,7710.0
2026-08-06,9343,華南頭份,067411,0,19000,0.0,13490.0,-19000,-13490.0
2026-08-06,9343,華南頭份,067847,3000,0,4010.0,0.0,3000,4010.0
2026-08-06,9343,華南頭份,067997,4000,0,3040.0,0.0,4000,3040.0
2026-08-06,9343,華南頭份,069359,10000,0,8300.0,0.0,10000,8300.0
2026-08-06,9343,華南頭份,075524,4000,0,6480.0,0.0,4000,6480.0
2026-08-06,9343,華南頭份,077304,3000,0,3540.0,0.0,3000,3540.0
2026-08-06,9343,華南頭份,078760,6000,0,15360.0,0.0,6000,15360.0
2026-08-06,9343,華南頭份,078907,10000,0,13700.0,0.0,10000,13700.0
2026-08-06,9343,華南頭份,078908,10000,0,17400.0,0.0,10000,17400.0
2026-08-06,9343,永昌頭份,708250,0,7000,0.0,3080.0,-7000,-3080.0
2026-08-06,961F,富邦公益,03278T,0,3000,0.0,510.0,-3000,-510.0
2026-08-06,961F,富邦公益,03375T,2000,0,1620.0,0.0,2000,1620.0
2026-08-06,961F,富邦公益,03554T,0,1000,0.0,1130.0,-1000,-1130.0
2026-08-06,961F,富邦公益,03611T,0,1000,0.0,730.0,-1000,-730.0
2026-08-06,961F,富邦公益,039470,10000,0,8400.0,0.0,10000,8400.0
2026-08-06,961F,富邦公益,040610,2000,0,3100.0,0.0,2000,3100.0
2026-08-06,961F,富邦公益,044274,350000,300000,127500.0,120000.0,50000,7500.0
2026-08-06,961F,富邦公益,044404,1000,0,1520.0,0.0,1000,1520.0
2026-08-06,961F,富邦公益,053513,3000,0,3810.0,0.0,3000,3810.0
2026-08-06,961F,富邦公益,055834,12000,0,27000.0,0.0,12000,27000.0
2026-08-06,961F,富邦公益,057009,0,20000,0.0,27400.0,-20000,-27400.0
2026-08-06,961F,富邦公益,057187,10000,0,11000.0,0.0,10000,11000.0
2026-08-06,961F,富邦公益,058472,2000,1000,1070.0,530.0,1000,540.0
2026-08-06,961F,富邦公益,059089,1000,1000,2780.0,2990.0,0,-210.0
2026-08-06,961F,富邦公益,059196,6000,6000,10920.0,9780.0,0,1140.0
2026-08-06,961F,富邦公益,059495,0,26000,0.0,24700.0,-26000,-24700.0
2026-08-06,961F,富邦公益,059500,50000,0,68000.0,0.0,50000,68000.0
2026-08-06,961F,富邦公益,060168,4000,0,5040.0,0.0,4000,5040.0
2026-08-06,961F,富邦公益,060761,0,35000,0.0,75600.0,-35000,-75600.0
2026-08-06,961F,富邦公益,060975,0,15000,0.0,32700.0,-15000,-32700.0
2026-08-06,961F,富邦公益,061605,5000,0,4750.0,0.0,5000,4750.0
2026-08-06,961F,富邦公益,061954,1000,1000,940.0,970.0,0,-30.0
2026-08-06,961F,富邦公益,062339,3000,0,3360.0,0.0,3000,3360.0
2026-08-06,961F,富邦公益,062650,4000,0,2700.0,0.0,4000,2700.0
2026-08-06,961F,富邦公益,062651,3000,0,1920.0,0.0,3000,1920.0
2026-08-06,961F,富邦公益,062888,60000,0,40800.0,0.0,60000,40800.0
2026-08-06,961F,富邦公益,063461,10000,0,13350.0,0.0,10000,13350.0
2026-08-06,961F,富邦公益,064497,0,3000,0.0,21750.0,-3000,-21750.0
2026-08-06,961F,富邦公益,065067,0,19000,0.0,16340.0,-19000,-16340.0
2026-08-06,961F,富邦公益,066950,0,150000,0.0,129310.0,-150000,-129310.0
2026-08-06,961F,富邦公益,067082,10000,0,12500.0,0.0,10000,12500.0
2026-08-06,961F,富邦公益,067248,0,8000,0.0,18800.0,-8000,-18800.0
2026-08-06,961F,富邦公益,067387,12000,0,30120.0,0.0,12000,30120.0
2026-08-06,961F,富邦公益,067393,0,10000,0.0,47300.0,-10000,-47300.0
2026-08-06,961F,富邦公益,067611,53000,0,50440.0,0.0,53000,50440.0
2026-08-06,961F,富邦公益,068247,0,6000,0.0,3300.0,-6000,-3300.0
2026-08-06,961F,富邦公益,068596,10000,0,14400.0,0.0,10000,14400.0
2026-08-06,961F,富邦公益,069559,10000,0,4400.0,0.0,10000,4400.0
2026-08-06,961F,富邦公益,069717,6000,0,10740.0,0.0,6000,10740.0
2026-08-06,961F,富邦公益,070080,16000,0,24160.0,0.0,16000,24160.0
2026-08-06,961F,富邦公益,070455,4000,0,4120.0,0.0,4000,4120.0
2026-08-06,961F,富邦公益,071190,3000,0,4170.0,0.0,3000,4170.0
2026-08-06,961F,富邦公益,071432,3000,0,2370.0,0.0,3000,2370.0
2026-08-06,961F,富邦公益,072654,0,8000,0.0,2560.0,-8000,-2560.0
2026-08-06,961F,富邦公益,072661,13000,0,3250.0,0.0,13000,3250.0
2026-08-06,961F,富邦公益,073048,0,10000,0.0,5500.0,-10000,-5500.0
2026-08-06,961F,富邦公益,073570,5000,0,4600.0,0.0,5000,4600.0
2026-08-06,961F,富邦公益,074059,30000,0,21800.0,0.0,30000,21800.0
2026-08-06,961F,富邦公益,075309,20000,0,28200.0,0.0,20000,28200.0
2026-08-06,961F,富邦公益,075711,12000,0,10880.0,0.0,12000,10880.0
2026-08-06,961F,富邦公益,076623,0,51000,0.0,21420.0,-51000,-21420.0
2026-08-06,961F,富邦公益,076624,51000,0,20710.0,0.0,51000,20710.0
2026-08-06,961F,富邦公益,076677,4000,0,5520.0,0.0,4000,5520.0
2026-08-06,961F,富邦公益,077701,10000,0,14540.0,0.0,10000,14540.0
2026-08-06,961F,富邦公益,078289,11000,0,18810.0,0.0,11000,18810.0
2026-08-06,961F,富邦公益,078439,25000,0,67200.0,0.0,25000,67200.0
2026-08-06,961F,富邦公益,078445,5000,0,6000.0,0.0,5000,6000.0
2026-08-06,961F,富邦公益,078448,0,5000,0.0,5350.0,-5000,-5350.0
2026-08-06,961F,富邦公益,078484,5000,0,3850.0,0.0,5000,3850.0
2026-08-06,961F,富邦公益,078595,3000,0,9270.0,0.0,3000,9270.0
2026-08-06,961F,富邦公益,081621,60000,0,12000.0,0.0,60000,12000.0
2026-08-06,961F,富邦公益,08460U,0,17000,0.0,170.0,-17000,-170.0
2026-08-06,961F,富邦公益,700022,0,5000,0.0,14000.0,-5000,-14000.0
2026-08-06,961F,富邦公益,700899,1000,0,630.0,0.0,1000,630.0
2026-08-06,961F,富邦公益,701475,0,1000,0.0,8700.0,-1000,-8700.0
2026-08-06,961F,富邦公益,701593,4000,0,4000.0,0.0,4000,4000.0
2026-08-06,961F,富邦公益,703483,1000,0,1980.0,0.0,1000,1980.0
2026-08-06,961F,富邦公益,705551,9000,0,10980.0,0.0,9000,10980.0
2026-08-06,961F,富邦公益,706713,4000,0,5590.0,0.0,4000,5590.0
2026-08-06,961F,富邦公益,707291,0,2000,0.0,1880.0,-2000,-1880.0
2026-08-06,961F,富邦公益,707763,5000,0,10200.0,0.0,5000,10200.0
2026-08-06,961F,富邦公益,708547,17000,0,10390.0,0.0,17000,10390.0
2026-08-06,961F,富邦公益,708571,0,10000,0.0,3000.0,-10000,-3000.0
2026-08-06,961F,富邦公益,708658,10000,0,14600.0,0.0,10000,14600.0
2026-08-06,961F,富邦公益,708908,0,10000,0.0,6250.0,-10000,-6250.0
2026-08-06,961F,富邦公益,708914,5000,0,1950.0,0.0,5000,1950.0
2026-08-06,961F,富邦公益,709869,0,4000,0.0,10090.0,-4000,-10090.0
2026-08-06,961F,富邦公益,710817,20000,0,8000.0,0.0,20000,8000.0
2026-08-06,961F,富邦公益,711174,1000,0,630.0,0.0,1000,630.0
2026-08-06,961F,富邦公益,711501,25000,0,53500.0,0.0,25000,53500.0
2026-08-06,961F,富邦公益,711588,8000,0,9280.0,0.0,8000,9280.0
2026-08-06,961F,富邦公益,711931,5000,0,6830.0,0.0,5000,6830.0
2026-08-06,961F,富邦公益,731584,3000,0,18000.0,0.0,3000,18000.0
2026-08-06,9663,富邦敦南,03059T,20000,0,4600.0,0.0,20000,4600.0
2026-08-06,9663,富邦敦南,031273,30000,0,33600.0,0.0,30000,33600.0
2026-08-06,9663,富邦敦南,03149T,4000,0,4500.0,0.0,4000,4500.0
2026-08-06,9663,富邦敦南,03188T,31000,40000,27430.0,37650.0,-9000,-10220.0
2026-08-06,9663,富邦敦南,03245T,5000,0,3980.0,0.0,5000,3980.0
2026-08-06,9663,富邦敦南,03273T,10000,0,3200.0,0.0,10000,3200.0
2026-08-06,9663,富邦敦南,03326T,110000,0,49500.0,0.0,110000,49500.0
2026-08-06,9663,富邦敦南,03351T,11000,0,6820.0,0.0,11000,6820.0
2026-08-06,9663,富邦敦南,03732B,30000,20000,21700.0,15000.0,10000,6700.0
2026-08-06,9663,富邦敦南,03882T,10000,0,5500.0,0.0,10000,5500.0
2026-08-06,9663,富邦敦南,038851,5000,0,23250.0,0.0,5000,23250.0
2026-08-06,9663,富邦敦南,039470,15000,0,12950.0,0.0,15000,12950.0
2026-08-06,9663,富邦敦南,040609,0,15000,0.0,83750.0,-15000,-83750.0
2026-08-06,9663,富邦敦南,040648,70000,0,136400.0,0.0,70000,136400.0
2026-08-06,9663,富邦敦南,04099T,1000,0,1260.0,0.0,1000,1260.0
2026-08-06,9663,富邦敦南,044404,50000,0,79500.0,0.0,50000,79500.0
2026-08-06,9663,富邦敦南,044616,95000,0,133000.0,0.0,95000,133000.0
2026-08-06,9663,富邦敦南,045631,0,10000,0.0,7600.0,-10000,-7600.0
2026-08-06,9663,富邦敦南,051665,1000,5000,940.0,3700.0,-4000,-2760.0
2026-08-06,9663,富邦敦南,051709,0,4000,0.0,6360.0,-4000,-6360.0
2026-08-06,9663,富邦敦南,052120,10000,0,2800.0,0.0,10000,2800.0
2026-08-06,9663,富邦敦南,052191,20000,0,14800.0,0.0,20000,14800.0
2026-08-06,9663,富邦敦南,054475,15000,0,16700.0,0.0,15000,16700.0
2026-08-06,9663,富邦敦南,055972,0,99000,0.0,138590.0,-99000,-138590.0
2026-08-06,9663,富邦敦南,056058,20000,0,28000.0,0.0,20000,28000.0
2026-08-06,9663,富邦敦南,056059,0,8000,0.0,8080.0,-8000,-8080.0
2026-08-06,9663,富邦敦南,057759,0,300000,0.0,130000.0,-300000,-130000.0
2026-08-06,9663,富邦敦南,059225,0,5000,0.0,14500.0,-5000,-14500.0
2026-08-06,9663,富邦敦南,060893,200000,0,742000.0,0.0,200000,742000.0
2026-08-06,9663,富邦敦南,061633,0,4000,0.0,4360.0,-4000,-4360.0
2026-08-06,9663,富邦敦南,064420,0,20000,0.0,23400.0,-20000,-23400.0
2026-08-06,9663,富邦敦南,065423,0,200000,0.0,162000.0,-200000,-162000.0
2026-08-06,9663,富邦敦南,065494,0,100000,0.0,108000.0,-100000,-108000.0
2026-08-06,9663,富邦敦南,065616,0,5000,0.0,3300.0,-5000,-3300.0
2026-08-06,9663,富邦敦南,066080,1000,0,1580.0,0.0,1000,1580.0
2026-08-06,9663,富邦敦南,066145,5000,0,15300.0,0.0,5000,15300.0
2026-08-06,9663,富邦敦南,066185,0,15000,0.0,43650.0,-15000,-43650.0
2026-08-06,9663,富邦敦南,067389,10000,0,21650.0,0.0,10000,21650.0
2026-08-06,9663,富邦敦南,067544,0,2000,0.0,2560.0,-2000,-2560.0
2026-08-06,9663,富邦敦南,067847,5000,0,6650.0,0.0,5000,6650.0
2026-08-06,9663,富邦敦南,067849,13000,0,118300.0,0.0,13000,118300.0
2026-08-06,9663,富邦敦南,067860,1000,0,2130.0,0.0,1000,2130.0
2026-08-06,9663,富邦敦南,067942,79000,0,158790.0,0.0,79000,158790.0
2026-08-06,9663,富邦敦南,067984,0,70000,0.0,41850.0,-70000,-41850.0
2026-08-06,9663,富邦敦南,068665,59000,0,109600.0,0.0,59000,109600.0
2026-08-06,9663,富邦敦南,069098,10000,0,5400.0,0.0,10000,5400.0
2026-08-06,9663,富邦敦南,069528,0,10000,0.0,7500.0,-10000,-7500.0
2026-08-06,9663,富邦敦南,070222,0,20000,0.0,14700.0,-20000,-14700.0
2026-08-06,9663,富邦敦南,070254,1000,0,520.0,0.0,1000,520.0
2026-08-06,9663,富邦敦南,070275,15000,0,13800.0,0.0,15000,13800.0
2026-08-06,9663,富邦敦南,070805,50000,0,72500.0,0.0,50000,72500.0
2026-08-06,9663,富邦敦南,071589,10000,0,8500.0,0.0,10000,8500.0
2026-08-06,9663,富邦敦南,072538,0,5000,0.0,4000.0,-5000,-4000.0
2026-08-06,9663,富邦敦南,072757,0,20000,0.0,7900.0,-20000,-7900.0
2026-08-06,9663,富邦敦南,072882,20000,0,9600.0,0.0,20000,9600.0
2026-08-06,9663,富邦敦南,073096,0,10000,0.0,20000.0,-10000,-20000.0
2026-08-06,9663,富邦敦南,074027,20000,0,22200.0,0.0,20000,22200.0
2026-08-06,9663,富邦敦南,075709,3000,1000,2560.0,880.0,2000,1680.0
2026-08-06,9663,富邦敦南,075941,0,10000,0.0,9000.0,-10000,-9000.0
2026-08-06,9663,富邦敦南,077306,45000,0,70200.0,0.0,45000,70200.0
2026-08-06,9663,富邦敦南,078456,118000,0,138060.0,0.0,118000,138060.0
2026-08-06,9663,富邦敦南,078601,499000,0,1092810.0,0.0,499000,1092810.0
2026-08-06,9663,富邦敦南,078624,330000,0,369600.0,0.0,330000,369600.0
2026-08-06,9663,富邦敦南,080849,20000,0,58000.0,0.0,20000,58000.0
2026-08-06,9663,富邦敦南,08797U,20000,0,6600.0,0.0,20000,6600.0
2026-08-06,9663,富邦敦南,08903U,30000,0,11700.0,0.0,30000,11700.0
2026-08-06,9663,富邦敦南,08910U,20000,0,5400.0,0.0,20000,5400.0
2026-08-06,9663,富邦敦南,700415,0,499000,0.0,314370.0,-499000,-314370.0
2026-08-06,9663,富邦敦南,700904,0,1000,0.0,4290.0,-1000,-4290.0
2026-08-06,9663,富邦敦南,703878,20000,0,31560.0,0.0,20000,31560.0
2026-08-06,9663,富邦敦南,704950,20000,0,1000.0,0.0,20000,1000.0
2026-08-06,9663,富邦敦南,706134,0,21000,0.0,33030.0,-21000,-33030.0
2026-08-06,9663,富邦敦南,707328,0,20000,0.0,37500.0,-20000,-37500.0
2026-08-06,9663,富邦敦南,707541,0,10000,0.0,7000.0,-10000,-7000.0
2026-08-06,9663,富邦敦南,707822,0,5000,0.0,6600.0,-5000,-6600.0
2026-08-06,9663,富邦敦南,708870,1000,0,600.0,0.0,1000,600.0
2026-08-06,9663,富邦敦南,708977,0,1000,0.0,780.0,-1000,-780.0
2026-08-06,9663,富邦敦南,709746,0,23000,0.0,15510.0,-23000,-15510.0
2026-08-06,9663,富邦敦南,709761,0,8000,0.0,9440.0,-8000,-9440.0
2026-08-06,9663,富邦敦南,711118,5000,0,1700.0,0.0,5000,1700.0
2026-08-06,9663,富邦敦南,711603,20000,15000,9800.0,6900.0,5000,2900.0
2026-08-06,9663,富邦敦南,711799,30000,0,30600.0,0.0,30000,30600.0
2026-08-06,9663,富邦敦南,72853U,3000,0,2000.0,0.0,3000,2000.0
2026-08-06,9663,富邦敦南,730635,90000,0,54900.0,0.0,90000,54900.0
2026-08-06,9676,富邦仁愛,03012T,2000,0,220.0,0.0,2000,220.0
2026-08-06,9676,富邦仁愛,03218T,3000,0,1160.0,0.0,3000,1160.0
2026-08-06,9676,富邦仁愛,03512T,0,7000,0.0,7910.0,-7000,-7910.0
2026-08-06,9676,富邦仁愛,03644T,0,40000,0.0,26400.0,-40000,-26400.0
2026-08-06,9676,富邦仁愛,03703T,20000,0,31400.0,0.0,20000,31400.0
2026-08-06,9676,富邦仁愛,03802T,0,5000,0.0,16000.0,-5000,-16000.0
2026-08-06,9676,富邦仁愛,03888T,25000,0,23700.0,0.0,25000,23700.0
2026-08-06,9676,富邦仁愛,041165,5000,0,24350.0,0.0,5000,24350.0
2026-08-06,9676,富邦仁愛,049787,50000,110000,191500.0,442100.0,-60000,-250600.0
2026-08-06,9676,富邦仁愛,052173,0,20000,0.0,5200.0,-20000,-5200.0
2026-08-06,9676,富邦仁愛,053033,63000,0,131750.0,0.0,63000,131750.0
2026-08-06,9676,富邦仁愛,054510,0,3000,0.0,300.0,-3000,-300.0
2026-08-06,9676,富邦仁愛,054830,5000,0,12200.0,0.0,5000,12200.0
2026-08-06,9676,富邦仁愛,056079,0,5000,0.0,6700.0,-5000,-6700.0
2026-08-06,9676,富邦仁愛,056082,50000,0,73500.0,0.0,50000,73500.0
2026-08-06,9676,富邦仁愛,056531,499000,0,99800.0,0.0,499000,99800.0
2026-08-06,9676,富邦仁愛,057291,4000,0,14200.0,0.0,4000,14200.0
2026-08-06,9676,富邦仁愛,057525,5000,0,15400.0,0.0,5000,15400.0
2026-08-06,9676,富邦仁愛,057557,0,12000,0.0,31320.0,-12000,-31320.0
2026-08-06,9676,富邦仁愛,057748,5000,0,2650.0,0.0,5000,2650.0
2026-08-06,9676,富邦仁愛,057783,30000,0,59100.0,0.0,30000,59100.0
2026-08-06,9676,富邦仁愛,058141,0,2000,0.0,2120.0,-2000,-2120.0
2026-08-06,9676,富邦仁愛,058815,5000,0,6000.0,0.0,5000,6000.0
2026-08-06,9676,富邦仁愛,059238,60000,0,66600.0,0.0,60000,66600.0
2026-08-06,9676,富邦仁愛,059511,0,100000,0.0,235000.0,-100000,-235000.0
2026-08-06,9676,富邦仁愛,059842,50000,0,24000.0,0.0,50000,24000.0
2026-08-06,9676,富邦仁愛,060067,20000,0,22450.0,0.0,20000,22450.0
2026-08-06,9676,富邦仁愛,060178,25000,0,25800.0,0.0,25000,25800.0
2026-08-06,9676,富邦仁愛,061087,1000,0,1720.0,0.0,1000,1720.0
2026-08-06,9676,富邦仁愛,061158,2000,0,3420.0,0.0,2000,3420.0
2026-08-06,9676,富邦仁愛,061211,0,10000,0.0,6320.0,-10000,-6320.0
2026-08-06,9676,富邦仁愛,061260,150000,0,296700.0,0.0,150000,296700.0
2026-08-06,9676,富邦仁愛,061505,10000,30000,18500.0,52800.0,-20000,-34300.0
2026-08-06,9676,富邦仁愛,062076,5000,0,8600.0,0.0,5000,8600.0
2026-08-06,9676,富邦仁愛,062239,420000,0,479000.0,0.0,420000,479000.0
2026-08-06,9676,富邦仁愛,062430,5000,0,8900.0,0.0,5000,8900.0
2026-08-06,9676,富邦仁愛,063110,8000,0,6000.0,0.0,8000,6000.0
2026-08-06,9676,富邦仁愛,063532,0,10000,0.0,15600.0,-10000,-15600.0
2026-08-06,9676,富邦仁愛,063624,8000,5000,73000.0,47500.0,3000,25500.0
2026-08-06,9676,富邦仁愛,063831,4000,0,5880.0,0.0,4000,5880.0
2026-08-06,9676,富邦仁愛,063858,13000,0,10040.0,0.0,13000,10040.0
2026-08-06,9676,富邦仁愛,064328,0,150000,0.0,215500.0,-150000,-215500.0
2026-08-06,9676,富邦仁愛,064524,0,10000,0.0,12500.0,-10000,-12500.0
2026-08-06,9676,富邦仁愛,064833,0,100000,0.0,37000.0,-100000,-37000.0
2026-08-06,9676,富邦仁愛,064834,0,2000,0.0,690.0,-2000,-690.0
2026-08-06,9676,富邦仁愛,065350,0,25000,0.0,24000.0,-25000,-24000.0
2026-08-06,9676,富邦仁愛,065609,0,10000,0.0,5900.0,-10000,-5900.0
2026-08-06,9676,富邦仁愛,066126,0,1000,0.0,3190.0,-1000,-3190.0
2026-08-06,9676,富邦仁愛,066175,5000,0,13250.0,0.0,5000,13250.0
2026-08-06,9676,富邦仁愛,066186,4000,0,9000.0,0.0,4000,9000.0
2026-08-06,9676,富邦仁愛,066287,0,2000,0.0,8940.0,-2000,-8940.0
2026-08-06,9676,富邦仁愛,066325,0,230000,0.0,336800.0,-230000,-336800.0
2026-08-06,9676,富邦仁愛,066766,0,90000,0.0,76600.0,-90000,-76600.0
2026-08-06,9676,富邦仁愛,066997,0,40000,0.0,41400.0,-40000,-41400.0
2026-08-06,9676,富邦仁愛,067105,6000,0,8100.0,0.0,6000,8100.0
2026-08-06,9676,富邦仁愛,067283,2000,0,3580.0,0.0,2000,3580.0
2026-08-06,9676,富邦仁愛,067441,10000,0,9000.0,0.0,10000,9000.0
2026-08-06,9676,富邦仁愛,067465,0,20000,0.0,14800.0,-20000,-14800.0
2026-08-06,9676,富邦仁愛,067680,60000,60000,42000.0,44800.0,0,-2800.0
2026-08-06,9676,富邦仁愛,067986,10000,10000,5400.0,5600.0,0,-200.0
2026-08-06,9676,富邦仁愛,068111,10000,0,6100.0,0.0,10000,6100.0
2026-08-06,9676,富邦仁愛,068134,10000,0,13200.0,0.0,10000,13200.0
2026-08-06,9676,富邦仁愛,068680,1000,0,1330.0,0.0,1000,1330.0
2026-08-06,9676,富邦仁愛,068930,10000,0,13300.0,0.0,10000,13300.0
2026-08-06,9676,富邦仁愛,069237,0,2000,0.0,10500.0,-2000,-10500.0
2026-08-06,9676,富邦仁愛,069257,5000,0,9750.0,0.0,5000,9750.0
2026-08-06,9676,富邦仁愛,069301,20000,0,87700.0,0.0,20000,87700.0
2026-08-06,9676,富邦仁愛,069354,5000,0,8000.0,0.0,5000,8000.0
2026-08-06,9676,富邦仁愛,069668,0,20000,0.0,13000.0,-20000,-13000.0
2026-08-06,9676,富邦仁愛,069806,30000,0,8400.0,0.0,30000,8400.0
2026-08-06,9676,富邦仁愛,070136,0,80000,0.0,51200.0,-80000,-51200.0
2026-08-06,9676,富邦仁愛,070899,1000,0,1760.0,0.0,1000,1760.0
2026-08-06,9676,富邦仁愛,070946,40000,0,46800.0,0.0,40000,46800.0
2026-08-06,9676,富邦仁愛,070948,3000,0,2790.0,0.0,3000,2790.0
2026-08-06,9676,富邦仁愛,073005,10000,0,12300.0,0.0,10000,12300.0
2026-08-06,9676,富邦仁愛,073645,0,50000,0.0,44500.0,-50000,-44500.0
2026-08-06,9676,富邦仁愛,073828,1000,0,1600.0,0.0,1000,1600.0
2026-08-06,9676,富邦仁愛,074644,0,10000,0.0,4100.0,-10000,-4100.0
2026-08-06,9676,富邦仁愛,074921,32000,0,29600.0,0.0,32000,29600.0
2026-08-06,9676,富邦仁愛,075029,0,20000,0.0,46800.0,-20000,-46800.0
2026-08-06,9676,富邦仁愛,075319,10000,0,12750.0,0.0,10000,12750.0
2026-08-06,9676,富邦仁愛,075440,0,150000,0.0,46500.0,-150000,-46500.0
2026-08-06,9676,富邦仁愛,075903,0,8000,0.0,8160.0,-8000,-8160.0
2026-08-06,9676,富邦仁愛,076213,6000,0,7200.0,0.0,6000,7200.0
2026-08-06,9676,富邦仁愛,076403,60000,0,133200.0,0.0,60000,133200.0
2026-08-06,9676,富邦仁愛,076624,0,10000,0.0,3800.0,-10000,-3800.0
2026-08-06,9676,富邦仁愛,077564,5000,0,15450.0,0.0,5000,15450.0
2026-08-06,9676,富邦仁愛,077812,2000,0,1240.0,0.0,2000,1240.0
2026-08-06,9676,富邦仁愛,078003,0,5000,0.0,4550.0,-5000,-4550.0
2026-08-06,9676,富邦仁愛,078489,74000,0,40700.0,0.0,74000,40700.0
2026-08-06,9676,富邦仁愛,08397U,7000,0,500.0,0.0,7000,500.0
2026-08-06,9676,富邦仁愛,08589U,1000,0,110.0,0.0,1000,110.0
2026-08-06,9676,富邦仁愛,08694U,10000,0,4800.0,0.0,10000,4800.0
2026-08-06,9676,富邦仁愛,08797U,80000,25000,25900.0,8000.0,55000,17900.0
2026-08-06,9676,富邦仁愛,08831U,0,30000,0.0,5400.0,-30000,-5400.0
2026-08-06,9676,富邦仁愛,08902U,40000,30000,22200.0,16500.0,10000,5700.0
2026-08-06,9676,富邦仁愛,705238,0,1000,0.0,3100.0,-1000,-3100.0
2026-08-06,9676,富邦仁愛,705879,50000,0,17500.0,0.0,50000,17500.0
2026-08-06,9676,富邦仁愛,706030,0,1000,0.0,490.0,-1000,-490.0
2026-08-06,9676,富邦仁愛,706134,10000,0,16000.0,0.0,10000,16000.0
2026-08-06,9676,富邦仁愛,706179,0,10000,0.0,5400.0,-10000,-5400.0
2026-08-06,9676,富邦仁愛,706205,0,10000,0.0,4800.0,-10000,-4800.0
2026-08-06,9676,富邦仁愛,707230,10000,0,24800.0,0.0,10000,24800.0
2026-08-06,9676,富邦仁愛,707299,0,2000,0.0,6000.0,-2000,-6000.0
2026-08-06,9676,富邦仁愛,707340,0,8000,0.0,13120.0,-8000,-13120.0
2026-08-06,9676,富邦仁愛,707574,20000,0,15000.0,0.0,20000,15000.0
2026-08-06,9676,富邦仁愛,707748,0,1000,0.0,1920.0,-1000,-1920.0
2026-08-06,9676,富邦仁愛,707852,0,10000,0.0,30600.0,-10000,-30600.0
2026-08-06,9676,富邦仁愛,708063,1000,0,1000.0,0.0,1000,1000.0
2026-08-06,9676,富邦仁愛,708085,0,10000,0.0,9200.0,-10000,-9200.0
2026-08-06,9676,富邦仁愛,708125,0,200000,0.0,193000.0,-200000,-193000.0
2026-08-06,9676,富邦仁愛,708590,0,300000,0.0,200000.0,-300000,-200000.0
2026-08-06,9676,富邦仁愛,709753,0,5000,0.0,4500.0,-5000,-4500.0
2026-08-06,9676,富邦仁愛,710792,0,1000,0.0,760.0,-1000,-760.0
2026-08-06,9676,富邦仁愛,710819,0,10000,0.0,23500.0,-10000,-23500.0
2026-08-06,9676,富邦仁愛,710926,10000,5000,11400.0,7000.0,5000,4400.0
2026-08-06,9676,富邦仁愛,710946,0,28000,0.0,17360.0,-28000,-17360.0
2026-08-06,9676,富邦仁愛,711870,0,6000,0.0,10320.0,-6000,-10320.0
2026-08-06,9676,富邦仁愛,711961,0,15000,0.0,18000.0,-15000,-18000.0
2026-08-06,9676,富邦仁愛,712198,5000,0,10650.0,0.0,5000,10650.0
2026-08-06,9676,富邦仁愛,72862U,1000,0,280.0,0.0,1000,280.0
2026-08-06,9676,富邦仁愛,72875U,4000,0,1730.0,0.0,4000,1730.0
2026-08-06,9676,富邦仁愛,733461,20000,0,10800.0,0.0,20000,10800.0
2026-08-06,980l,元大虎尾,03237T,0,272000,0.0,100640.0,-272000,-100640.0
2026-08-06,980l,元大虎尾,03373T,0,20000,0.0,7600.0,-20000,-7600.0
2026-08-06,980l,元大虎尾,03418T,0,213000,0.0,102340.0,-213000,-102340.0
2026-08-06,980l,元大虎尾,03732B,3000,0,2190.0,0.0,3000,2190.0
2026-08-06,980l,元大虎尾,03735B,0,8000,0.0,6160.0,-8000,-6160.0
2026-08-06,980l,元大虎尾,042678,0,20000,0.0,54000.0,-20000,-54000.0
2026-08-06,980l,元大虎尾,052120,996000,0,293830.0,0.0,996000,293830.0
2026-08-06,980l,元大虎尾,056232,0,100000,0.0,161000.0,-100000,-161000.0
2026-08-06,980l,元大虎尾,056569,0,2000,0.0,5120.0,-2000,-5120.0
2026-08-06,980l,元大虎尾,060455,0,100000,0.0,223000.0,-100000,-223000.0
2026-08-06,980l,元大虎尾,065458,25000,0,63250.0,0.0,25000,63250.0
2026-08-06,980l,元大虎尾,065921,0,16000,0.0,10590.0,-16000,-10590.0
2026-08-06,980l,元大虎尾,066642,30000,0,21000.0,0.0,30000,21000.0
2026-08-06,980l,元大虎尾,068290,10000,0,7600.0,0.0,10000,7600.0
2026-08-06,980l,元大虎尾,068953,12000,0,16580.0,0.0,12000,16580.0
2026-08-06,980l,元大虎尾,069607,5000,0,12700.0,0.0,5000,12700.0
2026-08-06,980l,元大虎尾,069656,20000,0,18900.0,0.0,20000,18900.0
2026-08-06,980l,元大虎尾,070012,6000,0,6060.0,0.0,6000,6060.0
2026-08-06,980l,元大虎尾,071376,1797000,0,2260240.0,0.0,1797000,2260240.0
2026-08-06,980l,元大虎尾,071748,10000,0,21100.0,0.0,10000,21100.0
2026-08-06,980l,元大虎尾,073237,30000,0,50700.0,0.0,30000,50700.0
2026-08-06,980l,元大虎尾,073492,10000,0,5700.0,0.0,10000,5700.0
2026-08-06,980l,元大虎尾,075239,8000,0,12510.0,0.0,8000,12510.0
2026-08-06,980l,元大虎尾,076928,6000,0,10020.0,0.0,6000,10020.0
2026-08-06,980l,元大虎尾,077154,0,499000,0.0,890820.0,-499000,-890820.0
2026-08-06,980l,元大虎尾,077274,12000,9000,22200.0,16050.0,3000,6150.0
2026-08-06,980l,元大虎尾,077630,0,250000,0.0,195000.0,-250000,-195000.0
2026-08-06,980l,元大虎尾,077768,0,200000,0.0,282000.0,-200000,-282000.0
2026-08-06,980l,元大虎尾,077814,2000,0,1460.0,0.0,2000,1460.0
2026-08-06,980l,元大虎尾,077935,10000,29000,16400.0,47270.0,-19000,-30870.0
2026-08-06,980l,元大虎尾,078156,10000,0,11500.0,0.0,10000,11500.0
2026-08-06,980l,元大虎尾,078445,5000,0,6050.0,0.0,5000,6050.0
2026-08-06,980l,元大虎尾,700899,0,10000,0.0,6200.0,-10000,-6200.0
2026-08-06,980l,元大虎尾,706134,0,10000,0.0,13400.0,-10000,-13400.0
2026-08-06,980l,元大虎尾,707299,0,15000,0.0,44900.0,-15000,-44900.0
2026-08-06,980l,元大虎尾,708184,0,1000,0.0,450.0,-1000,-450.0
2026-08-06,980l,元大虎尾,708470,10000,0,34100.0,0.0,10000,34100.0
2026-08-06,980l,元大虎尾,708682,200000,0,116000.0,0.0,200000,116000.0
2026-08-06,980l,元大虎尾,708945,500000,0,388000.0,0.0,500000,388000.0
2026-08-06,980l,元大虎尾,709445,50000,0,6500.0,0.0,50000,6500.0
2026-08-06,980l,元大虎尾,709547,30000,0,42000.0,0.0,30000,42000.0
2026-08-06,980l,元大虎尾,710489,0,100000,0.0,181000.0,-100000,-181000.0
2026-08-06,980l,元大虎尾,710535,0,699000,0.0,503280.0,-699000,-503280.0
2026-08-06,980l,元大虎尾,710553,0,300000,0.0,210000.0,-300000,-210000.0
2026-08-06,9853,元大南屯,030573,75000,0,171250.0,0.0,75000,171250.0
2026-08-06,9853,元大南屯,03295T,10000,0,2400.0,0.0,10000,2400.0
2026-08-06,9853,元大南屯,03351T,11000,0,6950.0,0.0,11000,6950.0
2026-08-06,9853,元大南屯,03421T,5000,0,5800.0,0.0,5000,5800.0
2026-08-06,9853,元大南屯,03431T,0,18000,0.0,18720.0,-18000,-18720.0
2026-08-06,9853,元大南屯,03665T,4000,0,7000.0,0.0,4000,7000.0
2026-08-06,9853,元大南屯,03732B,0,10000,0.0,7200.0,-10000,-7200.0
2026-08-06,9853,元大南屯,03741T,0,1000,0.0,2620.0,-1000,-2620.0
2026-08-06,9853,元大南屯,03830T,3000,0,3740.0,0.0,3000,3740.0
2026-08-06,9853,元大南屯,03937T,0,1000,0.0,1140.0,-1000,-1140.0
2026-08-06,9853,元大南屯,047754,0,1000,0.0,2200.0,-1000,-2200.0
2026-08-06,9853,元大南屯,056863,0,20000,0.0,32600.0,-20000,-32600.0
2026-08-06,9853,元大南屯,057525,0,6000,0.0,18600.0,-6000,-18600.0
2026-08-06,9853,元大南屯,058499,0,100000,0.0,214880.0,-100000,-214880.0
2026-08-06,9853,元大南屯,061852,0,1000,0.0,2910.0,-1000,-2910.0
2026-08-06,9853,元大南屯,062784,0,1000,0.0,2590.0,-1000,-2590.0
2026-08-06,9853,元大南屯,062833,0,12000,0.0,93600.0,-12000,-93600.0
2026-08-06,9853,元大南屯,062918,0,34000,0.0,71740.0,-34000,-71740.0
2026-08-06,9853,元大南屯,063286,20000,11000,10000.0,5060.0,9000,4940.0
2026-08-06,9853,元大南屯,063578,3000,0,2100.0,0.0,3000,2100.0
2026-08-06,9853,元大南屯,063632,2000,0,6960.0,0.0,2000,6960.0
2026-08-06,9853,元大南屯,063809,15000,62000,25950.0,110770.0,-47000,-84820.0
2026-08-06,9853,元大南屯,063990,0,40000,0.0,2000.0,-40000,-2000.0
2026-08-06,9853,元大南屯,064514,13000,0,13140.0,0.0,13000,13140.0
2026-08-06,9853,元大南屯,064677,20000,0,9200.0,0.0,20000,9200.0
2026-08-06,9853,元大南屯,065493,0,1000,0.0,800.0,-1000,-800.0
2026-08-06,9853,元大南屯,065776,0,20000,0.0,8400.0,-20000,-8400.0
2026-08-06,9853,元大南屯,066180,21000,0,30440.0,0.0,21000,30440.0
2026-08-06,9853,元大南屯,066185,0,1000,0.0,2930.0,-1000,-2930.0
2026-08-06,9853,元大南屯,066235,100000,0,157000.0,0.0,100000,157000.0
2026-08-06,9853,元大南屯,066380,0,18000,0.0,13320.0,-18000,-13320.0
2026-08-06,9853,元大南屯,066806,0,1000,0.0,1700.0,-1000,-1700.0
2026-08-06,9853,元大南屯,066986,9000,0,2790.0,0.0,9000,2790.0
2026-08-06,9853,元大南屯,067173,12000,0,9600.0,0.0,12000,9600.0
2026-08-06,9853,元大南屯,067409,0,1000,0.0,610.0,-1000,-610.0
2026-08-06,9853,元大南屯,067748,5000,0,3900.0,0.0,5000,3900.0
2026-08-06,9853,元大南屯,067814,4000,0,6160.0,0.0,4000,6160.0
2026-08-06,9853,元大南屯,067879,0,7000,0.0,14160.0,-7000,-14160.0
2026-08-06,9853,元大南屯,067942,12000,0,21880.0,0.0,12000,21880.0
2026-08-06,9853,元大南屯,068400,60000,0,93600.0,0.0,60000,93600.0
2026-08-06,9853,元大南屯,068675,2000,0,3340.0,0.0,2000,3340.0
2026-08-06,9853,元大南屯,069196,0,3000,0.0,6990.0,-3000,-6990.0
2026-08-06,9853,元大南屯,069257,0,3000,0.0,6170.0,-3000,-6170.0
2026-08-06,9853,元大南屯,069461,0,5000,0.0,2400.0,-5000,-2400.0
2026-08-06,9853,元大南屯,069528,10000,0,7500.0,0.0,10000,7500.0
2026-08-06,9853,元大南屯,069900,37000,0,10360.0,0.0,37000,10360.0
2026-08-06,9853,元大南屯,070256,0,6000,0.0,4380.0,-6000,-4380.0
2026-08-06,9853,元大南屯,070484,3000,0,3360.0,0.0,3000,3360.0
2026-08-06,9853,元大南屯,070493,0,6000,0.0,5640.0,-6000,-5640.0
2026-08-06,9853,元大南屯,070773,10000,0,15700.0,0.0,10000,15700.0
2026-08-06,9853,元大南屯,070977,0,30000,0.0,30900.0,-30000,-30900.0
2026-08-06,9853,元大南屯,071012,0,1000,0.0,860.0,-1000,-860.0
2026-08-06,9853,元大南屯,071019,55000,0,51400.0,0.0,55000,51400.0
2026-08-06,9853,元大南屯,071737,0,10000,0.0,16800.0,-10000,-16800.0
2026-08-06,9853,元大南屯,071877,0,1000,0.0,880.0,-1000,-880.0
2026-08-06,9853,元大南屯,071947,3000,0,1950.0,0.0,3000,1950.0
2026-08-06,9853,元大南屯,072026,110000,0,119500.0,0.0,110000,119500.0
2026-08-06,9853,元大南屯,072181,0,20000,0.0,28000.0,-20000,-28000.0
2026-08-06,9853,元大南屯,072365,1000,4000,820.0,3600.0,-3000,-2780.0
2026-08-06,9853,元大南屯,072402,0,1000,0.0,930.0,-1000,-930.0
2026-08-06,9853,元大南屯,072546,12000,0,14880.0,0.0,12000,14880.0
2026-08-06,9853,元大南屯,072655,6000,0,2640.0,0.0,6000,2640.0
2026-08-06,9853,元大南屯,073170,0,12000,0.0,8280.0,-12000,-8280.0
2026-08-06,9853,元大南屯,073305,0,30000,0.0,40800.0,-30000,-40800.0
2026-08-06,9853,元大南屯,074505,1000,0,270.0,0.0,1000,270.0
2026-08-06,9853,元大南屯,075121,1000,0,1030.0,0.0,1000,1030.0
2026-08-06,9853,元大南屯,075153,0,1000,0.0,2600.0,-1000,-2600.0
2026-08-06,9853,元大南屯,075166,10000,0,13300.0,0.0,10000,13300.0
2026-08-06,9853,元大南屯,075393,45000,0,17900.0,0.0,45000,17900.0
2026-08-06,9853,元大南屯,076215,0,1000,0.0,1300.0,-1000,-1300.0
2026-08-06,9853,元大南屯,076255,0,1000,0.0,1100.0,-1000,-1100.0
2026-08-06,9853,元大南屯,076308,0,2000,0.0,2700.0,-2000,-2700.0
2026-08-06,9853,元大南屯,076345,0,2000,0.0,2300.0,-2000,-2300.0
2026-08-06,9853,元大南屯,076346,0,2000,0.0,2500.0,-2000,-2500.0
2026-08-06,9853,元大南屯,076376,0,2000,0.0,2100.0,-2000,-2100.0
2026-08-06,9853,元大南屯,076778,0,2000,0.0,3200.0,-2000,-3200.0
2026-08-06,9853,元大南屯,076861,0,1000,0.0,2300.0,-1000,-2300.0
2026-08-06,9853,元大南屯,077154,0,200000,0.0,338000.0,-200000,-338000.0
2026-08-06,9853,元大南屯,077221,3000,0,3870.0,0.0,3000,3870.0
2026-08-06,9853,元大南屯,077487,0,2000,0.0,2300.0,-2000,-2300.0
2026-08-06,9853,元大南屯,077509,0,5000,0.0,6110.0,-5000,-6110.0
2026-08-06,9853,元大南屯,077607,0,3000,0.0,3910.0,-3000,-3910.0
2026-08-06,9853,元大南屯,077792,9000,0,8010.0,0.0,9000,8010.0
2026-08-06,9853,元大南屯,078209,0,2000,0.0,4740.0,-2000,-4740.0
2026-08-06,9853,元大南屯,078312,1000,0,840.0,0.0,1000,840.0
2026-08-06,9853,元大南屯,078909,8000,0,21760.0,0.0,8000,21760.0
2026-08-06,9853,元大南屯,08830U,0,1000,0.0,1660.0,-1000,-1660.0
2026-08-06,9853,元大南屯,08882U,0,50000,0.0,10500.0,-50000,-10500.0
2026-08-06,9853,元大南屯,700275,0,9000,0.0,8010.0,-9000,-8010.0
2026-08-06,9853,元大南屯,700904,8000,0,32800.0,0.0,8000,32800.0
2026-08-06,9853,元大南屯,701279,37000,0,9860.0,0.0,37000,9860.0
2026-08-06,9853,元大南屯,705072,40000,25000,20850.0,8250.0,15000,12600.0
2026-08-06,9853,元大南屯,705366,0,1000,0.0,560.0,-1000,-560.0
2026-08-06,9853,元大南屯,705851,0,32000,0.0,17920.0,-32000,-17920.0
2026-08-06,9853,元大南屯,707329,20000,0,10400.0,0.0,20000,10400.0
2026-08-06,9853,元大南屯,707542,50000,0,68000.0,0.0,50000,68000.0
2026-08-06,9853,元大南屯,707753,0,10000,0.0,3200.0,-10000,-3200.0
2026-08-06,9853,元大南屯,707798,0,2000,0.0,5940.0,-2000,-5940.0
2026-08-06,9853,元大南屯,708056,3000,0,11400.0,0.0,3000,11400.0
2026-08-06,9853,元大南屯,708235,80000,0,52800.0,0.0,80000,52800.0
2026-08-06,9853,元大南屯,708269,0,450000,0.0,454500.0,-450000,-454500.0
2026-08-06,9853,元大南屯,708458,0,1000,0.0,400.0,-1000,-400.0
2026-08-06,9853,元大南屯,708473,4000,0,4040.0,0.0,4000,4040.0
2026-08-06,9853,元大南屯,708640,0,6000,0.0,6360.0,-6000,-6360.0
2026-08-06,9853,元大南屯,709097,0,5000,0.0,39000.0,-5000,-39000.0
2026-08-06,9853,元大南屯,709393,0,12000,0.0,12840.0,-12000,-12840.0
2026-08-06,9853,元大南屯,709833,0,45000,0.0,28800.0,-45000,-28800.0
2026-08-06,9853,元大南屯,710487,0,1000,0.0,1540.0,-1000,-1540.0
2026-08-06,9853,元大南屯,710692,5000,0,3750.0,0.0,5000,3750.0
2026-08-06,9853,元大南屯,711087,0,3000,0.0,4980.0,-3000,-4980.0
2026-08-06,9853,元大南屯,711414,3000,0,5520.0,0.0,3000,5520.0
2026-08-06,9853,元大南屯,711568,2000,0,3160.0,0.0,2000,3160.0
2026-08-06,9853,元大南屯,711628,290000,0,361600.0,0.0,290000,361600.0
2026-08-06,9853,元大南屯,711964,10000,0,7400.0,0.0,10000,7400.0
2026-08-06,9853,元大南屯,711998,4000,0,5700.0,0.0,4000,5700.0
2026-08-06,9853,元大南屯,72853U,3000,0,2040.0,0.0,3000,2040.0
2026-08-06,9853,元大南屯,72882U,5000,0,3500.0,0.0,5000,3500.0
2026-08-06,9853,元大南屯,72883U,6000,0,5550.0,0.0,6000,5550.0
2026-08-06,9853,元大南屯,72902U,5000,0,2800.0,0.0,5000,2800.0
2026-08-06,9853,元大南屯,72925U,2000,0,2020.0,0.0,2000,2020.0
2026-08-06,9867,元大民權,03008T,0,10000,0.0,2900.0,-10000,-2900.0
2026-08-06,9867,元大民權,03036T,0,1000,0.0,90.0,-1000,-90.0
2026-08-06,9867,元大民權,03239T,0,35000,0.0,25200.0,-35000,-25200.0
2026-08-06,9867,元大民權,03245T,0,100000,0.0,78500.0,-100000,-78500.0
2026-08-06,9867,元大民權,03262T,0,3000,0.0,2130.0,-3000,-2130.0
2026-08-06,9867,元大民權,03326T,14000,5000,5880.0,2600.0,9000,3280.0
2026-08-06,9867,元大民權,03732B,130000,100000,90200.0,73000.0,30000,17200.0
2026-08-06,9867,元大民權,03785T,1000,0,1500.0,0.0,1000,1500.0
2026-08-06,9867,元大民權,03797T,1000,0,1980.0,0.0,1000,1980.0
2026-08-06,9867,元大民權,03885T,0,50000,0.0,28000.0,-50000,-28000.0
2026-08-06,9867,元大民權,03922T,50000,0,42000.0,0.0,50000,42000.0
2026-08-06,9867,元大民權,04094T,0,20000,0.0,21000.0,-20000,-21000.0
2026-08-06,9867,元大民權,054555,20000,0,37000.0,0.0,20000,37000.0
2026-08-06,9867,元大民權,055622,1000,0,29300.0,0.0,1000,29300.0
2026-08-06,9867,元大民權,055834,10000,0,21500.0,0.0,10000,21500.0
2026-08-06,9867,元大民權,056552,10000,0,15500.0,0.0,10000,15500.0
2026-08-06,9867,元大民權,057754,0,420000,0.0,907200.0,-420000,-907200.0
2026-08-06,9867,元大民權,057903,15000,0,70650.0,0.0,15000,70650.0
2026-08-06,9867,元大民權,058141,0,400000,0.0,372000.0,-400000,-372000.0
2026-08-06,9867,元大民權,061153,0,19000,0.0,10260.0,-19000,-10260.0
2026-08-06,9867,元大民權,061749,0,100000,0.0,181000.0,-100000,-181000.0
2026-08-06,9867,元大民權,061804,0,20000,0.0,3600.0,-20000,-3600.0
2026-08-06,9867,元大民權,061883,0,401000,0.0,477190.0,-401000,-477190.0
2026-08-06,9867,元大民權,064962,30000,0,57000.0,0.0,30000,57000.0
2026-08-06,9867,元大民權,065776,10000,10000,4200.0,4200.0,0,0.0
2026-08-06,9867,元大民權,066205,0,14000,0.0,6580.0,-14000,-6580.0
2026-08-06,9867,元大民權,066781,0,40000,0.0,9200.0,-40000,-9200.0
2026-08-06,9867,元大民權,066875,0,15000,0.0,10650.0,-15000,-10650.0
2026-08-06,9867,元大民權,067297,0,8000,0.0,5200.0,-8000,-5200.0
2026-08-06,9867,元大民權,067984,270000,0,158600.0,0.0,270000,158600.0
2026-08-06,9867,元大民權,067997,90000,0,64800.0,0.0,90000,64800.0
2026-08-06,9867,元大民權,068352,0,10000,0.0,20000.0,-10000,-20000.0
2026-08-06,9867,元大民權,069109,0,247000,0.0,130090.0,-247000,-130090.0
2026-08-06,9867,元大民權,069290,0,5000,0.0,2100.0,-5000,-2100.0
2026-08-06,9867,元大民權,069668,40000,0,24000.0,0.0,40000,24000.0
2026-08-06,9867,元大民權,069675,0,30000,0.0,22200.0,-30000,-22200.0
2026-08-06,9867,元大民權,069944,5000,0,48750.0,0.0,5000,48750.0
2026-08-06,9867,元大民權,070747,2000,0,2200.0,0.0,2000,2200.0
2026-08-06,9867,元大民權,070962,20000,0,14500.0,0.0,20000,14500.0
2026-08-06,9867,元大民權,071848,5000,0,9400.0,0.0,5000,9400.0
2026-08-06,9867,元大民權,072712,2000,0,3880.0,0.0,2000,3880.0
2026-08-06,9867,元大民權,074920,18000,0,15300.0,0.0,18000,15300.0
2026-08-06,9867,元大民權,075936,10000,0,8600.0,0.0,10000,8600.0
2026-08-06,9867,元大民權,077500,2000,0,11450.0,0.0,2000,11450.0
2026-08-06,9867,元大民權,077867,5000,0,11400.0,0.0,5000,11400.0
2026-08-06,9867,元大民權,077874,4000,0,18960.0,0.0,4000,18960.0
2026-08-06,9867,元大民權,078037,5000,0,9900.0,0.0,5000,9900.0
2026-08-06,9867,元大民權,078194,10000,0,18000.0,0.0,10000,18000.0
2026-08-06,9867,元大民權,078270,10000,0,18800.0,0.0,10000,18800.0
2026-08-06,9867,元大民權,08603U,2000,0,1960.0,0.0,2000,1960.0
2026-08-06,9867,元大民權,088418,25000,0,66250.0,0.0,25000,66250.0
2026-08-06,9867,元大內湖民,704590,80000,0,60850.0,0.0,80000,60850.0
2026-08-06,9867,元大內湖民,705341,3000,0,870.0,0.0,3000,870.0
2026-08-06,9867,元大內湖民,706250,0,40000,0.0,294000.0,-40000,-294000.0
2026-08-06,9867,元大內湖民,706411,0,10000,0.0,25900.0,-10000,-25900.0
2026-08-06,9867,元大內湖民,706714,200000,0,108000.0,0.0,200000,108000.0
2026-08-06,9867,元大內湖民,706940,0,30000,0.0,5100.0,-30000,-5100.0
2026-08-06,9867,元大內湖民,707844,5000,0,5250.0,0.0,5000,5250.0
2026-08-06,9867,元大內湖民,707848,10000,0,13400.0,0.0,10000,13400.0
2026-08-06,9867,元大內湖民,708165,0,111000,0.0,57720.0,-111000,-57720.0
2026-08-06,9867,元大內湖民,708473,10000,8000,10100.0,9440.0,2000,660.0
2026-08-06,9867,元大內湖民,708655,0,40000,0.0,33200.0,-40000,-33200.0
2026-08-06,9867,元大內湖民,709556,5000,0,2600.0,0.0,5000,2600.0
2026-08-06,9867,元大內湖民,709973,200000,0,96000.0,0.0,200000,96000.0
2026-08-06,9867,元大內湖民,710190,0,499000,0.0,289420.0,-499000,-289420.0
2026-08-06,9867,元大內湖民,710515,30000,0,27000.0,0.0,30000,27000.0
2026-08-06,9867,元大內湖民,710723,0,120000,0.0,61400.0,-120000,-61400.0
2026-08-06,9867,元大內湖民,710843,5000,0,2150.0,0.0,5000,2150.0
2026-08-06,9867,元大內湖民,711554,2000,0,2940.0,0.0,2000,2940.0
2026-08-06,9867,元大內湖民,711914,0,46000,0.0,73640.0,-46000,-73640.0
2026-08-06,9867,元大內湖民,72692U,16000,0,800.0,0.0,16000,800.0
2026-08-06,9867,元大內湖民,72855U,1000,0,800.0,0.0,1000,800.0
2026-08-06,989J,元大彰生,03396T,1000,0,860.0,0.0,1000,860.0
2026-08-06,989J,元大彰生,03412T,1000,0,760.0,0.0,1000,760.0
2026-08-06,989J,元大彰生,03580T,1000,0,2430.0,0.0,1000,2430.0
2026-08-06,989J,元大彰生,03802T,0,9000,0.0,29160.0,-9000,-29160.0
2026-08-06,989J,元大彰生,038831,0,1000,0.0,2510.0,-1000,-2510.0
2026-08-06,989J,元大彰生,040639,0,1000,0.0,2450.0,-1000,-2450.0
2026-08-06,989J,元大彰生,042677,0,410000,0.0,131200.0,-410000,-131200.0
2026-08-06,989J,元大彰生,055836,0,10000,0.0,6700.0,-10000,-6700.0
2026-08-06,989J,元大彰生,056176,0,300000,0.0,225000.0,-300000,-225000.0
2026-08-06,989J,元大彰生,056854,10000,0,19500.0,0.0,10000,19500.0
2026-08-06,989J,元大彰生,057339,0,10000,0.0,4500.0,-10000,-4500.0
2026-08-06,989J,元大彰生,057507,20000,0,22000.0,0.0,20000,22000.0
2026-08-06,989J,元大彰生,057757,100000,200000,255000.0,509440.0,-100000,-254440.0
2026-08-06,989J,元大彰生,058038,250000,200000,582100.0,426000.0,50000,156100.0
2026-08-06,989J,元大彰生,059063,0,6000,0.0,6540.0,-6000,-6540.0
2026-08-06,989J,元大彰生,059183,10000,10000,16500.0,18500.0,0,-2000.0
2026-08-06,989J,元大彰生,059590,4000,0,6200.0,0.0,4000,6200.0
2026-08-06,989J,元大彰生,059848,0,23000,0.0,16560.0,-23000,-16560.0
2026-08-06,989J,元大彰生,060073,8000,0,35320.0,0.0,8000,35320.0
2026-08-06,989J,元大彰生,060105,2000,0,6820.0,0.0,2000,6820.0
2026-08-06,989J,元大彰生,060936,0,130000,0.0,87100.0,-130000,-87100.0
2026-08-06,989J,元大彰生,062620,4000,0,11840.0,0.0,4000,11840.0
2026-08-06,989J,元大彰生,062650,4000,0,2560.0,0.0,4000,2560.0
2026-08-06,989J,元大彰生,062903,7000,0,5040.0,0.0,7000,5040.0
2026-08-06,989J,元大彰生,063344,20000,0,7800.0,0.0,20000,7800.0
2026-08-06,989J,元大彰生,063639,0,1000,0.0,3340.0,-1000,-3340.0
2026-08-06,989J,元大彰生,064595,2000,0,2840.0,0.0,2000,2840.0
2026-08-06,989J,元大彰生,065480,4000,0,9080.0,0.0,4000,9080.0
2026-08-06,989J,元大彰生,065852,12000,0,2160.0,0.0,12000,2160.0
2026-08-06,989J,元大彰生,066883,0,6000,0.0,19980.0,-6000,-19980.0
2026-08-06,989J,元大彰生,066997,40000,0,40600.0,0.0,40000,40600.0
2026-08-06,989J,元大彰生,067121,35000,0,37950.0,0.0,35000,37950.0
2026-08-06,989J,元大彰生,067314,0,2000,0.0,2620.0,-2000,-2620.0
2026-08-06,989J,元大彰生,067341,0,21000,0.0,29190.0,-21000,-29190.0
2026-08-06,989J,元大彰生,067411,0,9000,0.0,6210.0,-9000,-6210.0
2026-08-06,989J,元大彰生,067639,50000,0,97800.0,0.0,50000,97800.0
2026-08-06,989J,元大彰生,067728,5000,0,11950.0,0.0,5000,11950.0
2026-08-06,989J,元大彰生,067960,0,9000,0.0,5670.0,-9000,-5670.0
2026-08-06,989J,元大彰生,068611,31000,0,31930.0,0.0,31000,31930.0
2026-08-06,989J,元大彰生,068796,7000,0,10780.0,0.0,7000,10780.0
2026-08-06,989J,元大彰生,069088,200000,0,98000.0,0.0,200000,98000.0
2026-08-06,989J,元大彰生,069598,0,20000,0.0,6400.0,-20000,-6400.0
2026-08-06,989J,元大彰生,069614,8000,0,3840.0,0.0,8000,3840.0
2026-08-06,989J,元大彰生,069684,0,18000,0.0,22860.0,-18000,-22860.0
2026-08-06,989J,元大彰生,069755,2000,0,2780.0,0.0,2000,2780.0
2026-08-06,989J,元大彰生,070796,0,1000,0.0,800.0,-1000,-800.0
2026-08-06,989J,元大彰生,071899,0,20000,0.0,25000.0,-20000,-25000.0
2026-08-06,989J,元大彰生,072452,40000,0,49800.0,0.0,40000,49800.0
2026-08-06,989J,元大彰生,073141,30000,0,27900.0,0.0,30000,27900.0
2026-08-06,989J,元大彰生,074698,4000,0,13800.0,0.0,4000,13800.0
2026-08-06,989J,元大彰生,076677,60000,0,86700.0,0.0,60000,86700.0
2026-08-06,989J,元大彰生,077251,50000,0,40000.0,0.0,50000,40000.0
2026-08-06,989J,元大彰生,078029,200000,0,528600.0,0.0,200000,528600.0
2026-08-06,989J,元大彰生,078217,0,42000,0.0,72660.0,-42000,-72660.0
2026-08-06,989J,元大彰生,078669,2000,0,5120.0,0.0,2000,5120.0
2026-08-06,989J,元大彰生,088418,6000,0,15240.0,0.0,6000,15240.0
2026-08-06,989J,元大彰生,08882U,0,5000,0.0,1050.0,-5000,-1050.0
2026-08-06,989J,元大彰化,701097,2000,2000,1860.0,1860.0,0,0.0
2026-08-06,989J,元大彰化,703686,0,3000,0.0,102000.0,-3000,-102000.0
2026-08-06,989J,元大彰化,705469,0,30000,0.0,600.0,-30000,-600.0
2026-08-06,989J,元大彰化,706127,20000,0,21600.0,0.0,20000,21600.0
2026-08-06,989J,元大彰化,706619,0,459000,0.0,55080.0,-459000,-55080.0
2026-08-06,989J,元大彰化,706757,0,160000,0.0,44800.0,-160000,-44800.0
2026-08-06,989J,元大彰化,707218,2000,0,2800.0,0.0,2000,2800.0
2026-08-06,989J,元大彰化,707783,0,396000,0.0,19800.0,-396000,-19800.0
2026-08-06,989J,元大彰化,708306,100000,0,155000.0,0.0,100000,155000.0
2026-08-06,989J,元大彰化,708660,8000,0,3680.0,0.0,8000,3680.0
2026-08-06,989J,元大彰化,709167,0,1000,0.0,450.0,-1000,-450.0
2026-08-06,989J,元大彰化,710060,1000,0,1130.0,0.0,1000,1130.0
2026-08-06,989J,元大彰化,710068,2000,0,1460.0,0.0,2000,1460.0
2026-08-06,989J,元大彰化,710069,3000,0,2110.0,0.0,3000,2110.0
2026-08-06,989J,元大彰化,710073,1000,0,1050.0,0.0,1000,1050.0
2026-08-06,989J,元大彰化,710669,70000,0,39900.0,0.0,70000,39900.0
2026-08-06,989J,元大彰化,710910,10000,0,12300.0,0.0,10000,12300.0
2026-08-06,989J,元大彰化,711256,5000,0,5650.0,0.0,5000,5650.0
2026-08-06,989J,元大彰化,711305,1000,1000,2040.0,1960.0,0,80.0
2026-08-06,989J,元大彰化,711569,4000,0,5280.0,0.0,4000,5280.0
2026-08-06,989J,元大彰化,711857,0,4000,0.0,4600.0,-4000,-4600.0
2026-08-06,989J,元大彰化,733471,1000,2000,1440.0,2820.0,-1000,-1380.0
2026-08-06,989Q,元大汐止,03046T,0,10000,0.0,1000.0,-10000,-1000.0
2026-08-06,989Q,元大汐止,03351T,3000,0,1770.0,0.0,3000,1770.0
2026-08-06,989Q,元大汐止,03999T,20000,0,31600.0,0.0,20000,31600.0
2026-08-06,989Q,元大汐止,053528,5000,20000,8330.0,35600.0,-15000,-27270.0
2026-08-06,989Q,元大汐止,054478,8000,8000,16000.0,17600.0,0,-1600.0
2026-08-06,989Q,元大汐止,054781,0,305000,0.0,37650.0,-305000,-37650.0
2026-08-06,989Q,元大汐止,057525,0,5000,0.0,16700.0,-5000,-16700.0
2026-08-06,989Q,元大汐止,058657,0,4000,0.0,8800.0,-4000,-8800.0
2026-08-06,989Q,元大汐止,060765,0,50000,0.0,5000.0,-50000,-5000.0
2026-08-06,989Q,元大汐止,061907,10000,0,4200.0,0.0,10000,4200.0
2026-08-06,989Q,元大汐止,062296,0,6000,0.0,17580.0,-6000,-17580.0
2026-08-06,989Q,元大汐止,064237,10000,0,8400.0,0.0,10000,8400.0
2026-08-06,989Q,元大汐止,064807,1000,0,550.0,0.0,1000,550.0
2026-08-06,989Q,元大汐止,064834,50000,0,17000.0,0.0,50000,17000.0
2026-08-06,989Q,元大汐止,065161,0,176000,0.0,65920.0,-176000,-65920.0
2026-08-06,989Q,元大汐止,065190,0,5000,0.0,3250.0,-5000,-3250.0
2026-08-06,989Q,元大汐止,065271,0,1000,0.0,400.0,-1000,-400.0
2026-08-06,989Q,元大汐止,065858,0,50000,0.0,29500.0,-50000,-29500.0
2026-08-06,989Q,元大汐止,065860,0,395000,0.0,1165250.0,-395000,-1165250.0
2026-08-06,989Q,元大汐止,066186,1000,0,2500.0,0.0,1000,2500.0
2026-08-06,989Q,元大汐止,066197,0,188000,0.0,101520.0,-188000,-101520.0
2026-08-06,989Q,元大汐止,066199,2000,0,960.0,0.0,2000,960.0
2026-08-06,989Q,元大汐止,066390,1000,0,440.0,0.0,1000,440.0
2026-08-06,989Q,元大汐止,067092,0,8000,0.0,16320.0,-8000,-16320.0
2026-08-06,989Q,元大汐止,067119,4000,0,5360.0,0.0,4000,5360.0
2026-08-06,989Q,元大汐止,067122,0,5000,0.0,5500.0,-5000,-5500.0
2026-08-06,989Q,元大汐止,067348,0,40000,0.0,48400.0,-40000,-48400.0
2026-08-06,989Q,元大汐止,067370,2000,0,3000.0,0.0,2000,3000.0
2026-08-06,989Q,元大汐止,067411,110000,0,67600.0,0.0,110000,67600.0
2026-08-06,989Q,元大汐止,067544,200000,0,280000.0,0.0,200000,280000.0
2026-08-06,989Q,元大汐止,067722,1000,0,4700.0,0.0,1000,4700.0
2026-08-06,989Q,元大汐止,067858,20000,0,22400.0,0.0,20000,22400.0
2026-08-06,989Q,元大汐止,068001,4000,0,2800.0,0.0,4000,2800.0
2026-08-06,989Q,元大汐止,068109,0,900000,0.0,432000.0,-900000,-432000.0
2026-08-06,989Q,元大汐止,068393,0,47000,0.0,60630.0,-47000,-60630.0
2026-08-06,989Q,元大汐止,068822,0,5000,0.0,4000.0,-5000,-4000.0
2026-08-06,989Q,元大汐止,069049,0,7000,0.0,5250.0,-7000,-5250.0
2026-08-06,989Q,元大汐止,069290,0,17000,0.0,6800.0,-17000,-6800.0
2026-08-06,989Q,元大汐止,069402,3000,0,4110.0,0.0,3000,4110.0
2026-08-06,989Q,元大汐止,069413,0,10000,0.0,7100.0,-10000,-7100.0
2026-08-06,989Q,元大汐止,070004,0,100000,0.0,141000.0,-100000,-141000.0
2026-08-06,989Q,元大汐止,070050,0,10000,0.0,15250.0,-10000,-15250.0
2026-08-06,989Q,元大汐止,070329,10000,0,18600.0,0.0,10000,18600.0
2026-08-06,989Q,元大汐止,070460,200000,0,192000.0,0.0,200000,192000.0
2026-08-06,989Q,元大汐止,070946,40000,0,46000.0,0.0,40000,46000.0
2026-08-06,989Q,元大汐止,071429,1000,0,840.0,0.0,1000,840.0
2026-08-06,989Q,元大汐止,071779,0,40000,0.0,38400.0,-40000,-38400.0
2026-08-06,989Q,元大汐止,071884,0,100000,0.0,134000.0,-100000,-134000.0
2026-08-06,989Q,元大汐止,071889,10000,0,14600.0,0.0,10000,14600.0
2026-08-06,989Q,元大汐止,071997,10000,40000,15600.0,64400.0,-30000,-48800.0
2026-08-06,989Q,元大汐止,072671,20000,0,34300.0,0.0,20000,34300.0
2026-08-06,989Q,元大汐止,073938,20000,0,11500.0,0.0,20000,11500.0
2026-08-06,989Q,元大汐止,075270,3000,0,3030.0,0.0,3000,3030.0
2026-08-06,989Q,元大汐止,075716,5000,0,5900.0,0.0,5000,5900.0
2026-08-06,989Q,元大汐止,076767,0,2000,0.0,1520.0,-2000,-1520.0
2026-08-06,989Q,元大汐止,077034,5000,0,8900.0,0.0,5000,8900.0
2026-08-06,989Q,元大汐止,077481,10000,0,13600.0,0.0,10000,13600.0
2026-08-06,989Q,元大汐止,077715,60000,0,49200.0,0.0,60000,49200.0
2026-08-06,989Q,元大汐止,08845U,3000,0,2130.0,0.0,3000,2130.0
2026-08-06,989Q,元大汐止,08972U,0,100000,0.0,4000.0,-100000,-4000.0
2026-08-06,989Q,元大汐止,705268,2000,0,1000.0,0.0,2000,1000.0
2026-08-06,989Q,元大汐止,705311,1000,0,250.0,0.0,1000,250.0
2026-08-06,989Q,元大汐止,705399,4000,0,3660.0,0.0,4000,3660.0
2026-08-06,989Q,元大汐止,705880,2000,0,620.0,0.0,2000,620.0
2026-08-06,989Q,元大汐止,706136,0,20000,0.0,24780.0,-20000,-24780.0
2026-08-06,989Q,元大汐止,707818,0,100000,0.0,7000.0,-100000,-7000.0
2026-08-06,989Q,元大汐止,707852,2000,0,6100.0,0.0,2000,6100.0
2026-08-06,989Q,元大汐止,708843,2000,20000,3940.0,38400.0,-18000,-34460.0
2026-08-06,989Q,元大汐止,709151,1000,0,260.0,0.0,1000,260.0
2026-08-06,989Q,元大汐止,709374,0,50000,0.0,32000.0,-50000,-32000.0
2026-08-06,989Q,元大汐止,709589,200000,0,78000.0,0.0,200000,78000.0
2026-08-06,989Q,元大汐止,709788,0,1000,0.0,590.0,-1000,-590.0
2026-08-06,989Q,元大汐止,710802,2000,0,740.0,0.0,2000,740.0
2026-08-06,989Q,元大汐止,72813U,100000,0,24000.0,0.0,100000,24000.0
2026-08-06,989a,元大苑裡,057164,120000,0,107200.0,0.0,120000,107200.0
2026-08-06,989a,元大苑裡,059035,30000,0,35100.0,0.0,30000,35100.0
2026-08-06,989a,元大苑裡,065191,0,10000,0.0,15900.0,-10000,-15900.0
2026-08-06,989a,元大苑裡,065373,10000,0,15700.0,0.0,10000,15700.0
2026-08-06,989a,元大苑裡,065461,0,100000,0.0,20000.0,-100000,-20000.0
2026-08-06,989a,元大苑裡,065729,0,1000,0.0,1870.0,-1000,-1870.0
2026-08-06,989a,元大苑裡,066867,50000,0,33500.0,0.0,50000,33500.0
2026-08-06,989a,元大苑裡,066883,0,5000,0.0,16900.0,-5000,-16900.0
2026-08-06,989a,元大苑裡,067848,0,20000,0.0,29800.0,-20000,-29800.0
2026-08-06,989a,元大苑裡,068010,0,1000,0.0,1200.0,-1000,-1200.0
2026-08-06,989a,元大苑裡,068043,150000,0,107500.0,0.0,150000,107500.0
2026-08-06,989a,元大苑裡,068252,2000,0,1360.0,0.0,2000,1360.0
2026-08-06,989a,元大苑裡,069948,0,200000,0.0,97000.0,-200000,-97000.0
2026-08-06,989a,元大苑裡,071779,200000,0,201500.0,0.0,200000,201500.0
2026-08-06,989a,元大苑裡,072432,120000,0,175800.0,0.0,120000,175800.0
2026-08-06,989a,元大苑裡,076167,5000,0,5900.0,0.0,5000,5900.0
2026-08-06,989a,元大苑裡,076767,40000,0,31600.0,0.0,40000,31600.0
2026-08-06,989a,元大苑裡,076879,0,10000,0.0,11900.0,-10000,-11900.0
2026-08-06,989a,元大苑裡,077873,1000,0,1940.0,0.0,1000,1940.0
2026-08-06,989a,元大苑裡,08089U,0,1000,0.0,250.0,-1000,-250.0
2026-08-06,989a,元大苑裡,706173,50000,0,3500.0,0.0,50000,3500.0
2026-08-06,989a,元大苑裡,707735,0,1000,0.0,850.0,-1000,-850.0
2026-08-06,989a,元大苑裡,707931,0,10000,0.0,43700.0,-10000,-43700.0
2026-08-06,989a,元大苑裡,708194,0,10000,0.0,6000.0,-10000,-6000.0
2026-08-06,989a,元大苑裡,708280,250000,0,152500.0,0.0,250000,152500.0
2026-08-06,989a,元大苑裡,708470,35000,50000,121650.0,150150.0,-15000,-28500.0
2026-08-06,989a,元大苑裡,708923,0,3000,0.0,1890.0,-3000,-1890.0
2026-08-06,989a,元大苑裡,709498,100000,0,16000.0,0.0,100000,16000.0
2026-08-06,989a,元大苑裡,709748,0,5000,0.0,2850.0,-5000,-2850.0
2026-08-06,989a,元大苑裡,709869,0,5000,0.0,13450.0,-5000,-13450.0
2026-08-06,989a,元大苑裡,710000,0,40000,0.0,108800.0,-40000,-108800.0
2026-08-06,989a,元大苑裡,710801,4000,0,1520.0,0.0,4000,1520.0
2026-08-06,989a,元大苑裡,711291,10000,0,12600.0,0.0,10000,12600.0
2026-08-06,989a,元大苑裡,736427,0,4000,0.0,680.0,-4000,-680.0
2026-08-06,989f,元大東港,059073,0,9000,0.0,1260.0,-9000,-1260.0
2026-08-06,989f,元大東港,059267,30000,0,8700.0,0.0,30000,8700.0
2026-08-06,989f,元大東港,059761,3000,0,3660.0,0.0,3000,3660.0
2026-08-06,989f,元大東港,060919,30000,0,89700.0,0.0,30000,89700.0
2026-08-06,989f,元大東港,062634,178000,0,345100.0,0.0,178000,345100.0
2026-08-06,989f,元大東港,064462,0,20000,0.0,16300.0,-20000,-16300.0
2026-08-06,989f,元大東港,065451,277000,0,202210.0,0.0,277000,202210.0
2026-08-06,989f,元大東港,065743,5000,0,9150.0,0.0,5000,9150.0
2026-08-06,989f,元大東港,068002,0,2000,0.0,1990.0,-2000,-1990.0
2026-08-06,989f,元大東港,068635,2000,0,3800.0,0.0,2000,3800.0
2026-08-06,989f,元大東港,069223,100000,0,99200.0,0.0,100000,99200.0
2026-08-06,989f,元大東港,070194,20000,0,20200.0,0.0,20000,20200.0
2026-08-06,989f,元大東港,070947,0,400000,0.0,392000.0,-400000,-392000.0
2026-08-06,989f,元大東港,071299,0,30000,0.0,20400.0,-30000,-20400.0
2026-08-06,989f,元大東港,072768,2000,0,2620.0,0.0,2000,2620.0
2026-08-06,989f,元大東港,073420,10000,0,13100.0,0.0,10000,13100.0
2026-08-06,989f,元大東港,075665,0,12000,0.0,10680.0,-12000,-10680.0
2026-08-06,989f,元大東港,075843,0,23000,0.0,18170.0,-23000,-18170.0
2026-08-06,989f,元大東港,076672,4000,0,10960.0,0.0,4000,10960.0
2026-08-06,989f,元大東港,076889,3000,0,4200.0,0.0,3000,4200.0
2026-08-06,989f,元大東港,700904,6000,6000,24000.0,25740.0,0,-1740.0
2026-08-06,989f,元大東港,705324,0,159000,0.0,74810.0,-159000,-74810.0
2026-08-06,989f,元大東港,709972,0,2000,0.0,3200.0,-2000,-3200.0
2026-08-06,9A9P,永豐竹北,031367,0,36000,0.0,360.0,-36000,-360.0
2026-08-06,9A9P,永豐竹北,035852,0,5000,0.0,20150.0,-5000,-20150.0
2026-08-06,9A9P,永豐竹北,03641T,20000,0,32700.0,0.0,20000,32700.0
2026-08-06,9A9P,永豐竹北,042255,0,20000,0.0,44110.0,-20000,-44110.0
2026-08-06,9A9P,永豐竹北,049204,51000,0,22230.0,0.0,51000,22230.0
2026-08-06,9A9P,永豐竹北,049650,0,2000,0.0,320.0,-2000,-320.0
2026-08-06,9A9P,永豐竹北,049713,3000,0,6510.0,0.0,3000,6510.0
2026-08-06,9A9P,永豐竹北,049911,30000,0,56000.0,0.0,30000,56000.0
2026-08-06,9A9P,永豐竹北,053735,0,90000,0.0,51150.0,-90000,-51150.0
2026-08-06,9A9P,永豐竹北,054694,0,5000,0.0,3900.0,-5000,-3900.0
2026-08-06,9A9P,永豐竹北,055417,1000,1000,510.0,510.0,0,0.0
2026-08-06,9A9P,永豐竹北,056058,10000,0,15500.0,0.0,10000,15500.0
2026-08-06,9A9P,永豐竹北,057262,1000,1000,2020.0,2020.0,0,0.0
2026-08-06,9A9P,永豐竹北,057748,0,43000,0.0,21850.0,-43000,-21850.0
2026-08-06,9A9P,永豐竹北,057757,800000,0,2070000.0,0.0,800000,2070000.0
2026-08-06,9A9P,永豐竹北,057825,80000,0,172600.0,0.0,80000,172600.0
2026-08-06,9A9P,永豐竹北,058103,0,185000,0.0,22200.0,-185000,-22200.0
2026-08-06,9A9P,永豐竹北,058283,5000,0,2250.0,0.0,5000,2250.0
2026-08-06,9A9P,永豐竹北,058337,208000,0,442360.0,0.0,208000,442360.0
2026-08-06,9A9P,永豐竹北,058499,50000,0,120000.0,0.0,50000,120000.0
2026-08-06,9A9P,永豐竹北,058516,0,20000,0.0,132050.0,-20000,-132050.0
2026-08-06,9A9P,永豐竹北,058807,70000,0,28000.0,0.0,70000,28000.0
2026-08-06,9A9P,永豐竹北,059034,150000,228000,163500.0,273540.0,-78000,-110040.0
2026-08-06,9A9P,永豐竹北,059073,360000,0,52600.0,0.0,360000,52600.0
2026-08-06,9A9P,永豐竹北,059087,15000,0,10050.0,0.0,15000,10050.0
2026-08-06,9A9P,永豐竹北,059867,2000,2000,3220.0,4100.0,0,-880.0
2026-08-06,9A9P,永豐竹北,060532,1000,1000,500.0,500.0,0,0.0
2026-08-06,9A9P,永豐竹北,061015,40000,0,28800.0,0.0,40000,28800.0
2026-08-06,9A9P,永豐竹北,061137,30000,0,5100.0,0.0,30000,5100.0
2026-08-06,9A9P,永豐竹北,061392,100000,0,78000.0,0.0,100000,78000.0
2026-08-06,9A9P,永豐竹北,061896,1000,0,860.0,0.0,1000,860.0
2026-08-06,9A9P,永豐竹北,062367,25000,0,100750.0,0.0,25000,100750.0
2026-08-06,9A9P,永豐竹北,063347,10000,0,8800.0,0.0,10000,8800.0
2026-08-06,9A9P,永豐竹北,063351,1000,0,530.0,0.0,1000,530.0
2026-08-06,9A9P,永豐竹北,063492,1000,0,310.0,0.0,1000,310.0
2026-08-06,9A9P,永豐竹北,063689,100000,0,16000.0,0.0,100000,16000.0
2026-08-06,9A9P,永豐竹北,063929,50000,0,6500.0,0.0,50000,6500.0
2026-08-06,9A9P,永豐竹北,063930,1000,0,2740.0,0.0,1000,2740.0
2026-08-06,9A9P,永豐竹北,066146,28000,0,117840.0,0.0,28000,117840.0
2026-08-06,9A9P,永豐竹北,066173,30000,0,81800.0,0.0,30000,81800.0
2026-08-06,9A9P,永豐竹北,066175,30000,0,82800.0,0.0,30000,82800.0
2026-08-06,9A9P,永豐竹北,066179,5000,0,7850.0,0.0,5000,7850.0
2026-08-06,9A9P,永豐竹北,066180,30000,0,43800.0,0.0,30000,43800.0
2026-08-06,9A9P,永豐竹北,066267,1000,0,2130.0,0.0,1000,2130.0
2026-08-06,9A9P,永豐竹北,066349,0,1000,0.0,5500.0,-1000,-5500.0
2026-08-06,9A9P,永豐竹北,066466,0,20000,0.0,46100.0,-20000,-46100.0
2026-08-06,9A9P,永豐竹北,066637,0,30000,0.0,27970.0,-30000,-27970.0
2026-08-06,9A9P,永豐竹北,066777,80000,0,242200.0,0.0,80000,242200.0
2026-08-06,9A9P,永豐竹北,066829,15000,0,26400.0,0.0,15000,26400.0
2026-08-06,9A9P,永豐竹北,067105,0,15000,0.0,19200.0,-15000,-19200.0
2026-08-06,9A9P,永豐竹北,067203,30000,0,86400.0,0.0,30000,86400.0
2026-08-06,9A9P,永豐竹北,067353,10000,0,27000.0,0.0,10000,27000.0
2026-08-06,9A9P,永豐竹北,067409,3000,0,1650.0,0.0,3000,1650.0
2026-08-06,9A9P,永豐竹北,067611,10000,0,9800.0,0.0,10000,9800.0
2026-08-06,9A9P,永豐竹北,067620,30000,0,50400.0,0.0,30000,50400.0
2026-08-06,9A9P,永豐竹北,067814,20000,50000,26500.0,78000.0,-30000,-51500.0
2026-08-06,9A9P,永豐竹北,068002,0,11000,0.0,11770.0,-11000,-11770.0
2026-08-06,9A9P,永豐竹北,068671,1000,0,320.0,0.0,1000,320.0
2026-08-06,9A9P,永豐竹北,068868,1000,0,1080.0,0.0,1000,1080.0
2026-08-06,9A9P,永豐竹北,071672,0,50000,0.0,120500.0,-50000,-120500.0
2026-08-06,9A9P,永豐竹北,072525,0,11000,0.0,2900.0,-11000,-2900.0
2026-08-06,9A9P,永豐竹北,073805,58000,68000,131740.0,153680.0,-10000,-21940.0
2026-08-06,9A9P,永豐竹北,073965,0,10000,0.0,7250.0,-10000,-7250.0
2026-08-06,9A9P,永豐竹北,075166,0,150000,0.0,196500.0,-150000,-196500.0
2026-08-06,9A9P,永豐竹北,075323,0,600000,0.0,1923500.0,-600000,-1923500.0
2026-08-06,9A9P,永豐竹北,075446,10000,0,9500.0,0.0,10000,9500.0
2026-08-06,9A9P,永豐竹北,075509,88000,57000,297910.0,205770.0,31000,92140.0
2026-08-06,9A9P,永豐竹北,075763,0,2000,0.0,2240.0,-2000,-2240.0
2026-08-06,9A9P,永豐竹北,075819,1000,0,420.0,0.0,1000,420.0
2026-08-06,9A9P,永豐竹北,076057,10000,0,26000.0,0.0,10000,26000.0
2026-08-06,9A9P,永豐竹北,076115,0,8000,0.0,36320.0,-8000,-36320.0
2026-08-06,9A9P,永豐竹北,076213,50000,0,55500.0,0.0,50000,55500.0
2026-08-06,9A9P,永豐竹北,076579,50000,0,38800.0,0.0,50000,38800.0
2026-08-06,9A9P,永豐竹北,077193,100000,0,322500.0,0.0,100000,322500.0
2026-08-06,9A9P,永豐竹北,077716,50000,0,53400.0,0.0,50000,53400.0
2026-08-06,9A9P,永豐竹北,078643,0,100000,0.0,198000.0,-100000,-198000.0
2026-08-06,9A9P,永豐竹北,078974,18000,0,33300.0,0.0,18000,33300.0
2026-08-06,9A9P,永豐金竹北,703969,5000,0,4950.0,0.0,5000,4950.0
2026-08-06,9A9P,永豐金竹北,704883,150000,0,23500.0,0.0,150000,23500.0
2026-08-06,9A9P,永豐金竹北,705303,178000,0,143500.0,0.0,178000,143500.0
2026-08-06,9A9P,永豐金竹北,707471,2000,0,820.0,0.0,2000,820.0
2026-08-06,9A9P,永豐金竹北,707764,1000,0,2100.0,0.0,1000,2100.0
2026-08-06,9A9P,永豐金竹北,707924,50000,0,7500.0,0.0,50000,7500.0
2026-08-06,9A9P,永豐金竹北,708023,50000,0,7500.0,0.0,50000,7500.0
2026-08-06,9A9P,永豐金竹北,708241,0,150000,0.0,148500.0,-150000,-148500.0
2026-08-06,9A9P,永豐金竹北,708404,0,150000,0.0,187100.0,-150000,-187100.0
2026-08-06,9A9P,永豐金竹北,708517,2000,0,380.0,0.0,2000,380.0
2026-08-06,9A9P,永豐金竹北,708519,4000,0,1140.0,0.0,4000,1140.0
2026-08-06,9A9P,永豐金竹北,708857,10000,0,2900.0,0.0,10000,2900.0
2026-08-06,9A9P,永豐金竹北,709192,1000,1000,1270.0,1270.0,0,0.0
2026-08-06,9A9P,永豐金竹北,709788,0,20000,0.0,11600.0,-20000,-11600.0
2026-08-06,9A9P,永豐金竹北,710887,0,4000,0.0,10420.0,-4000,-10420.0
2026-08-06,9A9P,永豐金竹北,711162,0,10000,0.0,21850.0,-10000,-21850.0
2026-08-06,9A9P,永豐金竹北,711591,10000,0,19800.0,0.0,10000,19800.0
2026-08-06,9A9P,永豐金竹北,711602,10000,0,5000.0,0.0,10000,5000.0
2026-08-06,9A9P,永豐金竹北,711613,20000,0,28000.0,0.0,20000,28000.0
2026-08-06,9A9P,永豐金竹北,712063,150000,0,132000.0,0.0,150000,132000.0
2026-08-06,9A9P,永豐金竹北,712142,18000,0,43690.0,0.0,18000,43690.0
2026-08-06,9A9P,永豐金竹北,72813U,30000,0,7500.0,0.0,30000,7500.0
2026-08-06,9A9P,永豐金竹北,72855U,20000,0,16000.0,0.0,20000,16000.0
2026-08-06,9A9P,永豐金竹北,729170,0,100000,0.0,15000.0,-100000,-15000.0
2026-08-06,9A9P,永豐金竹北,72921U,3000,0,3630.0,0.0,3000,3630.0
2026-08-06,9A9R,永豐信義,054480,0,10000,0.0,13500.0,-10000,-13500.0
2026-08-06,9A9R,永豐信義,055485,25000,0,28750.0,0.0,25000,28750.0
2026-08-06,9A9R,永豐信義,056492,0,10000,0.0,7500.0,-10000,-7500.0
2026-08-06,9A9R,永豐信義,058739,0,4000,0.0,2640.0,-4000,-2640.0
2026-08-06,9A9R,永豐信義,059066,0,20000,0.0,35600.0,-20000,-35600.0
2026-08-06,9A9R,永豐信義,059983,50000,0,38500.0,0.0,50000,38500.0
2026-08-06,9A9R,永豐信義,061877,10000,1000,15800.0,1900.0,9000,13900.0
2026-08-06,9A9R,永豐信義,071602,0,550000,0.0,141300.0,-550000,-141300.0
2026-08-06,9A9R,永豐信義,073565,0,20000,0.0,25410.0,-20000,-25410.0
2026-08-06,9A9R,永豐信義,075608,0,10000,0.0,15400.0,-10000,-15400.0
2026-08-06,9A9R,永豐信義,078908,20000,0,34500.0,0.0,20000,34500.0
2026-08-06,9A9R,永豐金信義,701150,0,710000,0.0,28400.0,-710000,-28400.0
2026-08-06,9A9R,永豐金信義,704915,1000,0,4700.0,0.0,1000,4700.0
2026-08-06,9A9R,永豐金信義,704935,0,220000,0.0,85800.0,-220000,-85800.0
2026-08-06,9A9R,永豐金信義,708070,30000,0,9300.0,0.0,30000,9300.0
2026-08-06,9A9W,永豐市政,03097T,200000,0,86000.0,0.0,200000,86000.0
2026-08-06,9A9W,永豐市政,03110T,0,58000,0.0,13540.0,-58000,-13540.0
2026-08-06,9A9W,永豐市政,03125T,0,1000,0.0,1020.0,-1000,-1020.0
2026-08-06,9A9W,永豐市政,031292,0,5000,0.0,8400.0,-5000,-8400.0
2026-08-06,9A9W,永豐市政,03142T,0,1000,0.0,140.0,-1000,-140.0
2026-08-06,9A9W,永豐市政,033665,0,5000,0.0,3450.0,-5000,-3450.0
2026-08-06,9A9W,永豐市政,03537T,3000,0,1530.0,0.0,3000,1530.0
2026-08-06,9A9W,永豐市政,03690T,10000,0,12400.0,0.0,10000,12400.0
2026-08-06,9A9W,永豐市政,03703T,0,5000,0.0,7500.0,-5000,-7500.0
2026-08-06,9A9W,永豐市政,03875T,2000,0,1440.0,0.0,2000,1440.0
2026-08-06,9A9W,永豐市政,03944T,1000,0,960.0,0.0,1000,960.0
2026-08-06,9A9W,永豐市政,041511,0,1000,0.0,7800.0,-1000,-7800.0
2026-08-06,9A9W,永豐市政,043891,0,1000,0.0,3950.0,-1000,-3950.0
2026-08-06,9A9W,永豐市政,044187,5000,0,111000.0,0.0,5000,111000.0
2026-08-06,9A9W,永豐市政,045885,0,3000,0.0,1680.0,-3000,-1680.0
2026-08-06,9A9W,永豐市政,051211,12000,0,720.0,0.0,12000,720.0
2026-08-06,9A9W,永豐市政,051373,0,10000,0.0,23600.0,-10000,-23600.0
2026-08-06,9A9W,永豐市政,052700,2000,1000,1620.0,850.0,1000,770.0
2026-08-06,9A9W,永豐市政,053033,6000,0,12540.0,0.0,6000,12540.0
2026-08-06,9A9W,永豐市政,053666,2000,0,1140.0,0.0,2000,1140.0
2026-08-06,9A9W,永豐市政,054886,1000,0,1300.0,0.0,1000,1300.0
2026-08-06,9A9W,永豐市政,054935,0,30000,0.0,48900.0,-30000,-48900.0
2026-08-06,9A9W,永豐市政,055773,3000,0,11820.0,0.0,3000,11820.0
2026-08-06,9A9W,永豐市政,056043,5000,0,800.0,0.0,5000,800.0
2026-08-06,9A9W,永豐市政,056552,3000,0,4600.0,0.0,3000,4600.0
2026-08-06,9A9W,永豐市政,056635,0,5000,0.0,12300.0,-5000,-12300.0
2026-08-06,9A9W,永豐市政,056896,1000,0,2010.0,0.0,1000,2010.0
2026-08-06,9A9W,永豐市政,057174,200000,1000,96000.0,490.0,199000,95510.0
2026-08-06,9A9W,永豐市政,057566,5000,0,65000.0,0.0,5000,65000.0
2026-08-06,9A9W,永豐市政,057754,0,10000,0.0,21500.0,-10000,-21500.0
2026-08-06,9A9W,永豐市政,057898,0,15000,0.0,31050.0,-15000,-31050.0
2026-08-06,9A9W,永豐市政,058184,0,10000,0.0,26500.0,-10000,-26500.0
2026-08-06,9A9W,永豐市政,058423,5000,0,15500.0,0.0,5000,15500.0
2026-08-06,9A9W,永豐市政,059065,5000,0,10500.0,0.0,5000,10500.0
2026-08-06,9A9W,永豐市政,059195,5000,65000,4500.0,57800.0,-60000,-53300.0
2026-08-06,9A9W,永豐市政,059213,1000,0,850.0,0.0,1000,850.0
2026-08-06,9A9W,永豐市政,059434,10000,0,33000.0,0.0,10000,33000.0
2026-08-06,9A9W,永豐市政,059456,0,1000,0.0,2400.0,-1000,-2400.0
2026-08-06,9A9W,永豐市政,059505,5000,0,4650.0,0.0,5000,4650.0
2026-08-06,9A9W,永豐市政,059614,4000,0,14000.0,0.0,4000,14000.0
2026-08-06,9A9W,永豐市政,059837,49000,0,109270.0,0.0,49000,109270.0
2026-08-06,9A9W,永豐市政,060072,10000,0,97500.0,0.0,10000,97500.0
2026-08-06,9A9W,永豐市政,060474,0,1000,0.0,300.0,-1000,-300.0
2026-08-06,9A9W,永豐市政,060542,10000,0,43100.0,0.0,10000,43100.0
2026-08-06,9A9W,永豐市政,061087,9000,0,14400.0,0.0,9000,14400.0
2026-08-06,9A9W,永豐市政,061102,0,20000,0.0,52000.0,-20000,-52000.0
2026-08-06,9A9W,永豐市政,061687,1000,0,3330.0,0.0,1000,3330.0
2026-08-06,9A9W,永豐市政,061740,50000,0,135000.0,0.0,50000,135000.0
2026-08-06,9A9W,永豐市政,061923,30000,0,97000.0,0.0,30000,97000.0
2026-08-06,9A9W,永豐市政,061962,0,1000,0.0,350.0,-1000,-350.0
2026-08-06,9A9W,永豐市政,062151,10000,0,38000.0,0.0,10000,38000.0
2026-08-06,9A9W,永豐市政,062702,0,25000,0.0,17500.0,-25000,-17500.0
2026-08-06,9A9W,永豐市政,063135,50000,0,31500.0,0.0,50000,31500.0
2026-08-06,9A9W,永豐市政,063175,0,1000,0.0,6800.0,-1000,-6800.0
2026-08-06,9A9W,永豐市政,063258,0,51000,0.0,81250.0,-51000,-81250.0
2026-08-06,9A9W,永豐市政,063442,1000,0,2700.0,0.0,1000,2700.0
2026-08-06,9A9W,永豐市政,063594,0,18000,0.0,3240.0,-18000,-3240.0
2026-08-06,9A9W,永豐市政,063758,20000,0,36600.0,0.0,20000,36600.0
2026-08-06,9A9W,永豐市政,063776,1000,0,2500.0,0.0,1000,2500.0
2026-08-06,9A9W,永豐市政,063926,10000,0,23000.0,0.0,10000,23000.0
2026-08-06,9A9W,永豐市政,064281,5000,0,13500.0,0.0,5000,13500.0
2026-08-06,9A9W,永豐市政,064297,0,1000,0.0,3630.0,-1000,-3630.0
2026-08-06,9A9W,永豐市政,064825,50000,0,14000.0,0.0,50000,14000.0
2026-08-06,9A9W,永豐市政,065452,0,45000,0.0,28350.0,-45000,-28350.0
2026-08-06,9A9W,永豐市政,065673,10000,0,28700.0,0.0,10000,28700.0
2026-08-06,9A9W,永豐市政,065760,350000,0,213500.0,0.0,350000,213500.0
2026-08-06,9A9W,永豐市政,065807,7000,0,4650.0,0.0,7000,4650.0
2026-08-06,9A9W,永豐市政,065896,140000,0,243000.0,0.0,140000,243000.0
2026-08-06,9A9W,永豐市政,065990,10000,0,26600.0,0.0,10000,26600.0
2026-08-06,9A9W,永豐市政,065992,0,10000,0.0,12500.0,-10000,-12500.0
2026-08-06,9A9W,永豐市政,066055,0,44000,0.0,79640.0,-44000,-79640.0
2026-08-06,9A9W,永豐市政,066145,0,226000,0.0,687040.0,-226000,-687040.0
2026-08-06,9A9W,永豐市政,066394,5000,0,20900.0,0.0,5000,20900.0
2026-08-06,9A9W,永豐市政,066517,0,4000,0.0,880.0,-4000,-880.0
2026-08-06,9A9W,永豐市政,066555,0,120000,0.0,1500000.0,-120000,-1500000.0
2026-08-06,9A9W,永豐市政,066652,50000,30000,167600.0,102100.0,20000,65500.0
2026-08-06,9A9W,永豐市政,066758,6000,0,8200.0,0.0,6000,8200.0
2026-08-06,9A9W,永豐市政,067010,5000,0,14300.0,0.0,5000,14300.0
2026-08-06,9A9W,永豐市政,067147,30000,0,9900.0,0.0,30000,9900.0
2026-08-06,9A9W,永豐市政,067462,10000,0,24500.0,0.0,10000,24500.0
2026-08-06,9A9W,永豐市政,067671,0,10000,0.0,5100.0,-10000,-5100.0
2026-08-06,9A9W,永豐市政,067756,90000,0,52300.0,0.0,90000,52300.0
2026-08-06,9A9W,永豐市政,067986,50000,0,27500.0,0.0,50000,27500.0
2026-08-06,9A9W,永豐市政,068015,516000,0,392160.0,0.0,516000,392160.0
2026-08-06,9A9W,永豐市政,068101,1000,1000,670.0,720.0,0,-50.0
2026-08-06,9A9W,永豐市政,068126,15000,0,5700.0,0.0,15000,5700.0
2026-08-06,9A9W,永豐市政,068276,10000,20000,6500.0,13400.0,-10000,-6900.0
2026-08-06,9A9W,永豐市政,068314,1000,0,2290.0,0.0,1000,2290.0
2026-08-06,9A9W,永豐市政,068317,20000,0,78600.0,0.0,20000,78600.0
2026-08-06,9A9W,永豐市政,068425,0,2000,0.0,3340.0,-2000,-3340.0
2026-08-06,9A9W,永豐市政,068444,100000,0,107000.0,0.0,100000,107000.0
2026-08-06,9A9W,永豐市政,068583,10000,0,85500.0,0.0,10000,85500.0
2026-08-06,9A9W,永豐市政,068633,4000,0,4360.0,0.0,4000,4360.0
2026-08-06,9A9W,永豐市政,068793,1000,0,310.0,0.0,1000,310.0
2026-08-06,9A9W,永豐市政,068993,10000,10000,28300.0,27000.0,0,1300.0
2026-08-06,9A9W,永豐市政,069104,2000,0,700.0,0.0,2000,700.0
2026-08-06,9A9W,永豐市政,069245,20000,0,9600.0,0.0,20000,9600.0
2026-08-06,9A9W,永豐市政,069257,10000,0,17600.0,0.0,10000,17600.0
2026-08-06,9A9W,永豐市政,069275,110000,0,26400.0,0.0,110000,26400.0
2026-08-06,9A9W,永豐市政,069289,3000,0,1460.0,0.0,3000,1460.0
2026-08-06,9A9W,永豐市政,069305,20000,0,30800.0,0.0,20000,30800.0
2026-08-06,9A9W,永豐市政,070131,3000,0,4860.0,0.0,3000,4860.0
2026-08-06,9A9W,永豐市政,070256,2000,0,1360.0,0.0,2000,1360.0
2026-08-06,9A9W,永豐市政,070451,0,1000,0.0,260.0,-1000,-260.0
2026-08-06,9A9W,永豐市政,070550,0,258000,0.0,457230.0,-258000,-457230.0
2026-08-06,9A9W,永豐市政,070600,10000,0,16000.0,0.0,10000,16000.0
2026-08-06,9A9W,永豐市政,070813,158000,0,121660.0,0.0,158000,121660.0
2026-08-06,9A9W,永豐市政,070850,120000,0,82600.0,0.0,120000,82600.0
2026-08-06,9A9W,永豐市政,070897,2000,0,1340.0,0.0,2000,1340.0
2026-08-06,9A9W,永豐市政,071015,30000,0,14900.0,0.0,30000,14900.0
2026-08-06,9A9W,永豐市政,071017,0,535000,0.0,246100.0,-535000,-246100.0
2026-08-06,9A9W,永豐市政,071141,20000,0,98900.0,0.0,20000,98900.0
2026-08-06,9A9W,永豐市政,071170,0,2000,0.0,1840.0,-2000,-1840.0
2026-08-06,9A9W,永豐市政,071285,5000,5000,4400.0,4550.0,0,-150.0
2026-08-06,9A9W,永豐市政,071442,0,295000,0.0,136650.0,-295000,-136650.0
2026-08-06,9A9W,永豐市政,071569,43000,0,37840.0,0.0,43000,37840.0
2026-08-06,9A9W,永豐市政,071761,10000,0,32100.0,0.0,10000,32100.0
2026-08-06,9A9W,永豐市政,071997,0,30000,0.0,46200.0,-30000,-46200.0
2026-08-06,9A9W,永豐市政,072014,10000,0,28300.0,0.0,10000,28300.0
2026-08-06,9A9W,永豐市政,072026,15000,0,16350.0,0.0,15000,16350.0
2026-08-06,9A9W,永豐市政,072157,50000,0,18500.0,0.0,50000,18500.0
2026-08-06,9A9W,永豐市政,072228,1000,0,350.0,0.0,1000,350.0
2026-08-06,9A9W,永豐市政,072374,0,10000,0.0,12400.0,-10000,-12400.0
2026-08-06,9A9W,永豐市政,072652,1000,0,1020.0,0.0,1000,1020.0
2026-08-06,9A9W,永豐市政,072670,28000,0,21000.0,0.0,28000,21000.0
2026-08-06,9A9W,永豐市政,072849,0,2000,0.0,1800.0,-2000,-1800.0
2026-08-06,9A9W,永豐市政,072862,0,110000,0.0,31900.0,-110000,-31900.0
2026-08-06,9A9W,永豐市政,073091,10000,0,47800.0,0.0,10000,47800.0
2026-08-06,9A9W,永豐市政,073133,10000,0,8500.0,0.0,10000,8500.0
2026-08-06,9A9W,永豐市政,073561,0,1000,0.0,850.0,-1000,-850.0
2026-08-06,9A9W,永豐市政,073804,15000,0,29850.0,0.0,15000,29850.0
2026-08-06,9A9W,永豐市政,073828,4000,0,6480.0,0.0,4000,6480.0
2026-08-06,9A9W,永豐市政,074422,0,5000,0.0,12650.0,-5000,-12650.0
2026-08-06,9A9W,永豐市政,074627,6000,0,7920.0,0.0,6000,7920.0
2026-08-06,9A9W,永豐市政,074647,10000,0,25300.0,0.0,10000,25300.0
2026-08-06,9A9W,永豐市政,074671,15000,0,13950.0,0.0,15000,13950.0
2026-08-06,9A9W,永豐市政,074802,9000,0,10090.0,0.0,9000,10090.0
2026-08-06,9A9W,永豐市政,074820,300000,0,309000.0,0.0,300000,309000.0
2026-08-06,9A9W,永豐市政,075031,2000,0,3430.0,0.0,2000,3430.0
2026-08-06,9A9W,永豐市政,075849,20000,0,24400.0,0.0,20000,24400.0
2026-08-06,9A9W,永豐市政,076147,10000,0,4700.0,0.0,10000,4700.0
2026-08-06,9A9W,永豐市政,076623,1000,0,400.0,0.0,1000,400.0
2026-08-06,9A9W,永豐市政,076659,0,1000,0.0,1740.0,-1000,-1740.0
2026-08-06,9A9W,永豐市政,077001,10000,0,25500.0,0.0,10000,25500.0
2026-08-06,9A9W,永豐市政,077079,13000,0,25090.0,0.0,13000,25090.0
2026-08-06,9A9W,永豐市政,077384,1000,0,1090.0,0.0,1000,1090.0
2026-08-06,9A9W,永豐市政,077470,50000,0,39250.0,0.0,50000,39250.0
2026-08-06,9A9W,永豐市政,077598,10000,0,67500.0,0.0,10000,67500.0
2026-08-06,9A9W,永豐市政,077829,10000,0,9000.0,0.0,10000,9000.0
2026-08-06,9A9W,永豐市政,077892,0,20000,0.0,60400.0,-20000,-60400.0
2026-08-06,9A9W,永豐市政,078011,20000,0,53400.0,0.0,20000,53400.0
2026-08-06,9A9W,永豐市政,078542,10000,0,29300.0,0.0,10000,29300.0
2026-08-06,9A9W,永豐市政,078750,20000,0,46000.0,0.0,20000,46000.0
2026-08-06,9A9W,永豐市政,08527U,301000,100000,30100.0,9500.0,201000,20600.0
2026-08-06,9A9W,永豐金市政,700113,0,5000,0.0,3100.0,-5000,-3100.0
2026-08-06,9A9W,永豐金市政,700675,2000,0,300.0,0.0,2000,300.0
2026-08-06,9A9W,永豐金市政,702829,10000,0,8600.0,0.0,10000,8600.0
2026-08-06,9A9W,永豐金市政,704221,8000,0,1760.0,0.0,8000,1760.0
2026-08-06,9A9W,永豐金市政,704440,2000,0,140.0,0.0,2000,140.0
2026-08-06,9A9W,永豐金市政,705015,20000,0,78900.0,0.0,20000,78900.0
2026-08-06,9A9W,永豐金市政,705196,0,5000,0.0,4100.0,-5000,-4100.0
2026-08-06,9A9W,永豐金市政,705222,0,1000,0.0,950.0,-1000,-950.0
2026-08-06,9A9W,永豐金市政,705390,4000,0,1440.0,0.0,4000,1440.0
2026-08-06,9A9W,永豐金市政,705535,10000,0,5000.0,0.0,10000,5000.0
2026-08-06,9A9W,永豐金市政,706120,299000,199000,134550.0,109450.0,100000,25100.0
2026-08-06,9A9W,永豐金市政,706760,50000,0,42000.0,0.0,50000,42000.0
2026-08-06,9A9W,永豐金市政,706812,5000,0,18400.0,0.0,5000,18400.0
2026-08-06,9A9W,永豐金市政,706889,29000,34000,35980.0,44200.0,-5000,-8220.0
2026-08-06,9A9W,永豐金市政,707330,11000,0,52700.0,0.0,11000,52700.0
2026-08-06,9A9W,永豐金市政,707335,0,20000,0.0,36700.0,-20000,-36700.0
2026-08-06,9A9W,永豐金市政,707336,2000,0,2260.0,0.0,2000,2260.0
2026-08-06,9A9W,永豐金市政,707376,0,115000,0.0,132250.0,-115000,-132250.0
2026-08-06,9A9W,永豐金市政,707531,85000,0,109100.0,0.0,85000,109100.0
2026-08-06,9A9W,永豐金市政,707589,5000,0,3750.0,0.0,5000,3750.0
2026-08-06,9A9W,永豐金市政,707735,2000,49000,1270.0,32650.0,-47000,-31380.0
2026-08-06,9A9W,永豐金市政,707798,0,5000,0.0,15050.0,-5000,-15050.0
2026-08-06,9A9W,永豐金市政,707846,1000,0,190.0,0.0,1000,190.0
2026-08-06,9A9W,永豐金市政,707848,4000,10000,4920.0,14400.0,-6000,-9480.0
2026-08-06,9A9W,永豐金市政,707922,0,1000,0.0,2200.0,-1000,-2200.0
2026-08-06,9A9W,永豐金市政,708084,2000,0,1880.0,0.0,2000,1880.0
2026-08-06,9A9W,永豐金市政,708085,1000,0,850.0,0.0,1000,850.0
2026-08-06,9A9W,永豐金市政,708180,2000,0,3700.0,0.0,2000,3700.0
2026-08-06,9A9W,永豐金市政,708350,0,76000,0.0,96520.0,-76000,-96520.0
2026-08-06,9A9W,永豐金市政,708463,0,1000,0.0,890.0,-1000,-890.0
2026-08-06,9A9W,永豐金市政,708484,4000,1000,16000.0,3550.0,3000,12450.0
2026-08-06,9A9W,永豐金市政,708498,4000,0,5480.0,0.0,4000,5480.0
2026-08-06,9A9W,永豐金市政,708578,10000,0,2800.0,0.0,10000,2800.0
2026-08-06,9A9W,永豐金市政,708588,1000,0,290.0,0.0,1000,290.0
2026-08-06,9A9W,永豐金市政,708590,0,21000,0.0,12820.0,-21000,-12820.0
2026-08-06,9A9W,永豐金市政,708620,10000,0,9100.0,0.0,10000,9100.0
2026-08-06,9A9W,永豐金市政,708661,10000,0,4700.0,0.0,10000,4700.0
2026-08-06,9A9W,永豐金市政,709443,20000,0,7200.0,0.0,20000,7200.0
2026-08-06,9A9W,永豐金市政,709614,10000,0,22600.0,0.0,10000,22600.0
2026-08-06,9A9W,永豐金市政,710753,5000,0,2500.0,0.0,5000,2500.0
2026-08-06,9A9W,永豐金市政,710794,0,5000,0.0,5800.0,-5000,-5800.0
2026-08-06,9A9W,永豐金市政,710936,2000,0,2580.0,0.0,2000,2580.0
2026-08-06,9A9W,永豐金市政,711157,30000,0,28200.0,0.0,30000,28200.0
2026-08-06,9A9W,永豐金市政,711306,10000,0,9000.0,0.0,10000,9000.0
2026-08-06,9A9W,永豐金市政,711330,1000,0,1380.0,0.0,1000,1380.0
2026-08-06,9A9W,永豐金市政,711383,3000,0,5730.0,0.0,3000,5730.0
2026-08-06,9A9W,永豐金市政,711935,0,100000,0.0,127000.0,-100000,-127000.0
2026-08-06,9A9W,永豐金市政,734508,0,3000,0.0,39000.0,-3000,-39000.0
2026-08-06,9A9X,永豐竹科,03142T,0,2000,0.0,280.0,-2000,-280.0
2026-08-06,9A9X,永豐竹科,03162T,10000,0,800.0,0.0,10000,800.0
2026-08-06,9A9X,永豐竹科,03237T,450000,0,165000.0,0.0,450000,165000.0
2026-08-06,9A9X,永豐竹科,03272T,0,1000,0.0,70.0,-1000,-70.0
2026-08-06,9A9X,永豐竹科,033593,0,1000,0.0,870.0,-1000,-870.0
2026-08-06,9A9X,永豐竹科,033663,0,1000,0.0,290.0,-1000,-290.0
2026-08-06,9A9X,永豐竹科,03432T,0,10000,0.0,12500.0,-10000,-12500.0
2026-08-06,9A9X,永豐竹科,035355,0,1000,0.0,240.0,-1000,-240.0
2026-08-06,9A9X,永豐竹科,03618T,2000,3000,2790.0,4310.0,-1000,-1520.0
2026-08-06,9A9X,永豐竹科,03670T,110000,0,106600.0,0.0,110000,106600.0
2026-08-06,9A9X,永豐竹科,036843,0,1000,0.0,850.0,-1000,-850.0
2026-08-06,9A9X,永豐竹科,036865,0,1000,0.0,450.0,-1000,-450.0
2026-08-06,9A9X,永豐竹科,037251,0,1000,0.0,610.0,-1000,-610.0
2026-08-06,9A9X,永豐竹科,03732B,1000,0,710.0,0.0,1000,710.0
2026-08-06,9A9X,永豐竹科,037497,0,1000,0.0,1730.0,-1000,-1730.0
2026-08-06,9A9X,永豐竹科,038532,2000,24000,4570.0,55270.0,-22000,-50700.0
2026-08-06,9A9X,永豐竹科,03857T,0,5000,0.0,10250.0,-5000,-10250.0
2026-08-06,9A9X,永豐竹科,038858,0,1000,0.0,360.0,-1000,-360.0
2026-08-06,9A9X,永豐竹科,039024,0,1000,0.0,550.0,-1000,-550.0
2026-08-06,9A9X,永豐竹科,039028,0,1000,0.0,2090.0,-1000,-2090.0
2026-08-06,9A9X,永豐竹科,039444,0,1000,0.0,920.0,-1000,-920.0
2026-08-06,9A9X,永豐竹科,039468,0,1000,0.0,1350.0,-1000,-1350.0
2026-08-06,9A9X,永豐竹科,04014C,1000,1000,4080.0,4160.0,0,-80.0
2026-08-06,9A9X,永豐竹科,04026C,2000,0,2100.0,0.0,2000,2100.0
2026-08-06,9A9X,永豐竹科,040414,5000,0,22540.0,0.0,5000,22540.0
2026-08-06,9A9X,永豐竹科,041434,1000,1000,1010.0,900.0,0,110.0
2026-08-06,9A9X,永豐竹科,043713,0,5000,0.0,15000.0,-5000,-15000.0
2026-08-06,9A9X,永豐竹科,043900,1000,0,950.0,0.0,1000,950.0
2026-08-06,9A9X,永豐竹科,044401,0,1000,0.0,900.0,-1000,-900.0
2026-08-06,9A9X,永豐竹科,044616,0,1000,0.0,1400.0,-1000,-1400.0
2026-08-06,9A9X,永豐竹科,044800,1000,0,1300.0,0.0,1000,1300.0
2026-08-06,9A9X,永豐竹科,051666,20000,0,34700.0,0.0,20000,34700.0
2026-08-06,9A9X,永豐竹科,051766,0,2000,0.0,4880.0,-2000,-4880.0
2026-08-06,9A9X,永豐竹科,052325,0,1000,0.0,980.0,-1000,-980.0
2026-08-06,9A9X,永豐竹科,052654,1000,0,640.0,0.0,1000,640.0
2026-08-06,9A9X,永豐竹科,052672,1000,0,2900.0,0.0,1000,2900.0
2026-08-06,9A9X,永豐竹科,052685,1000,0,710.0,0.0,1000,710.0
2026-08-06,9A9X,永豐竹科,052697,0,1000,0.0,520.0,-1000,-520.0
2026-08-06,9A9X,永豐竹科,052942,0,1000,0.0,420.0,-1000,-420.0
2026-08-06,9A9X,永豐竹科,052987,0,1000,0.0,910.0,-1000,-910.0
2026-08-06,9A9X,永豐竹科,053277,0,1000,0.0,770.0,-1000,-770.0
2026-08-06,9A9X,永豐竹科,054495,0,1000,0.0,520.0,-1000,-520.0
2026-08-06,9A9X,永豐竹科,055649,0,1000,0.0,610.0,-1000,-610.0
2026-08-06,9A9X,永豐竹科,055650,0,1000,0.0,450.0,-1000,-450.0
2026-08-06,9A9X,永豐竹科,056305,0,9000,0.0,90.0,-9000,-90.0
2026-08-06,9A9X,永豐竹科,056408,0,610000,0.0,18300.0,-610000,-18300.0
2026-08-06,9A9X,永豐竹科,056413,0,5000,0.0,4150.0,-5000,-4150.0
2026-08-06,9A9X,永豐竹科,056552,3000,0,4530.0,0.0,3000,4530.0
2026-08-06,9A9X,永豐竹科,056638,1000,0,3650.0,0.0,1000,3650.0
2026-08-06,9A9X,永豐竹科,056810,0,3000,0.0,4500.0,-3000,-4500.0
2026-08-06,9A9X,永豐竹科,057153,15000,0,13350.0,0.0,15000,13350.0
2026-08-06,9A9X,永豐竹科,057168,1000,0,680.0,0.0,1000,680.0
2026-08-06,9A9X,永豐竹科,057291,68000,0,240720.0,0.0,68000,240720.0
2026-08-06,9A9X,永豐竹科,057507,1000,0,1120.0,0.0,1000,1120.0
2026-08-06,9A9X,永豐竹科,057547,1000,0,1010.0,0.0,1000,1010.0
2026-08-06,9A9X,永豐竹科,058321,0,1000,0.0,750.0,-1000,-750.0
2026-08-06,9A9X,永豐竹科,058851,0,2000,0.0,1600.0,-2000,-1600.0
2026-08-06,9A9X,永豐竹科,059061,1000,0,1310.0,0.0,1000,1310.0
2026-08-06,9A9X,永豐竹科,059063,24000,0,26340.0,0.0,24000,26340.0
2026-08-06,9A9X,永豐竹科,059238,2000,0,2240.0,0.0,2000,2240.0
2026-08-06,9A9X,永豐竹科,059426,0,1000,0.0,1170.0,-1000,-1170.0
2026-08-06,9A9X,永豐竹科,059476,2000,0,840.0,0.0,2000,840.0
2026-08-06,9A9X,永豐竹科,059637,0,1000,0.0,1480.0,-1000,-1480.0
2026-08-06,9A9X,永豐竹科,060733,0,1000,0.0,820.0,-1000,-820.0
2026-08-06,9A9X,永豐竹科,060899,30000,0,91200.0,0.0,30000,91200.0
2026-08-06,9A9X,永豐竹科,060990,0,3000,0.0,15900.0,-3000,-15900.0
2026-08-06,9A9X,永豐竹科,061260,1000,0,1810.0,0.0,1000,1810.0
2026-08-06,9A9X,永豐竹科,061525,0,1000,0.0,860.0,-1000,-860.0
2026-08-06,9A9X,永豐竹科,061586,1000,0,1250.0,0.0,1000,1250.0
2026-08-06,9A9X,永豐竹科,061606,1000,0,360.0,0.0,1000,360.0
2026-08-06,9A9X,永豐竹科,061750,0,1000,0.0,740.0,-1000,-740.0
2026-08-06,9A9X,永豐竹科,062665,20000,50000,20200.0,50000.0,-30000,-29800.0
2026-08-06,9A9X,永豐竹科,062674,0,1000,0.0,860.0,-1000,-860.0
2026-08-06,9A9X,永豐竹科,062713,0,1000,0.0,780.0,-1000,-780.0
2026-08-06,9A9X,永豐竹科,062769,2000,0,3720.0,0.0,2000,3720.0
2026-08-06,9A9X,永豐竹科,062858,3000,0,1950.0,0.0,3000,1950.0
2026-08-06,9A9X,永豐竹科,062929,0,1000,0.0,1150.0,-1000,-1150.0
2026-08-06,9A9X,永豐竹科,063155,0,29000,0.0,64400.0,-29000,-64400.0
2026-08-06,9A9X,永豐竹科,063354,0,1000,0.0,1160.0,-1000,-1160.0
2026-08-06,9A9X,永豐竹科,063438,41000,0,45620.0,0.0,41000,45620.0
2026-08-06,9A9X,永豐竹科,063461,1000,0,1340.0,0.0,1000,1340.0
2026-08-06,9A9X,永豐竹科,063526,0,90000,0.0,46800.0,-90000,-46800.0
2026-08-06,9A9X,永豐竹科,063533,0,10000,0.0,27200.0,-10000,-27200.0
2026-08-06,9A9X,永豐竹科,063566,0,1000,0.0,930.0,-1000,-930.0
2026-08-06,9A9X,永豐竹科,063649,1000,0,1400.0,0.0,1000,1400.0
2026-08-06,9A9X,永豐竹科,063787,0,1000,0.0,1120.0,-1000,-1120.0
2026-08-06,9A9X,永豐竹科,064082,0,1000,0.0,350.0,-1000,-350.0
2026-08-06,9A9X,永豐竹科,064162,1000,0,1260.0,0.0,1000,1260.0
2026-08-06,9A9X,永豐竹科,064420,17000,0,20000.0,0.0,17000,20000.0
2026-08-06,9A9X,永豐竹科,064428,0,1000,0.0,540.0,-1000,-540.0
2026-08-06,9A9X,永豐竹科,064433,10000,0,6400.0,0.0,10000,6400.0
2026-08-06,9A9X,永豐竹科,064524,0,1000,0.0,1220.0,-1000,-1220.0
2026-08-06,9A9X,永豐竹科,065423,1000,1000,710.0,710.0,0,0.0
2026-08-06,9A9X,永豐竹科,065452,13000,0,8190.0,0.0,13000,8190.0
2026-08-06,9A9X,永豐竹科,065605,0,4000,0.0,1960.0,-4000,-1960.0
2026-08-06,9A9X,永豐竹科,065609,0,9000,0.0,5400.0,-9000,-5400.0
2026-08-06,9A9X,永豐竹科,065962,0,1000,0.0,740.0,-1000,-740.0
2026-08-06,9A9X,永豐竹科,065972,5000,0,11600.0,0.0,5000,11600.0
2026-08-06,9A9X,永豐竹科,066002,1000,0,2570.0,0.0,1000,2570.0
2026-08-06,9A9X,永豐竹科,066186,0,2000,0.0,5040.0,-2000,-5040.0
2026-08-06,9A9X,永豐竹科,066454,0,20000,0.0,18800.0,-20000,-18800.0
2026-08-06,9A9X,永豐竹科,066504,1000,0,730.0,0.0,1000,730.0
2026-08-06,9A9X,永豐竹科,066725,20000,0,19400.0,0.0,20000,19400.0
2026-08-06,9A9X,永豐竹科,066925,0,1000,0.0,1210.0,-1000,-1210.0
2026-08-06,9A9X,永豐竹科,067411,5000,0,3500.0,0.0,5000,3500.0
2026-08-06,9A9X,永豐竹科,067703,1083000,0,1134840.0,0.0,1083000,1134840.0
2026-08-06,9A9X,永豐竹科,068015,0,1000,0.0,770.0,-1000,-770.0
2026-08-06,9A9X,永豐竹科,068054,0,1000,0.0,540.0,-1000,-540.0
2026-08-06,9A9X,永豐竹科,068080,0,17000,0.0,11540.0,-17000,-11540.0
2026-08-06,9A9X,永豐竹科,068114,0,1000,0.0,550.0,-1000,-550.0
2026-08-06,9A9X,永豐竹科,068370,30000,0,52600.0,0.0,30000,52600.0
2026-08-06,9A9X,永豐竹科,068451,0,1000,0.0,1060.0,-1000,-1060.0
2026-08-06,9A9X,永豐竹科,068458,0,1000,0.0,970.0,-1000,-970.0
2026-08-06,9A9X,永豐竹科,068621,0,1000,0.0,190.0,-1000,-190.0
2026-08-06,9A9X,永豐竹科,068627,0,1000,0.0,2030.0,-1000,-2030.0
2026-08-06,9A9X,永豐竹科,068634,0,1000,0.0,960.0,-1000,-960.0
2026-08-06,9A9X,永豐竹科,068666,0,1000,0.0,740.0,-1000,-740.0
2026-08-06,9A9X,永豐竹科,068725,8000,101000,7540.0,96710.0,-93000,-89170.0
2026-08-06,9A9X,永豐竹科,068796,0,130000,0.0,203100.0,-130000,-203100.0
2026-08-06,9A9X,永豐竹科,069290,9000,0,3420.0,0.0,9000,3420.0
2026-08-06,9A9X,永豐竹科,069377,0,1000,0.0,490.0,-1000,-490.0
2026-08-06,9A9X,永豐竹科,069480,0,30000,0.0,18000.0,-30000,-18000.0
2026-08-06,9A9X,永豐竹科,069625,30000,0,23100.0,0.0,30000,23100.0
2026-08-06,9A9X,永豐竹科,069668,0,3000,0.0,1860.0,-3000,-1860.0
2026-08-06,9A9X,永豐竹科,070080,0,1000,0.0,1480.0,-1000,-1480.0
2026-08-06,9A9X,永豐竹科,070337,10000,0,9400.0,0.0,10000,9400.0
2026-08-06,9A9X,永豐竹科,070374,30000,20000,40800.0,28000.0,10000,12800.0
2026-08-06,9A9X,永豐竹科,070615,145000,0,92850.0,0.0,145000,92850.0
2026-08-06,9A9X,永豐竹科,071037,0,1000,0.0,1100.0,-1000,-1100.0
2026-08-06,9A9X,永豐竹科,071067,0,1000,0.0,410.0,-1000,-410.0
2026-08-06,9A9X,永豐竹科,071224,5000,0,9500.0,0.0,5000,9500.0
2026-08-06,9A9X,永豐竹科,071346,0,1000,0.0,800.0,-1000,-800.0
2026-08-06,9A9X,永豐竹科,071466,0,20000,0.0,41400.0,-20000,-41400.0
2026-08-06,9A9X,永豐竹科,071568,0,1000,0.0,750.0,-1000,-750.0
2026-08-06,9A9X,永豐竹科,071940,0,1000,0.0,600.0,-1000,-600.0
2026-08-06,9A9X,永豐竹科,072076,10000,0,2900.0,0.0,10000,2900.0
2026-08-06,9A9X,永豐竹科,072137,0,1000,0.0,860.0,-1000,-860.0
2026-08-06,9A9X,永豐竹科,072569,0,1000,0.0,740.0,-1000,-740.0
2026-08-06,9A9X,永豐竹科,073358,0,1000,0.0,480.0,-1000,-480.0
2026-08-06,9A9X,永豐竹科,073566,20000,0,24800.0,0.0,20000,24800.0
2026-08-06,9A9X,永豐竹科,073592,0,1000,0.0,1230.0,-1000,-1230.0
2026-08-06,9A9X,永豐竹科,073700,1000,0,780.0,0.0,1000,780.0
2026-08-06,9A9X,永豐竹科,073701,0,1000,0.0,680.0,-1000,-680.0
2026-08-06,9A9X,永豐竹科,074383,5000,0,3900.0,0.0,5000,3900.0
2026-08-06,9A9X,永豐竹科,074540,80000,218000,328000.0,869820.0,-138000,-541820.0
2026-08-06,9A9X,永豐竹科,074942,0,21000,0.0,29820.0,-21000,-29820.0
2026-08-06,9A9X,永豐竹科,075150,0,30000,0.0,33000.0,-30000,-33000.0
2026-08-06,9A9X,永豐竹科,075225,0,1000,0.0,460.0,-1000,-460.0
2026-08-06,9A9X,永豐竹科,075487,1000,0,680.0,0.0,1000,680.0
2026-08-06,9A9X,永豐竹科,075686,5000,0,4200.0,0.0,5000,4200.0
2026-08-06,9A9X,永豐竹科,075761,0,30000,0.0,27600.0,-30000,-27600.0
2026-08-06,9A9X,永豐竹科,075763,24000,0,28580.0,0.0,24000,28580.0
2026-08-06,9A9X,永豐竹科,075873,0,1000,0.0,920.0,-1000,-920.0
2026-08-06,9A9X,永豐竹科,075981,15000,0,43520.0,0.0,15000,43520.0
2026-08-06,9A9X,永豐竹科,075989,1000,0,2390.0,0.0,1000,2390.0
2026-08-06,9A9X,永豐竹科,076213,6000,0,7320.0,0.0,6000,7320.0
2026-08-06,9A9X,永豐竹科,076297,0,1000,0.0,950.0,-1000,-950.0
2026-08-06,9A9X,永豐竹科,076522,5000,0,8250.0,0.0,5000,8250.0
2026-08-06,9A9X,永豐竹科,076609,0,1000,0.0,1230.0,-1000,-1230.0
2026-08-06,9A9X,永豐竹科,076757,0,1000,0.0,870.0,-1000,-870.0
2026-08-06,9A9X,永豐竹科,076885,0,14000,0.0,18200.0,-14000,-18200.0
2026-08-06,9A9X,永豐竹科,077359,0,1000,0.0,530.0,-1000,-530.0
2026-08-06,9A9X,永豐竹科,077418,1000,0,1190.0,0.0,1000,1190.0
2026-08-06,9A9X,永豐竹科,077452,40000,0,54100.0,0.0,40000,54100.0
2026-08-06,9A9X,永豐竹科,077518,40000,0,54800.0,0.0,40000,54800.0
2026-08-06,9A9X,永豐竹科,077701,10000,0,14800.0,0.0,10000,14800.0
2026-08-06,9A9X,永豐竹科,077843,1000,1000,1260.0,1090.0,0,170.0
2026-08-06,9A9X,永豐竹科,078148,0,1000,0.0,890.0,-1000,-890.0
2026-08-06,9A9X,永豐竹科,078194,20000,0,35000.0,0.0,20000,35000.0
2026-08-06,9A9X,永豐竹科,078219,0,1000,0.0,810.0,-1000,-810.0
2026-08-06,9A9X,永豐竹科,078223,1000,0,1630.0,0.0,1000,1630.0
2026-08-06,9A9X,永豐竹科,078299,8000,0,17840.0,0.0,8000,17840.0
2026-08-06,9A9X,永豐竹科,078327,30000,0,120400.0,0.0,30000,120400.0
2026-08-06,9A9X,永豐竹科,078445,1000,0,1080.0,0.0,1000,1080.0
2026-08-06,9A9X,永豐竹科,078697,0,1000,0.0,850.0,-1000,-850.0
2026-08-06,9A9X,永豐竹科,078709,0,1000,0.0,670.0,-1000,-670.0
2026-08-06,9A9X,永豐竹科,078798,0,1000,0.0,1170.0,-1000,-1170.0
2026-08-06,9A9X,永豐竹科,078805,1000,0,1860.0,0.0,1000,1860.0
2026-08-06,9A9X,永豐竹科,078908,15000,0,26400.0,0.0,15000,26400.0
2026-08-06,9A9X,永豐竹科,08275U,0,20000,0.0,6000.0,-20000,-6000.0
2026-08-06,9A9X,永豐竹科,085632,0,1000,0.0,680.0,-1000,-680.0
2026-08-06,9A9X,永豐竹科,086995,0,1000,0.0,130.0,-1000,-130.0
2026-08-06,9A9X,永豐竹科,087960,0,1000,0.0,2160.0,-1000,-2160.0
2026-08-06,9A9X,永豐竹科,088418,1000,1000,2580.0,2800.0,0,-220.0
2026-08-06,9A9X,永豐金竹科,700190,1000,0,4000.0,0.0,1000,4000.0
2026-08-06,9A9X,永豐金竹科,700208,1000,0,960.0,0.0,1000,960.0
2026-08-06,9A9X,永豐金竹科,700712,0,1000,0.0,500.0,-1000,-500.0
2026-08-06,9A9X,永豐金竹科,700898,0,1000,0.0,190.0,-1000,-190.0
2026-08-06,9A9X,永豐金竹科,700904,1000,0,4300.0,0.0,1000,4300.0
2026-08-06,9A9X,永豐金竹科,701593,0,1000,0.0,910.0,-1000,-910.0
2026-08-06,9A9X,永豐金竹科,701623,0,1000,0.0,500.0,-1000,-500.0
2026-08-06,9A9X,永豐金竹科,701625,2000,1000,1960.0,970.0,1000,990.0
2026-08-06,9A9X,永豐金竹科,702605,0,1000,0.0,230.0,-1000,-230.0
2026-08-06,9A9X,永豐金竹科,702639,1000,0,5400.0,0.0,1000,5400.0
2026-08-06,9A9X,永豐金竹科,702752,1000,0,300.0,0.0,1000,300.0
2026-08-06,9A9X,永豐金竹科,703002,11000,0,9790.0,0.0,11000,9790.0
2026-08-06,9A9X,永豐金竹科,703465,1000,0,300.0,0.0,1000,300.0
2026-08-06,9A9X,永豐金竹科,703472,0,1000,0.0,1090.0,-1000,-1090.0
2026-08-06,9A9X,永豐金竹科,703618,0,1000,0.0,1260.0,-1000,-1260.0
2026-08-06,9A9X,永豐金竹科,703974,0,1000,0.0,1070.0,-1000,-1070.0
2026-08-06,9A9X,永豐金竹科,704021,0,1000,0.0,290.0,-1000,-290.0
2026-08-06,9A9X,永豐金竹科,704280,0,1000,0.0,620.0,-1000,-620.0
2026-08-06,9A9X,永豐金竹科,704546,0,1000,0.0,780.0,-1000,-780.0
2026-08-06,9A9X,永豐金竹科,704746,3000,0,1230.0,0.0,3000,1230.0
2026-08-06,9A9X,永豐金竹科,704906,1000,0,1450.0,0.0,1000,1450.0
2026-08-06,9A9X,永豐金竹科,705072,0,15000,0.0,12300.0,-15000,-12300.0
2026-08-06,9A9X,永豐金竹科,705130,0,1000,0.0,1240.0,-1000,-1240.0
2026-08-06,9A9X,永豐金竹科,705188,50000,1000,37500.0,690.0,49000,36810.0
2026-08-06,9A9X,永豐金竹科,705258,0,40000,0.0,48400.0,-40000,-48400.0
2026-08-06,9A9X,永豐金竹科,705265,0,1000,0.0,1110.0,-1000,-1110.0
2026-08-06,9A9X,永豐金竹科,705267,30000,0,29300.0,0.0,30000,29300.0
2026-08-06,9A9X,永豐金竹科,705310,1000,1000,860.0,800.0,0,60.0
2026-08-06,9A9X,永豐金竹科,705314,0,1000,0.0,1250.0,-1000,-1250.0
2026-08-06,9A9X,永豐金竹科,705379,0,1000,0.0,930.0,-1000,-930.0
2026-08-06,9A9X,永豐金竹科,705399,10000,0,9200.0,0.0,10000,9200.0
2026-08-06,9A9X,永豐金竹科,705588,0,11000,0.0,160.0,-11000,-160.0
2026-08-06,9A9X,永豐金竹科,705860,5000,0,2650.0,0.0,5000,2650.0
2026-08-06,9A9X,永豐金竹科,705992,10000,0,26300.0,0.0,10000,26300.0
2026-08-06,9A9X,永豐金竹科,706036,0,1000,0.0,590.0,-1000,-590.0
2026-08-06,9A9X,永豐金竹科,706135,1000,1000,730.0,690.0,0,40.0
2026-08-06,9A9X,永豐金竹科,706136,0,20000,0.0,24000.0,-20000,-24000.0
2026-08-06,9A9X,永豐金竹科,706260,0,160000,0.0,84900.0,-160000,-84900.0
2026-08-06,9A9X,永豐金竹科,706328,20000,0,31400.0,0.0,20000,31400.0
2026-08-06,9A9X,永豐金竹科,706348,1000,1000,1190.0,1240.0,0,-50.0
2026-08-06,9A9X,永豐金竹科,706403,8000,0,1120.0,0.0,8000,1120.0
2026-08-06,9A9X,永豐金竹科,706662,0,1000,0.0,500.0,-1000,-500.0
2026-08-06,9A9X,永豐金竹科,706803,1000,0,1130.0,0.0,1000,1130.0
2026-08-06,9A9X,永豐金竹科,707048,10000,0,7400.0,0.0,10000,7400.0
2026-08-06,9A9X,永豐金竹科,707068,0,1000,0.0,940.0,-1000,-940.0
2026-08-06,9A9X,永豐金竹科,707078,0,1000,0.0,890.0,-1000,-890.0
2026-08-06,9A9X,永豐金竹科,707194,0,1000,0.0,500.0,-1000,-500.0
2026-08-06,9A9X,永豐金竹科,707215,3000,0,1260.0,0.0,3000,1260.0
2026-08-06,9A9X,永豐金竹科,707273,8000,1000,8180.0,870.0,7000,7310.0
2026-08-06,9A9X,永豐金竹科,707336,16000,1000,18380.0,1300.0,15000,17080.0
2026-08-06,9A9X,永豐金竹科,707349,1000,0,1750.0,0.0,1000,1750.0
2026-08-06,9A9X,永豐金竹科,707464,0,1000,0.0,390.0,-1000,-390.0
2026-08-06,9A9X,永豐金竹科,707521,30000,0,11700.0,0.0,30000,11700.0
2026-08-06,9A9X,永豐金竹科,707523,2000,0,2070.0,0.0,2000,2070.0
2026-08-06,9A9X,永豐金竹科,707734,0,1000,0.0,1550.0,-1000,-1550.0
2026-08-06,9A9X,永豐金竹科,707795,0,1000,0.0,2830.0,-1000,-2830.0
2026-08-06,9A9X,永豐金竹科,707820,1000,0,1300.0,0.0,1000,1300.0
2026-08-06,9A9X,永豐金竹科,707849,1000,0,800.0,0.0,1000,800.0
2026-08-06,9A9X,永豐金竹科,707858,8000,0,8510.0,0.0,8000,8510.0
2026-08-06,9A9X,永豐金竹科,707895,0,1000,0.0,1510.0,-1000,-1510.0
2026-08-06,9A9X,永豐金竹科,707980,200000,0,12000.0,0.0,200000,12000.0
2026-08-06,9A9X,永豐金竹科,708117,6000,0,4200.0,0.0,6000,4200.0
2026-08-06,9A9X,永豐金竹科,708136,2000,0,2560.0,0.0,2000,2560.0
2026-08-06,9A9X,永豐金竹科,708195,17000,1000,13070.0,760.0,16000,12310.0
2026-08-06,9A9X,永豐金竹科,708235,0,1000,0.0,550.0,-1000,-550.0
2026-08-06,9A9X,永豐金竹科,708280,0,10000,0.0,6500.0,-10000,-6500.0
2026-08-06,9A9X,永豐金竹科,708472,0,1000,0.0,1080.0,-1000,-1080.0
2026-08-06,9A9X,永豐金竹科,708571,0,20000,0.0,6200.0,-20000,-6200.0
2026-08-06,9A9X,永豐金竹科,708614,0,1000,0.0,1240.0,-1000,-1240.0
2026-08-06,9A9X,永豐金竹科,708649,3000,3000,1640.0,1740.0,0,-100.0
2026-08-06,9A9X,永豐金竹科,708650,0,1000,0.0,820.0,-1000,-820.0
2026-08-06,9A9X,永豐金竹科,708709,1000,0,550.0,0.0,1000,550.0
2026-08-06,9A9X,永豐金竹科,709065,0,1000,0.0,310.0,-1000,-310.0
2026-08-06,9A9X,永豐金竹科,709179,1000,1000,860.0,770.0,0,90.0
2026-08-06,9A9X,永豐金竹科,709180,6000,0,5520.0,0.0,6000,5520.0
2026-08-06,9A9X,永豐金竹科,709764,0,1000,0.0,460.0,-1000,-460.0
2026-08-06,9A9X,永豐金竹科,709854,0,1000,0.0,630.0,-1000,-630.0
2026-08-06,9A9X,永豐金竹科,709918,0,1000,0.0,1090.0,-1000,-1090.0
2026-08-06,9A9X,永豐金竹科,709972,20000,0,29400.0,0.0,20000,29400.0
2026-08-06,9A9X,永豐金竹科,710156,20000,0,34600.0,0.0,20000,34600.0
2026-08-06,9A9X,永豐金竹科,710574,20000,0,23500.0,0.0,20000,23500.0
2026-08-06,9A9X,永豐金竹科,710751,100000,0,49000.0,0.0,100000,49000.0
2026-08-06,9A9X,永豐金竹科,710924,10000,0,3300.0,0.0,10000,3300.0
2026-08-06,9A9X,永豐金竹科,710949,10000,0,4200.0,0.0,10000,4200.0
2026-08-06,9A9X,永豐金竹科,710979,45000,0,66900.0,0.0,45000,66900.0
2026-08-06,9A9X,永豐金竹科,711047,50000,0,27900.0,0.0,50000,27900.0
2026-08-06,9A9X,永豐金竹科,711373,40000,0,50000.0,0.0,40000,50000.0
2026-08-06,9A9X,永豐金竹科,711497,35000,0,42170.0,0.0,35000,42170.0
2026-08-06,9A9X,永豐金竹科,711540,0,1000,0.0,880.0,-1000,-880.0
2026-08-06,9A9X,永豐金竹科,711715,10000,0,20400.0,0.0,10000,20400.0
2026-08-06,9A9X,永豐金竹科,711885,0,1000,0.0,2020.0,-1000,-2020.0
2026-08-06,9A9X,永豐金竹科,711928,1000,0,1330.0,0.0,1000,1330.0
2026-08-06,9A9X,永豐金竹科,712038,30000,0,56400.0,0.0,30000,56400.0
2026-08-06,9A9X,永豐金竹科,712099,20000,0,38900.0,0.0,20000,38900.0
2026-08-06,9A9X,永豐金竹科,712110,0,1000,0.0,1020.0,-1000,-1020.0
2026-08-06,9A9X,永豐金竹科,712135,1000,0,1220.0,0.0,1000,1220.0
2026-08-06,9A9X,永豐金竹科,712185,2000,0,2410.0,0.0,2000,2410.0
2026-08-06,9A9X,永豐金竹科,72535U,1000,0,10.0,0.0,1000,10.0
2026-08-06,9A9X,永豐金竹科,726927,0,1000,0.0,140.0,-1000,-140.0
2026-08-06,9A9X,永豐金竹科,72749U,4000,2000,4490.0,2280.0,2000,2210.0
2026-08-06,9A9X,永豐金竹科,72932U,0,7000,0.0,12740.0,-7000,-12740.0
2026-08-06,9A9X,永豐金竹科,729808,1000,1000,470.0,470.0,0,0.0
2026-08-06,9A9X,永豐金竹科,731584,0,1000,0.0,6150.0,-1000,-6150.0
2026-08-06,9A9X,永豐金竹科,733696,10000,0,5800.0,0.0,10000,5800.0
2026-08-06,9A9X,永豐金竹科,736154,0,1000,0.0,710.0,-1000,-710.0
2026-08-06,9A9X,永豐金竹科,736479,0,1000,0.0,870.0,-1000,-870.0
2026-08-06,9A9X,永豐金竹科,736736,1000,1000,770.0,770.0,0,0.0
2026-08-06,9A9X,永豐金竹科,738751,0,1000,0.0,580.0,-1000,-580.0
2026-08-06,9A9X,永豐金竹科,739372,0,1000,0.0,460.0,-1000,-460.0
2026-08-06,9A9g,永豐內湖,03121T,25000,0,25000.0,0.0,25000,25000.0
2026-08-06,9A9g,永豐內湖,043891,0,1000,0.0,3990.0,-1000,-3990.0
2026-08-06,9A9g,永豐內湖,052185,10000,0,15100.0,0.0,10000,15100.0
2026-08-06,9A9g,永豐內湖,057291,598000,0,2125890.0,0.0,598000,2125890.0
2026-08-06,9A9g,永豐內湖,059022,3000,0,10110.0,0.0,3000,10110.0
2026-08-06,9A9g,永豐內湖,059030,3000,0,9480.0,0.0,3000,9480.0
2026-08-06,9A9g,永豐內湖,059122,20000,0,39500.0,0.0,20000,39500.0
2026-08-06,9A9g,永豐內湖,059639,10000,0,28100.0,0.0,10000,28100.0
2026-08-06,9A9g,永豐內湖,060455,2000,0,4330.0,0.0,2000,4330.0
2026-08-06,9A9g,永豐內湖,061215,2000,0,1180.0,0.0,2000,1180.0
2026-08-06,9A9g,永豐內湖,061954,1000,0,970.0,0.0,1000,970.0
2026-08-06,9A9g,永豐內湖,063344,1149000,0,460600.0,0.0,1149000,460600.0
2026-08-06,9A9g,永豐內湖,064011,0,1000,0.0,4000.0,-1000,-4000.0
2026-08-06,9A9g,永豐內湖,065640,20000,0,22900.0,0.0,20000,22900.0
2026-08-06,9A9g,永豐內湖,066235,0,27000,0.0,42120.0,-27000,-42120.0
2026-08-06,9A9g,永豐內湖,067979,85000,0,55250.0,0.0,85000,55250.0
2026-08-06,9A9g,永豐內湖,068001,20000,0,15600.0,0.0,20000,15600.0
2026-08-06,9A9g,永豐內湖,068222,0,130000,0.0,72800.0,-130000,-72800.0
2026-08-06,9A9g,永豐內湖,068655,13000,0,14620.0,0.0,13000,14620.0
2026-08-06,9A9g,永豐內湖,070977,18000,0,19620.0,0.0,18000,19620.0
2026-08-06,9A9g,永豐內湖,071471,4000,0,6200.0,0.0,4000,6200.0
2026-08-06,9A9g,永豐內湖,073058,1000,0,310.0,0.0,1000,310.0
2026-08-06,9A9g,永豐內湖,073715,0,100000,0.0,78000.0,-100000,-78000.0
2026-08-06,9A9g,永豐內湖,073951,0,10000,0.0,17400.0,-10000,-17400.0
2026-08-06,9A9g,永豐內湖,074804,12000,0,15480.0,0.0,12000,15480.0
2026-08-06,9A9g,永豐內湖,075031,0,4000,0.0,6840.0,-4000,-6840.0
2026-08-06,9A9g,永豐內湖,076320,100000,0,120100.0,0.0,100000,120100.0
2026-08-06,9A9g,永豐內湖,076573,10000,0,8400.0,0.0,10000,8400.0
2026-08-06,9A9g,永豐內湖,076623,20000,0,8200.0,0.0,20000,8200.0
2026-08-06,9A9g,永豐內湖,076728,0,10000,0.0,18700.0,-10000,-18700.0
2026-08-06,9A9g,永豐內湖,077267,15000,0,25950.0,0.0,15000,25950.0
2026-08-06,9A9g,永豐內湖,077566,7000,0,18270.0,0.0,7000,18270.0
2026-08-06,9A9g,永豐內湖,077609,0,10000,0.0,17500.0,-10000,-17500.0
2026-08-06,9A9g,永豐內湖,078439,10000,0,25800.0,0.0,10000,25800.0
2026-08-06,9A9g,永豐內湖,078590,499000,0,1541910.0,0.0,499000,1541910.0
2026-08-06,9A9g,永豐內湖,078858,30000,0,48600.0,0.0,30000,48600.0
2026-08-06,9A9g,永豐內湖,08902U,40000,0,22200.0,0.0,40000,22200.0
2026-08-06,9A9g,永豐金內湖,705081,0,3000,0.0,5520.0,-3000,-5520.0
2026-08-06,9A9g,永豐金內湖,705284,54000,0,135540.0,0.0,54000,135540.0
2026-08-06,9A9g,永豐金內湖,705807,998000,0,1901190.0,0.0,998000,1901190.0
2026-08-06,9A9g,永豐金內湖,705852,0,10000,0.0,5600.0,-10000,-5600.0
2026-08-06,9A9g,永豐金內湖,706714,40000,0,19200.0,0.0,40000,19200.0
2026-08-06,9A9g,永豐金內湖,706732,0,3000,0.0,4230.0,-3000,-4230.0
2026-08-06,9A9g,永豐金內湖,707352,499000,0,528940.0,0.0,499000,528940.0
2026-08-06,9A9g,永豐金內湖,707797,5000,0,15970.0,0.0,5000,15970.0
2026-08-06,9A9g,永豐金內湖,707844,9000,0,9810.0,0.0,9000,9810.0
2026-08-06,9A9g,永豐金內湖,708064,10000,0,19900.0,0.0,10000,19900.0
2026-08-06,9A9g,永豐金內湖,708165,0,25000,0.0,14620.0,-25000,-14620.0
2026-08-06,9A9g,永豐金內湖,708730,0,40000,0.0,12400.0,-40000,-12400.0
2026-08-06,9A9g,永豐金內湖,710002,16000,0,19680.0,0.0,16000,19680.0
2026-08-06,9A9g,永豐金內湖,710838,1178000,0,442650.0,0.0,1178000,442650.0
2026-08-06,9A9g,永豐金內湖,710971,0,998000,0.0,848400.0,-998000,-848400.0
