date,securities_trader_id,securities_trader,stock_id,buy_volume,sell_volume,buy_amount,sell_amount,net_volume,net_amount
2026-07-30,111B,台企建成,030551,10000,0,1200.0,0.0,10000,1200.0
2026-07-30,111B,台企建成,033549,50000,0,22000.0,0.0,50000,22000.0
2026-07-30,111B,台企建成,033634,170000,0,395500.0,0.0,170000,395500.0
2026-07-30,111B,台企建成,03431T,20000,0,30000.0,0.0,20000,30000.0
2026-07-30,111B,台企建成,063041,0,161000,0.0,302680.0,-161000,-302680.0
2026-07-30,538Y,第一中壢,03351T,30000,0,21600.0,0.0,30000,21600.0
2026-07-30,538Y,第一中壢,03474T,100000,90000,112400.0,102600.0,10000,9800.0
2026-07-30,538Y,第一中壢,03571T,0,3000,0.0,4950.0,-3000,-4950.0
2026-07-30,538Y,第一中壢,057764,0,1000,0.0,830.0,-1000,-830.0
2026-07-30,538Y,第一中壢,065022,0,18000,0.0,1800.0,-18000,-1800.0
2026-07-30,538Y,第一中壢,066190,0,1000,0.0,510.0,-1000,-510.0
2026-07-30,538Y,第一中壢,066347,0,7000,0.0,17700.0,-7000,-17700.0
2026-07-30,538Y,第一中壢,067942,7000,0,10360.0,0.0,7000,10360.0
2026-07-30,538Y,第一中壢,072351,35000,0,19400.0,0.0,35000,19400.0
2026-07-30,538Y,第一中壢,075944,0,11000,0.0,5830.0,-11000,-5830.0
2026-07-30,538Y,第一中壢,076836,10000,0,11850.0,0.0,10000,11850.0
2026-07-30,538Y,第一中壢,08752U,0,10000,0.0,6300.0,-10000,-6300.0
2026-07-30,538Y,第一中壢,08914U,60000,0,14400.0,0.0,60000,14400.0
2026-07-30,538Y,第一金中壢,704406,5000,0,2150.0,0.0,5000,2150.0
2026-07-30,538Y,第一金中壢,707371,0,40000,0.0,16000.0,-40000,-16000.0
2026-07-30,538Y,第一金中壢,707504,200000,0,71000.0,0.0,200000,71000.0
2026-07-30,538Y,第一金中壢,708267,0,200000,0.0,100000.0,-200000,-100000.0
2026-07-30,538Y,第一金中壢,709705,4000,5000,3240.0,4300.0,-1000,-1060.0
2026-07-30,538Y,第一金中壢,710801,25000,0,6000.0,0.0,25000,6000.0
2026-07-30,538Y,第一金中壢,711500,1000,0,1110.0,0.0,1000,1110.0
2026-07-30,538Y,第一金中壢,711526,0,5000,0.0,4750.0,-5000,-4750.0
2026-07-30,538Y,第一金中壢,72900U,0,5000,0.0,7350.0,-5000,-7350.0
2026-07-30,538Y,第一金中壢,72919U,0,5000,0.0,8100.0,-5000,-8100.0
2026-07-30,5853,統一中壢,03027T,0,25000,0.0,6250.0,-25000,-6250.0
2026-07-30,5853,統一中壢,03099T,100000,97000,23000.0,18430.0,3000,4570.0
2026-07-30,5853,統一中壢,03830T,0,40000,0.0,54800.0,-40000,-54800.0
2026-07-30,5853,統一中壢,045189,0,5000,0.0,3400.0,-5000,-3400.0
2026-07-30,5853,統一中壢,052139,0,40000,0.0,40000.0,-40000,-40000.0
2026-07-30,5853,統一中壢,052806,10000,0,4200.0,0.0,10000,4200.0
2026-07-30,5853,統一中壢,062763,0,78000,0.0,35480.0,-78000,-35480.0
2026-07-30,5853,統一中壢,065452,5000,0,2100.0,0.0,5000,2100.0
2026-07-30,5853,統一中壢,066669,30000,75000,12000.0,31420.0,-45000,-19420.0
2026-07-30,5853,統一中壢,067569,0,3000,0.0,10740.0,-3000,-10740.0
2026-07-30,5853,統一中壢,069450,100000,0,51000.0,0.0,100000,51000.0
2026-07-30,5853,統一中壢,069678,200000,0,41800.0,0.0,200000,41800.0
2026-07-30,5853,統一中壢,071545,0,1000,0.0,530.0,-1000,-530.0
2026-07-30,5853,統一中壢,072902,5000,0,2500.0,0.0,5000,2500.0
2026-07-30,5853,統一中壢,076627,5000,0,4100.0,0.0,5000,4100.0
2026-07-30,5853,統一中壢,08431U,0,10000,0.0,1400.0,-10000,-1400.0
2026-07-30,5853,統一中壢,08630U,500000,0,52000.0,0.0,500000,52000.0
2026-07-30,5853,統一中壢,08720U,0,343000,0.0,77490.0,-343000,-77490.0
2026-07-30,5853,統一中壢,701193,0,8000,0.0,26640.0,-8000,-26640.0
2026-07-30,5853,統一中壢,707757,0,70000,0.0,29400.0,-70000,-29400.0
2026-07-30,5853,統一中壢,708523,0,22000,0.0,3300.0,-22000,-3300.0
2026-07-30,5853,統一中壢,708588,20000,0,2200.0,0.0,20000,2200.0
2026-07-30,5853,統一中壢,711506,0,6000,0.0,8220.0,-6000,-8220.0
2026-07-30,5853,統一中壢,72876U,0,20000,0.0,15800.0,-20000,-15800.0
2026-07-30,585Q,統一三多,03039T,0,10000,0.0,6200.0,-10000,-6200.0
2026-07-30,585Q,統一三多,03148T,0,175000,0.0,147000.0,-175000,-147000.0
2026-07-30,585Q,統一三多,03188T,2000,0,3780.0,0.0,2000,3780.0
2026-07-30,585Q,統一三多,03281T,0,20000,0.0,30200.0,-20000,-30200.0
2026-07-30,585Q,統一三多,03615T,0,10000,0.0,18500.0,-10000,-18500.0
2026-07-30,585Q,統一三多,038848,20000,0,8200.0,0.0,20000,8200.0
2026-07-30,585Q,統一三多,040982,0,1000,0.0,4200.0,-1000,-4200.0
2026-07-30,585Q,統一三多,043938,20000,0,5200.0,0.0,20000,5200.0
2026-07-30,585Q,統一三多,051340,4000,4000,1280.0,1160.0,0,120.0
2026-07-30,585Q,統一三多,052670,20000,0,37600.0,0.0,20000,37600.0
2026-07-30,585Q,統一三多,052672,20000,0,35800.0,0.0,20000,35800.0
2026-07-30,585Q,統一三多,057070,280000,0,2195000.0,0.0,280000,2195000.0
2026-07-30,585Q,統一三多,060749,100000,0,282000.0,0.0,100000,282000.0
2026-07-30,585Q,統一三多,061019,100000,0,315000.0,0.0,100000,315000.0
2026-07-30,585Q,統一三多,061897,100000,0,33000.0,0.0,100000,33000.0
2026-07-30,585Q,統一三多,062339,5000,0,4700.0,0.0,5000,4700.0
2026-07-30,585Q,統一三多,062442,10000,0,12900.0,0.0,10000,12900.0
2026-07-30,585Q,統一三多,062639,25000,0,32500.0,0.0,25000,32500.0
2026-07-30,585Q,統一三多,062752,15000,5000,8700.0,4000.0,10000,4700.0
2026-07-30,585Q,統一三多,064221,0,50000,0.0,69700.0,-50000,-69700.0
2026-07-30,585Q,統一三多,064388,30000,0,71100.0,0.0,30000,71100.0
2026-07-30,585Q,統一三多,064578,10000,30000,8400.0,24900.0,-20000,-16500.0
2026-07-30,585Q,統一三多,065459,0,15000,0.0,21750.0,-15000,-21750.0
2026-07-30,585Q,統一三多,066145,0,10000,0.0,19920.0,-10000,-19920.0
2026-07-30,585Q,統一三多,067142,0,51000,0.0,65970.0,-51000,-65970.0
2026-07-30,585Q,統一三多,067701,4000,0,4520.0,0.0,4000,4520.0
2026-07-30,585Q,統一三多,067791,1000,0,940.0,0.0,1000,940.0
2026-07-30,585Q,統一三多,068006,0,39000,0.0,21840.0,-39000,-21840.0
2026-07-30,585Q,統一三多,068032,0,20000,0.0,8200.0,-20000,-8200.0
2026-07-30,585Q,統一三多,068097,10000,0,4200.0,0.0,10000,4200.0
2026-07-30,585Q,統一三多,069604,230000,0,244600.0,0.0,230000,244600.0
2026-07-30,585Q,統一三多,069777,13000,2000,22290.0,3440.0,11000,18850.0
2026-07-30,585Q,統一三多,070547,300000,300000,90500.0,96000.0,0,-5500.0
2026-07-30,585Q,統一三多,070711,0,100000,0.0,36000.0,-100000,-36000.0
2026-07-30,585Q,統一三多,071412,35000,5000,14750.0,1850.0,30000,12900.0
2026-07-30,585Q,統一三多,071589,0,14000,0.0,9520.0,-14000,-9520.0
2026-07-30,585Q,統一三多,072546,10000,5000,4500.0,2250.0,5000,2250.0
2026-07-30,585Q,統一三多,072663,0,5000,0.0,1750.0,-5000,-1750.0
2026-07-30,585Q,統一三多,073673,0,50000,0.0,40600.0,-50000,-40600.0
2026-07-30,585Q,統一三多,074675,0,60000,0.0,39900.0,-60000,-39900.0
2026-07-30,585Q,統一三多,074984,5000,5000,4760.0,5500.0,0,-740.0
2026-07-30,585Q,統一三多,075030,5000,0,7200.0,0.0,5000,7200.0
2026-07-30,585Q,統一三多,075257,90000,0,108000.0,0.0,90000,108000.0
2026-07-30,585Q,統一三多,075388,0,40000,0.0,74000.0,-40000,-74000.0
2026-07-30,585Q,統一三多,075394,200000,0,219000.0,0.0,200000,219000.0
2026-07-30,585Q,統一三多,075413,34000,20000,27980.0,14600.0,14000,13380.0
2026-07-30,585Q,統一三多,075603,15000,35000,9750.0,23650.0,-20000,-13900.0
2026-07-30,585Q,統一三多,076945,10000,7000,15860.0,11490.0,3000,4370.0
2026-07-30,585Q,統一三多,705392,0,1000,0.0,2980.0,-1000,-2980.0
2026-07-30,585Q,統一三多,705448,60000,0,364500.0,0.0,60000,364500.0
2026-07-30,585Q,統一三多,705485,10000,0,22700.0,0.0,10000,22700.0
2026-07-30,585Q,統一三多,706760,49000,0,24500.0,0.0,49000,24500.0
2026-07-30,585Q,統一三多,709006,15000,10000,15050.0,11050.0,5000,4000.0
2026-07-30,585Q,統一三多,72857U,0,10000,0.0,13300.0,-10000,-13300.0
2026-07-30,585Q,統一三多,733461,10000,0,4400.0,0.0,10000,4400.0
2026-07-30,585Q,統一三多,734785,30000,0,63300.0,0.0,30000,63300.0
2026-07-30,585Y,統一土城,03051T,499000,0,194610.0,0.0,499000,194610.0
2026-07-30,585Y,統一土城,035335,0,2000,0.0,2400.0,-2000,-2400.0
2026-07-30,585Y,統一土城,03909T,30000,0,26100.0,0.0,30000,26100.0
2026-07-30,585Y,統一土城,044796,50000,0,57000.0,0.0,50000,57000.0
2026-07-30,585Y,統一土城,046959,10000,0,30000.0,0.0,10000,30000.0
2026-07-30,585Y,統一土城,047421,10000,0,37900.0,0.0,10000,37900.0
2026-07-30,585Y,統一土城,047619,10000,0,62500.0,0.0,10000,62500.0
2026-07-30,585Y,統一土城,052180,0,9000,0.0,9000.0,-9000,-9000.0
2026-07-30,585Y,統一土城,052806,10000,0,4300.0,0.0,10000,4300.0
2026-07-30,585Y,統一土城,053228,10000,0,21100.0,0.0,10000,21100.0
2026-07-30,585Y,統一土城,056067,20000,0,11200.0,0.0,20000,11200.0
2026-07-30,585Y,統一土城,056194,24000,0,1440.0,0.0,24000,1440.0
2026-07-30,585Y,統一土城,057009,0,5000,0.0,4950.0,-5000,-4950.0
2026-07-30,585Y,統一土城,057433,1000,0,1780.0,0.0,1000,1780.0
2026-07-30,585Y,統一土城,059639,1000,0,1810.0,0.0,1000,1810.0
2026-07-30,585Y,統一土城,061637,0,30000,0.0,3600.0,-30000,-3600.0
2026-07-30,585Y,統一土城,063233,50000,0,137900.0,0.0,50000,137900.0
2026-07-30,585Y,統一土城,064691,4000,0,5840.0,0.0,4000,5840.0
2026-07-30,585Y,統一土城,066206,0,150000,0.0,151500.0,-150000,-151500.0
2026-07-30,585Y,統一土城,066465,7000,0,6700.0,0.0,7000,6700.0
2026-07-30,585Y,統一土城,067057,0,20000,0.0,2800.0,-20000,-2800.0
2026-07-30,585Y,統一土城,068312,10000,0,8700.0,0.0,10000,8700.0
2026-07-30,585Y,統一土城,068325,100000,0,53500.0,0.0,100000,53500.0
2026-07-30,585Y,統一土城,069451,114000,0,60420.0,0.0,114000,60420.0
2026-07-30,585Y,統一土城,071448,10000,0,6700.0,0.0,10000,6700.0
2026-07-30,585Y,統一土城,08914U,100000,0,24000.0,0.0,100000,24000.0
2026-07-30,585Y,統一土城,707352,10000,0,8300.0,0.0,10000,8300.0
2026-07-30,585Y,統一土城,708044,10000,20000,4900.0,8000.0,-10000,-3100.0
2026-07-30,6114,中銀員林,03564T,100000,0,48000.0,0.0,100000,48000.0
2026-07-30,6114,中銀員林,036038,7000,0,57600.0,0.0,7000,57600.0
2026-07-30,6114,中銀員林,03694T,80000,0,105600.0,0.0,80000,105600.0
2026-07-30,6114,中銀員林,03929T,100000,0,188000.0,0.0,100000,188000.0
2026-07-30,6114,中銀員林,051440,10000,0,1600.0,0.0,10000,1600.0
2026-07-30,6114,中銀員林,052214,20000,0,8400.0,0.0,20000,8400.0
2026-07-30,6114,中銀員林,052788,0,70000,0.0,75600.0,-70000,-75600.0
2026-07-30,6114,中銀員林,055647,0,100000,0.0,59000.0,-100000,-59000.0
2026-07-30,6114,中銀員林,057025,0,20000,0.0,27800.0,-20000,-27800.0
2026-07-30,6114,中銀員林,062417,24000,15000,58590.0,37050.0,9000,21540.0
2026-07-30,6114,中銀員林,063344,5000,0,1550.0,0.0,5000,1550.0
2026-07-30,6114,中銀員林,065188,0,26000,0.0,37960.0,-26000,-37960.0
2026-07-30,6114,中銀員林,065203,50000,0,2500.0,0.0,50000,2500.0
2026-07-30,6114,中銀員林,065318,0,5000,0.0,24050.0,-5000,-24050.0
2026-07-30,6114,中銀員林,065354,0,10000,0.0,5200.0,-10000,-5200.0
2026-07-30,6114,中銀員林,067985,0,10000,0.0,6750.0,-10000,-6750.0
2026-07-30,6114,中銀員林,069179,8000,0,1840.0,0.0,8000,1840.0
2026-07-30,6114,中銀員林,069358,0,100000,0.0,31000.0,-100000,-31000.0
2026-07-30,6114,中銀員林,069372,5000,0,1650.0,0.0,5000,1650.0
2026-07-30,6114,中銀員林,069822,0,10000,0.0,9500.0,-10000,-9500.0
2026-07-30,6114,中銀員林,071434,10000,0,1300.0,0.0,10000,1300.0
2026-07-30,6114,中銀員林,071538,0,100000,0.0,39000.0,-100000,-39000.0
2026-07-30,6114,中銀員林,075759,10000,0,2200.0,0.0,10000,2200.0
2026-07-30,6114,中銀員林,076059,10000,0,2100.0,0.0,10000,2100.0
2026-07-30,6114,中銀員林,076581,200000,0,102000.0,0.0,200000,102000.0
2026-07-30,6114,中銀員林,076770,65000,0,39110.0,0.0,65000,39110.0
2026-07-30,6114,台中銀員林,708462,40000,0,4000.0,0.0,40000,4000.0
2026-07-30,6114,台中銀員林,708706,5000,0,1900.0,0.0,5000,1900.0
2026-07-30,6114,台中銀員林,709890,20000,0,24000.0,0.0,20000,24000.0
2026-07-30,6114,台中銀員林,72772U,0,300000,0.0,186000.0,-300000,-186000.0
2026-07-30,6381,光和溪湖,031289,8000,0,3280.0,0.0,8000,3280.0
2026-07-30,6381,光和溪湖,036299,0,10000,0.0,55000.0,-10000,-55000.0
2026-07-30,6381,光和溪湖,038782,10000,0,9500.0,0.0,10000,9500.0
2026-07-30,6381,光和溪湖,051252,12000,0,14160.0,0.0,12000,14160.0
2026-07-30,6381,光和溪湖,052965,35000,0,12070.0,0.0,35000,12070.0
2026-07-30,6381,光和溪湖,055829,5000,0,2650.0,0.0,5000,2650.0
2026-07-30,6381,光和溪湖,061492,1000,0,14700.0,0.0,1000,14700.0
2026-07-30,6381,光和溪湖,063441,0,15000,0.0,18900.0,-15000,-18900.0
2026-07-30,6381,光和溪湖,064013,0,1000,0.0,1790.0,-1000,-1790.0
2026-07-30,6381,光和溪湖,069697,19000,0,9990.0,0.0,19000,9990.0
2026-07-30,6381,光和溪湖,073943,50000,0,14900.0,0.0,50000,14900.0
2026-07-30,6381,光和溪湖,709082,8000,0,3040.0,0.0,8000,3040.0
2026-07-30,6381,光和溪湖,709933,40000,0,48050.0,0.0,40000,48050.0
2026-07-30,6381,光和溪湖,710600,8000,0,4000.0,0.0,8000,4000.0
2026-07-30,6381,光和溪湖,733460,15000,0,12300.0,0.0,15000,12300.0
2026-07-30,6480,福邦,03057T,10000,0,11100.0,0.0,10000,11100.0
2026-07-30,6480,福邦,03792T,998000,1800000,1262470.0,2161960.0,-802000,-899490.0
2026-07-30,6480,福邦,070497,40000,0,14800.0,0.0,40000,14800.0
2026-07-30,6480,福邦,706121,0,999000,0.0,881530.0,-999000,-881530.0
2026-07-30,6480,福邦,709804,0,599000,0.0,299500.0,-599000,-299500.0
2026-07-30,700B,兆豐板橋,030827,0,5000,0.0,1600.0,-5000,-1600.0
2026-07-30,700B,兆豐板橋,03399T,15000,0,27750.0,0.0,15000,27750.0
2026-07-30,700B,兆豐板橋,03645T,0,2000,0.0,2900.0,-2000,-2900.0
2026-07-30,700B,兆豐板橋,03732B,150000,0,156500.0,0.0,150000,156500.0
2026-07-30,700B,兆豐板橋,056528,100000,0,56000.0,0.0,100000,56000.0
2026-07-30,700B,兆豐板橋,057557,100000,212000,277000.0,580870.0,-112000,-303870.0
2026-07-30,700B,兆豐板橋,060735,30000,20000,18200.0,13350.0,10000,4850.0
2026-07-30,700B,兆豐板橋,064774,1000,0,2700.0,0.0,1000,2700.0
2026-07-30,700B,兆豐板橋,067140,30000,0,17500.0,0.0,30000,17500.0
2026-07-30,700B,兆豐板橋,067475,1000,3000,590.0,1830.0,-2000,-1240.0
2026-07-30,700B,兆豐板橋,068212,0,450000,0.0,292500.0,-450000,-292500.0
2026-07-30,700B,兆豐板橋,069016,0,30000,0.0,16500.0,-30000,-16500.0
2026-07-30,700B,兆豐板橋,069148,0,30000,0.0,14400.0,-30000,-14400.0
2026-07-30,700B,兆豐板橋,071985,0,15000,0.0,9000.0,-15000,-9000.0
2026-07-30,700B,兆豐板橋,076501,2000,0,2010.0,0.0,2000,2010.0
2026-07-30,700B,兆豐板橋,706209,10000,0,29700.0,0.0,10000,29700.0
2026-07-30,700B,兆豐板橋,709783,130000,1807000,56400.0,782730.0,-1677000,-726330.0
2026-07-30,700B,兆豐板橋,733461,18000,40000,7740.0,24000.0,-22000,-16260.0
2026-07-30,779c,國票敦北,030580,6000,0,23200.0,0.0,6000,23200.0
2026-07-30,779c,國票敦北,047756,2000,0,13500.0,0.0,2000,13500.0
2026-07-30,779c,國票敦北,049899,0,7000,0.0,11760.0,-7000,-11760.0
2026-07-30,779c,國票敦北,051225,0,1000,0.0,780.0,-1000,-780.0
2026-07-30,779c,國票敦北,052191,100000,0,64000.0,0.0,100000,64000.0
2026-07-30,779c,國票敦北,052652,1000,0,4900.0,0.0,1000,4900.0
2026-07-30,779c,國票敦北,052786,100000,0,65000.0,0.0,100000,65000.0
2026-07-30,779c,國票敦北,053667,2000,0,9440.0,0.0,2000,9440.0
2026-07-30,779c,國票敦北,056073,1000,0,2600.0,0.0,1000,2600.0
2026-07-30,779c,國票敦北,056168,2000,0,10950.0,0.0,2000,10950.0
2026-07-30,779c,國票敦北,057748,1000,1000,370.0,370.0,0,0.0
2026-07-30,779c,國票敦北,057990,1000,0,3440.0,0.0,1000,3440.0
2026-07-30,779c,國票敦北,057992,10000,0,29900.0,0.0,10000,29900.0
2026-07-30,779c,國票敦北,059007,0,1000,0.0,340.0,-1000,-340.0
2026-07-30,779c,國票敦北,059108,40000,0,88400.0,0.0,40000,88400.0
2026-07-30,779c,國票敦北,063533,10000,0,8900.0,0.0,10000,8900.0
2026-07-30,779c,國票敦北,064372,10000,0,13900.0,0.0,10000,13900.0
2026-07-30,779c,國票敦北,065079,1000,0,4500.0,0.0,1000,4500.0
2026-07-30,779c,國票敦北,065145,1000,0,8800.0,0.0,1000,8800.0
2026-07-30,779c,國票敦北,065356,0,1000,0.0,910.0,-1000,-910.0
2026-07-30,779c,國票敦北,065371,1000,0,670.0,0.0,1000,670.0
2026-07-30,779c,國票敦北,066736,10000,0,5500.0,0.0,10000,5500.0
2026-07-30,779c,國票敦北,067079,0,1000,0.0,910.0,-1000,-910.0
2026-07-30,779c,國票敦北,067456,505000,1399000,606690.0,1751690.0,-894000,-1145000.0
2026-07-30,779c,國票敦北,067729,0,1000,0.0,740.0,-1000,-740.0
2026-07-30,779c,國票敦北,067942,1000,0,1290.0,0.0,1000,1290.0
2026-07-30,779c,國票敦北,068159,1000,0,460.0,0.0,1000,460.0
2026-07-30,779c,國票敦北,068426,400000,0,321000.0,0.0,400000,321000.0
2026-07-30,779c,國票敦北,068647,2000,0,6000.0,0.0,2000,6000.0
2026-07-30,779c,國票敦北,068664,80000,0,41600.0,0.0,80000,41600.0
2026-07-30,779c,國票敦北,069782,30000,0,2200.0,0.0,30000,2200.0
2026-07-30,779c,國票敦北,071205,4000,0,12760.0,0.0,4000,12760.0
2026-07-30,779c,國票敦北,076368,100000,0,72000.0,0.0,100000,72000.0
2026-07-30,779c,國票敦北,076373,10000,0,11500.0,0.0,10000,11500.0
2026-07-30,779c,國票敦北,076539,20000,0,15900.0,0.0,20000,15900.0
2026-07-30,779c,國票敦北,700904,9000,0,27040.0,0.0,9000,27040.0
2026-07-30,779c,國票敦北,700920,1000,0,15400.0,0.0,1000,15400.0
2026-07-30,779c,國票敦北,706522,20000,0,44400.0,0.0,20000,44400.0
2026-07-30,779c,國票敦北,708923,0,1000,0.0,510.0,-1000,-510.0
2026-07-30,779c,國票敦北,709648,0,2000,0.0,750.0,-2000,-750.0
2026-07-30,779c,國票敦北,736433,3000,0,17500.0,0.0,3000,17500.0
2026-07-30,8560,新光,03012T,64000,10000,7040.0,1500.0,54000,5540.0
2026-07-30,8560,新光,03027T,0,18000,0.0,4680.0,-18000,-4680.0
2026-07-30,8560,新光,03028T,34000,0,2210.0,0.0,34000,2210.0
2026-07-30,8560,新光,03032T,70000,87000,15890.0,28000.0,-17000,-12110.0
2026-07-30,8560,新光,03046T,0,3000,0.0,810.0,-3000,-810.0
2026-07-30,8560,新光,03051T,0,1000,0.0,410.0,-1000,-410.0
2026-07-30,8560,新光,030573,1000,0,1980.0,0.0,1000,1980.0
2026-07-30,8560,新光,03133T,0,40000,0.0,12000.0,-40000,-12000.0
2026-07-30,8560,新光,031473,0,1000,0.0,520.0,-1000,-520.0
2026-07-30,8560,新光,03159T,100000,0,100000.0,0.0,100000,100000.0
2026-07-30,8560,新光,03177T,330000,0,287100.0,0.0,330000,287100.0
2026-07-30,8560,新光,03178T,20000,0,21100.0,0.0,20000,21100.0
2026-07-30,8560,新光,03226T,0,1000,0.0,1440.0,-1000,-1440.0
2026-07-30,8560,新光,03248T,17000,0,19550.0,0.0,17000,19550.0
2026-07-30,8560,新光,03266T,10000,0,9800.0,0.0,10000,9800.0
2026-07-30,8560,新光,03273T,0,170000,0.0,73100.0,-170000,-73100.0
2026-07-30,8560,新光,03278T,0,10000,0.0,3100.0,-10000,-3100.0
2026-07-30,8560,新光,03279T,0,40000,0.0,9600.0,-40000,-9600.0
2026-07-30,8560,新光,03295T,0,177000,0.0,56640.0,-177000,-56640.0
2026-07-30,8560,新光,03326T,30000,35000,25400.0,27850.0,-5000,-2450.0
2026-07-30,8560,新光,03336T,50000,98000,58300.0,99860.0,-48000,-41560.0
2026-07-30,8560,新光,03351T,30000,120000,23250.0,81900.0,-90000,-58650.0
2026-07-30,8560,新光,03389T,0,5000,0.0,2100.0,-5000,-2100.0
2026-07-30,8560,新光,033969,10000,0,18450.0,0.0,10000,18450.0
2026-07-30,8560,新光,03410T,300000,0,471000.0,0.0,300000,471000.0
2026-07-30,8560,新光,03421T,20000,39000,31600.0,57720.0,-19000,-26120.0
2026-07-30,8560,新光,03431T,20000,19000,30800.0,27740.0,1000,3060.0
2026-07-30,8560,新光,03432T,5000,0,8800.0,0.0,5000,8800.0
2026-07-30,8560,新光,03457T,0,30000,0.0,43500.0,-30000,-43500.0
2026-07-30,8560,新光,03467T,35000,0,94750.0,0.0,35000,94750.0
2026-07-30,8560,新光,03468T,499000,0,499000.0,0.0,499000,499000.0
2026-07-30,8560,新光,03473T,0,1000,0.0,980.0,-1000,-980.0
2026-07-30,8560,新光,03478T,2000,0,2260.0,0.0,2000,2260.0
2026-07-30,8560,新光,03480T,10000,0,27200.0,0.0,10000,27200.0
2026-07-30,8560,新光,03481T,6000,0,7040.0,0.0,6000,7040.0
2026-07-30,8560,新光,03534T,0,100000,0.0,109000.0,-100000,-109000.0
2026-07-30,8560,新光,035737,0,30000,0.0,2100.0,-30000,-2100.0
2026-07-30,8560,新光,03586T,0,2000,0.0,1360.0,-2000,-1360.0
2026-07-30,8560,新光,036097,0,10000,0.0,86500.0,-10000,-86500.0
2026-07-30,8560,新光,03665T,0,10000,0.0,20300.0,-10000,-20300.0
2026-07-30,8560,新光,03732B,42000,30000,45400.0,31300.0,12000,14100.0
2026-07-30,8560,新光,03747T,10000,30000,33500.0,101900.0,-20000,-68400.0
2026-07-30,8560,新光,037497,16000,16000,15340.0,15040.0,0,300.0
2026-07-30,8560,新光,03780T,20000,0,32800.0,0.0,20000,32800.0
2026-07-30,8560,新光,03797T,10000,0,30900.0,0.0,10000,30900.0
2026-07-30,8560,新光,03815T,0,10000,0.0,23300.0,-10000,-23300.0
2026-07-30,8560,新光,038318,10000,0,12200.0,0.0,10000,12200.0
2026-07-30,8560,新光,038321,2000,0,6800.0,0.0,2000,6800.0
2026-07-30,8560,新光,03849T,75000,0,111600.0,0.0,75000,111600.0
2026-07-30,8560,新光,039004,50000,0,5500.0,0.0,50000,5500.0
2026-07-30,8560,新光,03901T,2000,2000,5100.0,5020.0,0,80.0
2026-07-30,8560,新光,03941T,5000,0,15950.0,0.0,5000,15950.0
2026-07-30,8560,新光,039946,14000,0,34700.0,0.0,14000,34700.0
2026-07-30,8560,新光,040638,0,45000,0.0,900.0,-45000,-900.0
2026-07-30,8560,新光,041059,2000,19000,3560.0,32800.0,-17000,-29240.0
2026-07-30,8560,新光,041434,0,200000,0.0,80000.0,-200000,-80000.0
2026-07-30,8560,新光,043889,1000,0,2020.0,0.0,1000,2020.0
2026-07-30,8560,新光,043891,1000,0,2400.0,0.0,1000,2400.0
2026-07-30,8560,新光,043900,2000,0,1180.0,0.0,2000,1180.0
2026-07-30,8560,新光,044404,1000,0,1000.0,0.0,1000,1000.0
2026-07-30,8560,新光,044790,0,86000,0.0,24080.0,-86000,-24080.0
2026-07-30,8560,新光,044791,10000,0,2400.0,0.0,10000,2400.0
2026-07-30,8560,新光,044793,0,2000,0.0,4000.0,-2000,-4000.0
2026-07-30,8560,新光,044800,3000,0,3390.0,0.0,3000,3390.0
2026-07-30,8560,新光,047326,0,1000,0.0,800.0,-1000,-800.0
2026-07-30,8560,新光,048102,10000,0,6900.0,0.0,10000,6900.0
2026-07-30,8560,新光,049264,5000,0,12500.0,0.0,5000,12500.0
2026-07-30,8560,新光,049787,0,20000,0.0,48000.0,-20000,-48000.0
2026-07-30,8560,新光,049904,40000,0,70500.0,0.0,40000,70500.0
2026-07-30,8560,新光,050002,20000,10000,13100.0,9900.0,10000,3200.0
2026-07-30,8560,新光,050510,10000,0,5800.0,0.0,10000,5800.0
2026-07-30,8560,新光,051259,3000,0,4950.0,0.0,3000,4950.0
2026-07-30,8560,新光,051264,12000,15000,34450.0,46300.0,-3000,-11850.0
2026-07-30,8560,新光,051633,0,120000,0.0,44200.0,-120000,-44200.0
2026-07-30,8560,新光,051666,9000,9000,9090.0,10560.0,0,-1470.0
2026-07-30,8560,新光,051721,5000,0,14050.0,0.0,5000,14050.0
2026-07-30,8560,新光,052120,10000,0,1000.0,0.0,10000,1000.0
2026-07-30,8560,新光,052139,0,120000,0.0,122230.0,-120000,-122230.0
2026-07-30,8560,新光,052190,10000,0,9900.0,0.0,10000,9900.0
2026-07-30,8560,新光,052387,30000,0,4200.0,0.0,30000,4200.0
2026-07-30,8560,新光,052825,5000,0,8200.0,0.0,5000,8200.0
2026-07-30,8560,新光,052826,7000,3000,11980.0,4950.0,4000,7030.0
2026-07-30,8560,新光,053106,0,90000,0.0,1800.0,-90000,-1800.0
2026-07-30,8560,新光,053266,11000,8000,15950.0,11600.0,3000,4350.0
2026-07-30,8560,新光,053270,3000,0,5700.0,0.0,3000,5700.0
2026-07-30,8560,新光,053320,200000,0,31000.0,0.0,200000,31000.0
2026-07-30,8560,新光,053597,100000,0,11000.0,0.0,100000,11000.0
2026-07-30,8560,新光,053835,0,1000,0.0,370.0,-1000,-370.0
2026-07-30,8560,新光,054160,0,1000,0.0,330.0,-1000,-330.0
2026-07-30,8560,新光,054216,0,5000,0.0,12600.0,-5000,-12600.0
2026-07-30,8560,新光,054288,10000,0,5100.0,0.0,10000,5100.0
2026-07-30,8560,新光,054411,262000,530000,139460.0,264690.0,-268000,-125230.0
2026-07-30,8560,新光,054454,0,2000,0.0,3920.0,-2000,-3920.0
2026-07-30,8560,新光,054457,12000,0,19380.0,0.0,12000,19380.0
2026-07-30,8560,新光,054458,11000,0,8420.0,0.0,11000,8420.0
2026-07-30,8560,新光,054473,22000,0,12540.0,0.0,22000,12540.0
2026-07-30,8560,新光,054525,1000,1000,120.0,120.0,0,0.0
2026-07-30,8560,新光,054658,6000,0,1440.0,0.0,6000,1440.0
2026-07-30,8560,新光,054920,0,2000,0.0,4160.0,-2000,-4160.0
2026-07-30,8560,新光,055081,0,1000,0.0,1110.0,-1000,-1110.0
2026-07-30,8560,新光,055160,0,2000,0.0,13250.0,-2000,-13250.0
2026-07-30,8560,新光,055260,1000,0,910.0,0.0,1000,910.0
2026-07-30,8560,新光,055273,5000,0,10200.0,0.0,5000,10200.0
2026-07-30,8560,新光,055647,0,12000,0.0,7080.0,-12000,-7080.0
2026-07-30,8560,新光,055658,10000,0,2800.0,0.0,10000,2800.0
2026-07-30,8560,新光,055769,0,4000,0.0,3200.0,-4000,-3200.0
2026-07-30,8560,新光,055826,10000,0,18200.0,0.0,10000,18200.0
2026-07-30,8560,新光,055827,11000,0,21760.0,0.0,11000,21760.0
2026-07-30,8560,新光,055842,0,3000,0.0,4740.0,-3000,-4740.0
2026-07-30,8560,新光,055901,110000,0,37000.0,0.0,110000,37000.0
2026-07-30,8560,新光,056053,0,5000,0.0,5150.0,-5000,-5150.0
2026-07-30,8560,新光,056250,33000,0,4950.0,0.0,33000,4950.0
2026-07-30,8560,新光,056578,0,20000,0.0,38800.0,-20000,-38800.0
2026-07-30,8560,新光,056656,10000,0,1500.0,0.0,10000,1500.0
2026-07-30,8560,新光,056682,0,11000,0.0,44680.0,-11000,-44680.0
2026-07-30,8560,新光,056864,4000,4000,4520.0,4200.0,0,320.0
2026-07-30,8560,新光,057154,100000,0,17900.0,0.0,100000,17900.0
2026-07-30,8560,新光,057492,10000,0,51000.0,0.0,10000,51000.0
2026-07-30,8560,新光,057511,100000,100000,98000.0,112000.0,0,-14000.0
2026-07-30,8560,新光,057525,0,100000,0.0,269000.0,-100000,-269000.0
2026-07-30,8560,新光,057527,10000,0,4000.0,0.0,10000,4000.0
2026-07-30,8560,新光,057764,0,5000,0.0,4750.0,-5000,-4750.0
2026-07-30,8560,新光,058032,10000,0,4100.0,0.0,10000,4100.0
2026-07-30,8560,新光,058075,100000,0,109000.0,0.0,100000,109000.0
2026-07-30,8560,新光,058210,2000,0,11700.0,0.0,2000,11700.0
2026-07-30,8560,新光,058227,2000,0,3440.0,0.0,2000,3440.0
2026-07-30,8560,新光,058376,10000,0,2800.0,0.0,10000,2800.0
2026-07-30,8560,新光,058586,150000,0,31000.0,0.0,150000,31000.0
2026-07-30,8560,新光,058615,10000,0,8000.0,0.0,10000,8000.0
2026-07-30,8560,新光,058909,24000,0,47040.0,0.0,24000,47040.0
2026-07-30,8560,新光,059063,1000,0,500.0,0.0,1000,500.0
2026-07-30,8560,新光,059067,10000,6000,15140.0,9180.0,4000,5960.0
2026-07-30,8560,新光,059221,45000,0,49050.0,0.0,45000,49050.0
2026-07-30,8560,新光,059250,6000,0,990.0,0.0,6000,990.0
2026-07-30,8560,新光,059634,1000,0,900.0,0.0,1000,900.0
2026-07-30,8560,新光,059649,3000,0,3420.0,0.0,3000,3420.0
2026-07-30,8560,新光,059740,0,10000,0.0,8100.0,-10000,-8100.0
2026-07-30,8560,新光,059881,0,18000,0.0,32080.0,-18000,-32080.0
2026-07-30,8560,新光,059921,32000,0,36800.0,0.0,32000,36800.0
2026-07-30,8560,新光,059965,0,2000,0.0,3080.0,-2000,-3080.0
2026-07-30,8560,新光,060522,50000,0,11000.0,0.0,50000,11000.0
2026-07-30,8560,新光,060615,0,11000,0.0,34000.0,-11000,-34000.0
2026-07-30,8560,新光,060619,10000,0,18400.0,0.0,10000,18400.0
2026-07-30,8560,新光,060676,200000,0,32000.0,0.0,200000,32000.0
2026-07-30,8560,新光,061678,10000,0,6800.0,0.0,10000,6800.0
2026-07-30,8560,新光,061944,85000,0,49700.0,0.0,85000,49700.0
2026-07-30,8560,新光,062161,0,5000,0.0,100.0,-5000,-100.0
2026-07-30,8560,新光,062195,0,58000,0.0,13920.0,-58000,-13920.0
2026-07-30,8560,新光,062201,150000,0,31500.0,0.0,150000,31500.0
2026-07-30,8560,新光,062378,0,2000,0.0,8300.0,-2000,-8300.0
2026-07-30,8560,新光,062652,80000,0,8000.0,0.0,80000,8000.0
2026-07-30,8560,新光,062689,20000,0,12800.0,0.0,20000,12800.0
2026-07-30,8560,新光,062726,0,6000,0.0,2280.0,-6000,-2280.0
2026-07-30,8560,新光,062874,50000,0,21500.0,0.0,50000,21500.0
2026-07-30,8560,新光,062911,4000,0,2040.0,0.0,4000,2040.0
2026-07-30,8560,新光,062913,0,2000,0.0,2400.0,-2000,-2400.0
2026-07-30,8560,新光,062947,0,5000,0.0,3150.0,-5000,-3150.0
2026-07-30,8560,新光,063058,0,30000,0.0,33200.0,-30000,-33200.0
2026-07-30,8560,新光,063172,1000,0,2490.0,0.0,1000,2490.0
2026-07-30,8560,新光,063280,20000,0,24200.0,0.0,20000,24200.0
2026-07-30,8560,新光,063383,20000,0,29210.0,0.0,20000,29210.0
2026-07-30,8560,新光,063390,0,1000,0.0,420.0,-1000,-420.0
2026-07-30,8560,新光,063427,7000,0,18420.0,0.0,7000,18420.0
2026-07-30,8560,新光,063451,10000,0,3000.0,0.0,10000,3000.0
2026-07-30,8560,新光,063492,0,197000,0.0,23640.0,-197000,-23640.0
2026-07-30,8560,新光,063921,0,4000,0.0,4920.0,-4000,-4920.0
2026-07-30,8560,新光,063928,264000,0,100320.0,0.0,264000,100320.0
2026-07-30,8560,新光,063973,1000,0,2920.0,0.0,1000,2920.0
2026-07-30,8560,新光,064013,0,1000,0.0,1800.0,-1000,-1800.0
2026-07-30,8560,新光,064017,9000,0,9720.0,0.0,9000,9720.0
2026-07-30,8560,新光,064179,5000,0,1600.0,0.0,5000,1600.0
2026-07-30,8560,新光,064348,1000,8000,950.0,8040.0,-7000,-7090.0
2026-07-30,8560,新光,064481,0,1000,0.0,4180.0,-1000,-4180.0
2026-07-30,8560,新光,064493,10000,0,22600.0,0.0,10000,22600.0
2026-07-30,8560,新光,064502,3000,3000,10710.0,11520.0,0,-810.0
2026-07-30,8560,新光,064514,10000,0,4400.0,0.0,10000,4400.0
2026-07-30,8560,新光,064613,0,5000,0.0,10250.0,-5000,-10250.0
2026-07-30,8560,新光,064707,107000,0,11600.0,0.0,107000,11600.0
2026-07-30,8560,新光,064762,0,1000,0.0,1260.0,-1000,-1260.0
2026-07-30,8560,新光,064774,45000,35000,120750.0,103900.0,10000,16850.0
2026-07-30,8560,新光,064775,0,5000,0.0,2150.0,-5000,-2150.0
2026-07-30,8560,新光,064829,10000,0,3300.0,0.0,10000,3300.0
2026-07-30,8560,新光,064850,5000,0,2100.0,0.0,5000,2100.0
2026-07-30,8560,新光,065058,438000,0,96160.0,0.0,438000,96160.0
2026-07-30,8560,新光,065156,0,5000,0.0,12600.0,-5000,-12600.0
2026-07-30,8560,新光,065191,3000,0,3420.0,0.0,3000,3420.0
2026-07-30,8560,新光,065230,5000,0,4850.0,0.0,5000,4850.0
2026-07-30,8560,新光,065350,5000,0,5800.0,0.0,5000,5800.0
2026-07-30,8560,新光,065417,30000,0,5700.0,0.0,30000,5700.0
2026-07-30,8560,新光,065423,488000,332000,162800.0,129480.0,156000,33320.0
2026-07-30,8560,新光,065426,0,10000,0.0,2500.0,-10000,-2500.0
2026-07-30,8560,新光,065459,10000,0,14700.0,0.0,10000,14700.0
2026-07-30,8560,新光,065464,15000,0,5550.0,0.0,15000,5550.0
2026-07-30,8560,新光,065480,15000,49000,16200.0,56240.0,-34000,-40040.0
2026-07-30,8560,新光,065483,4000,2000,7820.0,4380.0,2000,3440.0
2026-07-30,8560,新光,065517,10000,8000,46310.0,40000.0,2000,6310.0
2026-07-30,8560,新光,065541,110000,60000,69000.0,33000.0,50000,36000.0
2026-07-30,8560,新光,065595,2000,0,10530.0,0.0,2000,10530.0
2026-07-30,8560,新光,065658,10000,0,3000.0,0.0,10000,3000.0
2026-07-30,8560,新光,065724,0,1000,0.0,1690.0,-1000,-1690.0
2026-07-30,8560,新光,065850,0,2000,0.0,9600.0,-2000,-9600.0
2026-07-30,8560,新光,065957,0,10000,0.0,11860.0,-10000,-11860.0
2026-07-30,8560,新光,066055,0,1000,0.0,1650.0,-1000,-1650.0
2026-07-30,8560,新光,066063,10000,10000,12900.0,13200.0,0,-300.0
2026-07-30,8560,新光,066073,0,17000,0.0,20900.0,-17000,-20900.0
2026-07-30,8560,新光,066135,50000,0,120500.0,0.0,50000,120500.0
2026-07-30,8560,新光,066147,2000,0,2460.0,0.0,2000,2460.0
2026-07-30,8560,新光,066150,0,10000,0.0,3600.0,-10000,-3600.0
2026-07-30,8560,新光,066286,0,2000,0.0,4140.0,-2000,-4140.0
2026-07-30,8560,新光,066444,0,10000,0.0,12000.0,-10000,-12000.0
2026-07-30,8560,新光,066529,0,350000,0.0,259000.0,-350000,-259000.0
2026-07-30,8560,新光,066555,2000,1000,11900.0,7000.0,1000,4900.0
2026-07-30,8560,新光,066572,0,10000,0.0,11600.0,-10000,-11600.0
2026-07-30,8560,新光,066591,10000,0,5000.0,0.0,10000,5000.0
2026-07-30,8560,新光,066653,2000,4000,6560.0,13570.0,-2000,-7010.0
2026-07-30,8560,新光,066725,0,8000,0.0,5880.0,-8000,-5880.0
2026-07-30,8560,新光,066784,21000,0,46910.0,0.0,21000,46910.0
2026-07-30,8560,新光,06688U,14000,0,21790.0,0.0,14000,21790.0
2026-07-30,8560,新光,066897,0,1000,0.0,1100.0,-1000,-1100.0
2026-07-30,8560,新光,067010,0,2000,0.0,4820.0,-2000,-4820.0
2026-07-30,8560,新光,067053,3000,0,5010.0,0.0,3000,5010.0
2026-07-30,8560,新光,067063,0,70000,0.0,31500.0,-70000,-31500.0
2026-07-30,8560,新光,067078,108000,0,18720.0,0.0,108000,18720.0
2026-07-30,8560,新光,067080,15000,0,23000.0,0.0,15000,23000.0
2026-07-30,8560,新光,067119,0,1000,0.0,1000.0,-1000,-1000.0
2026-07-30,8560,新光,067131,0,5000,0.0,26000.0,-5000,-26000.0
2026-07-30,8560,新光,067145,70000,0,94000.0,0.0,70000,94000.0
2026-07-30,8560,新光,067298,0,5000,0.0,2050.0,-5000,-2050.0
2026-07-30,8560,新光,067396,0,20000,0.0,4400.0,-20000,-4400.0
2026-07-30,8560,新光,067441,30000,10000,16900.0,4700.0,20000,12200.0
2026-07-30,8560,新光,067444,0,13000,0.0,3900.0,-13000,-3900.0
2026-07-30,8560,新光,067476,1000,1000,2600.0,2600.0,0,0.0
2026-07-30,8560,新光,067543,0,1000,0.0,670.0,-1000,-670.0
2026-07-30,8560,新光,067599,4000,0,3040.0,0.0,4000,3040.0
2026-07-30,8560,新光,067638,448000,0,285280.0,0.0,448000,285280.0
2026-07-30,8560,新光,06763U,1000,0,120.0,0.0,1000,120.0
2026-07-30,8560,新光,067680,10000,0,3700.0,0.0,10000,3700.0
2026-07-30,8560,新光,067707,0,18000,0.0,9180.0,-18000,-9180.0
2026-07-30,8560,新光,067708,0,2000,0.0,820.0,-2000,-820.0
2026-07-30,8560,新光,067745,10000,0,6650.0,0.0,10000,6650.0
2026-07-30,8560,新光,067791,0,20000,0.0,18140.0,-20000,-18140.0
2026-07-30,8560,新光,067814,50000,0,45500.0,0.0,50000,45500.0
2026-07-30,8560,新光,067834,40000,0,24000.0,0.0,40000,24000.0
2026-07-30,8560,新光,067888,0,3000,0.0,3810.0,-3000,-3810.0
2026-07-30,8560,新光,067943,10000,0,5700.0,0.0,10000,5700.0
2026-07-30,8560,新光,067944,0,2000,0.0,2920.0,-2000,-2920.0
2026-07-30,8560,新光,067987,0,9000,0.0,5560.0,-9000,-5560.0
2026-07-30,8560,新光,067992,173000,0,153970.0,0.0,173000,153970.0
2026-07-30,8560,新光,067995,10000,0,8200.0,0.0,10000,8200.0
2026-07-30,8560,新光,067997,130000,0,76700.0,0.0,130000,76700.0
2026-07-30,8560,新光,067999,1000,0,700.0,0.0,1000,700.0
2026-07-30,8560,新光,068000,70000,0,41500.0,0.0,70000,41500.0
2026-07-30,8560,新光,068002,15000,0,13550.0,0.0,15000,13550.0
2026-07-30,8560,新光,068053,6000,0,780.0,0.0,6000,780.0
2026-07-30,8560,新光,068069,499000,0,279440.0,0.0,499000,279440.0
2026-07-30,8560,新光,068095,5000,0,1900.0,0.0,5000,1900.0
2026-07-30,8560,新光,068247,1000,0,470.0,0.0,1000,470.0
2026-07-30,8560,新光,068312,3000,0,2610.0,0.0,3000,2610.0
2026-07-30,8560,新光,068325,0,4000,0.0,2280.0,-4000,-2280.0
2026-07-30,8560,新光,068342,10000,50000,23600.0,116000.0,-40000,-92400.0
2026-07-30,8560,新光,068346,0,10000,0.0,6800.0,-10000,-6800.0
2026-07-30,8560,新光,068451,0,10000,0.0,8300.0,-10000,-8300.0
2026-07-30,8560,新光,068464,0,5000,0.0,3950.0,-5000,-3950.0
2026-07-30,8560,新光,068486,0,50000,0.0,32500.0,-50000,-32500.0
2026-07-30,8560,新光,068576,1000,1000,14300.0,13700.0,0,600.0
2026-07-30,8560,新光,068590,0,4000,0.0,9440.0,-4000,-9440.0
2026-07-30,8560,新光,068701,4000,0,2280.0,0.0,4000,2280.0
2026-07-30,8560,新光,068764,34000,0,11420.0,0.0,34000,11420.0
2026-07-30,8560,新光,068912,15000,0,9390.0,0.0,15000,9390.0
2026-07-30,8560,新光,068971,236000,0,49840.0,0.0,236000,49840.0
2026-07-30,8560,新光,068980,5000,120000,6000.0,127200.0,-115000,-121200.0
2026-07-30,8560,新光,069018,46000,46000,23000.0,26220.0,0,-3220.0
2026-07-30,8560,新光,069083,2000,0,2370.0,0.0,2000,2370.0
2026-07-30,8560,新光,069118,20000,0,25000.0,0.0,20000,25000.0
2026-07-30,8560,新光,069180,10000,0,800.0,0.0,10000,800.0
2026-07-30,8560,新光,069257,10000,0,8500.0,0.0,10000,8500.0
2026-07-30,8560,新光,069449,40000,0,6000.0,0.0,40000,6000.0
2026-07-30,8560,新光,069451,28000,0,14840.0,0.0,28000,14840.0
2026-07-30,8560,新光,069509,2000,2000,10500.0,11450.0,0,-950.0
2026-07-30,8560,新光,069585,0,21000,0.0,42630.0,-21000,-42630.0
2026-07-30,8560,新光,069668,0,30000,0.0,8700.0,-30000,-8700.0
2026-07-30,8560,新光,069684,2000,0,1620.0,0.0,2000,1620.0
2026-07-30,8560,新光,069722,0,70000,0.0,45500.0,-70000,-45500.0
2026-07-30,8560,新光,069738,0,10000,0.0,4700.0,-10000,-4700.0
2026-07-30,8560,新光,069810,0,120000,0.0,39600.0,-120000,-39600.0
2026-07-30,8560,新光,069944,7000,9000,30150.0,37780.0,-2000,-7630.0
2026-07-30,8560,新光,070053,0,29000,0.0,5800.0,-29000,-5800.0
2026-07-30,8560,新光,070062,10000,0,5800.0,0.0,10000,5800.0
2026-07-30,8560,新光,070131,320000,0,277600.0,0.0,320000,277600.0
2026-07-30,8560,新光,070163,20000,0,5600.0,0.0,20000,5600.0
2026-07-30,8560,新光,070217,30000,0,17700.0,0.0,30000,17700.0
2026-07-30,8560,新光,070218,10000,0,4300.0,0.0,10000,4300.0
2026-07-30,8560,新光,070235,0,40000,0.0,26400.0,-40000,-26400.0
2026-07-30,8560,新光,070323,4000,0,2100.0,0.0,4000,2100.0
2026-07-30,8560,新光,070348,800000,400000,311000.0,168000.0,400000,143000.0
2026-07-30,8560,新光,070453,1000,0,430.0,0.0,1000,430.0
2026-07-30,8560,新光,070455,0,20000,0.0,11800.0,-20000,-11800.0
2026-07-30,8560,新光,070797,0,60000,0.0,17400.0,-60000,-17400.0
2026-07-30,8560,新光,070800,0,10000,0.0,7000.0,-10000,-7000.0
2026-07-30,8560,新光,070878,0,10000,0.0,10000.0,-10000,-10000.0
2026-07-30,8560,新光,070962,10000,0,5800.0,0.0,10000,5800.0
2026-07-30,8560,新光,071019,2000,0,980.0,0.0,2000,980.0
2026-07-30,8560,新光,071062,1000,0,940.0,0.0,1000,940.0
2026-07-30,8560,新光,071134,600000,600000,497000.0,511010.0,0,-14010.0
2026-07-30,8560,新光,071254,0,3000,0.0,2400.0,-3000,-2400.0
2026-07-30,8560,新光,071352,15000,20000,10200.0,14800.0,-5000,-4600.0
2026-07-30,8560,新光,071425,0,8000,0.0,2880.0,-8000,-2880.0
2026-07-30,8560,新光,071582,1000,1000,1500.0,1500.0,0,0.0
2026-07-30,8560,新光,071646,1000,0,1280.0,0.0,1000,1280.0
2026-07-30,8560,新光,071682,20000,0,10000.0,0.0,20000,10000.0
2026-07-30,8560,新光,072064,140000,0,34800.0,0.0,140000,34800.0
2026-07-30,8560,新光,072249,2000,0,1960.0,0.0,2000,1960.0
2026-07-30,8560,新光,072461,10000,5000,16600.0,8650.0,5000,7950.0
2026-07-30,8560,新光,072463,20000,20000,10300.0,11800.0,0,-1500.0
2026-07-30,8560,新光,072486,40000,0,44100.0,0.0,40000,44100.0
2026-07-30,8560,新光,072522,3000,0,720.0,0.0,3000,720.0
2026-07-30,8560,新光,072750,10000,0,2200.0,0.0,10000,2200.0
2026-07-30,8560,新光,072875,40000,0,5200.0,0.0,40000,5200.0
2026-07-30,8560,新光,073395,0,1000,0.0,450.0,-1000,-450.0
2026-07-30,8560,新光,073523,0,8000,0.0,1600.0,-8000,-1600.0
2026-07-30,8560,新光,073871,310000,0,402500.0,0.0,310000,402500.0
2026-07-30,8560,新光,073884,5000,0,8300.0,0.0,5000,8300.0
2026-07-30,8560,新光,074303,5000,0,11340.0,0.0,5000,11340.0
2026-07-30,8560,新光,074675,0,200000,0.0,140000.0,-200000,-140000.0
2026-07-30,8560,新光,074742,5000,0,6110.0,0.0,5000,6110.0
2026-07-30,8560,新光,075003,0,2000,0.0,1080.0,-2000,-1080.0
2026-07-30,8560,新光,075375,10000,20000,11200.0,20500.0,-10000,-9300.0
2026-07-30,8560,新光,075425,45000,0,19200.0,0.0,45000,19200.0
2026-07-30,8560,新光,075561,0,8000,0.0,4800.0,-8000,-4800.0
2026-07-30,8560,新光,075717,0,11000,0.0,3850.0,-11000,-3850.0
2026-07-30,8560,新光,075819,0,120000,0.0,45600.0,-120000,-45600.0
2026-07-30,8560,新光,076024,0,10000,0.0,35250.0,-10000,-35250.0
2026-07-30,8560,新光,076194,5000,0,2300.0,0.0,5000,2300.0
2026-07-30,8560,新光,076286,10000,0,3250.0,0.0,10000,3250.0
2026-07-30,8560,新光,076399,0,10000,0.0,4800.0,-10000,-4800.0
2026-07-30,8560,新光,076427,5000,0,4750.0,0.0,5000,4750.0
2026-07-30,8560,新光,076498,0,100000,0.0,85000.0,-100000,-85000.0
2026-07-30,8560,新光,076500,5000,0,7800.0,0.0,5000,7800.0
2026-07-30,8560,新光,076508,310000,0,252400.0,0.0,310000,252400.0
2026-07-30,8560,新光,076616,20000,0,8800.0,0.0,20000,8800.0
2026-07-30,8560,新光,076775,5000,0,5700.0,0.0,5000,5700.0
2026-07-30,8560,新光,077141,18000,0,14520.0,0.0,18000,14520.0
2026-07-30,8560,新光,07986U,0,70000,0.0,4900.0,-70000,-4900.0
2026-07-30,8560,新光,08058U,10000,0,28610.0,0.0,10000,28610.0
2026-07-30,8560,新光,08092U,52000,1000,4260.0,110.0,51000,4150.0
2026-07-30,8560,新光,08144U,10000,91000,1200.0,8610.0,-81000,-7410.0
2026-07-30,8560,新光,08258U,0,90000,0.0,17500.0,-90000,-17500.0
2026-07-30,8560,新光,08263U,16000,0,53680.0,0.0,16000,53680.0
2026-07-30,8560,新光,08268U,175000,0,230810.0,0.0,175000,230810.0
2026-07-30,8560,新光,08296U,1000,0,340.0,0.0,1000,340.0
2026-07-30,8560,新光,08311U,0,10000,0.0,100.0,-10000,-100.0
2026-07-30,8560,新光,08320U,70000,0,67880.0,0.0,70000,67880.0
2026-07-30,8560,新光,08345U,97000,207000,13200.0,34210.0,-110000,-21010.0
2026-07-30,8560,新光,08499U,25000,0,1000.0,0.0,25000,1000.0
2026-07-30,8560,新光,08663U,0,97000,0.0,9670.0,-97000,-9670.0
2026-07-30,8560,新光,08796U,20000,0,8400.0,0.0,20000,8400.0
2026-07-30,8560,新光,088418,0,5000,0.0,6800.0,-5000,-6800.0
2026-07-30,8560,新光,08844U,0,50000,0.0,5000.0,-50000,-5000.0
2026-07-30,8560,新光,08865U,0,60000,0.0,10200.0,-60000,-10200.0
2026-07-30,8560,新光,08927U,0,10000,0.0,3000.0,-10000,-3000.0
2026-07-30,8560,新光,08929U,0,10000,0.0,1400.0,-10000,-1400.0
2026-07-30,8560,新光,08931U,300000,0,348000.0,0.0,300000,348000.0
2026-07-30,8560,新光,08936U,0,40000,0.0,7100.0,-40000,-7100.0
2026-07-30,8560,新光,08948U,272000,0,26140.0,0.0,272000,26140.0
2026-07-30,8560,新光,08949U,0,1000,0.0,320.0,-1000,-320.0
2026-07-30,8560,新光,700186,10000,10000,1100.0,1200.0,0,-100.0
2026-07-30,8560,新光,700900,0,13000,0.0,2940.0,-13000,-2940.0
2026-07-30,8560,新光,703368,12000,10000,44460.0,32700.0,2000,11760.0
2026-07-30,8560,新光,703971,1000,0,260.0,0.0,1000,260.0
2026-07-30,8560,新光,704203,2000,0,1720.0,0.0,2000,1720.0
2026-07-30,8560,新光,704207,0,15000,0.0,37950.0,-15000,-37950.0
2026-07-30,8560,新光,704370,2000,0,1220.0,0.0,2000,1220.0
2026-07-30,8560,新光,705199,30000,0,9600.0,0.0,30000,9600.0
2026-07-30,8560,新光,705391,10000,0,3700.0,0.0,10000,3700.0
2026-07-30,8560,新光,705505,20000,0,4800.0,0.0,20000,4800.0
2026-07-30,8560,新光,705758,0,10000,0.0,17000.0,-10000,-17000.0
2026-07-30,8560,新光,706133,0,4000,0.0,1240.0,-4000,-1240.0
2026-07-30,8560,新光,706953,0,20000,0.0,17800.0,-20000,-17800.0
2026-07-30,8560,新光,707063,0,100000,0.0,190000.0,-100000,-190000.0
2026-07-30,8560,新光,707112,350000,0,168000.0,0.0,350000,168000.0
2026-07-30,8560,新光,707126,3000,0,7950.0,0.0,3000,7950.0
2026-07-30,8560,新光,707166,1000,0,3130.0,0.0,1000,3130.0
2026-07-30,8560,新光,707293,0,40000,0.0,16800.0,-40000,-16800.0
2026-07-30,8560,新光,707335,3000,0,3000.0,0.0,3000,3000.0
2026-07-30,8560,新光,707336,200000,0,208000.0,0.0,200000,208000.0
2026-07-30,8560,新光,707374,1000,0,870.0,0.0,1000,870.0
2026-07-30,8560,新光,707515,2000,0,600.0,0.0,2000,600.0
2026-07-30,8560,新光,707589,0,10000,0.0,2800.0,-10000,-2800.0
2026-07-30,8560,新光,707828,0,20000,0.0,20200.0,-20000,-20200.0
2026-07-30,8560,新光,707858,140000,0,67300.0,0.0,140000,67300.0
2026-07-30,8560,新光,707931,1000,0,3480.0,0.0,1000,3480.0
2026-07-30,8560,新光,707964,1000,0,70.0,0.0,1000,70.0
2026-07-30,8560,新光,708076,6000,3000,3090.0,1590.0,3000,1500.0
2026-07-30,8560,新光,708083,10000,0,3900.0,0.0,10000,3900.0
2026-07-30,8560,新光,708087,10000,0,3000.0,0.0,10000,3000.0
2026-07-30,8560,新光,708105,20000,0,4200.0,0.0,20000,4200.0
2026-07-30,8560,新光,708170,0,2000,0.0,340.0,-2000,-340.0
2026-07-30,8560,新光,708268,20000,0,11500.0,0.0,20000,11500.0
2026-07-30,8560,新光,708463,85000,0,48450.0,0.0,85000,48450.0
2026-07-30,8560,新光,708473,7000,0,5800.0,0.0,7000,5800.0
2026-07-30,8560,新光,708486,0,4000,0.0,10050.0,-4000,-10050.0
2026-07-30,8560,新光,708521,10000,0,8500.0,0.0,10000,8500.0
2026-07-30,8560,新光,708532,50000,2000,49500.0,2100.0,48000,47400.0
2026-07-30,8560,新光,708547,5000,0,1700.0,0.0,5000,1700.0
2026-07-30,8560,新光,708588,0,4000,0.0,410.0,-4000,-410.0
2026-07-30,8560,新光,708659,0,50000,0.0,27500.0,-50000,-27500.0
2026-07-30,8560,新光,708668,300000,0,254000.0,0.0,300000,254000.0
2026-07-30,8560,新光,708755,50000,0,92000.0,0.0,50000,92000.0
2026-07-30,8560,新光,708775,100000,0,57000.0,0.0,100000,57000.0
2026-07-30,8560,新光,708777,0,80000,0.0,59200.0,-80000,-59200.0
2026-07-30,8560,新光,708815,20000,0,4600.0,0.0,20000,4600.0
2026-07-30,8560,新光,708828,0,30000,0.0,11100.0,-30000,-11100.0
2026-07-30,8560,新光,709023,20000,0,48700.0,0.0,20000,48700.0
2026-07-30,8560,新光,709071,0,20000,0.0,10600.0,-20000,-10600.0
2026-07-30,8560,新光,709101,5000,0,21100.0,0.0,5000,21100.0
2026-07-30,8560,新光,709136,40000,0,5600.0,0.0,40000,5600.0
2026-07-30,8560,新光,709171,0,15000,0.0,5400.0,-15000,-5400.0
2026-07-30,8560,新光,709192,22000,0,10850.0,0.0,22000,10850.0
2026-07-30,8560,新光,709313,0,1000,0.0,880.0,-1000,-880.0
2026-07-30,8560,新光,709484,0,10000,0.0,2800.0,-10000,-2800.0
2026-07-30,8560,新光,709503,100000,0,14000.0,0.0,100000,14000.0
2026-07-30,8560,新光,709561,30000,0,4500.0,0.0,30000,4500.0
2026-07-30,8560,新光,709709,1000,1000,600.0,600.0,0,0.0
2026-07-30,8560,新光,709783,50000,0,22500.0,0.0,50000,22500.0
2026-07-30,8560,新光,709792,0,12000,0.0,45420.0,-12000,-45420.0
2026-07-30,8560,新光,709832,0,1000,0.0,690.0,-1000,-690.0
2026-07-30,8560,新光,710266,1000,0,90.0,0.0,1000,90.0
2026-07-30,8560,新光,710403,30000,0,9000.0,0.0,30000,9000.0
2026-07-30,8560,新光,710422,0,122000,0.0,89060.0,-122000,-89060.0
2026-07-30,8560,新光,710457,10000,0,7500.0,0.0,10000,7500.0
2026-07-30,8560,新光,710515,15000,0,11100.0,0.0,15000,11100.0
2026-07-30,8560,新光,710552,10000,0,4650.0,0.0,10000,4650.0
2026-07-30,8560,新光,710905,76000,0,48640.0,0.0,76000,48640.0
2026-07-30,8560,新光,710964,0,190000,0.0,114400.0,-190000,-114400.0
2026-07-30,8560,新光,711054,0,20000,0.0,32200.0,-20000,-32200.0
2026-07-30,8560,新光,711367,50000,0,13900.0,0.0,50000,13900.0
2026-07-30,8560,新光,711501,0,80000,0.0,138700.0,-80000,-138700.0
2026-07-30,8560,新光,711928,25000,0,22500.0,0.0,25000,22500.0
2026-07-30,8560,新光,72725U,0,399000,0.0,3990.0,-399000,-3990.0
2026-07-30,8560,新光,72777U,35000,0,5600.0,0.0,35000,5600.0
2026-07-30,8560,新光,72782U,5000,0,3500.0,0.0,5000,3500.0
2026-07-30,8560,新光,72798U,10000,0,8910.0,0.0,10000,8910.0
2026-07-30,8560,新光,72823U,1000,0,220.0,0.0,1000,220.0
2026-07-30,8560,新光,72834U,0,25000,0.0,500.0,-25000,-500.0
2026-07-30,8560,新光,72853U,5000,0,6750.0,0.0,5000,6750.0
2026-07-30,8560,新光,72856U,2000,0,1060.0,0.0,2000,1060.0
2026-07-30,8560,新光,72883U,10000,0,13000.0,0.0,10000,13000.0
2026-07-30,8560,新光,72933U,10000,0,34110.0,0.0,10000,34110.0
2026-07-30,8560,新光,72938U,12000,0,19260.0,0.0,12000,19260.0
2026-07-30,8560,新光,72978U,0,6000,0.0,6600.0,-6000,-6600.0
2026-07-30,8560,新光,72988U,2000,0,2040.0,0.0,2000,2040.0
2026-07-30,8560,新光,733461,17000,0,8950.0,0.0,17000,8950.0
2026-07-30,9135,群益東大,03035X,10000,0,128000.0,0.0,10000,128000.0
2026-07-30,9135,群益東大,03036T,20000,0,5600.0,0.0,20000,5600.0
2026-07-30,9135,群益東大,03255T,0,60000,0.0,44400.0,-60000,-44400.0
2026-07-30,9135,群益東大,03257T,0,7000,0.0,11130.0,-7000,-11130.0
2026-07-30,9135,群益東大,03269T,10000,0,5900.0,0.0,10000,5900.0
2026-07-30,9135,群益東大,03360T,5000,0,4950.0,0.0,5000,4950.0
2026-07-30,9135,群益東大,03371T,0,1000,0.0,340.0,-1000,-340.0
2026-07-30,9135,群益東大,03396T,0,1000,0.0,1040.0,-1000,-1040.0
2026-07-30,9135,群益東大,03477T,0,10000,0.0,12000.0,-10000,-12000.0
2026-07-30,9135,群益東大,03690T,6000,0,9240.0,0.0,6000,9240.0
2026-07-30,9135,群益東大,039472,2000,0,460.0,0.0,2000,460.0
2026-07-30,9135,群益東大,040414,25000,0,100250.0,0.0,25000,100250.0
2026-07-30,9135,群益東大,048097,1000,0,370.0,0.0,1000,370.0
2026-07-30,9135,群益東大,051437,11000,0,770.0,0.0,11000,770.0
2026-07-30,9135,群益東大,057291,5000,0,14350.0,0.0,5000,14350.0
2026-07-30,9135,群益東大,057477,50000,0,52750.0,0.0,50000,52750.0
2026-07-30,9135,群益東大,057525,0,9000,0.0,20340.0,-9000,-20340.0
2026-07-30,9135,群益東大,057748,1000,0,400.0,0.0,1000,400.0
2026-07-30,9135,群益東大,057857,5000,0,7200.0,0.0,5000,7200.0
2026-07-30,9135,群益東大,057990,0,1000,0.0,3440.0,-1000,-3440.0
2026-07-30,9135,群益東大,058795,22000,0,9680.0,0.0,22000,9680.0
2026-07-30,9135,群益東大,059017,2000,0,2450.0,0.0,2000,2450.0
2026-07-30,9135,群益東大,060073,0,100000,0.0,256400.0,-100000,-256400.0
2026-07-30,9135,群益東大,061944,25000,0,13750.0,0.0,25000,13750.0
2026-07-30,9135,群益東大,062689,0,10000,0.0,6400.0,-10000,-6400.0
2026-07-30,9135,群益東大,062806,0,15000,0.0,15950.0,-15000,-15950.0
2026-07-30,9135,群益東大,064013,4000,0,7500.0,0.0,4000,7500.0
2026-07-30,9135,群益東大,064535,0,15000,0.0,36750.0,-15000,-36750.0
2026-07-30,9135,群益東大,064665,0,1000,0.0,210.0,-1000,-210.0
2026-07-30,9135,群益東大,064764,0,2000,0.0,2560.0,-2000,-2560.0
2026-07-30,9135,群益東大,065364,0,5000,0.0,14400.0,-5000,-14400.0
2026-07-30,9135,群益東大,065459,0,12000,0.0,15360.0,-12000,-15360.0
2026-07-30,9135,群益東大,065483,1000,0,1650.0,0.0,1000,1650.0
2026-07-30,9135,群益東大,066556,25000,0,47850.0,0.0,25000,47850.0
2026-07-30,9135,群益東大,066594,5000,0,4250.0,0.0,5000,4250.0
2026-07-30,9135,群益東大,066722,50000,0,7000.0,0.0,50000,7000.0
2026-07-30,9135,群益東大,067179,30000,0,10900.0,0.0,30000,10900.0
2026-07-30,9135,群益東大,067803,30000,0,15300.0,0.0,30000,15300.0
2026-07-30,9135,群益東大,068014,0,4000,0.0,2240.0,-4000,-2240.0
2026-07-30,9135,群益東大,068160,1000,0,500.0,0.0,1000,500.0
2026-07-30,9135,群益東大,068537,20000,0,14000.0,0.0,20000,14000.0
2026-07-30,9135,群益東大,069189,1000,0,600.0,0.0,1000,600.0
2026-07-30,9135,群益東大,069632,0,10000,0.0,7000.0,-10000,-7000.0
2026-07-30,9135,群益東大,070235,100000,0,74000.0,0.0,100000,74000.0
2026-07-30,9135,群益東大,070945,30000,0,26200.0,0.0,30000,26200.0
2026-07-30,9135,群益東大,070947,4000,0,2920.0,0.0,4000,2920.0
2026-07-30,9135,群益東大,071033,10000,0,3700.0,0.0,10000,3700.0
2026-07-30,9135,群益東大,071082,10000,0,1700.0,0.0,10000,1700.0
2026-07-30,9135,群益東大,071504,15000,0,10500.0,0.0,15000,10500.0
2026-07-30,9135,群益東大,072031,0,1000,0.0,620.0,-1000,-620.0
2026-07-30,9135,群益東大,072040,30000,0,6000.0,0.0,30000,6000.0
2026-07-30,9135,群益東大,072548,10000,0,13300.0,0.0,10000,13300.0
2026-07-30,9135,群益東大,072552,50000,0,36000.0,0.0,50000,36000.0
2026-07-30,9135,群益東大,072610,0,7000,0.0,7350.0,-7000,-7350.0
2026-07-30,9135,群益東大,073730,0,12000,0.0,12120.0,-12000,-12120.0
2026-07-30,9135,群益東大,073848,0,15000,0.0,10050.0,-15000,-10050.0
2026-07-30,9135,群益東大,075013,0,12000,0.0,13440.0,-12000,-13440.0
2026-07-30,9135,群益東大,076184,0,1000,0.0,300.0,-1000,-300.0
2026-07-30,9135,群益東大,076658,0,15000,0.0,9450.0,-15000,-9450.0
2026-07-30,9135,群益東大,077858,40000,0,93800.0,0.0,40000,93800.0
2026-07-30,9135,群益東大,08465U,0,17000,0.0,2040.0,-17000,-2040.0
2026-07-30,9135,群益東大,704353,0,225000,0.0,162000.0,-225000,-162000.0
2026-07-30,9135,群益東大,705555,1000,0,2080.0,0.0,1000,2080.0
2026-07-30,9135,群益東大,705931,1000,0,1500.0,0.0,1000,1500.0
2026-07-30,9135,群益東大,707038,1000,0,600.0,0.0,1000,600.0
2026-07-30,9135,群益東大,708516,16000,0,20260.0,0.0,16000,20260.0
2026-07-30,9135,群益東大,708588,30000,0,3000.0,0.0,30000,3000.0
2026-07-30,9135,群益東大,709430,1000,0,200.0,0.0,1000,200.0
2026-07-30,9135,群益東大,710049,0,10000,0.0,4500.0,-10000,-4500.0
2026-07-30,9135,群益東大,710420,1000,1000,300.0,300.0,0,0.0
2026-07-30,9135,群益東大,710506,0,10000,0.0,3600.0,-10000,-3600.0
2026-07-30,9135,群益東大,711506,6000,0,9420.0,0.0,6000,9420.0
2026-07-30,9135,群益東大,711591,32000,0,44460.0,0.0,32000,44460.0
2026-07-30,9135,群益東大,72724U,100000,0,5000.0,0.0,100000,5000.0
2026-07-30,9135,群益東大,72882U,8000,0,7600.0,0.0,8000,7600.0
2026-07-30,9135,群益東大,734287,5000,0,5550.0,0.0,5000,5550.0
2026-07-30,9186,群益新竹,030573,10000,0,19800.0,0.0,10000,19800.0
2026-07-30,9186,群益新竹,03070T,0,30000,0.0,7500.0,-30000,-7500.0
2026-07-30,9186,群益新竹,03296T,0,1000,0.0,820.0,-1000,-820.0
2026-07-30,9186,群益新竹,03373T,0,50000,0.0,25000.0,-50000,-25000.0
2026-07-30,9186,群益新竹,03465T,1000,0,2110.0,0.0,1000,2110.0
2026-07-30,9186,群益新竹,03641T,0,1000,0.0,2320.0,-1000,-2320.0
2026-07-30,9186,群益新竹,042207,0,20000,0.0,12000.0,-20000,-12000.0
2026-07-30,9186,群益新竹,052547,0,5000,0.0,750.0,-5000,-750.0
2026-07-30,9186,群益新竹,052966,4000,0,1600.0,0.0,4000,1600.0
2026-07-30,9186,群益新竹,053855,3000,0,81900.0,0.0,3000,81900.0
2026-07-30,9186,群益新竹,054555,4000,0,5400.0,0.0,4000,5400.0
2026-07-30,9186,群益新竹,060235,0,10000,0.0,9300.0,-10000,-9300.0
2026-07-30,9186,群益新竹,060615,14000,0,48020.0,0.0,14000,48020.0
2026-07-30,9186,群益新竹,060619,10000,0,18300.0,0.0,10000,18300.0
2026-07-30,9186,群益新竹,062707,1000,0,1020.0,0.0,1000,1020.0
2026-07-30,9186,群益新竹,063081,200000,50000,112500.0,29000.0,150000,83500.0
2026-07-30,9186,群益新竹,063318,1000,0,1000.0,0.0,1000,1000.0
2026-07-30,9186,群益新竹,063599,1000,0,560.0,0.0,1000,560.0
2026-07-30,9186,群益新竹,063703,20000,0,33400.0,0.0,20000,33400.0
2026-07-30,9186,群益新竹,063842,3000,0,2970.0,0.0,3000,2970.0
2026-07-30,9186,群益新竹,065275,13000,40000,3690.0,11570.0,-27000,-7880.0
2026-07-30,9186,群益新竹,065423,100000,0,30000.0,0.0,100000,30000.0
2026-07-30,9186,群益新竹,065467,0,7000,0.0,11340.0,-7000,-11340.0
2026-07-30,9186,群益新竹,065605,0,92000,0.0,22280.0,-92000,-22280.0
2026-07-30,9186,群益新竹,065661,16000,0,9360.0,0.0,16000,9360.0
2026-07-30,9186,群益新竹,066083,8000,48000,2320.0,17760.0,-40000,-15440.0
2026-07-30,9186,群益新竹,066235,499000,549000,678640.0,724680.0,-50000,-46040.0
2026-07-30,9186,群益新竹,066664,4000,0,3600.0,0.0,4000,3600.0
2026-07-30,9186,群益新竹,066782,8000,100000,3760.0,53680.0,-92000,-49920.0
2026-07-30,9186,群益新竹,066783,8000,0,3040.0,0.0,8000,3040.0
2026-07-30,9186,群益新竹,069018,100000,0,57000.0,0.0,100000,57000.0
2026-07-30,9186,群益新竹,069566,1000,0,90.0,0.0,1000,90.0
2026-07-30,9186,群益新竹,069851,30000,0,21900.0,0.0,30000,21900.0
2026-07-30,9186,群益新竹,071102,0,25000,0.0,29500.0,-25000,-29500.0
2026-07-30,9186,群益新竹,076929,3000,0,2970.0,0.0,3000,2970.0
2026-07-30,9186,群益新竹,077113,50000,0,18500.0,0.0,50000,18500.0
2026-07-30,9186,群益新竹,08144U,3000,0,270.0,0.0,3000,270.0
2026-07-30,9186,群益新竹,08752U,0,50000,0.0,35000.0,-50000,-35000.0
2026-07-30,9186,群益新竹,705555,0,4000,0.0,8320.0,-4000,-8320.0
2026-07-30,9186,群益新竹,707681,0,2000,0.0,2600.0,-2000,-2600.0
2026-07-30,9186,群益新竹,707701,4000,0,2480.0,0.0,4000,2480.0
2026-07-30,9186,群益新竹,708684,10000,0,1500.0,0.0,10000,1500.0
2026-07-30,9186,群益新竹,708843,3000,6000,4820.0,9180.0,-3000,-4360.0
2026-07-30,9186,群益新竹,708945,3000,0,1800.0,0.0,3000,1800.0
2026-07-30,9186,群益新竹,709004,0,15000,0.0,16600.0,-15000,-16600.0
2026-07-30,9186,群益新竹,711169,40000,0,15200.0,0.0,40000,15200.0
2026-07-30,9186,群益新竹,72665U,0,1000,0.0,10.0,-1000,-10.0
2026-07-30,918C,群益古亭,03262T,0,100000,0.0,122000.0,-100000,-122000.0
2026-07-30,918C,群益古亭,037250,0,10000,0.0,100.0,-10000,-100.0
2026-07-30,918C,群益古亭,041611,10000,0,8700.0,0.0,10000,8700.0
2026-07-30,918C,群益古亭,052028,0,10000,0.0,20700.0,-10000,-20700.0
2026-07-30,918C,群益古亭,052181,30000,0,21900.0,0.0,30000,21900.0
2026-07-30,918C,群益古亭,053518,10000,0,9600.0,0.0,10000,9600.0
2026-07-30,918C,群益古亭,054487,30000,0,26700.0,0.0,30000,26700.0
2026-07-30,918C,群益古亭,065025,1000,0,200.0,0.0,1000,200.0
2026-07-30,918C,群益古亭,065328,20000,0,38200.0,0.0,20000,38200.0
2026-07-30,918C,群益古亭,065423,5000,0,1500.0,0.0,5000,1500.0
2026-07-30,918C,群益古亭,065459,0,4000,0.0,5880.0,-4000,-5880.0
2026-07-30,918C,群益古亭,065671,10000,0,17000.0,0.0,10000,17000.0
2026-07-30,918C,群益古亭,067323,10000,0,10800.0,0.0,10000,10800.0
2026-07-30,918C,群益古亭,067994,0,20000,0.0,22800.0,-20000,-22800.0
2026-07-30,918C,群益古亭,067997,0,30000,0.0,19900.0,-30000,-19900.0
2026-07-30,918C,群益古亭,067998,11000,0,6600.0,0.0,11000,6600.0
2026-07-30,918C,群益古亭,068001,0,30000,0.0,18000.0,-30000,-18000.0
2026-07-30,918C,群益古亭,068104,10000,0,11700.0,0.0,10000,11700.0
2026-07-30,918C,群益古亭,071589,100000,0,67000.0,0.0,100000,67000.0
2026-07-30,918C,群益古亭,072543,100000,0,126000.0,0.0,100000,126000.0
2026-07-30,918C,群益古亭,074675,0,200000,0.0,133000.0,-200000,-133000.0
2026-07-30,918C,群益古亭,075021,20000,0,7600.0,0.0,20000,7600.0
2026-07-30,918C,群益古亭,075077,200000,0,101000.0,0.0,200000,101000.0
2026-07-30,918C,群益古亭,707336,1000,0,1070.0,0.0,1000,1070.0
2026-07-30,918C,群益古亭,711109,25000,0,10750.0,0.0,25000,10750.0
2026-07-30,918C,群益古亭,736160,2000,0,13700.0,0.0,2000,13700.0
2026-07-30,920H,凱基基隆,03276T,50000,0,41000.0,0.0,50000,41000.0
2026-07-30,920H,凱基基隆,03642T,0,100000,0.0,241000.0,-100000,-241000.0
2026-07-30,920H,凱基基隆,038317,10000,0,26250.0,0.0,10000,26250.0
2026-07-30,920H,凱基基隆,052245,150000,0,31500.0,0.0,150000,31500.0
2026-07-30,920H,凱基基隆,057070,0,10000,0.0,88000.0,-10000,-88000.0
2026-07-30,920H,凱基基隆,059565,100000,0,16000.0,0.0,100000,16000.0
2026-07-30,920H,凱基基隆,062425,10000,0,5900.0,0.0,10000,5900.0
2026-07-30,920H,凱基基隆,063469,1000,0,800.0,0.0,1000,800.0
2026-07-30,920H,凱基基隆,065031,0,21000,0.0,3400.0,-21000,-3400.0
2026-07-30,920H,凱基基隆,065480,0,2000,0.0,2400.0,-2000,-2400.0
2026-07-30,920H,凱基基隆,066081,100000,0,95000.0,0.0,100000,95000.0
2026-07-30,920H,凱基基隆,066145,10000,0,18900.0,0.0,10000,18900.0
2026-07-30,920H,凱基基隆,067143,0,2000,0.0,2880.0,-2000,-2880.0
2026-07-30,920H,凱基基隆,067331,0,6000,0.0,1920.0,-6000,-1920.0
2026-07-30,920H,凱基基隆,067986,20000,0,9800.0,0.0,20000,9800.0
2026-07-30,920H,凱基基隆,068001,100000,0,51000.0,0.0,100000,51000.0
2026-07-30,920H,凱基基隆,068464,1000,0,800.0,0.0,1000,800.0
2026-07-30,920H,凱基基隆,069358,2000,0,760.0,0.0,2000,760.0
2026-07-30,920H,凱基基隆,069643,20000,0,5800.0,0.0,20000,5800.0
2026-07-30,920H,凱基基隆,070235,100000,0,72000.0,0.0,100000,72000.0
2026-07-30,920H,凱基基隆,071070,200000,100000,77000.0,36000.0,100000,41000.0
2026-07-30,920H,凱基基隆,071436,10000,0,1600.0,0.0,10000,1600.0
2026-07-30,920H,凱基基隆,073396,180000,0,85600.0,0.0,180000,85600.0
2026-07-30,920H,凱基基隆,076610,2000,0,1430.0,0.0,2000,1430.0
2026-07-30,920H,凱基基隆,08970U,0,50000,0.0,64500.0,-50000,-64500.0
2026-07-30,920H,凱基基隆,708473,2000,0,1400.0,0.0,2000,1400.0
2026-07-30,920H,凱基基隆,711607,50000,0,77000.0,0.0,50000,77000.0
2026-07-30,920H,凱基基隆,711650,1000,0,2460.0,0.0,1000,2460.0
2026-07-30,9211,凱基台南,031289,0,2000,0.0,800.0,-2000,-800.0
2026-07-30,9211,凱基台南,03495T,0,10000,0.0,13900.0,-10000,-13900.0
2026-07-30,9211,凱基台南,03502T,11000,0,14080.0,0.0,11000,14080.0
2026-07-30,9211,凱基台南,03564T,50000,0,25100.0,0.0,50000,25100.0
2026-07-30,9211,凱基台南,035679,52000,0,2620.0,0.0,52000,2620.0
2026-07-30,9211,凱基台南,03645T,0,3000,0.0,4350.0,-3000,-4350.0
2026-07-30,9211,凱基台南,03659T,0,50000,0.0,87500.0,-50000,-87500.0
2026-07-30,9211,凱基台南,03679T,8000,0,16240.0,0.0,8000,16240.0
2026-07-30,9211,凱基台南,03825T,0,10000,0.0,15200.0,-10000,-15200.0
2026-07-30,9211,凱基台南,043659,5000,0,14900.0,0.0,5000,14900.0
2026-07-30,9211,凱基台南,047002,0,32000,0.0,30450.0,-32000,-30450.0
2026-07-30,9211,凱基台南,054483,10000,0,18100.0,0.0,10000,18100.0
2026-07-30,9211,凱基台南,055834,1000,0,1860.0,0.0,1000,1860.0
2026-07-30,9211,凱基台南,057008,0,2000,0.0,2360.0,-2000,-2360.0
2026-07-30,9211,凱基台南,05738U,0,70000,0.0,6300.0,-70000,-6300.0
2026-07-30,9211,凱基台南,057878,100000,100000,225000.0,208000.0,0,17000.0
2026-07-30,9211,凱基台南,058396,0,2000,0.0,11600.0,-2000,-11600.0
2026-07-30,9211,凱基台南,058642,10000,0,6000.0,0.0,10000,6000.0
2026-07-30,9211,凱基台南,059007,2000,0,640.0,0.0,2000,640.0
2026-07-30,9211,凱基台南,059089,30000,0,71100.0,0.0,30000,71100.0
2026-07-30,9211,凱基台南,059421,2000,0,4080.0,0.0,2000,4080.0
2026-07-30,9211,凱基台南,060893,2000,0,4460.0,0.0,2000,4460.0
2026-07-30,9211,凱基台南,061456,30000,0,24000.0,0.0,30000,24000.0
2026-07-30,9211,凱基台南,061788,10000,0,2700.0,0.0,10000,2700.0
2026-07-30,9211,凱基台南,062217,3000,0,6600.0,0.0,3000,6600.0
2026-07-30,9211,凱基台南,062636,0,5000,0.0,5300.0,-5000,-5300.0
2026-07-30,9211,凱基台南,065790,5000,0,3100.0,0.0,5000,3100.0
2026-07-30,9211,凱基台南,065964,5000,0,1400.0,0.0,5000,1400.0
2026-07-30,9211,凱基台南,066104,10000,0,21000.0,0.0,10000,21000.0
2026-07-30,9211,凱基台南,066235,0,50000,0.0,67500.0,-50000,-67500.0
2026-07-30,9211,凱基台南,066782,0,5000,0.0,3000.0,-5000,-3000.0
2026-07-30,9211,凱基台南,067161,5000,0,6000.0,0.0,5000,6000.0
2026-07-30,9211,凱基台南,067419,0,30000,0.0,28500.0,-30000,-28500.0
2026-07-30,9211,凱基台南,067583,1000,0,560.0,0.0,1000,560.0
2026-07-30,9211,凱基台南,067997,0,70000,0.0,41320.0,-70000,-41320.0
2026-07-30,9211,凱基台南,068001,10000,0,5900.0,0.0,10000,5900.0
2026-07-30,9211,凱基台南,068596,0,30000,0.0,33000.0,-30000,-33000.0
2026-07-30,9211,凱基台南,068663,60000,0,31200.0,0.0,60000,31200.0
2026-07-30,9211,凱基台南,068664,3000,0,1560.0,0.0,3000,1560.0
2026-07-30,9211,凱基台南,068897,30000,0,9000.0,0.0,30000,9000.0
2026-07-30,9211,凱基台南,069461,10000,0,2300.0,0.0,10000,2300.0
2026-07-30,9211,凱基台南,069629,0,130000,0.0,43900.0,-130000,-43900.0
2026-07-30,9211,凱基台南,069696,20000,0,4400.0,0.0,20000,4400.0
2026-07-30,9211,凱基台南,070037,2000,0,360.0,0.0,2000,360.0
2026-07-30,9211,凱基台南,070176,10000,0,9400.0,0.0,10000,9400.0
2026-07-30,9211,凱基台南,070245,30000,0,14800.0,0.0,30000,14800.0
2026-07-30,9211,凱基台南,070799,0,18000,0.0,19080.0,-18000,-19080.0
2026-07-30,9211,凱基台南,070850,0,20000,0.0,9200.0,-20000,-9200.0
2026-07-30,9211,凱基台南,071297,30000,0,17400.0,0.0,30000,17400.0
2026-07-30,9211,凱基台南,071506,20000,20000,8000.0,10000.0,0,-2000.0
2026-07-30,9211,凱基台南,071964,5000,0,5650.0,0.0,5000,5650.0
2026-07-30,9211,凱基台南,072620,5000,0,2500.0,0.0,5000,2500.0
2026-07-30,9211,凱基台南,072668,20000,150000,6800.0,55000.0,-130000,-48200.0
2026-07-30,9211,凱基台南,072753,5000,0,7050.0,0.0,5000,7050.0
2026-07-30,9211,凱基台南,072906,20000,0,8800.0,0.0,20000,8800.0
2026-07-30,9211,凱基台南,073380,30000,0,13800.0,0.0,30000,13800.0
2026-07-30,9211,凱基台南,073551,10000,0,5100.0,0.0,10000,5100.0
2026-07-30,9211,凱基台南,073553,10000,0,8700.0,0.0,10000,8700.0
2026-07-30,9211,凱基台南,073848,15000,0,10500.0,0.0,15000,10500.0
2026-07-30,9211,凱基台南,074042,10000,0,8200.0,0.0,10000,8200.0
2026-07-30,9211,凱基台南,074198,30000,0,15900.0,0.0,30000,15900.0
2026-07-30,9211,凱基台南,074872,30000,0,7200.0,0.0,30000,7200.0
2026-07-30,9211,凱基台南,076331,20000,0,9200.0,0.0,20000,9200.0
2026-07-30,9211,凱基台南,076501,0,10000,0.0,10000.0,-10000,-10000.0
2026-07-30,9211,凱基台南,076623,80000,30000,25200.0,9300.0,50000,15900.0
2026-07-30,9211,凱基台南,077335,10000,0,11500.0,0.0,10000,11500.0
2026-07-30,9211,凱基台南,08588U,0,30000,0.0,18900.0,-30000,-18900.0
2026-07-30,9211,凱基台南,08595U,70000,0,32300.0,0.0,70000,32300.0
2026-07-30,9211,凱基台南,703307,0,5000,0.0,9000.0,-5000,-9000.0
2026-07-30,9211,凱基台南,707082,1000,0,360.0,0.0,1000,360.0
2026-07-30,9211,凱基台南,707721,10000,0,5500.0,0.0,10000,5500.0
2026-07-30,9211,凱基台南,708008,20000,0,7600.0,0.0,20000,7600.0
2026-07-30,9211,凱基台南,708532,10000,15000,9900.0,15300.0,-5000,-5400.0
2026-07-30,9211,凱基台南,708779,2000,0,1280.0,0.0,2000,1280.0
2026-07-30,9211,凱基台南,708784,69000,0,12420.0,0.0,69000,12420.0
2026-07-30,9211,凱基台南,708994,1000,0,540.0,0.0,1000,540.0
2026-07-30,9211,凱基台南,709011,240000,0,64200.0,0.0,240000,64200.0
2026-07-30,9211,凱基台南,709073,80000,0,50900.0,0.0,80000,50900.0
2026-07-30,9211,凱基台南,709103,50000,0,44400.0,0.0,50000,44400.0
2026-07-30,9211,凱基台南,709209,0,110000,0.0,7700.0,-110000,-7700.0
2026-07-30,9211,凱基台南,709416,10000,0,11000.0,0.0,10000,11000.0
2026-07-30,9211,凱基台南,709529,20000,0,1600.0,0.0,20000,1600.0
2026-07-30,9211,凱基台南,709740,30000,0,5100.0,0.0,30000,5100.0
2026-07-30,9211,凱基台南,709971,10000,0,7100.0,0.0,10000,7100.0
2026-07-30,9211,凱基台南,710416,0,5000,0.0,2400.0,-5000,-2400.0
2026-07-30,9211,凱基台南,710610,20000,0,17000.0,0.0,20000,17000.0
2026-07-30,9211,凱基台南,710797,10000,0,8900.0,0.0,10000,8900.0
2026-07-30,9211,凱基台南,710910,0,5000,0.0,4550.0,-5000,-4550.0
2026-07-30,9211,凱基台南,710947,0,30000,0.0,22100.0,-30000,-22100.0
2026-07-30,9211,凱基台南,711048,150000,0,87500.0,0.0,150000,87500.0
2026-07-30,9211,凱基台南,711130,5000,0,1000.0,0.0,5000,1000.0
2026-07-30,9211,凱基台南,711380,0,15000,0.0,8550.0,-15000,-8550.0
2026-07-30,9211,凱基台南,711751,3000,0,9540.0,0.0,3000,9540.0
2026-07-30,9229,凱基中山,03090T,0,4000,0.0,8600.0,-4000,-8600.0
2026-07-30,9229,凱基中山,03293T,11000,0,14120.0,0.0,11000,14120.0
2026-07-30,9229,凱基中山,03424T,1000,0,1430.0,0.0,1000,1430.0
2026-07-30,9229,凱基中山,056119,0,10000,0.0,6000.0,-10000,-6000.0
2026-07-30,9229,凱基中山,057566,0,75000,0.0,501750.0,-75000,-501750.0
2026-07-30,9229,凱基中山,062002,4000,0,2040.0,0.0,4000,2040.0
2026-07-30,9229,凱基中山,063102,0,20000,0.0,30800.0,-20000,-30800.0
2026-07-30,9229,凱基中山,063351,50000,0,23000.0,0.0,50000,23000.0
2026-07-30,9229,凱基中山,065255,70000,0,148300.0,0.0,70000,148300.0
2026-07-30,9229,凱基中山,065880,1000,0,2400.0,0.0,1000,2400.0
2026-07-30,9229,凱基中山,067131,2000,0,10000.0,0.0,2000,10000.0
2026-07-30,9229,凱基中山,067995,100000,0,66500.0,0.0,100000,66500.0
2026-07-30,9229,凱基中山,068512,40000,0,158200.0,0.0,40000,158200.0
2026-07-30,9229,凱基中山,069567,10000,0,4800.0,0.0,10000,4800.0
2026-07-30,9229,凱基中山,070374,2000,6000,4360.0,11940.0,-4000,-7580.0
2026-07-30,9229,凱基中山,071506,0,21000,0.0,9240.0,-21000,-9240.0
2026-07-30,9229,凱基中山,071601,0,42000,0.0,12180.0,-42000,-12180.0
2026-07-30,9229,凱基中山,071859,50000,0,34000.0,0.0,50000,34000.0
2026-07-30,9229,凱基中山,073093,50000,50000,57500.0,63500.0,0,-6000.0
2026-07-30,9229,凱基中山,074489,50000,0,7000.0,0.0,50000,7000.0
2026-07-30,9229,凱基中山,074785,50000,0,6300.0,0.0,50000,6300.0
2026-07-30,9229,凱基中山,708825,20000,0,8000.0,0.0,20000,8000.0
2026-07-30,9229,凱基中山,708878,12000,0,4560.0,0.0,12000,4560.0
2026-07-30,9229,凱基中山,709086,40000,0,10000.0,0.0,40000,10000.0
2026-07-30,9229,凱基中山,709810,0,3000,0.0,3180.0,-3000,-3180.0
2026-07-30,9229,凱基中山,72859U,0,2000,0.0,1820.0,-2000,-1820.0
2026-07-30,9237,凱基敦北,067943,10000,0,7600.0,0.0,10000,7600.0
2026-07-30,9237,凱基敦北,705489,10000,0,6600.0,0.0,10000,6600.0
2026-07-30,9237,凱基敦北,708590,20000,0,7200.0,0.0,20000,7200.0
2026-07-30,9238,凱基士林,03415T,260000,170000,364000.0,239700.0,90000,124300.0
2026-07-30,9238,凱基士林,03467T,0,26000,0.0,67600.0,-26000,-67600.0
2026-07-30,9238,凱基士林,03529T,0,100000,0.0,195000.0,-100000,-195000.0
2026-07-30,9238,凱基士林,04019C,1000,6000,930.0,5590.0,-5000,-4660.0
2026-07-30,9238,凱基士林,040393,0,1000,0.0,20000.0,-1000,-20000.0
2026-07-30,9238,凱基士林,041320,2000,0,27000.0,0.0,2000,27000.0
2026-07-30,9238,凱基士林,050195,3000,0,13620.0,0.0,3000,13620.0
2026-07-30,9238,凱基士林,053252,1000,0,1260.0,0.0,1000,1260.0
2026-07-30,9238,凱基士林,054705,5000,0,2000.0,0.0,5000,2000.0
2026-07-30,9238,凱基士林,054706,5000,0,1900.0,0.0,5000,1900.0
2026-07-30,9238,凱基士林,057900,4000,2000,18920.0,11100.0,2000,7820.0
2026-07-30,9238,凱基士林,058397,0,3000,0.0,12900.0,-3000,-12900.0
2026-07-30,9238,凱基士林,061777,30000,0,17100.0,0.0,30000,17100.0
2026-07-30,9238,凱基士林,063457,0,2000,0.0,6980.0,-2000,-6980.0
2026-07-30,9238,凱基士林,065868,1000,1000,900.0,900.0,0,0.0
2026-07-30,9238,凱基士林,066324,50000,0,140500.0,0.0,50000,140500.0
2026-07-30,9238,凱基士林,067337,0,8000,0.0,52000.0,-8000,-52000.0
2026-07-30,9238,凱基士林,067814,15000,0,19500.0,0.0,15000,19500.0
2026-07-30,9238,凱基士林,067870,20000,0,41600.0,0.0,20000,41600.0
2026-07-30,9238,凱基士林,067989,5000,0,1000.0,0.0,5000,1000.0
2026-07-30,9238,凱基士林,068002,1000,0,830.0,0.0,1000,830.0
2026-07-30,9238,凱基士林,068242,5000,0,1750.0,0.0,5000,1750.0
2026-07-30,9238,凱基士林,069684,0,100000,0.0,89980.0,-100000,-89980.0
2026-07-30,9238,凱基士林,069699,54000,105000,90620.0,180650.0,-51000,-90030.0
2026-07-30,9238,凱基士林,070962,268000,0,159520.0,0.0,268000,159520.0
2026-07-30,9238,凱基士林,074567,0,20000,0.0,10600.0,-20000,-10600.0
2026-07-30,9238,凱基士林,076890,50000,0,90000.0,0.0,50000,90000.0
2026-07-30,9238,凱基士林,704831,1000,0,3480.0,0.0,1000,3480.0
2026-07-30,9238,凱基士林,707859,20000,0,12200.0,0.0,20000,12200.0
2026-07-30,9238,凱基士林,708559,40000,0,5600.0,0.0,40000,5600.0
2026-07-30,9238,凱基士林,708636,0,4000,0.0,6080.0,-4000,-6080.0
2026-07-30,9238,凱基士林,709170,100000,0,67000.0,0.0,100000,67000.0
2026-07-30,9238,凱基士林,711369,0,4000,0.0,1880.0,-4000,-1880.0
2026-07-30,9302,華南台中,03012T,25000,0,3000.0,0.0,25000,3000.0
2026-07-30,9302,華南台中,031273,10000,0,6200.0,0.0,10000,6200.0
2026-07-30,9302,華南台中,03326T,0,300000,0.0,216000.0,-300000,-216000.0
2026-07-30,9302,華南台中,03362T,0,400000,0.0,236000.0,-400000,-236000.0
2026-07-30,9302,華南台中,03421T,100000,0,161500.0,0.0,100000,161500.0
2026-07-30,9302,華南台中,03478T,100000,0,117000.0,0.0,100000,117000.0
2026-07-30,9302,華南台中,03537T,1000,0,1170.0,0.0,1000,1170.0
2026-07-30,9302,華南台中,03632T,167000,167000,280560.0,275550.0,0,5010.0
2026-07-30,9302,華南台中,03656T,0,1000,0.0,1400.0,-1000,-1400.0
2026-07-30,9302,華南台中,03732B,20000,0,22600.0,0.0,20000,22600.0
2026-07-30,9302,華南台中,038318,13000,0,16640.0,0.0,13000,16640.0
2026-07-30,9302,華南台中,040969,0,30000,0.0,10500.0,-30000,-10500.0
2026-07-30,9302,華南台中,050315,1000,0,2220.0,0.0,1000,2220.0
2026-07-30,9302,華南台中,052191,1000,0,660.0,0.0,1000,660.0
2026-07-30,9302,華南台中,055124,1000,0,190.0,0.0,1000,190.0
2026-07-30,9302,華南台中,055429,0,1000,0.0,20.0,-1000,-20.0
2026-07-30,9302,華南台中,056633,1000,0,2460.0,0.0,1000,2460.0
2026-07-30,9302,華南台中,057544,55000,17000,82650.0,26490.0,38000,56160.0
2026-07-30,9302,華南台中,058606,20000,0,22150.0,0.0,20000,22150.0
2026-07-30,9302,華南台中,058830,0,5000,0.0,5100.0,-5000,-5100.0
2026-07-30,9302,華南台中,059639,15000,0,27750.0,0.0,15000,27750.0
2026-07-30,9302,華南台中,059850,5000,0,2450.0,0.0,5000,2450.0
2026-07-30,9302,華南台中,060375,1000,0,890.0,0.0,1000,890.0
2026-07-30,9302,華南台中,061391,5000,0,2800.0,0.0,5000,2800.0
2026-07-30,9302,華南台中,062159,5000,0,2050.0,0.0,5000,2050.0
2026-07-30,9302,華南台中,063442,0,28000,0.0,28800.0,-28000,-28800.0
2026-07-30,9302,華南台中,063451,30000,0,8700.0,0.0,30000,8700.0
2026-07-30,9302,華南台中,063579,0,199000,0.0,118920.0,-199000,-118920.0
2026-07-30,9302,華南台中,063925,0,3000,0.0,15000.0,-3000,-15000.0
2026-07-30,9302,華南台中,064514,1000,0,490.0,0.0,1000,490.0
2026-07-30,9302,華南台中,065149,1000,0,600.0,0.0,1000,600.0
2026-07-30,9302,華南台中,065271,1800000,0,259980.0,0.0,1800000,259980.0
2026-07-30,9302,華南台中,065423,1000,0,350.0,0.0,1000,350.0
2026-07-30,9302,華南台中,065461,100000,0,9000.0,0.0,100000,9000.0
2026-07-30,9302,華南台中,065609,3000,0,1170.0,0.0,3000,1170.0
2026-07-30,9302,華南台中,065627,100000,0,352000.0,0.0,100000,352000.0
2026-07-30,9302,華南台中,066110,1000000,0,115000.0,0.0,1000000,115000.0
2026-07-30,9302,華南台中,066415,5000,0,10950.0,0.0,5000,10950.0
2026-07-30,9302,華南台中,067638,50000,0,32500.0,0.0,50000,32500.0
2026-07-30,9302,華南台中,067996,5000,0,2970.0,0.0,5000,2970.0
2026-07-30,9302,華南台中,068002,3000,0,2610.0,0.0,3000,2610.0
2026-07-30,9302,華南台中,068019,1000,0,270.0,0.0,1000,270.0
2026-07-30,9302,華南台中,068233,75000,0,30250.0,0.0,75000,30250.0
2026-07-30,9302,華南台中,068467,0,16000,0.0,14880.0,-16000,-14880.0
2026-07-30,9302,華南台中,069064,499000,500000,533930.0,610000.0,-1000,-76070.0
2026-07-30,9302,華南台中,070168,2000000,0,380000.0,0.0,2000000,380000.0
2026-07-30,9302,華南台中,070947,200000,0,133000.0,0.0,200000,133000.0
2026-07-30,9302,華南台中,070962,1000,0,600.0,0.0,1000,600.0
2026-07-30,9302,華南台中,071538,2000,0,840.0,0.0,2000,840.0
2026-07-30,9302,華南台中,072608,60000,0,40000.0,0.0,60000,40000.0
2026-07-30,9302,華南台中,072868,60000,0,5200.0,0.0,60000,5200.0
2026-07-30,9302,華南台中,08276U,5000,0,8300.0,0.0,5000,8300.0
2026-07-30,9302,華南台中,08748U,300000,0,116000.0,0.0,300000,116000.0
2026-07-30,9302,華南台中,08855U,20000,0,13000.0,0.0,20000,13000.0
2026-07-30,9302,華南台中,08949U,1000,0,350.0,0.0,1000,350.0
2026-07-30,9302,永昌台中,704212,0,100000,0.0,207000.0,-100000,-207000.0
2026-07-30,9302,永昌台中,704800,0,100000,0.0,20000.0,-100000,-20000.0
2026-07-30,9302,永昌台中,705806,0,4000,0.0,9230.0,-4000,-9230.0
2026-07-30,9302,永昌台中,706942,1000,0,400.0,0.0,1000,400.0
2026-07-30,9302,永昌台中,707858,40000,0,18400.0,0.0,40000,18400.0
2026-07-30,9302,永昌台中,708519,1000,0,160.0,0.0,1000,160.0
2026-07-30,9302,永昌台中,708588,1000,0,100.0,0.0,1000,100.0
2026-07-30,9302,永昌台中,710030,0,15000,0.0,4200.0,-15000,-4200.0
2026-07-30,9302,永昌台中,710076,1000,0,530.0,0.0,1000,530.0
2026-07-30,9302,永昌台中,710546,30000,0,26100.0,0.0,30000,26100.0
2026-07-30,9302,永昌台中,711029,200000,285000,96000.0,140900.0,-85000,-44900.0
2026-07-30,9302,永昌台中,711279,1000,0,570.0,0.0,1000,570.0
2026-07-30,9302,永昌台中,722731,0,200000,0.0,2000.0,-200000,-2000.0
2026-07-30,9302,永昌台中,72856U,0,100000,0.0,40000.0,-100000,-40000.0
2026-07-30,9316,華南淡水,031526,0,2000,0.0,7120.0,-2000,-7120.0
2026-07-30,9316,華南淡水,03298T,0,5000,0.0,9550.0,-5000,-9550.0
2026-07-30,9316,華南淡水,03351T,0,10000,0.0,6900.0,-10000,-6900.0
2026-07-30,9316,華南淡水,03478T,201000,200000,221130.0,230000.0,1000,-8870.0
2026-07-30,9316,華南淡水,037095,0,10000,0.0,42400.0,-10000,-42400.0
2026-07-30,9316,華南淡水,038209,0,3000,0.0,18300.0,-3000,-18300.0
2026-07-30,9316,華南淡水,040133,0,8000,0.0,3760.0,-8000,-3760.0
2026-07-30,9316,華南淡水,04020C,1000,0,1150.0,0.0,1000,1150.0
2026-07-30,9316,華南淡水,040691,0,12000,0.0,2280.0,-12000,-2280.0
2026-07-30,9316,華南淡水,042747,0,11000,0.0,2750.0,-11000,-2750.0
2026-07-30,9316,華南淡水,043355,0,4000,0.0,400.0,-4000,-400.0
2026-07-30,9316,華南淡水,043992,0,1000,0.0,31800.0,-1000,-31800.0
2026-07-30,9316,華南淡水,044796,90000,0,105300.0,0.0,90000,105300.0
2026-07-30,9316,華南淡水,046961,0,1000,0.0,12400.0,-1000,-12400.0
2026-07-30,9316,華南淡水,048308,0,2000,0.0,1180.0,-2000,-1180.0
2026-07-30,9316,華南淡水,049133,0,5000,0.0,3700.0,-5000,-3700.0
2026-07-30,9316,華南淡水,051360,0,4000,0.0,1080.0,-4000,-1080.0
2026-07-30,9316,華南淡水,051984,0,1000,0.0,3330.0,-1000,-3330.0
2026-07-30,9316,華南淡水,052191,9000,0,5850.0,0.0,9000,5850.0
2026-07-30,9316,華南淡水,052789,0,1000,0.0,1030.0,-1000,-1030.0
2026-07-30,9316,華南淡水,053690,0,2000,0.0,320.0,-2000,-320.0
2026-07-30,9316,華南淡水,053961,0,9000,0.0,12780.0,-9000,-12780.0
2026-07-30,9316,華南淡水,054459,1000,0,1390.0,0.0,1000,1390.0
2026-07-30,9316,華南淡水,055345,0,4000,0.0,6920.0,-4000,-6920.0
2026-07-30,9316,華南淡水,055857,0,1000,0.0,1900.0,-1000,-1900.0
2026-07-30,9316,華南淡水,056074,20000,0,29050.0,0.0,20000,29050.0
2026-07-30,9316,華南淡水,056313,0,4000,0.0,25400.0,-4000,-25400.0
2026-07-30,9316,華南淡水,057445,0,6000,0.0,1740.0,-6000,-1740.0
2026-07-30,9316,華南淡水,059076,0,2000,0.0,1200.0,-2000,-1200.0
2026-07-30,9316,華南淡水,059193,0,2000,0.0,720.0,-2000,-720.0
2026-07-30,9316,華南淡水,059845,0,4000,0.0,1640.0,-4000,-1640.0
2026-07-30,9316,華南淡水,061132,0,3000,0.0,2640.0,-3000,-2640.0
2026-07-30,9316,華南淡水,061993,0,2000,0.0,5920.0,-2000,-5920.0
2026-07-30,9316,華南淡水,062370,0,2000,0.0,19300.0,-2000,-19300.0
2026-07-30,9316,華南淡水,062483,0,3000,0.0,2130.0,-3000,-2130.0
2026-07-30,9316,華南淡水,062581,0,5000,0.0,800.0,-5000,-800.0
2026-07-30,9316,華南淡水,063246,0,1000,0.0,710.0,-1000,-710.0
2026-07-30,9316,華南淡水,063353,3000,0,3300.0,0.0,3000,3300.0
2026-07-30,9316,華南淡水,063699,0,12000,0.0,7080.0,-12000,-7080.0
2026-07-30,9316,華南淡水,064078,0,5000,0.0,1500.0,-5000,-1500.0
2026-07-30,9316,華南淡水,064433,0,4000,0.0,2040.0,-4000,-2040.0
2026-07-30,9316,華南淡水,064514,28000,16000,11760.0,8120.0,12000,3640.0
2026-07-30,9316,華南淡水,064518,0,2000,0.0,1320.0,-2000,-1320.0
2026-07-30,9316,華南淡水,065121,0,9000,0.0,810.0,-9000,-810.0
2026-07-30,9316,華南淡水,065216,2000,0,1940.0,0.0,2000,1940.0
2026-07-30,9316,華南淡水,065533,0,1000,0.0,890.0,-1000,-890.0
2026-07-30,9316,華南淡水,066140,0,5000,0.0,3600.0,-5000,-3600.0
2026-07-30,9316,華南淡水,066153,0,7000,0.0,3850.0,-7000,-3850.0
2026-07-30,9316,華南淡水,066466,1000,0,1430.0,0.0,1000,1430.0
2026-07-30,9316,華南淡水,066798,0,3000,0.0,1500.0,-3000,-1500.0
2026-07-30,9316,華南淡水,068003,5000,0,3250.0,0.0,5000,3250.0
2026-07-30,9316,華南淡水,069579,0,16000,0.0,5960.0,-16000,-5960.0
2026-07-30,9316,華南淡水,071751,30000,0,97200.0,0.0,30000,97200.0
2026-07-30,9316,華南淡水,071963,5000,0,3350.0,0.0,5000,3350.0
2026-07-30,9316,華南淡水,072173,5000,10000,1800.0,4100.0,-5000,-2300.0
2026-07-30,9316,華南淡水,076659,4000,0,5000.0,0.0,4000,5000.0
2026-07-30,9316,華南淡水,08484U,0,78000,0.0,4680.0,-78000,-4680.0
2026-07-30,9316,華南淡水,08545U,0,9000,0.0,22800.0,-9000,-22800.0
2026-07-30,9316,華南淡水,08583U,0,50000,0.0,12250.0,-50000,-12250.0
2026-07-30,9316,華南淡水,08728U,0,5000,0.0,8250.0,-5000,-8250.0
2026-07-30,9316,華南淡水,08763U,0,18000,0.0,8460.0,-18000,-8460.0
2026-07-30,9316,永昌淡水,701853,0,10000,0.0,4000.0,-10000,-4000.0
2026-07-30,9316,永昌淡水,702306,0,1000,0.0,6250.0,-1000,-6250.0
2026-07-30,9316,永昌淡水,702593,0,6000,0.0,2700.0,-6000,-2700.0
2026-07-30,9316,永昌淡水,704453,0,2000,0.0,6580.0,-2000,-6580.0
2026-07-30,9316,永昌淡水,705792,3000,0,1080.0,0.0,3000,1080.0
2026-07-30,9316,永昌淡水,705793,0,3000,0.0,1320.0,-3000,-1320.0
2026-07-30,9316,永昌淡水,705941,0,1000,0.0,1540.0,-1000,-1540.0
2026-07-30,9316,永昌淡水,706331,0,7000,0.0,3360.0,-7000,-3360.0
2026-07-30,9316,永昌淡水,706421,0,5000,0.0,750.0,-5000,-750.0
2026-07-30,9316,永昌淡水,706480,0,8000,0.0,2160.0,-8000,-2160.0
2026-07-30,9316,永昌淡水,706617,0,2000,0.0,400.0,-2000,-400.0
2026-07-30,9316,永昌淡水,706684,0,3000,0.0,1320.0,-3000,-1320.0
2026-07-30,9316,永昌淡水,707433,0,8000,0.0,1440.0,-8000,-1440.0
2026-07-30,9316,永昌淡水,707467,0,5000,0.0,2550.0,-5000,-2550.0
2026-07-30,9316,永昌淡水,707503,0,3000,0.0,1110.0,-3000,-1110.0
2026-07-30,9316,永昌淡水,707718,0,4000,0.0,2000.0,-4000,-2000.0
2026-07-30,9316,永昌淡水,708027,0,10000,0.0,1200.0,-10000,-1200.0
2026-07-30,9316,永昌淡水,708043,0,5000,0.0,450.0,-5000,-450.0
2026-07-30,9316,永昌淡水,708083,0,4000,0.0,1440.0,-4000,-1440.0
2026-07-30,9316,永昌淡水,708176,0,2000,0.0,1260.0,-2000,-1260.0
2026-07-30,9316,永昌淡水,708275,0,2000,0.0,7420.0,-2000,-7420.0
2026-07-30,9316,永昌淡水,708501,1000,0,1430.0,0.0,1000,1430.0
2026-07-30,9316,永昌淡水,708861,0,5000,0.0,1250.0,-5000,-1250.0
2026-07-30,9316,永昌淡水,708913,0,2000,0.0,440.0,-2000,-440.0
2026-07-30,9316,永昌淡水,709103,0,5000,0.0,3450.0,-5000,-3450.0
2026-07-30,9316,永昌淡水,709598,0,1000,0.0,900.0,-1000,-900.0
2026-07-30,9316,永昌淡水,709755,0,15000,0.0,3000.0,-15000,-3000.0
2026-07-30,9316,永昌淡水,711603,0,4000,0.0,960.0,-4000,-960.0
2026-07-30,9316,永昌淡水,72853U,0,13000,0.0,15210.0,-13000,-15210.0
2026-07-30,9316,永昌淡水,72914U,0,3000,0.0,3420.0,-3000,-3420.0
2026-07-30,9337,華南內壢,03326T,0,10000,0.0,8000.0,-10000,-8000.0
2026-07-30,9337,華南內壢,03371T,2000,0,980.0,0.0,2000,980.0
2026-07-30,9337,華南內壢,041093,0,4000,0.0,7880.0,-4000,-7880.0
2026-07-30,9337,華南內壢,042677,150000,0,14500.0,0.0,150000,14500.0
2026-07-30,9337,華南內壢,055959,0,5000,0.0,11500.0,-5000,-11500.0
2026-07-30,9337,華南內壢,059663,20000,0,5400.0,0.0,20000,5400.0
2026-07-30,9337,華南內壢,059837,59000,15000,103280.0,31400.0,44000,71880.0
2026-07-30,9337,華南內壢,062650,2000,0,1190.0,0.0,2000,1190.0
2026-07-30,9337,華南內壢,063233,0,2000,0.0,5480.0,-2000,-5480.0
2026-07-30,9337,華南內壢,063572,2000,0,1560.0,0.0,2000,1560.0
2026-07-30,9337,華南內壢,063596,5000,10000,2400.0,4500.0,-5000,-2100.0
2026-07-30,9337,華南內壢,065605,150000,0,34000.0,0.0,150000,34000.0
2026-07-30,9337,華南內壢,065609,0,10000,0.0,3530.0,-10000,-3530.0
2026-07-30,9337,華南內壢,066516,0,39000,0.0,53350.0,-39000,-53350.0
2026-07-30,9337,華南內壢,066592,0,14000,0.0,12320.0,-14000,-12320.0
2026-07-30,9337,華南內壢,066671,13000,0,10530.0,0.0,13000,10530.0
2026-07-30,9337,華南內壢,067791,100000,0,73500.0,0.0,100000,73500.0
2026-07-30,9337,華南內壢,068647,0,6000,0.0,16800.0,-6000,-16800.0
2026-07-30,9337,華南內壢,068971,20000,0,3600.0,0.0,20000,3600.0
2026-07-30,9337,華南內壢,069179,5000,0,1150.0,0.0,5000,1150.0
2026-07-30,9337,華南內壢,070022,0,10000,0.0,2300.0,-10000,-2300.0
2026-07-30,9337,華南內壢,071415,0,10000,0.0,3600.0,-10000,-3600.0
2026-07-30,9337,華南內壢,074806,1000,0,350.0,0.0,1000,350.0
2026-07-30,9337,華南內壢,075440,4000,0,880.0,0.0,4000,880.0
2026-07-30,9337,華南內壢,075800,25000,10000,23150.0,9700.0,15000,13450.0
2026-07-30,9337,華南內壢,075841,10000,0,13300.0,0.0,10000,13300.0
2026-07-30,9337,華南內壢,076590,30000,0,10500.0,0.0,30000,10500.0
2026-07-30,9337,華南內壢,08630U,599000,0,71880.0,0.0,599000,71880.0
2026-07-30,9337,華南內壢,08865U,0,499000,0.0,79840.0,-499000,-79840.0
2026-07-30,9337,永昌內壢,707935,4000,0,800.0,0.0,4000,800.0
2026-07-30,9337,永昌內壢,708501,0,18000,0.0,25400.0,-18000,-25400.0
2026-07-30,9337,永昌內壢,709032,0,10000,0.0,10000.0,-10000,-10000.0
2026-07-30,9337,永昌內壢,709918,0,25000,0.0,18550.0,-25000,-18550.0
2026-07-30,9337,永昌內壢,710818,1000,11000,180.0,1540.0,-10000,-1360.0
2026-07-30,9337,永昌內壢,711479,100000,0,13000.0,0.0,100000,13000.0
2026-07-30,9337,永昌內壢,72733U,0,2000,0.0,1680.0,-2000,-1680.0
2026-07-30,9337,永昌內壢,72900U,0,10000,0.0,15200.0,-10000,-15200.0
2026-07-30,9343,華南頭份,030573,0,5000,0.0,9850.0,-5000,-9850.0
2026-07-30,9343,華南頭份,057154,40000,0,7100.0,0.0,40000,7100.0
2026-07-30,9343,華南頭份,063344,150000,0,46500.0,0.0,150000,46500.0
2026-07-30,9343,華南頭份,064794,20000,0,6400.0,0.0,20000,6400.0
2026-07-30,9343,華南頭份,067814,2000,0,2020.0,0.0,2000,2020.0
2026-07-30,9343,華南頭份,068437,20000,0,6000.0,0.0,20000,6000.0
2026-07-30,9343,華南頭份,070429,2000,0,2300.0,0.0,2000,2300.0
2026-07-30,9343,華南頭份,071140,10000,0,21500.0,0.0,10000,21500.0
2026-07-30,9343,華南頭份,073539,0,70000,0.0,41300.0,-70000,-41300.0
2026-07-30,9343,華南頭份,07692U,0,2000,0.0,80.0,-2000,-80.0
2026-07-30,9343,華南頭份,077304,5000,0,4850.0,0.0,5000,4850.0
2026-07-30,9343,永昌頭份,707705,10000,0,15200.0,0.0,10000,15200.0
2026-07-30,9343,永昌頭份,708250,0,86000,0.0,18820.0,-86000,-18820.0
2026-07-30,9343,永昌頭份,708354,93000,0,23230.0,0.0,93000,23230.0
2026-07-30,9343,永昌頭份,709962,5000,0,2250.0,0.0,5000,2250.0
2026-07-30,961F,富邦公益,03052T,0,250000,0.0,80000.0,-250000,-80000.0
2026-07-30,961F,富邦公益,03068T,0,1000,0.0,750.0,-1000,-750.0
2026-07-30,961F,富邦公益,03225T,0,5000,0.0,4300.0,-5000,-4300.0
2026-07-30,961F,富邦公益,03278T,2000,0,560.0,0.0,2000,560.0
2026-07-30,961F,富邦公益,03351T,20000,0,14300.0,0.0,20000,14300.0
2026-07-30,961F,富邦公益,03396T,10000,10000,10400.0,9800.0,0,600.0
2026-07-30,961F,富邦公益,03591T,1000,0,1170.0,0.0,1000,1170.0
2026-07-30,961F,富邦公益,038848,20000,0,8400.0,0.0,20000,8400.0
2026-07-30,961F,富邦公益,044906,0,10000,0.0,74500.0,-10000,-74500.0
2026-07-30,961F,富邦公益,047771,0,10000,0.0,11600.0,-10000,-11600.0
2026-07-30,961F,富邦公益,055404,10000,0,900.0,0.0,10000,900.0
2026-07-30,961F,富邦公益,055838,10000,0,17400.0,0.0,10000,17400.0
2026-07-30,961F,富邦公益,057329,10000,0,300.0,0.0,10000,300.0
2026-07-30,961F,富邦公益,057509,0,499000,0.0,124750.0,-499000,-124750.0
2026-07-30,961F,富邦公益,058283,0,10000,0.0,1400.0,-10000,-1400.0
2026-07-30,961F,富邦公益,059089,5000,2000,12320.0,4720.0,3000,7600.0
2026-07-30,961F,富邦公益,059641,10000,0,6300.0,0.0,10000,6300.0
2026-07-30,961F,富邦公益,059859,2000,0,1540.0,0.0,2000,1540.0
2026-07-30,961F,富邦公益,060168,4000,0,3000.0,0.0,4000,3000.0
2026-07-30,961F,富邦公益,060761,5000,0,9250.0,0.0,5000,9250.0
2026-07-30,961F,富邦公益,061605,2000,0,1030.0,0.0,2000,1030.0
2026-07-30,961F,富邦公益,062652,40000,0,3800.0,0.0,40000,3800.0
2026-07-30,961F,富邦公益,062665,2000,0,1150.0,0.0,2000,1150.0
2026-07-30,961F,富邦公益,062666,1000,0,780.0,0.0,1000,780.0
2026-07-30,961F,富邦公益,062888,10000,0,5000.0,0.0,10000,5000.0
2026-07-30,961F,富邦公益,063023,13000,0,14260.0,0.0,13000,14260.0
2026-07-30,961F,富邦公益,064905,0,1000,0.0,1750.0,-1000,-1750.0
2026-07-30,961F,富邦公益,065423,0,100000,0.0,33100.0,-100000,-33100.0
2026-07-30,961F,富邦公益,065486,30000,0,110300.0,0.0,30000,110300.0
2026-07-30,961F,富邦公益,066168,4000,0,1160.0,0.0,4000,1160.0
2026-07-30,961F,富邦公益,066180,10000,0,8200.0,0.0,10000,8200.0
2026-07-30,961F,富邦公益,066555,1000,1000,6000.0,7200.0,0,-1200.0
2026-07-30,961F,富邦公益,066591,10000,0,5300.0,0.0,10000,5300.0
2026-07-30,961F,富邦公益,066916,40000,0,11650.0,0.0,40000,11650.0
2026-07-30,961F,富邦公益,067215,0,10000,0.0,7200.0,-10000,-7200.0
2026-07-30,961F,富邦公益,067426,1000,0,1950.0,0.0,1000,1950.0
2026-07-30,961F,富邦公益,067560,50000,0,51500.0,0.0,50000,51500.0
2026-07-30,961F,富邦公益,067605,25000,0,13000.0,0.0,25000,13000.0
2026-07-30,961F,富邦公益,067984,17000,0,9010.0,0.0,17000,9010.0
2026-07-30,961F,富邦公益,067996,0,21000,0.0,13020.0,-21000,-13020.0
2026-07-30,961F,富邦公益,068002,50000,0,44000.0,0.0,50000,44000.0
2026-07-30,961F,富邦公益,068096,0,493000,0.0,202130.0,-493000,-202130.0
2026-07-30,961F,富邦公益,068193,50000,0,21500.0,0.0,50000,21500.0
2026-07-30,961F,富邦公益,068240,0,100000,0.0,62000.0,-100000,-62000.0
2026-07-30,961F,富邦公益,068247,2000,0,990.0,0.0,2000,990.0
2026-07-30,961F,富邦公益,068596,5000,0,5650.0,0.0,5000,5650.0
2026-07-30,961F,富邦公益,070080,6000,0,6900.0,0.0,6000,6900.0
2026-07-30,961F,富邦公益,070306,0,3000,0.0,2160.0,-3000,-2160.0
2026-07-30,961F,富邦公益,070641,0,50000,0.0,32500.0,-50000,-32500.0
2026-07-30,961F,富邦公益,070923,0,50000,0.0,65500.0,-50000,-65500.0
2026-07-30,961F,富邦公益,071421,0,499000,0.0,274450.0,-499000,-274450.0
2026-07-30,961F,富邦公益,071589,10000,0,6600.0,0.0,10000,6600.0
2026-07-30,961F,富邦公益,071715,50000,0,63000.0,0.0,50000,63000.0
2026-07-30,961F,富邦公益,072661,40000,0,6200.0,0.0,40000,6200.0
2026-07-30,961F,富邦公益,074472,0,1000,0.0,920.0,-1000,-920.0
2026-07-30,961F,富邦公益,076602,0,30000,0.0,15600.0,-30000,-15600.0
2026-07-30,961F,富邦公益,076623,50000,0,15910.0,0.0,50000,15910.0
2026-07-30,961F,富邦公益,078146,0,3000,0.0,2030.0,-3000,-2030.0
2026-07-30,961F,富邦公益,08144U,0,100000,0.0,11000.0,-100000,-11000.0
2026-07-30,961F,富邦公益,08296U,299000,0,104650.0,0.0,299000,104650.0
2026-07-30,961F,富邦公益,08313U,0,1000,0.0,10.0,-1000,-10.0
2026-07-30,961F,富邦公益,08747U,0,100000,0.0,15000.0,-100000,-15000.0
2026-07-30,961F,富邦公益,705536,0,200000,0.0,48000.0,-200000,-48000.0
2026-07-30,961F,富邦公益,707325,5000,0,4900.0,0.0,5000,4900.0
2026-07-30,961F,富邦公益,707336,2000,0,2080.0,0.0,2000,2080.0
2026-07-30,961F,富邦公益,707998,50000,0,27500.0,0.0,50000,27500.0
2026-07-30,961F,富邦公益,708258,4000,0,2440.0,0.0,4000,2440.0
2026-07-30,961F,富邦公益,708268,22000,0,14060.0,0.0,22000,14060.0
2026-07-30,961F,富邦公益,708521,5000,0,4400.0,0.0,5000,4400.0
2026-07-30,961F,富邦公益,708869,10000,0,7100.0,0.0,10000,7100.0
2026-07-30,961F,富邦公益,708870,0,17000,0.0,4080.0,-17000,-4080.0
2026-07-30,961F,富邦公益,709833,10000,0,6000.0,0.0,10000,6000.0
2026-07-30,961F,富邦公益,711022,50000,0,22000.0,0.0,50000,22000.0
2026-07-30,961F,富邦公益,711512,80000,0,63100.0,0.0,80000,63100.0
2026-07-30,961F,富邦公益,72785U,1000,0,50.0,0.0,1000,50.0
2026-07-30,961F,富邦公益,731584,1000,0,5450.0,0.0,1000,5450.0
2026-07-30,9663,富邦敦南,030573,0,10000,0.0,21000.0,-10000,-21000.0
2026-07-30,9663,富邦敦南,03094T,0,1000,0.0,1190.0,-1000,-1190.0
2026-07-30,9663,富邦敦南,03149T,7000,0,9430.0,0.0,7000,9430.0
2026-07-30,9663,富邦敦南,03215T,0,8000,0.0,24600.0,-8000,-24600.0
2026-07-30,9663,富邦敦南,03245T,6000,0,5900.0,0.0,6000,5900.0
2026-07-30,9663,富邦敦南,03273T,28000,0,14440.0,0.0,28000,14440.0
2026-07-30,9663,富邦敦南,03331T,17000,0,17030.0,0.0,17000,17030.0
2026-07-30,9663,富邦敦南,03342T,0,8000,0.0,13200.0,-8000,-13200.0
2026-07-30,9663,富邦敦南,03399T,0,12000,0.0,20760.0,-12000,-20760.0
2026-07-30,9663,富邦敦南,03426T,0,2000,0.0,7760.0,-2000,-7760.0
2026-07-30,9663,富邦敦南,03441T,1000,0,1380.0,0.0,1000,1380.0
2026-07-30,9663,富邦敦南,03465T,0,6000,0.0,12240.0,-6000,-12240.0
2026-07-30,9663,富邦敦南,03529T,2000,0,4220.0,0.0,2000,4220.0
2026-07-30,9663,富邦敦南,03553T,0,4000,0.0,10760.0,-4000,-10760.0
2026-07-30,9663,富邦敦南,03578T,0,7000,0.0,12460.0,-7000,-12460.0
2026-07-30,9663,富邦敦南,03579T,0,1000,0.0,1120.0,-1000,-1120.0
2026-07-30,9663,富邦敦南,03601T,0,1000,0.0,1790.0,-1000,-1790.0
2026-07-30,9663,富邦敦南,03615T,0,3000,0.0,5370.0,-3000,-5370.0
2026-07-30,9663,富邦敦南,03626T,0,5000,0.0,13050.0,-5000,-13050.0
2026-07-30,9663,富邦敦南,03639T,0,3000,0.0,5310.0,-3000,-5310.0
2026-07-30,9663,富邦敦南,03643T,0,1000,0.0,1860.0,-1000,-1860.0
2026-07-30,9663,富邦敦南,03657T,1000,1000,2170.0,1970.0,0,200.0
2026-07-30,9663,富邦敦南,03670T,0,1000,0.0,1550.0,-1000,-1550.0
2026-07-30,9663,富邦敦南,03676T,0,4000,0.0,8840.0,-4000,-8840.0
2026-07-30,9663,富邦敦南,03732B,15000,60000,16850.0,66400.0,-45000,-49550.0
2026-07-30,9663,富邦敦南,03735B,0,25000,0.0,28750.0,-25000,-28750.0
2026-07-30,9663,富邦敦南,03764T,0,1000,0.0,1520.0,-1000,-1520.0
2026-07-30,9663,富邦敦南,03882T,3000,0,2250.0,0.0,3000,2250.0
2026-07-30,9663,富邦敦南,039446,0,1000,0.0,1550.0,-1000,-1550.0
2026-07-30,9663,富邦敦南,03972T,0,5000,0.0,13550.0,-5000,-13550.0
2026-07-30,9663,富邦敦南,03979T,1000,0,1310.0,0.0,1000,1310.0
2026-07-30,9663,富邦敦南,051665,1000,0,320.0,0.0,1000,320.0
2026-07-30,9663,富邦敦南,053033,10000,0,16000.0,0.0,10000,16000.0
2026-07-30,9663,富邦敦南,054066,5000,0,9700.0,0.0,5000,9700.0
2026-07-30,9663,富邦敦南,055372,5000,0,5000.0,0.0,5000,5000.0
2026-07-30,9663,富邦敦南,056059,0,1000,0.0,610.0,-1000,-610.0
2026-07-30,9663,富邦敦南,057524,1000,0,2190.0,0.0,1000,2190.0
2026-07-30,9663,富邦敦南,057525,0,10000,0.0,26900.0,-10000,-26900.0
2026-07-30,9663,富邦敦南,057549,0,10000,0.0,3700.0,-10000,-3700.0
2026-07-30,9663,富邦敦南,058602,3000,0,4140.0,0.0,3000,4140.0
2026-07-30,9663,富邦敦南,059922,0,15000,0.0,19500.0,-15000,-19500.0
2026-07-30,9663,富邦敦南,060392,5000,0,2400.0,0.0,5000,2400.0
2026-07-30,9663,富邦敦南,061662,20000,0,84150.0,0.0,20000,84150.0
2026-07-30,9663,富邦敦南,063380,0,24000,0.0,30480.0,-24000,-30480.0
2026-07-30,9663,富邦敦南,063399,0,10000,0.0,3500.0,-10000,-3500.0
2026-07-30,9663,富邦敦南,064823,50000,0,10000.0,0.0,50000,10000.0
2026-07-30,9663,富邦敦南,065423,111000,0,40850.0,0.0,111000,40850.0
2026-07-30,9663,富邦敦南,065459,15000,0,21650.0,0.0,15000,21650.0
2026-07-30,9663,富邦敦南,065750,4000,0,3640.0,0.0,4000,3640.0
2026-07-30,9663,富邦敦南,066453,5000,0,1450.0,0.0,5000,1450.0
2026-07-30,9663,富邦敦南,066983,0,20000,0.0,4000.0,-20000,-4000.0
2026-07-30,9663,富邦敦南,067119,0,1000,0.0,980.0,-1000,-980.0
2026-07-30,9663,富邦敦南,067148,0,200000,0.0,80000.0,-200000,-80000.0
2026-07-30,9663,富邦敦南,067167,15000,0,27450.0,0.0,15000,27450.0
2026-07-30,9663,富邦敦南,067202,20000,0,23800.0,0.0,20000,23800.0
2026-07-30,9663,富邦敦南,067359,0,10000,0.0,6300.0,-10000,-6300.0
2026-07-30,9663,富邦敦南,067544,1000,0,690.0,0.0,1000,690.0
2026-07-30,9663,富邦敦南,067551,0,50000,0.0,30530.0,-50000,-30530.0
2026-07-30,9663,富邦敦南,067944,0,5000,0.0,7600.0,-5000,-7600.0
2026-07-30,9663,富邦敦南,068019,10000,0,2700.0,0.0,10000,2700.0
2026-07-30,9663,富邦敦南,068034,0,5000,0.0,2600.0,-5000,-2600.0
2026-07-30,9663,富邦敦南,068071,30000,0,13500.0,0.0,30000,13500.0
2026-07-30,9663,富邦敦南,069151,1000,3000,740.0,2190.0,-2000,-1450.0
2026-07-30,9663,富邦敦南,069648,0,20000,0.0,2400.0,-20000,-2400.0
2026-07-30,9663,富邦敦南,069657,0,3000,0.0,7800.0,-3000,-7800.0
2026-07-30,9663,富邦敦南,070057,20000,0,10000.0,0.0,20000,10000.0
2026-07-30,9663,富邦敦南,070516,32000,0,14720.0,0.0,32000,14720.0
2026-07-30,9663,富邦敦南,070547,67000,0,20100.0,0.0,67000,20100.0
2026-07-30,9663,富邦敦南,070849,50000,0,25900.0,0.0,50000,25900.0
2026-07-30,9663,富邦敦南,071436,50000,0,8000.0,0.0,50000,8000.0
2026-07-30,9663,富邦敦南,071945,10000,0,4200.0,0.0,10000,4200.0
2026-07-30,9663,富邦敦南,072470,0,10000,0.0,5100.0,-10000,-5100.0
2026-07-30,9663,富邦敦南,072647,25000,0,15700.0,0.0,25000,15700.0
2026-07-30,9663,富邦敦南,073096,10000,0,9000.0,0.0,10000,9000.0
2026-07-30,9663,富邦敦南,073231,2000,0,1560.0,0.0,2000,1560.0
2026-07-30,9663,富邦敦南,073380,0,2000,0.0,720.0,-2000,-720.0
2026-07-30,9663,富邦敦南,073561,9000,0,5320.0,0.0,9000,5320.0
2026-07-30,9663,富邦敦南,074236,0,10000,0.0,8400.0,-10000,-8400.0
2026-07-30,9663,富邦敦南,074309,10000,0,6600.0,0.0,10000,6600.0
2026-07-30,9663,富邦敦南,074520,0,5000,0.0,4850.0,-5000,-4850.0
2026-07-30,9663,富邦敦南,074913,0,10000,0.0,10150.0,-10000,-10150.0
2026-07-30,9663,富邦敦南,074942,30000,0,35100.0,0.0,30000,35100.0
2026-07-30,9663,富邦敦南,075062,20000,0,8600.0,0.0,20000,8600.0
2026-07-30,9663,富邦敦南,075709,1000,0,430.0,0.0,1000,430.0
2026-07-30,9663,富邦敦南,08797U,40000,0,12200.0,0.0,40000,12200.0
2026-07-30,9663,富邦敦南,705002,10000,0,5800.0,0.0,10000,5800.0
2026-07-30,9663,富邦敦南,705100,0,30000,0.0,8100.0,-30000,-8100.0
2026-07-30,9663,富邦敦南,706134,0,16000,0.0,13440.0,-16000,-13440.0
2026-07-30,9663,富邦敦南,707759,0,13000,0.0,11300.0,-13000,-11300.0
2026-07-30,9663,富邦敦南,707820,2000,0,1200.0,0.0,2000,1200.0
2026-07-30,9663,富邦敦南,708250,0,5000,0.0,1050.0,-5000,-1050.0
2026-07-30,9663,富邦敦南,708580,30000,0,3000.0,0.0,30000,3000.0
2026-07-30,9663,富邦敦南,708632,0,150000,0.0,27000.0,-150000,-27000.0
2026-07-30,9663,富邦敦南,708704,10000,0,3300.0,0.0,10000,3300.0
2026-07-30,9663,富邦敦南,708982,10000,0,3000.0,0.0,10000,3000.0
2026-07-30,9663,富邦敦南,709746,3000,0,1050.0,0.0,3000,1050.0
2026-07-30,9663,富邦敦南,709896,3000,0,1890.0,0.0,3000,1890.0
2026-07-30,9663,富邦敦南,710705,0,12000,0.0,2400.0,-12000,-2400.0
2026-07-30,9663,富邦敦南,710839,0,60000,0.0,19000.0,-60000,-19000.0
2026-07-30,9663,富邦敦南,72692U,2000,0,160.0,0.0,2000,160.0
2026-07-30,9663,富邦敦南,72748U,0,7000,0.0,13090.0,-7000,-13090.0
2026-07-30,9663,富邦敦南,72826U,0,20000,0.0,2000.0,-20000,-2000.0
2026-07-30,9663,富邦敦南,72830U,0,30000,0.0,8700.0,-30000,-8700.0
2026-07-30,9663,富邦敦南,72853U,0,6000,0.0,7020.0,-6000,-7020.0
2026-07-30,9663,富邦敦南,72923U,0,1000,0.0,3860.0,-1000,-3860.0
2026-07-30,9663,富邦敦南,72942U,0,1000,0.0,1840.0,-1000,-1840.0
2026-07-30,9676,富邦仁愛,03027T,0,1000,0.0,230.0,-1000,-230.0
2026-07-30,9676,富邦仁愛,03028T,2000,0,140.0,0.0,2000,140.0
2026-07-30,9676,富邦仁愛,03051T,1000,0,420.0,0.0,1000,420.0
2026-07-30,9676,富邦仁愛,03085T,20000,0,9800.0,0.0,20000,9800.0
2026-07-30,9676,富邦仁愛,03116T,10000,0,7200.0,0.0,10000,7200.0
2026-07-30,9676,富邦仁愛,03162T,3000,0,390.0,0.0,3000,390.0
2026-07-30,9676,富邦仁愛,03178T,0,5000,0.0,5450.0,-5000,-5450.0
2026-07-30,9676,富邦仁愛,03202T,50000,0,44000.0,0.0,50000,44000.0
2026-07-30,9676,富邦仁愛,03351T,0,10000,0.0,7300.0,-10000,-7300.0
2026-07-30,9676,富邦仁愛,03353T,0,5000,0.0,5900.0,-5000,-5900.0
2026-07-30,9676,富邦仁愛,03388T,0,5000,0.0,16000.0,-5000,-16000.0
2026-07-30,9676,富邦仁愛,03448T,0,10000,0.0,11700.0,-10000,-11700.0
2026-07-30,9676,富邦仁愛,03466T,0,10000,0.0,20600.0,-10000,-20600.0
2026-07-30,9676,富邦仁愛,03537T,0,40000,0.0,46000.0,-40000,-46000.0
2026-07-30,9676,富邦仁愛,03644T,0,9000,0.0,8640.0,-9000,-8640.0
2026-07-30,9676,富邦仁愛,03659T,10000,0,18700.0,0.0,10000,18700.0
2026-07-30,9676,富邦仁愛,03703T,15000,10000,25950.0,18100.0,5000,7850.0
2026-07-30,9676,富邦仁愛,03735B,0,50000,0.0,55000.0,-50000,-55000.0
2026-07-30,9676,富邦仁愛,03738B,10000,0,10600.0,0.0,10000,10600.0
2026-07-30,9676,富邦仁愛,038317,0,20000,0.0,48450.0,-20000,-48450.0
2026-07-30,9676,富邦仁愛,03888T,20000,20000,32400.0,33200.0,0,-800.0
2026-07-30,9676,富邦仁愛,039446,0,7000,0.0,9960.0,-7000,-9960.0
2026-07-30,9676,富邦仁愛,04017C,0,7000,0.0,6370.0,-7000,-6370.0
2026-07-30,9676,富邦仁愛,04018C,0,40000,0.0,43080.0,-40000,-43080.0
2026-07-30,9676,富邦仁愛,040615,0,60000,0.0,84500.0,-60000,-84500.0
2026-07-30,9676,富邦仁愛,041165,0,5000,0.0,22250.0,-5000,-22250.0
2026-07-30,9676,富邦仁愛,044187,1000,0,16200.0,0.0,1000,16200.0
2026-07-30,9676,富邦仁愛,045264,0,4000,0.0,560.0,-4000,-560.0
2026-07-30,9676,富邦仁愛,049787,80000,0,190100.0,0.0,80000,190100.0
2026-07-30,9676,富邦仁愛,051970,0,10000,0.0,57000.0,-10000,-57000.0
2026-07-30,9676,富邦仁愛,052191,50000,0,32500.0,0.0,50000,32500.0
2026-07-30,9676,富邦仁愛,052794,0,20000,0.0,35200.0,-20000,-35200.0
2026-07-30,9676,富邦仁愛,052805,80000,0,27600.0,0.0,80000,27600.0
2026-07-30,9676,富邦仁愛,053446,10000,0,27800.0,0.0,10000,27800.0
2026-07-30,9676,富邦仁愛,055783,1000,0,10000.0,0.0,1000,10000.0
2026-07-30,9676,富邦仁愛,056082,10000,10000,8300.0,8800.0,0,-500.0
2026-07-30,9676,富邦仁愛,056535,60000,0,41400.0,0.0,60000,41400.0
2026-07-30,9676,富邦仁愛,056850,0,35000,0.0,39450.0,-35000,-39450.0
2026-07-30,9676,富邦仁愛,057165,50000,0,14000.0,0.0,50000,14000.0
2026-07-30,9676,富邦仁愛,057289,408000,0,691480.0,0.0,408000,691480.0
2026-07-30,9676,富邦仁愛,057813,10000,0,33000.0,0.0,10000,33000.0
2026-07-30,9676,富邦仁愛,057857,17000,0,28400.0,0.0,17000,28400.0
2026-07-30,9676,富邦仁愛,058308,10000,0,6800.0,0.0,10000,6800.0
2026-07-30,9676,富邦仁愛,058342,1000,0,170.0,0.0,1000,170.0
2026-07-30,9676,富邦仁愛,058991,15000,0,10350.0,0.0,15000,10350.0
2026-07-30,9676,富邦仁愛,059063,0,10000,0.0,5300.0,-10000,-5300.0
2026-07-30,9676,富邦仁愛,059237,30000,0,9000.0,0.0,30000,9000.0
2026-07-30,9676,富邦仁愛,059540,1000,0,150.0,0.0,1000,150.0
2026-07-30,9676,富邦仁愛,060067,20000,20000,20450.0,18800.0,0,1650.0
2026-07-30,9676,富邦仁愛,060309,0,2000,0.0,2720.0,-2000,-2720.0
2026-07-30,9676,富邦仁愛,061016,0,25000,0.0,24500.0,-25000,-24500.0
2026-07-30,9676,富邦仁愛,061151,184000,0,196000.0,0.0,184000,196000.0
2026-07-30,9676,富邦仁愛,061158,0,22000,0.0,32340.0,-22000,-32340.0
2026-07-30,9676,富邦仁愛,061211,0,18000,0.0,8460.0,-18000,-8460.0
2026-07-30,9676,富邦仁愛,062239,0,200000,0.0,199750.0,-200000,-199750.0
2026-07-30,9676,富邦仁愛,062295,0,35000,0.0,82600.0,-35000,-82600.0
2026-07-30,9676,富邦仁愛,062430,0,200000,0.0,276000.0,-200000,-276000.0
2026-07-30,9676,富邦仁愛,062442,0,20000,0.0,25800.0,-20000,-25800.0
2026-07-30,9676,富邦仁愛,062914,28000,0,20440.0,0.0,28000,20440.0
2026-07-30,9676,富邦仁愛,063020,10000,0,9900.0,0.0,10000,9900.0
2026-07-30,9676,富邦仁愛,063023,20000,0,19800.0,0.0,20000,19800.0
2026-07-30,9676,富邦仁愛,063081,0,10000,0.0,4900.0,-10000,-4900.0
2026-07-30,9676,富邦仁愛,063399,7000,0,2590.0,0.0,7000,2590.0
2026-07-30,9676,富邦仁愛,063446,2000,0,800.0,0.0,2000,800.0
2026-07-30,9676,富邦仁愛,063624,2000,2000,19000.0,19000.0,0,0.0
2026-07-30,9676,富邦仁愛,063917,0,3000,0.0,1290.0,-3000,-1290.0
2026-07-30,9676,富邦仁愛,064177,4000,0,2560.0,0.0,4000,2560.0
2026-07-30,9676,富邦仁愛,064524,0,12000,0.0,8760.0,-12000,-8760.0
2026-07-30,9676,富邦仁愛,064989,0,1000,0.0,280.0,-1000,-280.0
2026-07-30,9676,富邦仁愛,065145,10000,0,92500.0,0.0,10000,92500.0
2026-07-30,9676,富邦仁愛,065345,30000,0,105000.0,0.0,30000,105000.0
2026-07-30,9676,富邦仁愛,065350,10000,0,11600.0,0.0,10000,11600.0
2026-07-30,9676,富邦仁愛,065481,7000,0,10080.0,0.0,7000,10080.0
2026-07-30,9676,富邦仁愛,065482,0,30000,0.0,41800.0,-30000,-41800.0
2026-07-30,9676,富邦仁愛,066017,0,1000,0.0,400.0,-1000,-400.0
2026-07-30,9676,富邦仁愛,066173,2000,0,3120.0,0.0,2000,3120.0
2026-07-30,9676,富邦仁愛,066232,0,1000,0.0,1210.0,-1000,-1210.0
2026-07-30,9676,富邦仁愛,066516,0,15000,0.0,29400.0,-15000,-29400.0
2026-07-30,9676,富邦仁愛,066750,4000,0,11000.0,0.0,4000,11000.0
2026-07-30,9676,富邦仁愛,066875,40000,0,16400.0,0.0,40000,16400.0
2026-07-30,9676,富邦仁愛,066960,2000,0,900.0,0.0,2000,900.0
2026-07-30,9676,富邦仁愛,067053,5000,0,8400.0,0.0,5000,8400.0
2026-07-30,9676,富邦仁愛,067222,60000,40000,35400.0,18800.0,20000,16600.0
2026-07-30,9676,富邦仁愛,067240,10000,0,4900.0,0.0,10000,4900.0
2026-07-30,9676,富邦仁愛,067324,10000,0,10100.0,0.0,10000,10100.0
2026-07-30,9676,富邦仁愛,067443,100000,0,57000.0,0.0,100000,57000.0
2026-07-30,9676,富邦仁愛,067824,0,5000,0.0,2550.0,-5000,-2550.0
2026-07-30,9676,富邦仁愛,067942,14000,0,17850.0,0.0,14000,17850.0
2026-07-30,9676,富邦仁愛,068001,5000,0,3100.0,0.0,5000,3100.0
2026-07-30,9676,富邦仁愛,068003,20000,0,14000.0,0.0,20000,14000.0
2026-07-30,9676,富邦仁愛,068014,0,1000,0.0,480.0,-1000,-480.0
2026-07-30,9676,富邦仁愛,068070,2000,0,1320.0,0.0,2000,1320.0
2026-07-30,9676,富邦仁愛,068325,499000,0,324350.0,0.0,499000,324350.0
2026-07-30,9676,富邦仁愛,068358,1000,0,110.0,0.0,1000,110.0
2026-07-30,9676,富邦仁愛,068633,0,30000,0.0,25500.0,-30000,-25500.0
2026-07-30,9676,富邦仁愛,068729,0,1000,0.0,1400.0,-1000,-1400.0
2026-07-30,9676,富邦仁愛,068821,0,25000,0.0,20250.0,-25000,-20250.0
2026-07-30,9676,富邦仁愛,068857,0,6000,0.0,4740.0,-6000,-4740.0
2026-07-30,9676,富邦仁愛,068970,0,3000,0.0,2700.0,-3000,-2700.0
2026-07-30,9676,富邦仁愛,069237,3000,3000,12010.0,11670.0,0,340.0
2026-07-30,9676,富邦仁愛,069282,12000,0,5500.0,0.0,12000,5500.0
2026-07-30,9676,富邦仁愛,069301,5000,5000,19850.0,20150.0,0,-300.0
2026-07-30,9676,富邦仁愛,069439,10000,30000,11800.0,36000.0,-20000,-24200.0
2026-07-30,9676,富邦仁愛,069450,10000,0,5400.0,0.0,10000,5400.0
2026-07-30,9676,富邦仁愛,069564,0,20000,0.0,42400.0,-20000,-42400.0
2026-07-30,9676,富邦仁愛,069671,0,161000,0.0,74060.0,-161000,-74060.0
2026-07-30,9676,富邦仁愛,069684,0,10000,0.0,8500.0,-10000,-8500.0
2026-07-30,9676,富邦仁愛,070396,20000,0,10700.0,0.0,20000,10700.0
2026-07-30,9676,富邦仁愛,071264,17000,0,10200.0,0.0,17000,10200.0
2026-07-30,9676,富邦仁愛,071506,0,10000,0.0,4300.0,-10000,-4300.0
2026-07-30,9676,富邦仁愛,072002,230000,0,170200.0,0.0,230000,170200.0
2026-07-30,9676,富邦仁愛,072468,0,2000,0.0,2440.0,-2000,-2440.0
2026-07-30,9676,富邦仁愛,073561,0,1000,0.0,580.0,-1000,-580.0
2026-07-30,9676,富邦仁愛,074225,20000,0,12000.0,0.0,20000,12000.0
2026-07-30,9676,富邦仁愛,074303,1000,0,2200.0,0.0,1000,2200.0
2026-07-30,9676,富邦仁愛,074671,7000,0,4340.0,0.0,7000,4340.0
2026-07-30,9676,富邦仁愛,074789,0,8000,0.0,13600.0,-8000,-13600.0
2026-07-30,9676,富邦仁愛,075029,5000,20000,13450.0,52200.0,-15000,-38750.0
2026-07-30,9676,富邦仁愛,076261,1000,0,700.0,0.0,1000,700.0
2026-07-30,9676,富邦仁愛,07629U,3000,0,920.0,0.0,3000,920.0
2026-07-30,9676,富邦仁愛,076420,5000,0,5690.0,0.0,5000,5690.0
2026-07-30,9676,富邦仁愛,076630,5000,0,2050.0,0.0,5000,2050.0
2026-07-30,9676,富邦仁愛,076678,0,30000,0.0,47400.0,-30000,-47400.0
2026-07-30,9676,富邦仁愛,076752,0,30000,0.0,37970.0,-30000,-37970.0
2026-07-30,9676,富邦仁愛,077744,5000,0,11900.0,0.0,5000,11900.0
2026-07-30,9676,富邦仁愛,08144U,2000,0,240.0,0.0,2000,240.0
2026-07-30,9676,富邦仁愛,08258U,0,1000,0.0,200.0,-1000,-200.0
2026-07-30,9676,富邦仁愛,08260U,3000,0,120.0,0.0,3000,120.0
2026-07-30,9676,富邦仁愛,08519U,3000,0,690.0,0.0,3000,690.0
2026-07-30,9676,富邦仁愛,08663U,10000,10000,1200.0,1600.0,0,-400.0
2026-07-30,9676,富邦仁愛,08844U,2000,0,240.0,0.0,2000,240.0
2026-07-30,9676,富邦仁愛,08929U,3000,0,390.0,0.0,3000,390.0
2026-07-30,9676,富邦仁愛,703963,0,2000,0.0,5280.0,-2000,-5280.0
2026-07-30,9676,富邦仁愛,704793,2000,0,6660.0,0.0,2000,6660.0
2026-07-30,9676,富邦仁愛,704831,10000,0,33400.0,0.0,10000,33400.0
2026-07-30,9676,富邦仁愛,704900,0,30000,0.0,16500.0,-30000,-16500.0
2026-07-30,9676,富邦仁愛,705052,9000,0,270.0,0.0,9000,270.0
2026-07-30,9676,富邦仁愛,705090,0,10000,0.0,400.0,-10000,-400.0
2026-07-30,9676,富邦仁愛,705489,0,110000,0.0,86200.0,-110000,-86200.0
2026-07-30,9676,富邦仁愛,707231,0,10000,0.0,2200.0,-10000,-2200.0
2026-07-30,9676,富邦仁愛,707852,6000,0,9220.0,0.0,6000,9220.0
2026-07-30,9676,富邦仁愛,708063,0,3000,0.0,1050.0,-3000,-1050.0
2026-07-30,9676,富邦仁愛,708530,20000,0,2800.0,0.0,20000,2800.0
2026-07-30,9676,富邦仁愛,708904,0,10000,0.0,4400.0,-10000,-4400.0
2026-07-30,9676,富邦仁愛,709287,180000,0,31600.0,0.0,180000,31600.0
2026-07-30,9676,富邦仁愛,710476,0,1000,0.0,380.0,-1000,-380.0
2026-07-30,9676,富邦仁愛,710926,40000,0,26500.0,0.0,40000,26500.0
2026-07-30,9676,富邦仁愛,711024,100000,0,29500.0,0.0,100000,29500.0
2026-07-30,9676,富邦仁愛,711573,4000,0,4020.0,0.0,4000,4020.0
2026-07-30,9676,富邦仁愛,72833U,0,5000,0.0,150.0,-5000,-150.0
2026-07-30,9676,富邦仁愛,736934,1000,0,3600.0,0.0,1000,3600.0
2026-07-30,980l,元大虎尾,03192T,5000,0,4200.0,0.0,5000,4200.0
2026-07-30,980l,元大虎尾,03732B,0,20000,0.0,20900.0,-20000,-20900.0
2026-07-30,980l,元大虎尾,041780,3000,4000,8990.0,10500.0,-1000,-1510.0
2026-07-30,980l,元大虎尾,042930,50000,0,2000.0,0.0,50000,2000.0
2026-07-30,980l,元大虎尾,053212,264000,0,50140.0,0.0,264000,50140.0
2026-07-30,980l,元大虎尾,058265,0,600000,0.0,1350400.0,-600000,-1350400.0
2026-07-30,980l,元大虎尾,06060U,0,117000,0.0,2340.0,-117000,-2340.0
2026-07-30,980l,元大虎尾,062006,0,10000,0.0,1600.0,-10000,-1600.0
2026-07-30,980l,元大虎尾,062647,10000,0,6700.0,0.0,10000,6700.0
2026-07-30,980l,元大虎尾,064514,0,17000,0.0,7650.0,-17000,-7650.0
2026-07-30,980l,元大虎尾,065481,10000,0,11700.0,0.0,10000,11700.0
2026-07-30,980l,元大虎尾,065613,0,5000,0.0,2500.0,-5000,-2500.0
2026-07-30,980l,元大虎尾,066823,10000,0,15700.0,0.0,10000,15700.0
2026-07-30,980l,元大虎尾,066997,0,5000,0.0,1550.0,-5000,-1550.0
2026-07-30,980l,元大虎尾,067083,0,4000,0.0,1880.0,-4000,-1880.0
2026-07-30,980l,元大虎尾,067193,1000,0,1460.0,0.0,1000,1460.0
2026-07-30,980l,元大虎尾,067699,3000,0,2400.0,0.0,3000,2400.0
2026-07-30,980l,元大虎尾,067937,0,130000,0.0,137800.0,-130000,-137800.0
2026-07-30,980l,元大虎尾,068342,0,15000,0.0,36450.0,-15000,-36450.0
2026-07-30,980l,元大虎尾,068971,20000,0,3800.0,0.0,20000,3800.0
2026-07-30,980l,元大虎尾,069579,30000,0,8200.0,0.0,30000,8200.0
2026-07-30,980l,元大虎尾,069984,15000,15000,13950.0,13500.0,0,450.0
2026-07-30,980l,元大虎尾,070950,0,1000,0.0,930.0,-1000,-930.0
2026-07-30,980l,元大虎尾,071326,0,67000,0.0,84550.0,-67000,-84550.0
2026-07-30,980l,元大虎尾,072004,0,198000,0.0,100980.0,-198000,-100980.0
2026-07-30,980l,元大虎尾,076324,11000,0,10230.0,0.0,11000,10230.0
2026-07-30,980l,元大虎尾,076406,10000,0,12300.0,0.0,10000,12300.0
2026-07-30,980l,元大虎尾,076932,0,2000,0.0,2800.0,-2000,-2800.0
2026-07-30,980l,元大虎尾,077172,0,40000,0.0,36400.0,-40000,-36400.0
2026-07-30,980l,元大虎尾,077180,0,20000,0.0,37200.0,-20000,-37200.0
2026-07-30,980l,元大虎尾,08934U,50000,0,4000.0,0.0,50000,4000.0
2026-07-30,980l,元大虎尾,702802,0,200000,0.0,6000.0,-200000,-6000.0
2026-07-30,980l,元大虎尾,707014,5000,0,4300.0,0.0,5000,4300.0
2026-07-30,980l,元大虎尾,708217,0,3000,0.0,1800.0,-3000,-1800.0
2026-07-30,980l,元大虎尾,708662,7000,0,2870.0,0.0,7000,2870.0
2026-07-30,980l,元大虎尾,709445,50000,0,4000.0,0.0,50000,4000.0
2026-07-30,980l,元大虎尾,711231,10000,0,7300.0,0.0,10000,7300.0
2026-07-30,980l,元大虎尾,72814U,0,35000,0.0,42000.0,-35000,-42000.0
2026-07-30,9853,元大南屯,030573,5000,0,10440.0,0.0,5000,10440.0
2026-07-30,9853,元大南屯,030579,0,95000,0.0,907250.0,-95000,-907250.0
2026-07-30,9853,元大南屯,03083T,0,9000,0.0,1170.0,-9000,-1170.0
2026-07-30,9853,元大南屯,03099T,10000,0,2900.0,0.0,10000,2900.0
2026-07-30,9853,元大南屯,03125T,0,5000,0.0,6800.0,-5000,-6800.0
2026-07-30,9853,元大南屯,03148T,0,10000,0.0,8400.0,-10000,-8400.0
2026-07-30,9853,元大南屯,03156T,8000,1000,13190.0,1570.0,7000,11620.0
2026-07-30,9853,元大南屯,03272T,0,95000,0.0,17100.0,-95000,-17100.0
2026-07-30,9853,元大南屯,03353T,0,3000,0.0,3510.0,-3000,-3510.0
2026-07-30,9853,元大南屯,03361T,0,1000,0.0,850.0,-1000,-850.0
2026-07-30,9853,元大南屯,03389T,0,4000,0.0,1560.0,-4000,-1560.0
2026-07-30,9853,元大南屯,03418T,0,2000,0.0,1900.0,-2000,-1900.0
2026-07-30,9853,元大南屯,03427T,0,10000,0.0,26500.0,-10000,-26500.0
2026-07-30,9853,元大南屯,03442T,0,37000,0.0,63470.0,-37000,-63470.0
2026-07-30,9853,元大南屯,03477T,0,3000,0.0,4170.0,-3000,-4170.0
2026-07-30,9853,元大南屯,03480T,1000,0,2680.0,0.0,1000,2680.0
2026-07-30,9853,元大南屯,03487T,0,4000,0.0,8200.0,-4000,-8200.0
2026-07-30,9853,元大南屯,03495T,0,1000,0.0,1290.0,-1000,-1290.0
2026-07-30,9853,元大南屯,03521T,22000,0,22000.0,0.0,22000,22000.0
2026-07-30,9853,元大南屯,03622T,6000,0,4440.0,0.0,6000,4440.0
2026-07-30,9853,元大南屯,03644T,6000,0,5820.0,0.0,6000,5820.0
2026-07-30,9853,元大南屯,03732B,14000,5000,14900.0,5350.0,9000,9550.0
2026-07-30,9853,元大南屯,03734B,8000,0,11680.0,0.0,8000,11680.0
2026-07-30,9853,元大南屯,03735B,10000,0,11260.0,0.0,10000,11260.0
2026-07-30,9853,元大南屯,03736B,5000,0,6800.0,0.0,5000,6800.0
2026-07-30,9853,元大南屯,03749T,0,2000,0.0,3340.0,-2000,-3340.0
2026-07-30,9853,元大南屯,03751T,0,1000,0.0,4300.0,-1000,-4300.0
2026-07-30,9853,元大南屯,03829T,0,3000,0.0,9330.0,-3000,-9330.0
2026-07-30,9853,元大南屯,03830T,0,5000,0.0,9850.0,-5000,-9850.0
2026-07-30,9853,元大南屯,03834T,0,2000,0.0,4640.0,-2000,-4640.0
2026-07-30,9853,元大南屯,03852T,2000,1000,7420.0,3740.0,1000,3680.0
2026-07-30,9853,元大南屯,039028,2000,0,2280.0,0.0,2000,2280.0
2026-07-30,9853,元大南屯,03929T,2000,0,3820.0,0.0,2000,3820.0
2026-07-30,9853,元大南屯,03932T,6000,0,4920.0,0.0,6000,4920.0
2026-07-30,9853,元大南屯,03950T,0,7000,0.0,7910.0,-7000,-7910.0
2026-07-30,9853,元大南屯,04016C,1000,1000,1640.0,1760.0,0,-120.0
2026-07-30,9853,元大南屯,04020C,3000,0,3450.0,0.0,3000,3450.0
2026-07-30,9853,元大南屯,040610,0,5000,0.0,4950.0,-5000,-4950.0
2026-07-30,9853,元大南屯,043938,0,5000,0.0,1400.0,-5000,-1400.0
2026-07-30,9853,元大南屯,044616,5000,7000,4750.0,7150.0,-2000,-2400.0
2026-07-30,9853,元大南屯,048099,3000,0,2160.0,0.0,3000,2160.0
2026-07-30,9853,元大南屯,052670,2000,0,3760.0,0.0,2000,3760.0
2026-07-30,9853,元大南屯,052911,10000,0,7100.0,0.0,10000,7100.0
2026-07-30,9853,元大南屯,053595,0,1000,0.0,800.0,-1000,-800.0
2026-07-30,9853,元大南屯,054290,3000,0,3180.0,0.0,3000,3180.0
2026-07-30,9853,元大南屯,054457,1000,0,1650.0,0.0,1000,1650.0
2026-07-30,9853,元大南屯,054462,0,30000,0.0,15000.0,-30000,-15000.0
2026-07-30,9853,元大南屯,055204,5000,0,2500.0,0.0,5000,2500.0
2026-07-30,9853,元大南屯,056578,3000,0,5940.0,0.0,3000,5940.0
2026-07-30,9853,元大南屯,056863,4000,30000,4120.0,34500.0,-26000,-30380.0
2026-07-30,9853,元大南屯,057742,2000,0,3400.0,0.0,2000,3400.0
2026-07-30,9853,元大南屯,057824,150000,0,39000.0,0.0,150000,39000.0
2026-07-30,9853,元大南屯,058227,3000,0,5280.0,0.0,3000,5280.0
2026-07-30,9853,元大南屯,059610,3000,0,5160.0,0.0,3000,5160.0
2026-07-30,9853,元大南屯,059707,0,10000,0.0,27100.0,-10000,-27100.0
2026-07-30,9853,元大南屯,059881,0,3000,0.0,5820.0,-3000,-5820.0
2026-07-30,9853,元大南屯,060558,0,1000,0.0,650.0,-1000,-650.0
2026-07-30,9853,元大南屯,060793,2000,0,4030.0,0.0,2000,4030.0
2026-07-30,9853,元大南屯,062912,298000,0,231420.0,0.0,298000,231420.0
2026-07-30,9853,元大南屯,063169,998000,0,2744500.0,0.0,998000,2744500.0
2026-07-30,9853,元大南屯,063380,3000,0,3600.0,0.0,3000,3600.0
2026-07-30,9853,元大南屯,063547,1000,0,3550.0,0.0,1000,3550.0
2026-07-30,9853,元大南屯,063789,7000,0,2590.0,0.0,7000,2590.0
2026-07-30,9853,元大南屯,063809,205000,26000,247550.0,33280.0,179000,214270.0
2026-07-30,9853,元大南屯,064008,0,22000,0.0,17600.0,-22000,-17600.0
2026-07-30,9853,元大南屯,064154,3000,0,5670.0,0.0,3000,5670.0
2026-07-30,9853,元大南屯,064691,3000,0,4180.0,0.0,3000,4180.0
2026-07-30,9853,元大南屯,064894,51000,0,8160.0,0.0,51000,8160.0
2026-07-30,9853,元大南屯,065661,6000,0,3900.0,0.0,6000,3900.0
2026-07-30,9853,元大南屯,065759,6000,0,3420.0,0.0,6000,3420.0
2026-07-30,9853,元大南屯,065813,6000,0,5300.0,0.0,6000,5300.0
2026-07-30,9853,元大南屯,065850,0,5000,0.0,24000.0,-5000,-24000.0
2026-07-30,9853,元大南屯,065957,0,6000,0.0,6660.0,-6000,-6660.0
2026-07-30,9853,元大南屯,065973,1000,0,1520.0,0.0,1000,1520.0
2026-07-30,9853,元大南屯,065977,0,8000,0.0,2640.0,-8000,-2640.0
2026-07-30,9853,元大南屯,066109,0,4000,0.0,1480.0,-4000,-1480.0
2026-07-30,9853,元大南屯,066173,250000,0,450000.0,0.0,250000,450000.0
2026-07-30,9853,元大南屯,066235,150000,1000,197500.0,1350.0,149000,196150.0
2026-07-30,9853,元大南屯,066380,8000,0,4400.0,0.0,8000,4400.0
2026-07-30,9853,元大南屯,066591,0,1000,0.0,520.0,-1000,-520.0
2026-07-30,9853,元大南屯,066736,0,20000,0.0,13600.0,-20000,-13600.0
2026-07-30,9853,元大南屯,066782,23000,0,12580.0,0.0,23000,12580.0
2026-07-30,9853,元大南屯,067162,0,10000,0.0,11500.0,-10000,-11500.0
2026-07-30,9853,元大南屯,067282,3000,0,4200.0,0.0,3000,4200.0
2026-07-30,9853,元大南屯,067554,0,10000,0.0,49600.0,-10000,-49600.0
2026-07-30,9853,元大南屯,067620,110000,0,153400.0,0.0,110000,153400.0
2026-07-30,9853,元大南屯,067673,6000,0,4140.0,0.0,6000,4140.0
2026-07-30,9853,元大南屯,067957,10000,0,5050.0,0.0,10000,5050.0
2026-07-30,9853,元大南屯,068002,100000,0,91000.0,0.0,100000,91000.0
2026-07-30,9853,元大南屯,068416,1000,0,1040.0,0.0,1000,1040.0
2026-07-30,9853,元大南屯,068513,4000,0,11320.0,0.0,4000,11320.0
2026-07-30,9853,元大南屯,068531,20000,0,13100.0,0.0,20000,13100.0
2026-07-30,9853,元大南屯,068663,0,20000,0.0,10400.0,-20000,-10400.0
2026-07-30,9853,元大南屯,068796,120000,0,110400.0,0.0,120000,110400.0
2026-07-30,9853,元大南屯,068873,5000,0,1500.0,0.0,5000,1500.0
2026-07-30,9853,元大南屯,068937,6000,0,5100.0,0.0,6000,5100.0
2026-07-30,9853,元大南屯,069760,10000,0,2700.0,0.0,10000,2700.0
2026-07-30,9853,元大南屯,069882,0,8000,0.0,3200.0,-8000,-3200.0
2026-07-30,9853,元大南屯,070170,1000,0,470.0,0.0,1000,470.0
2026-07-30,9853,元大南屯,070216,0,2000,0.0,1480.0,-2000,-1480.0
2026-07-30,9853,元大南屯,070256,3000,0,1170.0,0.0,3000,1170.0
2026-07-30,9853,元大南屯,070262,0,10000,0.0,1200.0,-10000,-1200.0
2026-07-30,9853,元大南屯,070493,0,20000,0.0,10600.0,-20000,-10600.0
2026-07-30,9853,元大南屯,070962,20000,0,11400.0,0.0,20000,11400.0
2026-07-30,9853,元大南屯,070963,20000,0,11000.0,0.0,20000,11000.0
2026-07-30,9853,元大南屯,071842,0,6000,0.0,4620.0,-6000,-4620.0
2026-07-30,9853,元大南屯,072529,5000,0,1850.0,0.0,5000,1850.0
2026-07-30,9853,元大南屯,072591,3000,0,870.0,0.0,3000,870.0
2026-07-30,9853,元大南屯,073253,0,1000,0.0,630.0,-1000,-630.0
2026-07-30,9853,元大南屯,074400,0,7000,0.0,1120.0,-7000,-1120.0
2026-07-30,9853,元大南屯,074472,0,6000,0.0,5740.0,-6000,-5740.0
2026-07-30,9853,元大南屯,075482,86000,0,23220.0,0.0,86000,23220.0
2026-07-30,9853,元大南屯,075483,106000,0,26880.0,0.0,106000,26880.0
2026-07-30,9853,元大南屯,075608,1000,0,1350.0,0.0,1000,1350.0
2026-07-30,9853,元大南屯,076213,1497000,0,778440.0,0.0,1497000,778440.0
2026-07-30,9853,元大南屯,076214,998000,0,588820.0,0.0,998000,588820.0
2026-07-30,9853,元大南屯,076215,1497000,0,868260.0,0.0,1497000,868260.0
2026-07-30,9853,元大南屯,076254,4586000,0,3412410.0,0.0,4586000,3412410.0
2026-07-30,9853,元大南屯,076255,2495000,0,1337320.0,0.0,2495000,1337320.0
2026-07-30,9853,元大南屯,076308,2495000,0,1407180.0,0.0,2495000,1407180.0
2026-07-30,9853,元大南屯,076309,4911000,0,3113100.0,0.0,4911000,3113100.0
2026-07-30,9853,元大南屯,076344,4761000,0,2852020.0,0.0,4761000,2852020.0
2026-07-30,9853,元大南屯,076345,2495000,0,1257480.0,0.0,2495000,1257480.0
2026-07-30,9853,元大南屯,076346,2495000,0,1536920.0,0.0,2495000,1536920.0
2026-07-30,9853,元大南屯,076376,1497000,0,733530.0,0.0,1497000,733530.0
2026-07-30,9853,元大南屯,076778,4531000,0,3735570.0,0.0,4531000,3735570.0
2026-07-30,9853,元大南屯,077122,1996000,0,1067860.0,0.0,1996000,1067860.0
2026-07-30,9853,元大南屯,077487,998000,0,538920.0,0.0,998000,538920.0
2026-07-30,9853,元大南屯,077709,2000,0,2720.0,0.0,2000,2720.0
2026-07-30,9853,元大南屯,077792,6000,0,4980.0,0.0,6000,4980.0
2026-07-30,9853,元大南屯,08184U,50000,0,3500.0,0.0,50000,3500.0
2026-07-30,9853,元大南屯,08439U,3000,0,780.0,0.0,3000,780.0
2026-07-30,9853,元大南屯,08731U,5000,0,1000.0,0.0,5000,1000.0
2026-07-30,9853,元大南屯,700904,0,31000,0.0,94120.0,-31000,-94120.0
2026-07-30,9853,元大南屯,704911,1000,0,3750.0,0.0,1000,3750.0
2026-07-30,9853,元大南屯,705564,0,181000,0.0,3620.0,-181000,-3620.0
2026-07-30,9853,元大南屯,706258,3000,0,4440.0,0.0,3000,4440.0
2026-07-30,9853,元大南屯,707317,1000,0,1100.0,0.0,1000,1100.0
2026-07-30,9853,元大南屯,707329,20000,0,8000.0,0.0,20000,8000.0
2026-07-30,9853,元大南屯,707422,0,30000,0.0,21150.0,-30000,-21150.0
2026-07-30,9853,元大南屯,707542,120000,0,76800.0,0.0,120000,76800.0
2026-07-30,9853,元大南屯,707666,1000,0,1570.0,0.0,1000,1570.0
2026-07-30,9853,元大南屯,707759,0,2000,0.0,1540.0,-2000,-1540.0
2026-07-30,9853,元大南屯,707796,10000,0,15650.0,0.0,10000,15650.0
2026-07-30,9853,元大南屯,707974,0,48000,0.0,76240.0,-48000,-76240.0
2026-07-30,9853,元大南屯,708107,10000,0,4050.0,0.0,10000,4050.0
2026-07-30,9853,元大南屯,708142,1000,0,2510.0,0.0,1000,2510.0
2026-07-30,9853,元大南屯,708454,0,30000,0.0,9900.0,-30000,-9900.0
2026-07-30,9853,元大南屯,708501,100000,0,154000.0,0.0,100000,154000.0
2026-07-30,9853,元大南屯,708760,1000,0,1300.0,0.0,1000,1300.0
2026-07-30,9853,元大南屯,709288,100000,0,15000.0,0.0,100000,15000.0
2026-07-30,9853,元大南屯,710000,2000,0,3700.0,0.0,2000,3700.0
2026-07-30,9853,元大南屯,710208,1000,0,420.0,0.0,1000,420.0
2026-07-30,9853,元大南屯,710837,30000,0,6400.0,0.0,30000,6400.0
2026-07-30,9853,元大南屯,711064,2000,0,3260.0,0.0,2000,3260.0
2026-07-30,9853,元大南屯,711138,25000,0,5400.0,0.0,25000,5400.0
2026-07-30,9853,元大南屯,711225,6000,0,4470.0,0.0,6000,4470.0
2026-07-30,9853,元大南屯,711607,1000,0,1630.0,0.0,1000,1630.0
2026-07-30,9853,元大南屯,72600U,0,6000,0.0,60.0,-6000,-60.0
2026-07-30,9853,元大南屯,72823U,0,100000,0.0,14000.0,-100000,-14000.0
2026-07-30,9853,元大南屯,72839U,3000,0,1440.0,0.0,3000,1440.0
2026-07-30,9853,元大南屯,72850U,0,20000,0.0,8800.0,-20000,-8800.0
2026-07-30,9853,元大南屯,72853U,0,1000,0.0,1200.0,-1000,-1200.0
2026-07-30,9853,元大南屯,72865U,0,20000,0.0,7400.0,-20000,-7400.0
2026-07-30,9853,元大南屯,72866U,6000,2000,8040.0,2360.0,4000,5680.0
2026-07-30,9853,元大南屯,72869U,0,6000,0.0,5040.0,-6000,-5040.0
2026-07-30,9853,元大南屯,72882U,0,3000,0.0,2940.0,-3000,-2940.0
2026-07-30,9853,元大南屯,72911U,1000,0,1090.0,0.0,1000,1090.0
2026-07-30,9853,元大南屯,72952U,0,17000,0.0,35700.0,-17000,-35700.0
2026-07-30,9867,元大民權,03008T,0,13000,0.0,8450.0,-13000,-8450.0
2026-07-30,9867,元大民權,030573,0,20000,0.0,42000.0,-20000,-42000.0
2026-07-30,9867,元大民權,03074T,0,3000,0.0,1950.0,-3000,-1950.0
2026-07-30,9867,元大民權,03351T,0,1000,0.0,780.0,-1000,-780.0
2026-07-30,9867,元大民權,03382T,0,5000,0.0,4750.0,-5000,-4750.0
2026-07-30,9867,元大民權,03482T,0,5000,0.0,19450.0,-5000,-19450.0
2026-07-30,9867,元大民權,03690T,4000,20000,6120.0,30100.0,-16000,-23980.0
2026-07-30,9867,元大民權,03785T,13000,20000,23890.0,37100.0,-7000,-13210.0
2026-07-30,9867,元大民權,03797T,23000,0,69300.0,0.0,23000,69300.0
2026-07-30,9867,元大民權,03811T,35000,12000,39650.0,13680.0,23000,25970.0
2026-07-30,9867,元大民權,053691,22000,0,7260.0,0.0,22000,7260.0
2026-07-30,9867,元大民權,055818,1000,37000,620.0,22200.0,-36000,-21580.0
2026-07-30,9867,元大民權,057299,0,65000,0.0,45500.0,-65000,-45500.0
2026-07-30,9867,元大民權,057580,15000,0,35100.0,0.0,15000,35100.0
2026-07-30,9867,元大民權,057903,5000,0,14650.0,0.0,5000,14650.0
2026-07-30,9867,元大民權,058298,99000,0,67320.0,0.0,99000,67320.0
2026-07-30,9867,元大民權,058603,15000,3000,29250.0,5880.0,12000,23370.0
2026-07-30,9867,元大民權,058604,13000,63000,24110.0,116850.0,-50000,-92740.0
2026-07-30,9867,元大民權,058795,32000,0,13740.0,0.0,32000,13740.0
2026-07-30,9867,元大民權,058830,0,29000,0.0,29580.0,-29000,-29580.0
2026-07-30,9867,元大民權,059163,0,1000,0.0,5100.0,-1000,-5100.0
2026-07-30,9867,元大民權,059838,4000,1000,4140.0,2830.0,3000,1310.0
2026-07-30,9867,元大民權,059921,499000,0,623750.0,0.0,499000,623750.0
2026-07-30,9867,元大民權,059922,400000,0,472000.0,0.0,400000,472000.0
2026-07-30,9867,元大民權,060067,0,70000,0.0,72100.0,-70000,-72100.0
2026-07-30,9867,元大民權,060615,1000,0,2630.0,0.0,1000,2630.0
2026-07-30,9867,元大民權,061153,1000,6000,500.0,2880.0,-5000,-2380.0
2026-07-30,9867,元大民權,062341,5000,0,3900.0,0.0,5000,3900.0
2026-07-30,9867,元大民權,062381,0,50000,0.0,52500.0,-50000,-52500.0
2026-07-30,9867,元大民權,063108,1000,0,430.0,0.0,1000,430.0
2026-07-30,9867,元大民權,063109,20000,1000,8600.0,420.0,19000,8180.0
2026-07-30,9867,元大民權,063344,30000,0,9300.0,0.0,30000,9300.0
2026-07-30,9867,元大民權,065058,10000,0,2000.0,0.0,10000,2000.0
2026-07-30,9867,元大民權,065422,5000,0,3550.0,0.0,5000,3550.0
2026-07-30,9867,元大民權,065423,1000,0,350.0,0.0,1000,350.0
2026-07-30,9867,元大民權,065630,10000,0,3300.0,0.0,10000,3300.0
2026-07-30,9867,元大民權,065776,0,10000,0.0,8550.0,-10000,-8550.0
2026-07-30,9867,元大民權,066207,0,25000,0.0,18250.0,-25000,-18250.0
2026-07-30,9867,元大民權,066466,25000,0,36000.0,0.0,25000,36000.0
2026-07-30,9867,元大民權,066594,60000,0,51000.0,0.0,60000,51000.0
2026-07-30,9867,元大民權,066771,30000,0,23100.0,0.0,30000,23100.0
2026-07-30,9867,元大民權,067142,1000,1000,1240.0,1590.0,0,-350.0
2026-07-30,9867,元大民權,067271,0,104000,0.0,68640.0,-104000,-68640.0
2026-07-30,9867,元大民權,067800,50000,0,21500.0,0.0,50000,21500.0
2026-07-30,9867,元大民權,067997,131000,0,76600.0,0.0,131000,76600.0
2026-07-30,9867,元大民權,067999,70000,0,68500.0,0.0,70000,68500.0
2026-07-30,9867,元大民權,068159,5000,0,2550.0,0.0,5000,2550.0
2026-07-30,9867,元大民權,068868,0,3000,0.0,3240.0,-3000,-3240.0
2026-07-30,9867,元大民權,068971,519000,0,128150.0,0.0,519000,128150.0
2026-07-30,9867,元大民權,069450,0,28000,0.0,14700.0,-28000,-14700.0
2026-07-30,9867,元大民權,069625,20000,0,11000.0,0.0,20000,11000.0
2026-07-30,9867,元大民權,069668,60000,0,19200.0,0.0,60000,19200.0
2026-07-30,9867,元大民權,070053,44000,0,8800.0,0.0,44000,8800.0
2026-07-30,9867,元大民權,070962,0,190000,0.0,110200.0,-190000,-110200.0
2026-07-30,9867,元大民權,071160,499000,0,304390.0,0.0,499000,304390.0
2026-07-30,9867,元大民權,071284,100000,0,55000.0,0.0,100000,55000.0
2026-07-30,9867,元大民權,071504,0,30000,0.0,21000.0,-30000,-21000.0
2026-07-30,9867,元大民權,071509,1000,0,340.0,0.0,1000,340.0
2026-07-30,9867,元大民權,072552,0,99000,0.0,74250.0,-99000,-74250.0
2026-07-30,9867,元大民權,072902,180000,0,81200.0,0.0,180000,81200.0
2026-07-30,9867,元大民權,073808,100000,0,46000.0,0.0,100000,46000.0
2026-07-30,9867,元大民權,076553,60000,0,64200.0,0.0,60000,64200.0
2026-07-30,9867,元大民權,077792,0,100000,0.0,79000.0,-100000,-79000.0
2026-07-30,9867,元大民權,08007U,0,100000,0.0,15000.0,-100000,-15000.0
2026-07-30,9867,元大民權,08464U,50000,0,3500.0,0.0,50000,3500.0
2026-07-30,9867,元大民權,08871U,0,25000,0.0,23600.0,-25000,-23600.0
2026-07-30,9867,元大民權,08932U,1000,0,520.0,0.0,1000,520.0
2026-07-30,9867,元大內湖民,707820,15000,0,9000.0,0.0,15000,9000.0
2026-07-30,9867,元大內湖民,709107,20000,0,12600.0,0.0,20000,12600.0
2026-07-30,9867,元大內湖民,709973,0,120000,0.0,48000.0,-120000,-48000.0
2026-07-30,9867,元大內湖民,711312,10000,0,9650.0,0.0,10000,9650.0
2026-07-30,9867,元大內湖民,72692U,1000,0,80.0,0.0,1000,80.0
2026-07-30,9867,元大內湖民,72855U,17000,0,21120.0,0.0,17000,21120.0
2026-07-30,989J,元大彰生,03051T,5000,0,2150.0,0.0,5000,2150.0
2026-07-30,989J,元大彰生,03164T,40000,0,11600.0,0.0,40000,11600.0
2026-07-30,989J,元大彰生,03412T,2000,0,2080.0,0.0,2000,2080.0
2026-07-30,989J,元大彰生,037041,0,1000,0.0,9900.0,-1000,-9900.0
2026-07-30,989J,元大彰生,03711T,0,10000,0.0,24600.0,-10000,-24600.0
2026-07-30,989J,元大彰生,03741T,0,1000,0.0,3200.0,-1000,-3200.0
2026-07-30,989J,元大彰生,039445,10000,0,2800.0,0.0,10000,2800.0
2026-07-30,989J,元大彰生,04018C,0,200000,0.0,218000.0,-200000,-218000.0
2026-07-30,989J,元大彰生,051148,0,1000,0.0,20000.0,-1000,-20000.0
2026-07-30,989J,元大彰生,051666,0,35000,0.0,40600.0,-35000,-40600.0
2026-07-30,989J,元大彰生,055673,10000,0,1800.0,0.0,10000,1800.0
2026-07-30,989J,元大彰生,055836,10000,0,2100.0,0.0,10000,2100.0
2026-07-30,989J,元大彰生,056079,30000,0,24000.0,0.0,30000,24000.0
2026-07-30,989J,元大彰生,058383,0,80000,0.0,88800.0,-80000,-88800.0
2026-07-30,989J,元大彰生,058850,0,10000,0.0,5400.0,-10000,-5400.0
2026-07-30,989J,元大彰生,059630,5000,0,2500.0,0.0,5000,2500.0
2026-07-30,989J,元大彰生,059835,0,7000,0.0,10990.0,-7000,-10990.0
2026-07-30,989J,元大彰生,062440,50000,0,45500.0,0.0,50000,45500.0
2026-07-30,989J,元大彰生,062877,0,60000,0.0,166200.0,-60000,-166200.0
2026-07-30,989J,元大彰生,063022,7000,0,10010.0,0.0,7000,10010.0
2026-07-30,989J,元大彰生,063442,0,347000,0.0,392110.0,-347000,-392110.0
2026-07-30,989J,元大彰生,063921,8000,0,9840.0,0.0,8000,9840.0
2026-07-30,989J,元大彰生,065423,4000,0,1280.0,0.0,4000,1280.0
2026-07-30,989J,元大彰生,065581,10000,0,297000.0,0.0,10000,297000.0
2026-07-30,989J,元大彰生,066072,0,12000,0.0,10680.0,-12000,-10680.0
2026-07-30,989J,元大彰生,066713,21000,0,24360.0,0.0,21000,24360.0
2026-07-30,989J,元大彰生,067390,0,20000,0.0,13800.0,-20000,-13800.0
2026-07-30,989J,元大彰生,067512,0,5000,0.0,2750.0,-5000,-2750.0
2026-07-30,989J,元大彰生,067984,60000,0,30860.0,0.0,60000,30860.0
2026-07-30,989J,元大彰生,067994,20000,0,22200.0,0.0,20000,22200.0
2026-07-30,989J,元大彰生,068000,10000,0,6500.0,0.0,10000,6500.0
2026-07-30,989J,元大彰生,068247,0,500000,0.0,230010.0,-500000,-230010.0
2026-07-30,989J,元大彰生,068980,2000,0,2260.0,0.0,2000,2260.0
2026-07-30,989J,元大彰生,069047,0,100000,0.0,64000.0,-100000,-64000.0
2026-07-30,989J,元大彰生,069088,0,100000,0.0,33000.0,-100000,-33000.0
2026-07-30,989J,元大彰生,069579,0,10000,0.0,3000.0,-10000,-3000.0
2026-07-30,989J,元大彰生,070347,18000,0,10440.0,0.0,18000,10440.0
2026-07-30,989J,元大彰生,070434,5000,0,11000.0,0.0,5000,11000.0
2026-07-30,989J,元大彰生,070999,10000,0,2000.0,0.0,10000,2000.0
2026-07-30,989J,元大彰生,071015,20000,0,8900.0,0.0,20000,8900.0
2026-07-30,989J,元大彰生,072513,100000,0,47000.0,0.0,100000,47000.0
2026-07-30,989J,元大彰生,072562,0,30000,0.0,124200.0,-30000,-124200.0
2026-07-30,989J,元大彰生,072688,0,10000,0.0,14000.0,-10000,-14000.0
2026-07-30,989J,元大彰生,073102,3000,6000,1680.0,3120.0,-3000,-1440.0
2026-07-30,989J,元大彰生,073846,100000,0,27000.0,0.0,100000,27000.0
2026-07-30,989J,元大彰生,074396,200000,0,26000.0,0.0,200000,26000.0
2026-07-30,989J,元大彰生,074860,0,10000,0.0,25700.0,-10000,-25700.0
2026-07-30,989J,元大彰生,075213,2000,0,7960.0,0.0,2000,7960.0
2026-07-30,989J,元大彰生,075730,0,10000,0.0,14900.0,-10000,-14900.0
2026-07-30,989J,元大彰生,077274,60000,0,73200.0,0.0,60000,73200.0
2026-07-30,989J,元大彰生,08515U,0,10000,0.0,1700.0,-10000,-1700.0
2026-07-30,989J,元大彰化,705845,0,20000,0.0,120750.0,-20000,-120750.0
2026-07-30,989J,元大彰化,705947,65000,0,33800.0,0.0,65000,33800.0
2026-07-30,989J,元大彰化,706036,200000,0,98000.0,0.0,200000,98000.0
2026-07-30,989J,元大彰化,706700,0,10000,0.0,6500.0,-10000,-6500.0
2026-07-30,989J,元大彰化,708015,0,1000,0.0,4870.0,-1000,-4870.0
2026-07-30,989J,元大彰化,709167,20000,0,3000.0,0.0,20000,3000.0
2026-07-30,989J,元大彰化,709499,10000,0,2200.0,0.0,10000,2200.0
2026-07-30,989Q,元大汐止,03278T,50000,0,14500.0,0.0,50000,14500.0
2026-07-30,989Q,元大汐止,03594T,150000,0,211000.0,0.0,150000,211000.0
2026-07-30,989Q,元大汐止,03637T,0,5000,0.0,5250.0,-5000,-5250.0
2026-07-30,989Q,元大汐止,03679T,120000,0,240300.0,0.0,120000,240300.0
2026-07-30,989Q,元大汐止,03749T,150000,0,243500.0,0.0,150000,243500.0
2026-07-30,989Q,元大汐止,04019C,0,30000,0.0,27900.0,-30000,-27900.0
2026-07-30,989Q,元大汐止,044122,0,106000,0.0,26680.0,-106000,-26680.0
2026-07-30,989Q,元大汐止,061271,15000,0,9750.0,0.0,15000,9750.0
2026-07-30,989Q,元大汐止,062182,2000,0,12000.0,0.0,2000,12000.0
2026-07-30,989Q,元大汐止,062381,0,30000,0.0,29400.0,-30000,-29400.0
2026-07-30,989Q,元大汐止,062832,0,28000,0.0,5730.0,-28000,-5730.0
2026-07-30,989Q,元大汐止,063042,28000,0,14280.0,0.0,28000,14280.0
2026-07-30,989Q,元大汐止,063219,14000,0,11240.0,0.0,14000,11240.0
2026-07-30,989Q,元大汐止,063288,20000,0,11200.0,0.0,20000,11200.0
2026-07-30,989Q,元大汐止,063593,5000,0,6600.0,0.0,5000,6600.0
2026-07-30,989Q,元大汐止,064071,2000,0,400.0,0.0,2000,400.0
2026-07-30,989Q,元大汐止,064457,0,20000,0.0,12900.0,-20000,-12900.0
2026-07-30,989Q,元大汐止,064807,3000,0,390.0,0.0,3000,390.0
2026-07-30,989Q,元大汐止,065161,12000,22000,2280.0,4180.0,-10000,-1900.0
2026-07-30,989Q,元大汐止,065190,1000,0,240.0,0.0,1000,240.0
2026-07-30,989Q,元大汐止,066302,10000,0,3100.0,0.0,10000,3100.0
2026-07-30,989Q,元大汐止,066646,30000,0,19200.0,0.0,30000,19200.0
2026-07-30,989Q,元大汐止,066930,0,10000,0.0,3400.0,-10000,-3400.0
2026-07-30,989Q,元大汐止,067118,10000,0,11000.0,0.0,10000,11000.0
2026-07-30,989Q,元大汐止,067122,0,3000,0.0,1500.0,-3000,-1500.0
2026-07-30,989Q,元大汐止,067348,0,30000,0.0,10500.0,-30000,-10500.0
2026-07-30,989Q,元大汐止,067390,7000,0,4830.0,0.0,7000,4830.0
2026-07-30,989Q,元大汐止,067441,2000,0,1040.0,0.0,2000,1040.0
2026-07-30,989Q,元大汐止,067544,200000,200000,154000.0,146000.0,0,8000.0
2026-07-30,989Q,元大汐止,067722,5000,0,14000.0,0.0,5000,14000.0
2026-07-30,989Q,元大汐止,068109,500000,0,220000.0,0.0,500000,220000.0
2026-07-30,989Q,元大汐止,068812,799000,0,351560.0,0.0,799000,351560.0
2026-07-30,989Q,元大汐止,069371,200000,0,122000.0,0.0,200000,122000.0
2026-07-30,989Q,元大汐止,069696,5000,0,1150.0,0.0,5000,1150.0
2026-07-30,989Q,元大汐止,071254,2000,0,1680.0,0.0,2000,1680.0
2026-07-30,989Q,元大汐止,071429,2000,0,1130.0,0.0,2000,1130.0
2026-07-30,989Q,元大汐止,071779,50000,0,29000.0,0.0,50000,29000.0
2026-07-30,989Q,元大汐止,071845,998000,0,354290.0,0.0,998000,354290.0
2026-07-30,989Q,元大汐止,072670,100000,0,48000.0,0.0,100000,48000.0
2026-07-30,989Q,元大汐止,073232,100000,0,67000.0,0.0,100000,67000.0
2026-07-30,989Q,元大汐止,073664,499000,0,99800.0,0.0,499000,99800.0
2026-07-30,989Q,元大汐止,074192,200000,0,91000.0,0.0,200000,91000.0
2026-07-30,989Q,元大汐止,074535,200000,200000,194000.0,188000.0,0,6000.0
2026-07-30,989Q,元大汐止,074851,1797000,0,460040.0,0.0,1797000,460040.0
2026-07-30,989Q,元大汐止,075807,10000,0,13900.0,0.0,10000,13900.0
2026-07-30,989Q,元大汐止,708843,0,20000,0.0,36000.0,-20000,-36000.0
2026-07-30,989Q,元大汐止,709151,1000,0,150.0,0.0,1000,150.0
2026-07-30,989Q,元大汐止,709390,50000,0,12500.0,0.0,50000,12500.0
2026-07-30,989Q,元大汐止,709453,30000,0,6300.0,0.0,30000,6300.0
2026-07-30,989Q,元大汐止,710802,2000,0,530.0,0.0,2000,530.0
2026-07-30,989Q,元大汐止,72725U,0,499000,0.0,4990.0,-499000,-4990.0
2026-07-30,989Q,元大汐止,72859U,0,9000,0.0,8100.0,-9000,-8100.0
2026-07-30,989a,元大苑裡,03204T,5000,0,5750.0,0.0,5000,5750.0
2026-07-30,989a,元大苑裡,03410T,0,3000,0.0,4640.0,-3000,-4640.0
2026-07-30,989a,元大苑裡,03742T,0,5000,0.0,5950.0,-5000,-5950.0
2026-07-30,989a,元大苑裡,03932T,10000,0,8400.0,0.0,10000,8400.0
2026-07-30,989a,元大苑裡,054459,2000,0,2780.0,0.0,2000,2780.0
2026-07-30,989a,元大苑裡,054475,4000,0,3600.0,0.0,4000,3600.0
2026-07-30,989a,元大苑裡,057525,0,6000,0.0,16200.0,-6000,-16200.0
2026-07-30,989a,元大苑裡,058762,0,9000,0.0,11070.0,-9000,-11070.0
2026-07-30,989a,元大苑裡,06179U,4000,0,400.0,0.0,4000,400.0
2026-07-30,989a,元大苑裡,063399,10000,0,3500.0,0.0,10000,3500.0
2026-07-30,989a,元大苑裡,063859,100000,0,10000.0,0.0,100000,10000.0
2026-07-30,989a,元大苑裡,064013,3000,0,5400.0,0.0,3000,5400.0
2026-07-30,989a,元大苑裡,064707,50000,0,5500.0,0.0,50000,5500.0
2026-07-30,989a,元大苑裡,065461,100000,0,10000.0,0.0,100000,10000.0
2026-07-30,989a,元大苑裡,065729,1000,0,1150.0,0.0,1000,1150.0
2026-07-30,989a,元大苑裡,065843,1000,0,1500.0,0.0,1000,1500.0
2026-07-30,989a,元大苑裡,066185,0,4000,0.0,11080.0,-4000,-11080.0
2026-07-30,989a,元大苑裡,066867,10000,0,9900.0,0.0,10000,9900.0
2026-07-30,989a,元大苑裡,067080,1000,0,1350.0,0.0,1000,1350.0
2026-07-30,989a,元大苑裡,067441,150000,0,96000.0,0.0,150000,96000.0
2026-07-30,989a,元大苑裡,068003,3000,0,2100.0,0.0,3000,2100.0
2026-07-30,989a,元大苑裡,068010,2000,0,1020.0,0.0,2000,1020.0
2026-07-30,989a,元大苑裡,068174,10000,0,13000.0,0.0,10000,13000.0
2026-07-30,989a,元大苑裡,068979,0,1000,0.0,1830.0,-1000,-1830.0
2026-07-30,989a,元大苑裡,070185,2000,0,1640.0,0.0,2000,1640.0
2026-07-30,989a,元大苑裡,070756,0,2000,0.0,2460.0,-2000,-2460.0
2026-07-30,989a,元大苑裡,070822,10000,0,14000.0,0.0,10000,14000.0
2026-07-30,989a,元大苑裡,070935,10000,0,12650.0,0.0,10000,12650.0
2026-07-30,989a,元大苑裡,074099,1000,0,960.0,0.0,1000,960.0
2026-07-30,989a,元大苑裡,075621,0,1000,0.0,780.0,-1000,-780.0
2026-07-30,989a,元大苑裡,076187,8000,0,10000.0,0.0,8000,10000.0
2026-07-30,989a,元大苑裡,076255,15000,0,8700.0,0.0,15000,8700.0
2026-07-30,989a,元大苑裡,077918,50000,0,45200.0,0.0,50000,45200.0
2026-07-30,989a,元大苑裡,08089U,7000,0,1750.0,0.0,7000,1750.0
2026-07-30,989a,元大苑裡,700843,3000,0,1620.0,0.0,3000,1620.0
2026-07-30,989a,元大苑裡,701438,1000,0,1980.0,0.0,1000,1980.0
2026-07-30,989a,元大苑裡,704507,4000,2000,3660.0,3200.0,2000,460.0
2026-07-30,989a,元大苑裡,705758,30000,0,48800.0,0.0,30000,48800.0
2026-07-30,989a,元大苑裡,705874,0,1000,0.0,2160.0,-1000,-2160.0
2026-07-30,989a,元大苑裡,708084,1000,0,560.0,0.0,1000,560.0
2026-07-30,989a,元大苑裡,708194,30000,0,9000.0,0.0,30000,9000.0
2026-07-30,989a,元大苑裡,708470,30000,0,79700.0,0.0,30000,79700.0
2026-07-30,989a,元大苑裡,708923,3000,0,1410.0,0.0,3000,1410.0
2026-07-30,989a,元大苑裡,709843,0,9000,0.0,20250.0,-9000,-20250.0
2026-07-30,989a,元大苑裡,711512,140000,0,104900.0,0.0,140000,104900.0
2026-07-30,989a,元大苑裡,711928,80000,0,68900.0,0.0,80000,68900.0
2026-07-30,989a,元大苑裡,72853U,0,20000,0.0,23000.0,-20000,-23000.0
2026-07-30,989f,元大東港,030251,6000,0,720.0,0.0,6000,720.0
2026-07-30,989f,元大東港,03051T,10000,0,4600.0,0.0,10000,4600.0
2026-07-30,989f,元大東港,033571,20000,0,4600.0,0.0,20000,4600.0
2026-07-30,989f,元大東港,050198,1000,0,2090.0,0.0,1000,2090.0
2026-07-30,989f,元大東港,052966,3000,0,1140.0,0.0,3000,1140.0
2026-07-30,989f,元大東港,059238,4000,0,2600.0,0.0,4000,2600.0
2026-07-30,989f,元大東港,061289,4000,0,17800.0,0.0,4000,17800.0
2026-07-30,989f,元大東港,061943,100000,0,394000.0,0.0,100000,394000.0
2026-07-30,989f,元大東港,062775,3000,0,7920.0,0.0,3000,7920.0
2026-07-30,989f,元大東港,063451,10000,0,2900.0,0.0,10000,2900.0
2026-07-30,989f,元大東港,063842,3000,0,3030.0,0.0,3000,3030.0
2026-07-30,989f,元大東港,064115,2000,0,3300.0,0.0,2000,3300.0
2026-07-30,989f,元大東港,064756,0,8000,0.0,11170.0,-8000,-11170.0
2026-07-30,989f,元大東港,065423,20000,0,7600.0,0.0,20000,7600.0
2026-07-30,989f,元大東港,065426,2000,0,570.0,0.0,2000,570.0
2026-07-30,989f,元大東港,065451,24000,0,10800.0,0.0,24000,10800.0
2026-07-30,989f,元大東港,066881,0,20000,0.0,59800.0,-20000,-59800.0
2026-07-30,989f,元大東港,067118,15000,0,19380.0,0.0,15000,19380.0
2026-07-30,989f,元大東港,067743,0,10000,0.0,8500.0,-10000,-8500.0
2026-07-30,989f,元大東港,068002,2000,0,1760.0,0.0,2000,1760.0
2026-07-30,989f,元大東港,068242,3000,0,1140.0,0.0,3000,1140.0
2026-07-30,989f,元大東港,068247,4000,0,1920.0,0.0,4000,1920.0
2026-07-30,989f,元大東港,068467,0,10000,0.0,8900.0,-10000,-8900.0
2026-07-30,989f,元大東港,069223,300000,0,132000.0,0.0,300000,132000.0
2026-07-30,989f,元大東港,070194,20000,0,15400.0,0.0,20000,15400.0
2026-07-30,989f,元大東港,070472,1000,0,910.0,0.0,1000,910.0
2026-07-30,989f,元大東港,072351,10000,0,5660.0,0.0,10000,5660.0
2026-07-30,989f,元大東港,072914,100000,0,28000.0,0.0,100000,28000.0
2026-07-30,989f,元大東港,075665,4000,0,2400.0,0.0,4000,2400.0
2026-07-30,989f,元大東港,075818,30000,0,13800.0,0.0,30000,13800.0
2026-07-30,989f,元大東港,076064,2000,0,4800.0,0.0,2000,4800.0
2026-07-30,989f,元大東港,076163,20000,0,16600.0,0.0,20000,16600.0
2026-07-30,989f,元大東港,076999,100000,0,91000.0,0.0,100000,91000.0
2026-07-30,989f,元大東港,077865,100000,0,252000.0,0.0,100000,252000.0
2026-07-30,989f,元大東港,700190,1000,0,2620.0,0.0,1000,2620.0
2026-07-30,989f,元大東港,707204,3000,0,1590.0,0.0,3000,1590.0
2026-07-30,989f,元大東港,707646,20000,0,9200.0,0.0,20000,9200.0
2026-07-30,989f,元大東港,708491,30000,0,4500.0,0.0,30000,4500.0
2026-07-30,989f,元大東港,708806,5000,0,8330.0,0.0,5000,8330.0
2026-07-30,9A9P,永豐竹北,03012T,0,10000,0.0,1300.0,-10000,-1300.0
2026-07-30,9A9P,永豐竹北,03035X,10000,0,128000.0,0.0,10000,128000.0
2026-07-30,9A9P,永豐竹北,03046T,0,8000,0.0,1920.0,-8000,-1920.0
2026-07-30,9A9P,永豐竹北,03272T,410000,0,73700.0,0.0,410000,73700.0
2026-07-30,9A9P,永豐竹北,03278T,90000,0,25200.0,0.0,90000,25200.0
2026-07-30,9A9P,永豐竹北,03351T,5000,0,4000.0,0.0,5000,4000.0
2026-07-30,9A9P,永豐竹北,03427T,5000,0,11950.0,0.0,5000,11950.0
2026-07-30,9A9P,永豐竹北,037648,0,3000,0.0,11220.0,-3000,-11220.0
2026-07-30,9A9P,永豐竹北,038317,1000,0,2360.0,0.0,1000,2360.0
2026-07-30,9A9P,永豐竹北,040623,0,30000,0.0,9000.0,-30000,-9000.0
2026-07-30,9A9P,永豐竹北,042255,60000,0,22200.0,0.0,60000,22200.0
2026-07-30,9A9P,永豐竹北,044796,250000,0,286000.0,0.0,250000,286000.0
2026-07-30,9A9P,永豐竹北,045565,10000,0,200.0,0.0,10000,200.0
2026-07-30,9A9P,永豐竹北,049911,10000,0,14600.0,0.0,10000,14600.0
2026-07-30,9A9P,永豐竹北,050564,6000,0,61200.0,0.0,6000,61200.0
2026-07-30,9A9P,永豐竹北,051000,4000,0,90800.0,0.0,4000,90800.0
2026-07-30,9A9P,永豐竹北,053838,20000,0,67200.0,0.0,20000,67200.0
2026-07-30,9A9P,永豐竹北,053870,0,1000,0.0,30.0,-1000,-30.0
2026-07-30,9A9P,永豐竹北,054066,18000,0,34740.0,0.0,18000,34740.0
2026-07-30,9A9P,永豐竹北,054694,0,1000,0.0,530.0,-1000,-530.0
2026-07-30,9A9P,永豐竹北,054830,12000,0,14120.0,0.0,12000,14120.0
2026-07-30,9A9P,永豐竹北,055120,140000,0,355210.0,0.0,140000,355210.0
2026-07-30,9A9P,永豐竹北,055785,2000,0,12400.0,0.0,2000,12400.0
2026-07-30,9A9P,永豐竹北,057071,10000,0,48000.0,0.0,10000,48000.0
2026-07-30,9A9P,永豐竹北,057250,150000,0,137500.0,0.0,150000,137500.0
2026-07-30,9A9P,永豐竹北,057262,30000,0,35100.0,0.0,30000,35100.0
2026-07-30,9A9P,永豐竹北,057491,0,5000,0.0,15800.0,-5000,-15800.0
2026-07-30,9A9P,永豐竹北,057492,10000,0,47700.0,0.0,10000,47700.0
2026-07-30,9A9P,永豐竹北,057678,30000,0,18000.0,0.0,30000,18000.0
2026-07-30,9A9P,永豐竹北,057748,25000,0,9250.0,0.0,25000,9250.0
2026-07-30,9A9P,永豐竹北,057825,25000,0,29050.0,0.0,25000,29050.0
2026-07-30,9A9P,永豐竹北,057959,10000,0,13300.0,0.0,10000,13300.0
2026-07-30,9A9P,永豐竹北,059796,9000,0,2340.0,0.0,9000,2340.0
2026-07-30,9A9P,永豐竹北,059867,6000,0,4020.0,0.0,6000,4020.0
2026-07-30,9A9P,永豐竹北,060496,12000,4000,32930.0,11680.0,8000,21250.0
2026-07-30,9A9P,永豐竹北,060505,70000,0,56900.0,0.0,70000,56900.0
2026-07-30,9A9P,永豐竹北,060574,110000,200000,39300.0,68900.0,-90000,-29600.0
2026-07-30,9A9P,永豐竹北,060789,300000,500000,77000.0,120000.0,-200000,-43000.0
2026-07-30,9A9P,永豐竹北,061015,0,200000,0.0,114000.0,-200000,-114000.0
2026-07-30,9A9P,永豐竹北,061460,120000,0,31200.0,0.0,120000,31200.0
2026-07-30,9A9P,永豐竹北,061462,125000,0,108000.0,0.0,125000,108000.0
2026-07-30,9A9P,永豐竹北,061642,35000,0,46000.0,0.0,35000,46000.0
2026-07-30,9A9P,永豐竹北,062217,5000,0,11550.0,0.0,5000,11550.0
2026-07-30,9A9P,永豐竹北,063351,162000,0,72100.0,0.0,162000,72100.0
2026-07-30,9A9P,永豐竹北,063492,5000,0,650.0,0.0,5000,650.0
2026-07-30,9A9P,永豐竹北,063505,50000,50000,23500.0,23000.0,0,500.0
2026-07-30,9A9P,永豐竹北,064389,2000,0,11750.0,0.0,2000,11750.0
2026-07-30,9A9P,永豐竹北,064570,50000,0,59400.0,0.0,50000,59400.0
2026-07-30,9A9P,永豐竹北,065490,0,10000,0.0,3400.0,-10000,-3400.0
2026-07-30,9A9P,永豐竹北,065565,150000,200000,105500.0,130070.0,-50000,-24570.0
2026-07-30,9A9P,永豐竹北,066043,0,2000000,0.0,4147000.0,-2000000,-4147000.0
2026-07-30,9A9P,永豐竹北,066073,2000,20000,2690.0,26270.0,-18000,-23580.0
2026-07-30,9A9P,永豐竹北,066145,1000,0,1940.0,0.0,1000,1940.0
2026-07-30,9A9P,永豐竹北,066637,0,10000,0.0,9500.0,-10000,-9500.0
2026-07-30,9A9P,永豐竹北,066819,30000,0,49400.0,0.0,30000,49400.0
2026-07-30,9A9P,永豐竹北,067105,5000,0,3250.0,0.0,5000,3250.0
2026-07-30,9A9P,永豐竹北,067203,34000,0,65960.0,0.0,34000,65960.0
2026-07-30,9A9P,永豐竹北,067299,40000,0,31600.0,0.0,40000,31600.0
2026-07-30,9A9P,永豐竹北,067320,10000,0,11300.0,0.0,10000,11300.0
2026-07-30,9A9P,永豐竹北,067468,0,15000,0.0,50250.0,-15000,-50250.0
2026-07-30,9A9P,永豐竹北,067516,150000,0,102300.0,0.0,150000,102300.0
2026-07-30,9A9P,永豐竹北,067620,30000,0,40600.0,0.0,30000,40600.0
2026-07-30,9A9P,永豐竹北,067730,50000,0,23800.0,0.0,50000,23800.0
2026-07-30,9A9P,永豐竹北,067984,2000,0,1140.0,0.0,2000,1140.0
2026-07-30,9A9P,永豐竹北,068003,80000,0,63500.0,0.0,80000,63500.0
2026-07-30,9A9P,永豐竹北,068508,300000,200000,160000.0,110000.0,100000,50000.0
2026-07-30,9A9P,永豐竹北,068865,0,50000,0.0,70500.0,-50000,-70500.0
2026-07-30,9A9P,永豐竹北,069116,20000,0,12400.0,0.0,20000,12400.0
2026-07-30,9A9P,永豐竹北,069802,20000,0,3200.0,0.0,20000,3200.0
2026-07-30,9A9P,永豐竹北,070238,0,47000,0.0,14100.0,-47000,-14100.0
2026-07-30,9A9P,永豐竹北,070347,0,30000,0.0,18320.0,-30000,-18320.0
2026-07-30,9A9P,永豐竹北,070518,50000,0,31000.0,0.0,50000,31000.0
2026-07-30,9A9P,永豐竹北,070850,202000,0,95400.0,0.0,202000,95400.0
2026-07-30,9A9P,永豐竹北,071276,40000,0,19600.0,0.0,40000,19600.0
2026-07-30,9A9P,永豐竹北,071321,0,55000,0.0,80300.0,-55000,-80300.0
2026-07-30,9A9P,永豐竹北,071672,30000,110000,34500.0,129800.0,-80000,-95300.0
2026-07-30,9A9P,永豐竹北,072918,25000,0,3750.0,0.0,25000,3750.0
2026-07-30,9A9P,永豐竹北,073003,0,268000,0.0,104520.0,-268000,-104520.0
2026-07-30,9A9P,永豐竹北,073089,40000,0,33200.0,0.0,40000,33200.0
2026-07-30,9A9P,永豐竹北,074153,0,1000,0.0,880.0,-1000,-880.0
2026-07-30,9A9P,永豐竹北,074542,0,120000,0.0,73100.0,-120000,-73100.0
2026-07-30,9A9P,永豐竹北,075162,0,84000,0.0,36120.0,-84000,-36120.0
2026-07-30,9A9P,永豐竹北,075182,10000,40000,14900.0,63100.0,-30000,-48200.0
2026-07-30,9A9P,永豐竹北,076620,20000,0,15200.0,0.0,20000,15200.0
2026-07-30,9A9P,永豐竹北,076978,150000,0,78000.0,0.0,150000,78000.0
2026-07-30,9A9P,永豐竹北,077727,0,4000,0.0,9320.0,-4000,-9320.0
2026-07-30,9A9P,永豐竹北,08345U,114000,0,19940.0,0.0,114000,19940.0
2026-07-30,9A9P,永豐竹北,08855U,0,90000,0.0,58500.0,-90000,-58500.0
2026-07-30,9A9P,永豐竹北,08886U,0,365000,0.0,156030.0,-365000,-156030.0
2026-07-30,9A9P,永豐竹北,08975U,0,10000,0.0,3850.0,-10000,-3850.0
2026-07-30,9A9P,永豐金竹北,700264,0,10000,0.0,2600.0,-10000,-2600.0
2026-07-30,9A9P,永豐金竹北,700904,20000,0,60800.0,0.0,20000,60800.0
2026-07-30,9A9P,永豐金竹北,702185,40000,0,80800.0,0.0,40000,80800.0
2026-07-30,9A9P,永豐金竹北,702592,0,2000,0.0,740.0,-2000,-740.0
2026-07-30,9A9P,永豐金竹北,704146,100000,0,92000.0,0.0,100000,92000.0
2026-07-30,9A9P,永豐金竹北,704207,1000,0,2550.0,0.0,1000,2550.0
2026-07-30,9A9P,永豐金竹北,705147,150000,0,19000.0,0.0,150000,19000.0
2026-07-30,9A9P,永豐金竹北,705175,15000,0,3960.0,0.0,15000,3960.0
2026-07-30,9A9P,永豐金竹北,705633,30000,0,46600.0,0.0,30000,46600.0
2026-07-30,9A9P,永豐金竹北,706122,17000,0,51400.0,0.0,17000,51400.0
2026-07-30,9A9P,永豐金竹北,706207,27000,73000,37430.0,108820.0,-46000,-71390.0
2026-07-30,9A9P,永豐金竹北,706906,10000,0,33500.0,0.0,10000,33500.0
2026-07-30,9A9P,永豐金竹北,707172,10000,0,9700.0,0.0,10000,9700.0
2026-07-30,9A9P,永豐金竹北,707844,4000,0,2120.0,0.0,4000,2120.0
2026-07-30,9A9P,永豐金竹北,707859,120000,100000,70600.0,52030.0,20000,18570.0
2026-07-30,9A9P,永豐金竹北,708014,100000,0,11000.0,0.0,100000,11000.0
2026-07-30,9A9P,永豐金竹北,708029,120000,0,14400.0,0.0,120000,14400.0
2026-07-30,9A9P,永豐金竹北,708517,3000,0,360.0,0.0,3000,360.0
2026-07-30,9A9P,永豐金竹北,708519,2000,0,340.0,0.0,2000,340.0
2026-07-30,9A9P,永豐金竹北,708857,130000,0,26500.0,0.0,130000,26500.0
2026-07-30,9A9P,永豐金竹北,708870,22000,0,8360.0,0.0,22000,8360.0
2026-07-30,9A9P,永豐金竹北,709001,5000,0,2750.0,0.0,5000,2750.0
2026-07-30,9A9P,永豐金竹北,709292,1000,0,590.0,0.0,1000,590.0
2026-07-30,9A9P,永豐金竹北,709312,50000,0,7000.0,0.0,50000,7000.0
2026-07-30,9A9P,永豐金竹北,709456,10000,0,6400.0,0.0,10000,6400.0
2026-07-30,9A9P,永豐金竹北,709788,200000,0,63000.0,0.0,200000,63000.0
2026-07-30,9A9P,永豐金竹北,710778,15000,25000,11550.0,20750.0,-10000,-9200.0
2026-07-30,9A9P,永豐金竹北,710852,12000,0,3840.0,0.0,12000,3840.0
2026-07-30,9A9P,永豐金竹北,711423,0,100000,0.0,65000.0,-100000,-65000.0
2026-07-30,9A9P,永豐金竹北,711501,10000,0,18600.0,0.0,10000,18600.0
2026-07-30,9A9P,永豐金竹北,711591,60000,0,80400.0,0.0,60000,80400.0
2026-07-30,9A9P,永豐金竹北,711812,0,100000,0.0,63000.0,-100000,-63000.0
2026-07-30,9A9P,永豐金竹北,711881,20000,0,20900.0,0.0,20000,20900.0
2026-07-30,9A9P,永豐金竹北,72818U,252000,0,44840.0,0.0,252000,44840.0
2026-07-30,9A9P,永豐金竹北,72909U,50000,0,38500.0,0.0,50000,38500.0
2026-07-30,9A9R,永豐信義,03147T,30000,0,43200.0,0.0,30000,43200.0
2026-07-30,9A9R,永豐信義,03178T,20000,0,21400.0,0.0,20000,21400.0
2026-07-30,9A9R,永豐信義,03452T,5000,0,24500.0,0.0,5000,24500.0
2026-07-30,9A9R,永豐信義,03502T,0,556000,0.0,701620.0,-556000,-701620.0
2026-07-30,9A9R,永豐信義,03665T,0,10000,0.0,19600.0,-10000,-19600.0
2026-07-30,9A9R,永豐信義,03670T,10000,0,16400.0,0.0,10000,16400.0
2026-07-30,9A9R,永豐信義,03777T,60000,0,104030.0,0.0,60000,104030.0
2026-07-30,9A9R,永豐信義,03833T,30000,0,72400.0,0.0,30000,72400.0
2026-07-30,9A9R,永豐信義,064156,499000,0,214570.0,0.0,499000,214570.0
2026-07-30,9A9R,永豐信義,065423,0,13000,0.0,5070.0,-13000,-5070.0
2026-07-30,9A9R,永豐信義,066703,0,20000,0.0,31400.0,-20000,-31400.0
2026-07-30,9A9R,永豐信義,067425,0,50000,0.0,132500.0,-50000,-132500.0
2026-07-30,9A9R,永豐信義,069782,0,22000,0.0,1990.0,-22000,-1990.0
2026-07-30,9A9R,永豐信義,075810,25000,0,17900.0,0.0,25000,17900.0
2026-07-30,9A9R,永豐金信義,72889U,10000,0,11900.0,0.0,10000,11900.0
2026-07-30,9A9R,永豐金信義,72891U,10000,0,25100.0,0.0,10000,25100.0
2026-07-30,9A9W,永豐市政,03052T,20000,0,6800.0,0.0,20000,6800.0
2026-07-30,9A9W,永豐市政,03110T,0,22000,0.0,11360.0,-22000,-11360.0
2026-07-30,9A9W,永豐市政,03114T,2000,0,1440.0,0.0,2000,1440.0
2026-07-30,9A9W,永豐市政,03142T,0,1000,0.0,390.0,-1000,-390.0
2026-07-30,9A9W,永豐市政,031473,0,2000,0.0,850.0,-2000,-850.0
2026-07-30,9A9W,永豐市政,03159T,0,1000,0.0,980.0,-1000,-980.0
2026-07-30,9A9W,永豐市政,03160T,0,1000,0.0,820.0,-1000,-820.0
2026-07-30,9A9W,永豐市政,03194T,10000,0,8100.0,0.0,10000,8100.0
2026-07-30,9A9W,永豐市政,03272T,1000,0,180.0,0.0,1000,180.0
2026-07-30,9A9W,永豐市政,03275T,10000,0,18300.0,0.0,10000,18300.0
2026-07-30,9A9W,永豐市政,03291T,8000,0,5520.0,0.0,8000,5520.0
2026-07-30,9A9W,永豐市政,032942,100000,0,31000.0,0.0,100000,31000.0
2026-07-30,9A9W,永豐市政,03306T,10000,0,18800.0,0.0,10000,18800.0
2026-07-30,9A9W,永豐市政,03338T,300000,0,546000.0,0.0,300000,546000.0
2026-07-30,9A9W,永豐市政,03339T,0,1000,0.0,910.0,-1000,-910.0
2026-07-30,9A9W,永豐市政,033552,7000,0,10500.0,0.0,7000,10500.0
2026-07-30,9A9W,永豐市政,03362T,0,16000,0.0,12320.0,-16000,-12320.0
2026-07-30,9A9W,永豐市政,03448T,0,70000,0.0,78400.0,-70000,-78400.0
2026-07-30,9A9W,永豐市政,035170,10000,0,100.0,0.0,10000,100.0
2026-07-30,9A9W,永豐市政,03537T,0,4000,0.0,4880.0,-4000,-4880.0
2026-07-30,9A9W,永豐市政,03679T,10000,0,19600.0,0.0,10000,19600.0
2026-07-30,9A9W,永豐市政,03690T,0,2000,0.0,3040.0,-2000,-3040.0
2026-07-30,9A9W,永豐市政,037044,1000,0,6500.0,0.0,1000,6500.0
2026-07-30,9A9W,永豐市政,03732B,1000,4000,1040.0,4120.0,-3000,-3080.0
2026-07-30,9A9W,永豐市政,03735B,0,4000,0.0,4280.0,-4000,-4280.0
2026-07-30,9A9W,永豐市政,03736B,1000,1000,1310.0,1310.0,0,0.0
2026-07-30,9A9W,永豐市政,039446,0,30000,0.0,42330.0,-30000,-42330.0
2026-07-30,9A9W,永豐市政,04015C,0,7000,0.0,7910.0,-7000,-7910.0
2026-07-30,9A9W,永豐市政,040554,0,2000,0.0,18200.0,-2000,-18200.0
2026-07-30,9A9W,永豐市政,043891,2000,1000,4800.0,2700.0,1000,2100.0
2026-07-30,9A9W,永豐市政,044796,1000,0,1130.0,0.0,1000,1130.0
2026-07-30,9A9W,永豐市政,048239,10000,0,9000.0,0.0,10000,9000.0
2026-07-30,9A9W,永豐市政,051252,2000,0,2420.0,0.0,2000,2420.0
2026-07-30,9A9W,永豐市政,051262,45000,0,144000.0,0.0,45000,144000.0
2026-07-30,9A9W,永豐市政,051263,90000,0,251100.0,0.0,90000,251100.0
2026-07-30,9A9W,永豐市政,052120,0,5000,0.0,480.0,-5000,-480.0
2026-07-30,9A9W,永豐市政,052547,5000,4000,750.0,760.0,1000,-10.0
2026-07-30,9A9W,永豐市政,052676,10000,0,1200.0,0.0,10000,1200.0
2026-07-30,9A9W,永豐市政,052805,20000,0,6700.0,0.0,20000,6700.0
2026-07-30,9A9W,永豐市政,053881,0,6000,0.0,69700.0,-6000,-69700.0
2026-07-30,9A9W,永豐市政,054459,0,76000,0.0,105650.0,-76000,-105650.0
2026-07-30,9A9W,永豐市政,054694,3000,0,630.0,0.0,3000,630.0
2026-07-30,9A9W,永豐市政,054886,2000,0,1760.0,0.0,2000,1760.0
2026-07-30,9A9W,永豐市政,055342,1000,0,2190.0,0.0,1000,2190.0
2026-07-30,9A9W,永豐市政,055405,0,10000,0.0,42700.0,-10000,-42700.0
2026-07-30,9A9W,永豐市政,055406,0,2000,0.0,6100.0,-2000,-6100.0
2026-07-30,9A9W,永豐市政,055443,0,10000,0.0,144000.0,-10000,-144000.0
2026-07-30,9A9W,永豐市政,055578,0,2000,0.0,21200.0,-2000,-21200.0
2026-07-30,9A9W,永豐市政,055662,40000,0,15600.0,0.0,40000,15600.0
2026-07-30,9A9W,永豐市政,056042,0,5000,0.0,5800.0,-5000,-5800.0
2026-07-30,9A9W,永豐市政,056043,5000,0,830.0,0.0,5000,830.0
2026-07-30,9A9W,永豐市政,056073,0,10000,0.0,21900.0,-10000,-21900.0
2026-07-30,9A9W,永豐市政,056074,0,2000,0.0,3180.0,-2000,-3180.0
2026-07-30,9A9W,永豐市政,056174,0,10000,0.0,7200.0,-10000,-7200.0
2026-07-30,9A9W,永豐市政,056517,0,9000,0.0,1890.0,-9000,-1890.0
2026-07-30,9A9W,永豐市政,056552,0,1000,0.0,1300.0,-1000,-1300.0
2026-07-30,9A9W,永豐市政,056630,10000,0,6300.0,0.0,10000,6300.0
2026-07-30,9A9W,永豐市政,056635,0,1000,0.0,2200.0,-1000,-2200.0
2026-07-30,9A9W,永豐市政,057078,10000,0,81500.0,0.0,10000,81500.0
2026-07-30,9A9W,永豐市政,057267,0,10000,0.0,58000.0,-10000,-58000.0
2026-07-30,9A9W,永豐市政,057622,8000,0,18760.0,0.0,8000,18760.0
2026-07-30,9A9W,永豐市政,057716,0,8000,0.0,35920.0,-8000,-35920.0
2026-07-30,9A9W,永豐市政,057900,3000,0,14190.0,0.0,3000,14190.0
2026-07-30,9A9W,永豐市政,057937,0,20000,0.0,6000.0,-20000,-6000.0
2026-07-30,9A9W,永豐市政,058019,0,20000,0.0,5950.0,-20000,-5950.0
2026-07-30,9A9W,永豐市政,058075,0,17000,0.0,17200.0,-17000,-17200.0
2026-07-30,9A9W,永豐市政,058549,0,6000,0.0,12720.0,-6000,-12720.0
2026-07-30,9A9W,永豐市政,058605,0,2000,0.0,1300.0,-2000,-1300.0
2026-07-30,9A9W,永豐市政,058870,0,10000,0.0,7500.0,-10000,-7500.0
2026-07-30,9A9W,永豐市政,059088,5000,0,18400.0,0.0,5000,18400.0
2026-07-30,9A9W,永豐市政,059195,1000,0,250.0,0.0,1000,250.0
2026-07-30,9A9W,永豐市政,059213,5000,0,3370.0,0.0,5000,3370.0
2026-07-30,9A9W,永豐市政,059646,10000,0,6200.0,0.0,10000,6200.0
2026-07-30,9A9W,永豐市政,059707,0,5000,0.0,13850.0,-5000,-13850.0
2026-07-30,9A9W,永豐市政,060313,0,10000,0.0,12200.0,-10000,-12200.0
2026-07-30,9A9W,永豐市政,060350,0,10000,0.0,4100.0,-10000,-4100.0
2026-07-30,9A9W,永豐市政,060354,0,6000,0.0,12840.0,-6000,-12840.0
2026-07-30,9A9W,永豐市政,060776,1000,0,1160.0,0.0,1000,1160.0
2026-07-30,9A9W,永豐市政,061923,0,10000,0.0,22400.0,-10000,-22400.0
2026-07-30,9A9W,永豐市政,062014,30000,0,76200.0,0.0,30000,76200.0
2026-07-30,9A9W,永豐市政,062442,10000,0,12500.0,0.0,10000,12500.0
2026-07-30,9A9W,永豐市政,062491,0,30000,0.0,6900.0,-30000,-6900.0
2026-07-30,9A9W,永豐市政,062741,5000,0,3200.0,0.0,5000,3200.0
2026-07-30,9A9W,永豐市政,063229,0,1000,0.0,870.0,-1000,-870.0
2026-07-30,9A9W,永豐市政,063345,70000,0,14000.0,0.0,70000,14000.0
2026-07-30,9A9W,永豐市政,063442,0,14000,0.0,14000.0,-14000,-14000.0
2026-07-30,9A9W,永豐市政,063594,18000,0,1620.0,0.0,18000,1620.0
2026-07-30,9A9W,永豐市政,063757,50000,0,56000.0,0.0,50000,56000.0
2026-07-30,9A9W,永豐市政,063776,3000,0,4960.0,0.0,3000,4960.0
2026-07-30,9A9W,永豐市政,063915,3000,0,930.0,0.0,3000,930.0
2026-07-30,9A9W,永豐市政,064154,30000,0,52800.0,0.0,30000,52800.0
2026-07-30,9A9W,永豐市政,064689,10000,0,1400.0,0.0,10000,1400.0
2026-07-30,9A9W,永豐市政,064741,80000,0,5600.0,0.0,80000,5600.0
2026-07-30,9A9W,永豐市政,064751,1000,0,150.0,0.0,1000,150.0
2026-07-30,9A9W,永豐市政,064850,0,10000,0.0,4000.0,-10000,-4000.0
2026-07-30,9A9W,永豐市政,064999,0,20000,0.0,27000.0,-20000,-27000.0
2026-07-30,9A9W,永豐市政,065058,9000,0,1830.0,0.0,9000,1830.0
2026-07-30,9A9W,永豐市政,065079,20000,0,93400.0,0.0,20000,93400.0
2026-07-30,9A9W,永豐市政,065190,50000,0,12000.0,0.0,50000,12000.0
2026-07-30,9A9W,永豐市政,065459,10000,0,11900.0,0.0,10000,11900.0
2026-07-30,9A9W,永豐市政,065609,40000,0,14400.0,0.0,40000,14400.0
2026-07-30,9A9W,永豐市政,065643,1000,0,120.0,0.0,1000,120.0
2026-07-30,9A9W,永豐市政,066145,50000,0,89500.0,0.0,50000,89500.0
2026-07-30,9A9W,永豐市政,066147,22000,0,27840.0,0.0,22000,27840.0
2026-07-30,9A9W,永豐市政,066523,50000,0,5500.0,0.0,50000,5500.0
2026-07-30,9A9W,永豐市政,066540,20000,0,41000.0,0.0,20000,41000.0
2026-07-30,9A9W,永豐市政,066550,6000,2000,3210.0,1170.0,4000,2040.0
2026-07-30,9A9W,永豐市政,066555,50000,50000,303000.0,247000.0,0,56000.0
2026-07-30,9A9W,永豐市政,066612,7000,5000,3280.0,2550.0,2000,730.0
2026-07-30,9A9W,永豐市政,066652,60000,15000,155700.0,41400.0,45000,114300.0
2026-07-30,9A9W,永豐市政,067079,1000,0,1130.0,0.0,1000,1130.0
2026-07-30,9A9W,永豐市政,067081,45000,0,28800.0,0.0,45000,28800.0
2026-07-30,9A9W,永豐市政,067181,50000,0,57150.0,0.0,50000,57150.0
2026-07-30,9A9W,永豐市政,067182,48000,0,49440.0,0.0,48000,49440.0
2026-07-30,9A9W,永豐市政,067184,1000,0,130.0,0.0,1000,130.0
2026-07-30,9A9W,永豐市政,067202,6000,0,7080.0,0.0,6000,7080.0
2026-07-30,9A9W,永豐市政,067418,20000,0,24100.0,0.0,20000,24100.0
2026-07-30,9A9W,永豐市政,067427,2000,0,4300.0,0.0,2000,4300.0
2026-07-30,9A9W,永豐市政,067441,30000,0,17400.0,0.0,30000,17400.0
2026-07-30,9A9W,永豐市政,067472,0,17000,0.0,18750.0,-17000,-18750.0
2026-07-30,9A9W,永豐市政,067482,0,10000,0.0,10300.0,-10000,-10300.0
2026-07-30,9A9W,永豐市政,067587,5000,2000,5010.0,2260.0,3000,2750.0
2026-07-30,9A9W,永豐市政,067639,0,5000,0.0,6900.0,-5000,-6900.0
2026-07-30,9A9W,永豐市政,067644,10000,1000,8500.0,900.0,9000,7600.0
2026-07-30,9A9W,永豐市政,067699,0,10000,0.0,6000.0,-10000,-6000.0
2026-07-30,9A9W,永豐市政,067814,20000,0,23500.0,0.0,20000,23500.0
2026-07-30,9A9W,永豐市政,067885,0,8000,0.0,8960.0,-8000,-8960.0
2026-07-30,9A9W,永豐市政,067942,1000,0,1440.0,0.0,1000,1440.0
2026-07-30,9A9W,永豐市政,067943,3000,0,2060.0,0.0,3000,2060.0
2026-07-30,9A9W,永豐市政,067980,1000,0,610.0,0.0,1000,610.0
2026-07-30,9A9W,永豐市政,067997,20000,0,10900.0,0.0,20000,10900.0
2026-07-30,9A9W,永豐市政,068002,15000,0,13830.0,0.0,15000,13830.0
2026-07-30,9A9W,永豐市政,068007,154000,0,99020.0,0.0,154000,99020.0
2026-07-30,9A9W,永豐市政,068064,100000,0,30000.0,0.0,100000,30000.0
2026-07-30,9A9W,永豐市政,068073,200000,200000,122000.0,116000.0,0,6000.0
2026-07-30,9A9W,永豐市政,068114,1000,0,210.0,0.0,1000,210.0
2026-07-30,9A9W,永豐市政,068243,166000,0,75700.0,0.0,166000,75700.0
2026-07-30,9A9W,永豐市政,068386,0,16000,0.0,41820.0,-16000,-41820.0
2026-07-30,9A9W,永豐市政,068633,4000,0,3240.0,0.0,4000,3240.0
2026-07-30,9A9W,永豐市政,068665,7000,0,21170.0,0.0,7000,21170.0
2026-07-30,9A9W,永豐市政,069021,15000,0,24300.0,0.0,15000,24300.0
2026-07-30,9A9W,永豐市政,069105,1000,0,260.0,0.0,1000,260.0
2026-07-30,9A9W,永豐市政,069157,0,9000,0.0,7950.0,-9000,-7950.0
2026-07-30,9A9W,永豐市政,06915U,20000,0,35400.0,0.0,20000,35400.0
2026-07-30,9A9W,永豐市政,069257,0,57000,0.0,51300.0,-57000,-51300.0
2026-07-30,9A9W,永豐市政,069352,1000,0,800.0,0.0,1000,800.0
2026-07-30,9A9W,永豐市政,069668,0,60000,0.0,17400.0,-60000,-17400.0
2026-07-30,9A9W,永豐市政,069899,20000,0,5400.0,0.0,20000,5400.0
2026-07-30,9A9W,永豐市政,069900,10000,0,1500.0,0.0,10000,1500.0
2026-07-30,9A9W,永豐市政,069944,3000,0,14970.0,0.0,3000,14970.0
2026-07-30,9A9W,永豐市政,070162,0,150000,0.0,42000.0,-150000,-42000.0
2026-07-30,9A9W,永豐市政,070616,0,3000,0.0,1110.0,-3000,-1110.0
2026-07-30,9A9W,永豐市政,070690,0,30000,0.0,55200.0,-30000,-55200.0
2026-07-30,9A9W,永豐市政,070754,3000,1000,1650.0,640.0,2000,1010.0
2026-07-30,9A9W,永豐市政,071017,35000,0,9650.0,0.0,35000,9650.0
2026-07-30,9A9W,永豐市政,071218,10000,0,10700.0,0.0,10000,10700.0
2026-07-30,9A9W,永豐市政,071272,20000,0,14700.0,0.0,20000,14700.0
2026-07-30,9A9W,永豐市政,071434,128000,10000,17140.0,1200.0,118000,15940.0
2026-07-30,9A9W,永豐市政,071499,10000,0,5700.0,0.0,10000,5700.0
2026-07-30,9A9W,永豐市政,071507,60000,0,41700.0,0.0,60000,41700.0
2026-07-30,9A9W,永豐市政,071587,10000,0,7000.0,0.0,10000,7000.0
2026-07-30,9A9W,永豐市政,071745,0,6000,0.0,7380.0,-6000,-7380.0
2026-07-30,9A9W,永豐市政,071779,20000,0,12000.0,0.0,20000,12000.0
2026-07-30,9A9W,永豐市政,071877,30000,0,36000.0,0.0,30000,36000.0
2026-07-30,9A9W,永豐市政,072230,5000,0,2100.0,0.0,5000,2100.0
2026-07-30,9A9W,永豐市政,073069,2000,0,1780.0,0.0,2000,1780.0
2026-07-30,9A9W,永豐市政,073391,3000,0,3270.0,0.0,3000,3270.0
2026-07-30,9A9W,永豐市政,073509,0,25000,0.0,52500.0,-25000,-52500.0
2026-07-30,9A9W,永豐市政,073561,1000,0,600.0,0.0,1000,600.0
2026-07-30,9A9W,永豐市政,073583,0,46000,0.0,66270.0,-46000,-66270.0
2026-07-30,9A9W,永豐市政,073922,2000,0,940.0,0.0,2000,940.0
2026-07-30,9A9W,永豐市政,074671,20000,0,12600.0,0.0,20000,12600.0
2026-07-30,9A9W,永豐市政,075121,0,20000,0.0,12000.0,-20000,-12000.0
2026-07-30,9A9W,永豐市政,075444,2000,0,940.0,0.0,2000,940.0
2026-07-30,9A9W,永豐市政,075923,0,20000,0.0,12000.0,-20000,-12000.0
2026-07-30,9A9W,永豐市政,076147,10000,0,5800.0,0.0,10000,5800.0
2026-07-30,9A9W,永豐市政,076250,10000,0,6000.0,0.0,10000,6000.0
2026-07-30,9A9W,永豐市政,077025,0,20000,0.0,24600.0,-20000,-24600.0
2026-07-30,9A9W,永豐市政,08527U,24000,41000,10380.0,22600.0,-17000,-12220.0
2026-07-30,9A9W,永豐市政,08618U,0,5000,0.0,2550.0,-5000,-2550.0
2026-07-30,9A9W,永豐市政,087694,0,4000,0.0,960.0,-4000,-960.0
2026-07-30,9A9W,永豐市政,088412,10000,0,6600.0,0.0,10000,6600.0
2026-07-30,9A9W,永豐金市政,700113,4000,3000,800.0,850.0,1000,-50.0
2026-07-30,9A9W,永豐金市政,700207,2000,0,700.0,0.0,2000,700.0
2026-07-30,9A9W,永豐金市政,701594,0,405000,0.0,64800.0,-405000,-64800.0
2026-07-30,9A9W,永豐金市政,703838,11000,0,22150.0,0.0,11000,22150.0
2026-07-30,9A9W,永豐金市政,703980,100000,0,34000.0,0.0,100000,34000.0
2026-07-30,9A9W,永豐金市政,704287,10000,0,700.0,0.0,10000,700.0
2026-07-30,9A9W,永豐金市政,704312,3000,0,450.0,0.0,3000,450.0
2026-07-30,9A9W,永豐金市政,705395,3000,0,1260.0,0.0,3000,1260.0
2026-07-30,9A9W,永豐金市政,705568,1000,0,970.0,0.0,1000,970.0
2026-07-30,9A9W,永豐金市政,705612,0,20000,0.0,200.0,-20000,-200.0
2026-07-30,9A9W,永豐金市政,706030,1000,0,290.0,0.0,1000,290.0
2026-07-30,9A9W,永豐金市政,706699,2000,0,1800.0,0.0,2000,1800.0
2026-07-30,9A9W,永豐金市政,707048,0,5000,0.0,1850.0,-5000,-1850.0
2026-07-30,9A9W,永豐金市政,707250,10000,0,34200.0,0.0,10000,34200.0
2026-07-30,9A9W,永豐金市政,707306,0,11000,0.0,20350.0,-11000,-20350.0
2026-07-30,9A9W,永豐金市政,707316,10000,0,12200.0,0.0,10000,12200.0
2026-07-30,9A9W,永豐金市政,707572,1000,0,170.0,0.0,1000,170.0
2026-07-30,9A9W,永豐金市政,707705,2000,0,2840.0,0.0,2000,2840.0
2026-07-30,9A9W,永豐金市政,707735,1000,3000,400.0,1190.0,-2000,-790.0
2026-07-30,9A9W,永豐金市政,707763,1000,1000,870.0,1090.0,0,-220.0
2026-07-30,9A9W,永豐金市政,707922,1000,0,1200.0,0.0,1000,1200.0
2026-07-30,9A9W,永豐金市政,708070,1000,0,110.0,0.0,1000,110.0
2026-07-30,9A9W,永豐金市政,708076,300000,100000,144000.0,66000.0,200000,78000.0
2026-07-30,9A9W,永豐金市政,708250,0,7000,0.0,1680.0,-7000,-1680.0
2026-07-30,9A9W,永豐金市政,708350,85000,0,75650.0,0.0,85000,75650.0
2026-07-30,9A9W,永豐金市政,708484,0,1000,0.0,3500.0,-1000,-3500.0
2026-07-30,9A9W,永豐金市政,708565,35000,0,20050.0,0.0,35000,20050.0
2026-07-30,9A9W,永豐金市政,708588,100000,0,10000.0,0.0,100000,10000.0
2026-07-30,9A9W,永豐金市政,708590,0,7000,0.0,2550.0,-7000,-2550.0
2026-07-30,9A9W,永豐金市政,708682,1000,0,480.0,0.0,1000,480.0
2026-07-30,9A9W,永豐金市政,708771,0,40000,0.0,9600.0,-40000,-9600.0
2026-07-30,9A9W,永豐金市政,708883,50000,0,14000.0,0.0,50000,14000.0
2026-07-30,9A9W,永豐金市政,708889,20000,0,10200.0,0.0,20000,10200.0
2026-07-30,9A9W,永豐金市政,709102,1000,2000,240.0,570.0,-1000,-330.0
2026-07-30,9A9W,永豐金市政,709469,5000,0,400.0,0.0,5000,400.0
2026-07-30,9A9W,永豐金市政,709477,0,499000,0.0,114770.0,-499000,-114770.0
2026-07-30,9A9W,永豐金市政,709562,1000,0,150.0,0.0,1000,150.0
2026-07-30,9A9W,永豐金市政,709648,0,50000,0.0,18200.0,-50000,-18200.0
2026-07-30,9A9W,永豐金市政,709933,0,2000,0.0,2490.0,-2000,-2490.0
2026-07-30,9A9W,永豐金市政,711187,0,200000,0.0,90000.0,-200000,-90000.0
2026-07-30,9A9W,永豐金市政,711572,0,20000,0.0,8600.0,-20000,-8600.0
2026-07-30,9A9W,永豐金市政,711632,0,10000,0.0,6100.0,-10000,-6100.0
2026-07-30,9A9W,永豐金市政,711928,3000,0,2730.0,0.0,3000,2730.0
2026-07-30,9A9W,永豐金市政,730635,1000,0,440.0,0.0,1000,440.0
2026-07-30,9A9W,永豐金市政,732332,1000,0,160.0,0.0,1000,160.0
2026-07-30,9A9W,永豐金市政,733460,20000,0,17120.0,0.0,20000,17120.0
2026-07-30,9A9W,永豐金市政,734209,2000,1000,3200.0,1800.0,1000,1400.0
2026-07-30,9A9X,永豐竹科,03038T,0,1000,0.0,220.0,-1000,-220.0
2026-07-30,9A9X,永豐竹科,03052T,1000,0,370.0,0.0,1000,370.0
2026-07-30,9A9X,永豐竹科,03083T,0,5000,0.0,650.0,-5000,-650.0
2026-07-30,9A9X,永豐竹科,03110T,0,1000,0.0,440.0,-1000,-440.0
2026-07-30,9A9X,永豐竹科,03162T,4000,0,520.0,0.0,4000,520.0
2026-07-30,9A9X,永豐竹科,03192T,40000,20000,32000.0,14800.0,20000,17200.0
2026-07-30,9A9X,永豐竹科,03226T,0,33000,0.0,45540.0,-33000,-45540.0
2026-07-30,9A9X,永豐竹科,03331T,3000,5000,2850.0,5000.0,-2000,-2150.0
2026-07-30,9A9X,永豐竹科,033552,3000,0,4860.0,0.0,3000,4860.0
2026-07-30,9A9X,永豐竹科,033590,20000,0,10100.0,0.0,20000,10100.0
2026-07-30,9A9X,永豐竹科,03371T,1000,0,490.0,0.0,1000,490.0
2026-07-30,9A9X,永豐竹科,03421T,2000,0,3140.0,0.0,2000,3140.0
2026-07-30,9A9X,永豐竹科,03478T,28000,0,32020.0,0.0,28000,32020.0
2026-07-30,9A9X,永豐竹科,03564T,1000,0,500.0,0.0,1000,500.0
2026-07-30,9A9X,永豐竹科,036606,2000,0,21400.0,0.0,2000,21400.0
2026-07-30,9A9X,永豐竹科,037041,0,1000,0.0,11000.0,-1000,-11000.0
2026-07-30,9A9X,永豐竹科,037046,0,1000,0.0,5100.0,-1000,-5100.0
2026-07-30,9A9X,永豐竹科,03732B,4000,4000,4400.0,4250.0,0,150.0
2026-07-30,9A9X,永豐竹科,03759T,3000,0,4410.0,0.0,3000,4410.0
2026-07-30,9A9X,永豐竹科,038315,20000,0,92000.0,0.0,20000,92000.0
2026-07-30,9A9X,永豐竹科,038321,1000,0,3400.0,0.0,1000,3400.0
2026-07-30,9A9X,永豐竹科,03910T,0,5000,0.0,4650.0,-5000,-4650.0
2026-07-30,9A9X,永豐竹科,04014C,0,8000,0.0,23840.0,-8000,-23840.0
2026-07-30,9A9X,永豐竹科,040615,1000,0,1340.0,0.0,1000,1340.0
2026-07-30,9A9X,永豐竹科,040982,0,1000,0.0,4300.0,-1000,-4300.0
2026-07-30,9A9X,永豐竹科,044355,5000,0,1150.0,0.0,5000,1150.0
2026-07-30,9A9X,永豐竹科,049713,10000,0,13900.0,0.0,10000,13900.0
2026-07-30,9A9X,永豐竹科,049899,15000,0,28850.0,0.0,15000,28850.0
2026-07-30,9A9X,永豐竹科,051666,0,27000,0.0,31650.0,-27000,-31650.0
2026-07-30,9A9X,永豐竹科,052563,0,1000,0.0,24400.0,-1000,-24400.0
2026-07-30,9A9X,永豐竹科,052899,0,1000,0.0,2200.0,-1000,-2200.0
2026-07-30,9A9X,永豐竹科,055124,11000,0,2090.0,0.0,11000,2090.0
2026-07-30,9A9X,永豐竹科,055134,4000,0,2000.0,0.0,4000,2000.0
2026-07-30,9A9X,永豐竹科,055138,0,2000,0.0,6220.0,-2000,-6220.0
2026-07-30,9A9X,永豐竹科,055773,5000,0,11000.0,0.0,5000,11000.0
2026-07-30,9A9X,永豐竹科,056133,0,1000,0.0,4100.0,-1000,-4100.0
2026-07-30,9A9X,永豐竹科,057748,10000,0,4000.0,0.0,10000,4000.0
2026-07-30,9A9X,永豐竹科,057764,1000,0,820.0,0.0,1000,820.0
2026-07-30,9A9X,永豐竹科,058463,3000,0,1020.0,0.0,3000,1020.0
2026-07-30,9A9X,永豐竹科,058785,15000,11000,61490.0,50270.0,4000,11220.0
2026-07-30,9A9X,永豐竹科,059502,0,26000,0.0,15080.0,-26000,-15080.0
2026-07-30,9A9X,永豐竹科,061260,0,25000,0.0,21750.0,-25000,-21750.0
2026-07-30,9A9X,永豐竹科,061448,17000,2000,30770.0,3460.0,15000,27310.0
2026-07-30,9A9X,永豐竹科,061533,1000,0,2100.0,0.0,1000,2100.0
2026-07-30,9A9X,永豐竹科,061709,20000,0,21900.0,0.0,20000,21900.0
2026-07-30,9A9X,永豐竹科,061976,201000,30000,175870.0,25800.0,171000,150070.0
2026-07-30,9A9X,永豐竹科,062339,20000,0,18000.0,0.0,20000,18000.0
2026-07-30,9A9X,永豐竹科,063288,100000,0,47000.0,0.0,100000,47000.0
2026-07-30,9A9X,永豐竹科,063481,40000,0,16500.0,0.0,40000,16500.0
2026-07-30,9A9X,永豐竹科,064071,5000,0,850.0,0.0,5000,850.0
2026-07-30,9A9X,永豐竹科,064147,30000,0,53200.0,0.0,30000,53200.0
2026-07-30,9A9X,永豐竹科,064238,201000,200000,56280.0,54000.0,1000,2280.0
2026-07-30,9A9X,永豐竹科,064251,0,1000,0.0,400.0,-1000,-400.0
2026-07-30,9A9X,永豐竹科,064524,1000,0,830.0,0.0,1000,830.0
2026-07-30,9A9X,永豐竹科,065423,1000,0,390.0,0.0,1000,390.0
2026-07-30,9A9X,永豐竹科,065452,2000,0,830.0,0.0,2000,830.0
2026-07-30,9A9X,永豐竹科,065459,30000,0,38100.0,0.0,30000,38100.0
2026-07-30,9A9X,永豐竹科,065609,0,400000,0.0,166000.0,-400000,-166000.0
2026-07-30,9A9X,永豐竹科,065734,1000,0,520.0,0.0,1000,520.0
2026-07-30,9A9X,永豐竹科,066083,0,10000,0.0,3600.0,-10000,-3600.0
2026-07-30,9A9X,永豐竹科,066556,6000,0,11520.0,0.0,6000,11520.0
2026-07-30,9A9X,永豐竹科,066573,400000,0,602000.0,0.0,400000,602000.0
2026-07-30,9A9X,永豐竹科,066982,10000,0,1800.0,0.0,10000,1800.0
2026-07-30,9A9X,永豐竹科,067071,1000,0,400.0,0.0,1000,400.0
2026-07-30,9A9X,永豐竹科,067127,0,15000,0.0,13660.0,-15000,-13660.0
2026-07-30,9A9X,永豐竹科,067142,1000,0,1310.0,0.0,1000,1310.0
2026-07-30,9A9X,永豐竹科,067466,20000,0,57200.0,0.0,20000,57200.0
2026-07-30,9A9X,永豐竹科,067620,40000,0,57050.0,0.0,40000,57050.0
2026-07-30,9A9X,永豐竹科,067638,551000,700000,373110.0,511200.0,-149000,-138090.0
2026-07-30,9A9X,永豐竹科,067791,10000,0,9500.0,0.0,10000,9500.0
2026-07-30,9A9X,永豐竹科,067981,20000,0,10400.0,0.0,20000,10400.0
2026-07-30,9A9X,永豐竹科,067999,80000,0,74100.0,0.0,80000,74100.0
2026-07-30,9A9X,永豐竹科,068002,200000,130000,170000.0,113100.0,70000,56900.0
2026-07-30,9A9X,永豐竹科,068111,1000,0,440.0,0.0,1000,440.0
2026-07-30,9A9X,永豐竹科,068115,5000,0,1950.0,0.0,5000,1950.0
2026-07-30,9A9X,永豐竹科,068558,0,4000,0.0,4600.0,-4000,-4600.0
2026-07-30,9A9X,永豐竹科,069083,5000,7000,5920.0,8700.0,-2000,-2780.0
2026-07-30,9A9X,永豐竹科,069618,2000,0,1600.0,0.0,2000,1600.0
2026-07-30,9A9X,永豐竹科,069891,100000,0,154000.0,0.0,100000,154000.0
2026-07-30,9A9X,永豐竹科,070080,2000,0,2020.0,0.0,2000,2020.0
2026-07-30,9A9X,永豐竹科,070438,4000,0,1480.0,0.0,4000,1480.0
2026-07-30,9A9X,永豐竹科,071015,0,2000,0.0,900.0,-2000,-900.0
2026-07-30,9A9X,永豐竹科,071465,5000,0,2400.0,0.0,5000,2400.0
2026-07-30,9A9X,永豐竹科,071506,5000,0,2100.0,0.0,5000,2100.0
2026-07-30,9A9X,永豐竹科,071650,5000,0,12100.0,0.0,5000,12100.0
2026-07-30,9A9X,永豐竹科,072753,4000,13000,5720.0,20450.0,-9000,-14730.0
2026-07-30,9A9X,永豐竹科,072944,1000,0,350.0,0.0,1000,350.0
2026-07-30,9A9X,永豐竹科,07312U,0,1000,0.0,530.0,-1000,-530.0
2026-07-30,9A9X,永豐竹科,073199,0,10000,0.0,15700.0,-10000,-15700.0
2026-07-30,9A9X,永豐竹科,073561,0,20000,0.0,12200.0,-20000,-12200.0
2026-07-30,9A9X,永豐竹科,074231,25000,0,26100.0,0.0,25000,26100.0
2026-07-30,9A9X,永豐竹科,074540,0,118000,0.0,362260.0,-118000,-362260.0
2026-07-30,9A9X,永豐竹科,074995,3000,0,1740.0,0.0,3000,1740.0
2026-07-30,9A9X,永豐竹科,075739,0,20000,0.0,20600.0,-20000,-20600.0
2026-07-30,9A9X,永豐竹科,076081,0,10000,0.0,9400.0,-10000,-9400.0
2026-07-30,9A9X,永豐竹科,076465,1000,0,410.0,0.0,1000,410.0
2026-07-30,9A9X,永豐竹科,076804,1000,0,1820.0,0.0,1000,1820.0
2026-07-30,9A9X,永豐竹科,08184U,1000,0,70.0,0.0,1000,70.0
2026-07-30,9A9X,永豐竹科,08438U,0,1000,0.0,950.0,-1000,-950.0
2026-07-30,9A9X,永豐竹科,084891,0,4000,0.0,28000.0,-4000,-28000.0
2026-07-30,9A9X,永豐竹科,08498U,0,1000,0.0,510.0,-1000,-510.0
2026-07-30,9A9X,永豐竹科,08855U,0,1000,0.0,630.0,-1000,-630.0
2026-07-30,9A9X,永豐金竹科,703371,0,65000,0.0,3900.0,-65000,-3900.0
2026-07-30,9A9X,永豐金竹科,704496,2000,0,5580.0,0.0,2000,5580.0
2026-07-30,9A9X,永豐金竹科,704851,0,2000,0.0,2760.0,-2000,-2760.0
2026-07-30,9A9X,永豐金竹科,705313,1000,0,1350.0,0.0,1000,1350.0
2026-07-30,9A9X,永豐金竹科,705728,290000,0,43500.0,0.0,290000,43500.0
2026-07-30,9A9X,永豐金竹科,706375,5000,0,5800.0,0.0,5000,5800.0
2026-07-30,9A9X,永豐金竹科,707533,20000,0,2800.0,0.0,20000,2800.0
2026-07-30,9A9X,永豐金竹科,707600,2000,0,4300.0,0.0,2000,4300.0
2026-07-30,9A9X,永豐金竹科,707681,0,70000,0.0,89000.0,-70000,-89000.0
2026-07-30,9A9X,永豐金竹科,707844,10000,0,5100.0,0.0,10000,5100.0
2026-07-30,9A9X,永豐金竹科,708117,50000,0,13500.0,0.0,50000,13500.0
2026-07-30,9A9X,永豐金竹科,708195,10000,0,5400.0,0.0,10000,5400.0
2026-07-30,9A9X,永豐金竹科,708238,120000,0,112900.0,0.0,120000,112900.0
2026-07-30,9A9X,永豐金竹科,709788,0,10000,0.0,3200.0,-10000,-3200.0
2026-07-30,9A9X,永豐金竹科,709792,0,470000,0.0,1652030.0,-470000,-1652030.0
2026-07-30,9A9X,永豐金竹科,710014,2000,0,1280.0,0.0,2000,1280.0
2026-07-30,9A9X,永豐金竹科,710888,35000,0,18800.0,0.0,35000,18800.0
2026-07-30,9A9X,永豐金竹科,710979,0,18000,0.0,19260.0,-18000,-19260.0
2026-07-30,9A9X,永豐金竹科,711140,20000,0,9100.0,0.0,20000,9100.0
2026-07-30,9A9X,永豐金竹科,711885,5000,0,4400.0,0.0,5000,4400.0
2026-07-30,9A9X,永豐金竹科,72860U,0,20000,0.0,41200.0,-20000,-41200.0
2026-07-30,9A9X,永豐金竹科,72882U,0,1000,0.0,970.0,-1000,-970.0
2026-07-30,9A9X,永豐金竹科,733411,10000,0,4500.0,0.0,10000,4500.0
2026-07-30,9A9X,永豐金竹科,735028,4000,0,2920.0,0.0,4000,2920.0
2026-07-30,9A9g,永豐內湖,03178T,130000,0,128900.0,0.0,130000,128900.0
2026-07-30,9A9g,永豐內湖,03273T,0,25000,0.0,12250.0,-25000,-12250.0
2026-07-30,9A9g,永豐內湖,03980T,10000,0,13800.0,0.0,10000,13800.0
2026-07-30,9A9g,永豐內湖,043891,2000,2000,4840.0,5360.0,0,-520.0
2026-07-30,9A9g,永豐內湖,044796,10000,0,11500.0,0.0,10000,11500.0
2026-07-30,9A9g,永豐內湖,051259,114000,0,181480.0,0.0,114000,181480.0
2026-07-30,9A9g,永豐內湖,052185,20000,0,18000.0,0.0,20000,18000.0
2026-07-30,9A9g,永豐內湖,052206,10000,0,4500.0,0.0,10000,4500.0
2026-07-30,9A9g,永豐內湖,057654,0,10000,0.0,22500.0,-10000,-22500.0
2026-07-30,9A9g,永豐內湖,059122,1497000,0,1202590.0,0.0,1497000,1202590.0
2026-07-30,9A9g,永豐內湖,059270,50000,0,9500.0,0.0,50000,9500.0
2026-07-30,9A9g,永豐內湖,064156,178000,0,83660.0,0.0,178000,83660.0
2026-07-30,9A9g,永豐內湖,064177,50000,0,29500.0,0.0,50000,29500.0
2026-07-30,9A9g,永豐內湖,064691,1000,5000,1230.0,7040.0,-4000,-5810.0
2026-07-30,9A9g,永豐內湖,065423,0,2000,0.0,720.0,-2000,-720.0
2026-07-30,9A9g,永豐內湖,065459,1199000,0,1668640.0,0.0,1199000,1668640.0
2026-07-30,9A9g,永豐內湖,066073,2994000,0,4321340.0,0.0,2994000,4321340.0
2026-07-30,9A9g,永豐內湖,066144,0,2000,0.0,3420.0,-2000,-3420.0
2026-07-30,9A9g,永豐內湖,067638,5000,0,3550.0,0.0,5000,3550.0
2026-07-30,9A9g,永豐內湖,068001,0,24000,0.0,12600.0,-24000,-12600.0
2026-07-30,9A9g,永豐內湖,068002,11000,0,9240.0,0.0,11000,9240.0
2026-07-30,9A9g,永豐內湖,068069,1375000,0,738860.0,0.0,1375000,738860.0
2026-07-30,9A9g,永豐內湖,068223,998000,0,788420.0,0.0,998000,788420.0
2026-07-30,9A9g,永豐內湖,068980,0,14000,0.0,14000.0,-14000,-14000.0
2026-07-30,9A9g,永豐內湖,068992,0,35000,0.0,42350.0,-35000,-42350.0
2026-07-30,9A9g,永豐內湖,068993,400000,0,296000.0,0.0,400000,296000.0
2026-07-30,9A9g,永豐內湖,069227,4000,0,3340.0,0.0,4000,3340.0
2026-07-30,9A9g,永豐內湖,070392,1000,0,130.0,0.0,1000,130.0
2026-07-30,9A9g,永豐內湖,071044,0,60000,0.0,9000.0,-60000,-9000.0
2026-07-30,9A9g,永豐內湖,071102,0,70000,0.0,76300.0,-70000,-76300.0
2026-07-30,9A9g,永豐內湖,071105,899000,0,987300.0,0.0,899000,987300.0
2026-07-30,9A9g,永豐內湖,071412,499000,0,214570.0,0.0,499000,214570.0
2026-07-30,9A9g,永豐內湖,072771,0,10000,0.0,36100.0,-10000,-36100.0
2026-07-30,9A9g,永豐內湖,072772,15000,15000,30750.0,30000.0,0,750.0
2026-07-30,9A9g,永豐內湖,072825,424000,0,241680.0,0.0,424000,241680.0
2026-07-30,9A9g,永豐內湖,073447,0,202000,0.0,156560.0,-202000,-156560.0
2026-07-30,9A9g,永豐內湖,073715,300000,0,159000.0,0.0,300000,159000.0
2026-07-30,9A9g,永豐內湖,073915,11000,0,5140.0,0.0,11000,5140.0
2026-07-30,9A9g,永豐內湖,076579,2994000,0,1422150.0,0.0,2994000,1422150.0
2026-07-30,9A9g,永豐內湖,08613U,20000,50000,17200.0,40000.0,-30000,-22800.0
2026-07-30,9A9g,永豐金內湖,704346,499000,0,154690.0,0.0,499000,154690.0
2026-07-30,9A9g,永豐金內湖,706372,0,10000,0.0,200.0,-10000,-200.0
2026-07-30,9A9g,永豐金內湖,706545,0,150000,0.0,132000.0,-150000,-132000.0
2026-07-30,9A9g,永豐金內湖,706701,2000,0,640.0,0.0,2000,640.0
2026-07-30,9A9g,永豐金內湖,707796,2000,4000,3180.0,5740.0,-2000,-2560.0
2026-07-30,9A9g,永豐金內湖,707843,100000,0,92000.0,0.0,100000,92000.0
2026-07-30,9A9g,永豐金內湖,708966,2000,0,120.0,0.0,2000,120.0
2026-07-30,9A9g,永豐金內湖,709170,0,11000,0.0,7920.0,-11000,-7920.0
