date,securities_trader_id,securities_trader,stock_id,buy_volume,sell_volume,buy_amount,sell_amount,net_volume,net_amount
2026-07-31,111B,台企建成,031805,0,20000,0.0,39400.0,-20000,-39400.0
2026-07-31,111B,台企建成,033549,90000,0,70800.0,0.0,90000,70800.0
2026-07-31,111B,台企建成,033634,10000,0,22200.0,0.0,10000,22200.0
2026-07-31,111B,台企建成,03431T,10000,0,11800.0,0.0,10000,11800.0
2026-07-31,111B,台企建成,035148,0,20000,0.0,13200.0,-20000,-13200.0
2026-07-31,111B,台企建成,052104,12000,0,21110.0,0.0,12000,21110.0
2026-07-31,111B,台企建成,056811,0,60000,0.0,141000.0,-60000,-141000.0
2026-07-31,111B,台企建成,069620,10000,0,44520.0,0.0,10000,44520.0
2026-07-31,111B,台企銀建成,710279,400000,0,289990.0,0.0,400000,289990.0
2026-07-31,538Y,第一中壢,03474T,110000,110000,106000.0,100100.0,0,5900.0
2026-07-31,538Y,第一中壢,040654,0,1000,0.0,26800.0,-1000,-26800.0
2026-07-31,538Y,第一中壢,060936,50000,0,11500.0,0.0,50000,11500.0
2026-07-31,538Y,第一中壢,061954,10000,0,9200.0,0.0,10000,9200.0
2026-07-31,538Y,第一中壢,063165,1000,0,4570.0,0.0,1000,4570.0
2026-07-31,538Y,第一中壢,064698,0,80000,0.0,145600.0,-80000,-145600.0
2026-07-31,538Y,第一中壢,065912,20000,0,4000.0,0.0,20000,4000.0
2026-07-31,538Y,第一中壢,066220,2000,0,6240.0,0.0,2000,6240.0
2026-07-31,538Y,第一中壢,066347,0,2000,0.0,7800.0,-2000,-7800.0
2026-07-31,538Y,第一中壢,066383,0,73000,0.0,48180.0,-73000,-48180.0
2026-07-31,538Y,第一中壢,066722,30000,0,5100.0,0.0,30000,5100.0
2026-07-31,538Y,第一中壢,067039,0,10000,0.0,2800.0,-10000,-2800.0
2026-07-31,538Y,第一中壢,067080,20000,0,34200.0,0.0,20000,34200.0
2026-07-31,538Y,第一中壢,067984,16000,0,11030.0,0.0,16000,11030.0
2026-07-31,538Y,第一中壢,068722,0,2000,0.0,1880.0,-2000,-1880.0
2026-07-31,538Y,第一中壢,068782,18000,0,10380.0,0.0,18000,10380.0
2026-07-31,538Y,第一中壢,069750,0,10000,0.0,3200.0,-10000,-3200.0
2026-07-31,538Y,第一中壢,070256,22000,0,11200.0,0.0,22000,11200.0
2026-07-31,538Y,第一中壢,070323,10000,0,6000.0,0.0,10000,6000.0
2026-07-31,538Y,第一中壢,072570,11000,0,3970.0,0.0,11000,3970.0
2026-07-31,538Y,第一中壢,074796,11000,0,13660.0,0.0,11000,13660.0
2026-07-31,538Y,第一中壢,076890,1000,0,2230.0,0.0,1000,2230.0
2026-07-31,538Y,第一金中壢,704207,5000,0,11000.0,0.0,5000,11000.0
2026-07-31,538Y,第一金中壢,705487,10000,0,4400.0,0.0,10000,4400.0
2026-07-31,538Y,第一金中壢,707485,0,20000,0.0,7400.0,-20000,-7400.0
2026-07-31,538Y,第一金中壢,707504,0,200000,0.0,100000.0,-200000,-100000.0
2026-07-31,538Y,第一金中壢,708279,0,9000,0.0,3420.0,-9000,-3420.0
2026-07-31,538Y,第一金中壢,708364,0,4000,0.0,3160.0,-4000,-3160.0
2026-07-31,538Y,第一金中壢,708428,0,1000,0.0,260.0,-1000,-260.0
2026-07-31,538Y,第一金中壢,708741,15000,0,10780.0,0.0,15000,10780.0
2026-07-31,538Y,第一金中壢,711500,1000,0,1130.0,0.0,1000,1130.0
2026-07-31,538Y,第一金中壢,711713,40000,0,24800.0,0.0,40000,24800.0
2026-07-31,538Y,第一金中壢,734519,0,5000,0.0,2300.0,-5000,-2300.0
2026-07-31,5853,統一中壢,03046T,10000,0,2200.0,0.0,10000,2200.0
2026-07-31,5853,統一中壢,03099T,1000,0,180.0,0.0,1000,180.0
2026-07-31,5853,統一中壢,032956,2000,0,5760.0,0.0,2000,5760.0
2026-07-31,5853,統一中壢,03421T,10000,0,12800.0,0.0,10000,12800.0
2026-07-31,5853,統一中壢,048923,0,1000,0.0,15200.0,-1000,-15200.0
2026-07-31,5853,統一中壢,051439,0,30000,0.0,38700.0,-30000,-38700.0
2026-07-31,5853,統一中壢,058614,0,23000,0.0,18270.0,-23000,-18270.0
2026-07-31,5853,統一中壢,059177,10000,0,16800.0,0.0,10000,16800.0
2026-07-31,5853,統一中壢,060205,0,200000,0.0,170000.0,-200000,-170000.0
2026-07-31,5853,統一中壢,065452,0,5000,0.0,2850.0,-5000,-2850.0
2026-07-31,5853,統一中壢,066669,0,113000,0.0,72400.0,-113000,-72400.0
2026-07-31,5853,統一中壢,069793,100000,0,114500.0,0.0,100000,114500.0
2026-07-31,5853,統一中壢,070170,5000,0,4750.0,0.0,5000,4750.0
2026-07-31,5853,統一中壢,070256,0,2000,0.0,1060.0,-2000,-1060.0
2026-07-31,5853,統一中壢,070301,60000,0,49800.0,0.0,60000,49800.0
2026-07-31,5853,統一中壢,072654,400000,0,108000.0,0.0,400000,108000.0
2026-07-31,5853,統一中壢,074236,10000,0,10700.0,0.0,10000,10700.0
2026-07-31,5853,統一中壢,075212,22000,0,15620.0,0.0,22000,15620.0
2026-07-31,5853,統一中壢,075625,0,1000,0.0,18600.0,-1000,-18600.0
2026-07-31,5853,統一中壢,076627,0,5000,0.0,5750.0,-5000,-5750.0
2026-07-31,5853,統一中壢,08408U,10000,0,1000.0,0.0,10000,1000.0
2026-07-31,5853,統一中壢,08432U,20000,0,1400.0,0.0,20000,1400.0
2026-07-31,5853,統一中壢,08525U,20000,0,4400.0,0.0,20000,4400.0
2026-07-31,5853,統一中壢,08630U,300000,499000,30000.0,39920.0,-199000,-9920.0
2026-07-31,5853,統一中壢,08720U,200000,0,54200.0,0.0,200000,54200.0
2026-07-31,5853,統一中壢,707895,0,1000,0.0,1400.0,-1000,-1400.0
2026-07-31,5853,統一中壢,708588,22000,0,3320.0,0.0,22000,3320.0
2026-07-31,5853,統一中壢,709334,1000,0,480.0,0.0,1000,480.0
2026-07-31,5853,統一中壢,709905,0,2000,0.0,440.0,-2000,-440.0
2026-07-31,5853,統一中壢,710078,30000,0,24300.0,0.0,30000,24300.0
2026-07-31,5853,統一中壢,72876U,0,10000,0.0,5200.0,-10000,-5200.0
2026-07-31,585Q,統一三多,030573,1000,0,2290.0,0.0,1000,2290.0
2026-07-31,585Q,統一三多,03074T,10000,0,6000.0,0.0,10000,6000.0
2026-07-31,585Q,統一三多,03188T,0,2000,0.0,2380.0,-2000,-2380.0
2026-07-31,585Q,統一三多,03453T,5000,0,4150.0,0.0,5000,4150.0
2026-07-31,585Q,統一三多,03460T,10000,0,15200.0,0.0,10000,15200.0
2026-07-31,585Q,統一三多,036860,0,1000,0.0,340.0,-1000,-340.0
2026-07-31,585Q,統一三多,03794T,5000,0,10700.0,0.0,5000,10700.0
2026-07-31,585Q,統一三多,03883T,5000,0,8150.0,0.0,5000,8150.0
2026-07-31,585Q,統一三多,038848,0,94000,0.0,47940.0,-94000,-47940.0
2026-07-31,585Q,統一三多,03972C,50000,0,25500.0,0.0,50000,25500.0
2026-07-31,585Q,統一三多,051340,5000,0,1600.0,0.0,5000,1600.0
2026-07-31,585Q,統一三多,052670,0,11000,0.0,23980.0,-11000,-23980.0
2026-07-31,585Q,統一三多,052672,0,20000,0.0,35910.0,-20000,-35910.0
2026-07-31,585Q,統一三多,056633,0,2000,0.0,5640.0,-2000,-5640.0
2026-07-31,585Q,統一三多,057070,0,280000,0.0,2901300.0,-280000,-2901300.0
2026-07-31,585Q,統一三多,059264,10000,0,14800.0,0.0,10000,14800.0
2026-07-31,585Q,統一三多,060274,200000,0,102000.0,0.0,200000,102000.0
2026-07-31,585Q,統一三多,060542,16000,0,31420.0,0.0,16000,31420.0
2026-07-31,585Q,統一三多,061706,0,30000,0.0,68400.0,-30000,-68400.0
2026-07-31,585Q,統一三多,061897,0,100000,0.0,35000.0,-100000,-35000.0
2026-07-31,585Q,統一三多,062211,0,65000,0.0,229450.0,-65000,-229450.0
2026-07-31,585Q,統一三多,062339,0,5000,0.0,5150.0,-5000,-5150.0
2026-07-31,585Q,統一三多,062442,0,10000,0.0,14400.0,-10000,-14400.0
2026-07-31,585Q,統一三多,062639,10000,0,13200.0,0.0,10000,13200.0
2026-07-31,585Q,統一三多,063169,125000,0,427500.0,0.0,125000,427500.0
2026-07-31,585Q,統一三多,063692,400000,0,492000.0,0.0,400000,492000.0
2026-07-31,585Q,統一三多,064221,0,1000,0.0,1430.0,-1000,-1430.0
2026-07-31,585Q,統一三多,064578,0,10000,0.0,10200.0,-10000,-10200.0
2026-07-31,585Q,統一三多,064582,0,1000,0.0,3700.0,-1000,-3700.0
2026-07-31,585Q,統一三多,066222,0,200000,0.0,1200000.0,-200000,-1200000.0
2026-07-31,585Q,統一三多,066355,2000,11000,490.0,2650.0,-9000,-2160.0
2026-07-31,585Q,統一三多,067791,1000,0,1170.0,0.0,1000,1170.0
2026-07-31,585Q,統一三多,068032,200000,0,96000.0,0.0,200000,96000.0
2026-07-31,585Q,統一三多,069181,15000,0,8000.0,0.0,15000,8000.0
2026-07-31,585Q,統一三多,070547,0,300000,0.0,108000.0,-300000,-108000.0
2026-07-31,585Q,統一三多,070661,1000,1000,500.0,500.0,0,0.0
2026-07-31,585Q,統一三多,070711,1000,0,360.0,0.0,1000,360.0
2026-07-31,585Q,統一三多,070928,20000,0,28600.0,0.0,20000,28600.0
2026-07-31,585Q,統一三多,071311,0,40000,0.0,45200.0,-40000,-45200.0
2026-07-31,585Q,統一三多,071412,0,15000,0.0,8170.0,-15000,-8170.0
2026-07-31,585Q,統一三多,072546,10000,0,5900.0,0.0,10000,5900.0
2026-07-31,585Q,統一三多,072570,180000,0,64110.0,0.0,180000,64110.0
2026-07-31,585Q,統一三多,073129,3000,0,440.0,0.0,3000,440.0
2026-07-31,585Q,統一三多,073673,0,7000,0.0,7160.0,-7000,-7160.0
2026-07-31,585Q,統一三多,074560,2000,0,2480.0,0.0,2000,2480.0
2026-07-31,585Q,統一三多,074984,6000,26000,6200.0,28480.0,-20000,-22280.0
2026-07-31,585Q,統一三多,075071,10000,0,14000.0,0.0,10000,14000.0
2026-07-31,585Q,統一三多,075257,10000,0,15150.0,0.0,10000,15150.0
2026-07-31,585Q,統一三多,075394,0,650000,0.0,781370.0,-650000,-781370.0
2026-07-31,585Q,統一三多,075413,30000,40000,25700.0,32400.0,-10000,-6700.0
2026-07-31,585Q,統一三多,075603,0,20000,0.0,14000.0,-20000,-14000.0
2026-07-31,585Q,統一三多,075970,1000,1000,1680.0,1680.0,0,0.0
2026-07-31,585Q,統一三多,076166,78000,0,62400.0,0.0,78000,62400.0
2026-07-31,585Q,統一三多,076254,3000,0,2640.0,0.0,3000,2640.0
2026-07-31,585Q,統一三多,076307,3000,0,2040.0,0.0,3000,2040.0
2026-07-31,585Q,統一三多,076767,98000,0,55860.0,0.0,98000,55860.0
2026-07-31,585Q,統一三多,076778,15000,0,14850.0,0.0,15000,14850.0
2026-07-31,585Q,統一三多,076945,13000,13000,20960.0,21510.0,0,-550.0
2026-07-31,585Q,統一三多,077481,8000,0,7050.0,0.0,8000,7050.0
2026-07-31,585Q,統一三多,700201,1000,0,2390.0,0.0,1000,2390.0
2026-07-31,585Q,統一三多,705392,0,292000,0.0,770880.0,-292000,-770880.0
2026-07-31,585Q,統一三多,705448,0,247000,0.0,1908100.0,-247000,-1908100.0
2026-07-31,585Q,統一三多,705485,1000,0,2650.0,0.0,1000,2650.0
2026-07-31,585Q,統一三多,705527,0,144000,0.0,1428000.0,-144000,-1428000.0
2026-07-31,585Q,統一三多,705781,40000,0,22800.0,0.0,40000,22800.0
2026-07-31,585Q,統一三多,706760,0,50000,0.0,24500.0,-50000,-24500.0
2026-07-31,585Q,統一三多,708220,100000,50000,221000.0,112100.0,50000,108900.0
2026-07-31,585Q,統一三多,710069,2000,2000,1120.0,1120.0,0,0.0
2026-07-31,585Q,統一三多,710490,0,30000,0.0,41700.0,-30000,-41700.0
2026-07-31,585Q,統一三多,710505,0,20000,0.0,16800.0,-20000,-16800.0
2026-07-31,585Q,統一三多,711123,0,3000,0.0,1260.0,-3000,-1260.0
2026-07-31,585Q,統一三多,711562,0,2000,0.0,1160.0,-2000,-1160.0
2026-07-31,585Q,統一三多,733461,0,10000,0.0,4700.0,-10000,-4700.0
2026-07-31,585Q,統一三多,734785,0,40000,0.0,90000.0,-40000,-90000.0
2026-07-31,585Y,統一土城,03051T,100000,0,26000.0,0.0,100000,26000.0
2026-07-31,585Y,統一土城,03450T,10000,0,22800.0,0.0,10000,22800.0
2026-07-31,585Y,統一土城,035335,0,1000,0.0,1440.0,-1000,-1440.0
2026-07-31,585Y,統一土城,03909T,50000,0,32400.0,0.0,50000,32400.0
2026-07-31,585Y,統一土城,044796,20000,0,28400.0,0.0,20000,28400.0
2026-07-31,585Y,統一土城,050315,2000,0,4990.0,0.0,2000,4990.0
2026-07-31,585Y,統一土城,051265,0,10000,0.0,3200.0,-10000,-3200.0
2026-07-31,585Y,統一土城,051274,300000,0,66000.0,0.0,300000,66000.0
2026-07-31,585Y,統一土城,052215,5000,0,3500.0,0.0,5000,3500.0
2026-07-31,585Y,統一土城,052806,20000,0,10600.0,0.0,20000,10600.0
2026-07-31,585Y,統一土城,056067,10000,0,6400.0,0.0,10000,6400.0
2026-07-31,585Y,統一土城,057433,0,6000,0.0,12960.0,-6000,-12960.0
2026-07-31,585Y,統一土城,058149,4000,0,19320.0,0.0,4000,19320.0
2026-07-31,585Y,統一土城,061637,10000,0,3000.0,0.0,10000,3000.0
2026-07-31,585Y,統一土城,062245,10000,0,20600.0,0.0,10000,20600.0
2026-07-31,585Y,統一土城,065452,0,200000,0.0,114000.0,-200000,-114000.0
2026-07-31,585Y,統一土城,065777,10000,0,2600.0,0.0,10000,2600.0
2026-07-31,585Y,統一土城,066465,0,7000,0.0,9240.0,-7000,-9240.0
2026-07-31,585Y,統一土城,068312,5000,0,3700.0,0.0,5000,3700.0
2026-07-31,585Y,統一土城,068325,0,70000,0.0,60500.0,-70000,-60500.0
2026-07-31,585Y,統一土城,071472,20000,0,19800.0,0.0,20000,19800.0
2026-07-31,585Y,統一土城,08700U,360000,0,93600.0,0.0,360000,93600.0
2026-07-31,585Y,統一土城,08727U,300000,0,21000.0,0.0,300000,21000.0
2026-07-31,585Y,統一土城,08738U,200000,0,52000.0,0.0,200000,52000.0
2026-07-31,585Y,統一土城,08771U,89000,0,40440.0,0.0,89000,40440.0
2026-07-31,585Y,統一土城,08914U,75000,0,13500.0,0.0,75000,13500.0
2026-07-31,585Y,統一土城,705861,10000,0,2800.0,0.0,10000,2800.0
2026-07-31,585Y,統一土城,705969,10000,0,2200.0,0.0,10000,2200.0
2026-07-31,585Y,統一土城,709205,10000,0,14200.0,0.0,10000,14200.0
2026-07-31,6114,中銀員林,03679T,0,1000,0.0,1650.0,-1000,-1650.0
2026-07-31,6114,中銀員林,062417,0,24000,0.0,63120.0,-24000,-63120.0
2026-07-31,6114,中銀員林,063344,0,5000,0.0,1850.0,-5000,-1850.0
2026-07-31,6114,中銀員林,063406,10000,0,9500.0,0.0,10000,9500.0
2026-07-31,6114,中銀員林,064013,1000,0,1810.0,0.0,1000,1810.0
2026-07-31,6114,中銀員林,064047,30000,0,8700.0,0.0,30000,8700.0
2026-07-31,6114,中銀員林,065317,30000,0,7500.0,0.0,30000,7500.0
2026-07-31,6114,中銀員林,068060,2000,0,900.0,0.0,2000,900.0
2026-07-31,6114,中銀員林,069018,0,10000,0.0,7300.0,-10000,-7300.0
2026-07-31,6114,中銀員林,070267,5000,0,3350.0,0.0,5000,3350.0
2026-07-31,6114,中銀員林,071100,10000,0,3800.0,0.0,10000,3800.0
2026-07-31,6114,中銀員林,071434,0,1000,0.0,270.0,-1000,-270.0
2026-07-31,6114,中銀員林,071436,10000,0,1800.0,0.0,10000,1800.0
2026-07-31,6114,中銀員林,072750,0,20000,0.0,5500.0,-20000,-5500.0
2026-07-31,6114,中銀員林,076624,16000,0,5600.0,0.0,16000,5600.0
2026-07-31,6114,台中銀員林,700416,60000,0,600.0,0.0,60000,600.0
2026-07-31,6114,台中銀員林,706968,22000,0,64820.0,0.0,22000,64820.0
2026-07-31,6114,台中銀員林,708119,10000,0,12000.0,0.0,10000,12000.0
2026-07-31,6114,台中銀員林,708706,0,5000,0.0,1950.0,-5000,-1950.0
2026-07-31,6114,台中銀員林,708935,30000,0,14100.0,0.0,30000,14100.0
2026-07-31,6381,光和溪湖,03050T,60000,0,26400.0,0.0,60000,26400.0
2026-07-31,6381,光和溪湖,031289,0,5000,0.0,2200.0,-5000,-2200.0
2026-07-31,6381,光和溪湖,03721T,2000,0,6140.0,0.0,2000,6140.0
2026-07-31,6381,光和溪湖,038782,0,10000,0.0,9700.0,-10000,-9700.0
2026-07-31,6381,光和溪湖,051252,0,13000,0.0,17290.0,-13000,-17290.0
2026-07-31,6381,光和溪湖,052965,0,67000,0.0,28140.0,-67000,-28140.0
2026-07-31,6381,光和溪湖,055635,10000,0,24600.0,0.0,10000,24600.0
2026-07-31,6381,光和溪湖,055829,0,5000,0.0,3050.0,-5000,-3050.0
2026-07-31,6381,光和溪湖,056176,0,25000,0.0,5250.0,-25000,-5250.0
2026-07-31,6381,光和溪湖,061492,0,1000,0.0,17000.0,-1000,-17000.0
2026-07-31,6381,光和溪湖,065149,50000,0,34800.0,0.0,50000,34800.0
2026-07-31,6381,光和溪湖,067814,5000,0,6750.0,0.0,5000,6750.0
2026-07-31,6381,光和溪湖,069686,10000,0,2000.0,0.0,10000,2000.0
2026-07-31,6381,光和溪湖,069697,0,30000,0.0,21950.0,-30000,-21950.0
2026-07-31,6381,光和溪湖,073943,0,50000,0.0,20210.0,-50000,-20210.0
2026-07-31,6381,光和溪湖,08905U,10000,0,900.0,0.0,10000,900.0
2026-07-31,6381,光和溪湖,708008,4000,0,2590.0,0.0,4000,2590.0
2026-07-31,6381,光和溪湖,710552,5000,0,2600.0,0.0,5000,2600.0
2026-07-31,6381,光和溪湖,710600,0,5000,0.0,2700.0,-5000,-2700.0
2026-07-31,6381,光和溪湖,733460,0,15000,0.0,15300.0,-15000,-15300.0
2026-07-31,6480,福邦,03057T,10000,0,9700.0,0.0,10000,9700.0
2026-07-31,6480,福邦,03792T,0,998000,0.0,998000.0,-998000,-998000.0
2026-07-31,6480,福邦,064339,0,5000,0.0,3800.0,-5000,-3800.0
2026-07-31,6480,福邦,066829,999000,0,1248300.0,0.0,999000,1248300.0
2026-07-31,6480,福邦,069654,290000,0,375700.0,0.0,290000,375700.0
2026-07-31,6480,福邦,072139,500000,0,456000.0,0.0,500000,456000.0
2026-07-31,6480,福邦,076303,5000,0,2850.0,0.0,5000,2850.0
2026-07-31,700B,兆豐板橋,03159T,3000,0,2250.0,0.0,3000,2250.0
2026-07-31,700B,兆豐板橋,03399T,5000,0,7500.0,0.0,5000,7500.0
2026-07-31,700B,兆豐板橋,03732B,0,150000,0.0,113000.0,-150000,-113000.0
2026-07-31,700B,兆豐板橋,054040,20000,0,38000.0,0.0,20000,38000.0
2026-07-31,700B,兆豐板橋,060615,0,20000,0.0,94300.0,-20000,-94300.0
2026-07-31,700B,兆豐板橋,060735,30000,35000,18900.0,22250.0,-5000,-3350.0
2026-07-31,700B,兆豐板橋,061799,0,25000,0.0,221650.0,-25000,-221650.0
2026-07-31,700B,兆豐板橋,062077,0,8000,0.0,2320.0,-8000,-2320.0
2026-07-31,700B,兆豐板橋,063651,0,7000,0.0,4480.0,-7000,-4480.0
2026-07-31,700B,兆豐板橋,066780,1996000,0,1332330.0,0.0,1996000,1332330.0
2026-07-31,700B,兆豐板橋,067140,10000,30000,6900.0,21800.0,-20000,-14900.0
2026-07-31,700B,兆豐板橋,068212,0,79000,0.0,59050.0,-79000,-59050.0
2026-07-31,700B,兆豐板橋,068711,0,55000,0.0,38350.0,-55000,-38350.0
2026-07-31,700B,兆豐板橋,069461,0,5000,0.0,2000.0,-5000,-2000.0
2026-07-31,700B,兆豐板橋,073066,0,1000,0.0,770.0,-1000,-770.0
2026-07-31,700B,兆豐板橋,073313,0,7000,0.0,2870.0,-7000,-2870.0
2026-07-31,700B,兆豐板橋,708870,38000,0,13300.0,0.0,38000,13300.0
2026-07-31,700B,兆豐板橋,709459,20000,0,16750.0,0.0,20000,16750.0
2026-07-31,700B,兆豐板橋,709783,0,60000,0.0,31800.0,-60000,-31800.0
2026-07-31,700B,兆豐板橋,710611,1497000,0,1776460.0,0.0,1497000,1776460.0
2026-07-31,700B,兆豐板橋,72665U,0,11000,0.0,110.0,-11000,-110.0
2026-07-31,700B,兆豐板橋,72876U,1000,0,500.0,0.0,1000,500.0
2026-07-31,700B,兆豐板橋,72883U,10000,0,9900.0,0.0,10000,9900.0
2026-07-31,779c,國票敦北,036451,1000,0,240.0,0.0,1000,240.0
2026-07-31,779c,國票敦北,051665,2000,4000,1270.0,2160.0,-2000,-890.0
2026-07-31,779c,國票敦北,057748,2000,1000,1100.0,490.0,1000,610.0
2026-07-31,779c,國票敦北,059007,1000,0,410.0,0.0,1000,410.0
2026-07-31,779c,國票敦北,059108,0,40000,0.0,116000.0,-40000,-116000.0
2026-07-31,779c,國票敦北,060532,200000,0,38000.0,0.0,200000,38000.0
2026-07-31,779c,國票敦北,062318,7000,0,20020.0,0.0,7000,20020.0
2026-07-31,779c,國票敦北,063351,2000,0,1160.0,0.0,2000,1160.0
2026-07-31,779c,國票敦北,063533,0,10000,0.0,11800.0,-10000,-11800.0
2026-07-31,779c,國票敦北,064372,0,10000,0.0,18500.0,-10000,-18500.0
2026-07-31,779c,國票敦北,066736,0,10000,0.0,9000.0,-10000,-9000.0
2026-07-31,779c,國票敦北,067456,0,505000,0.0,1110700.0,-505000,-1110700.0
2026-07-31,779c,國票敦北,067638,1000,0,780.0,0.0,1000,780.0
2026-07-31,779c,國票敦北,067791,0,1000,0.0,1140.0,-1000,-1140.0
2026-07-31,779c,國票敦北,067953,0,2000,0.0,3980.0,-2000,-3980.0
2026-07-31,779c,國票敦北,068664,0,80000,0.0,56000.0,-80000,-56000.0
2026-07-31,779c,國票敦北,070606,50000,0,41500.0,0.0,50000,41500.0
2026-07-31,779c,國票敦北,071107,0,3000,0.0,2100.0,-3000,-2100.0
2026-07-31,779c,國票敦北,07312U,0,15000,0.0,6450.0,-15000,-6450.0
2026-07-31,779c,國票敦北,073142,0,1000,0.0,400.0,-1000,-400.0
2026-07-31,779c,國票敦北,073143,2000,0,950.0,0.0,2000,950.0
2026-07-31,779c,國票敦北,074231,5000,0,5850.0,0.0,5000,5850.0
2026-07-31,779c,國票敦北,076373,0,10000,0.0,16400.0,-10000,-16400.0
2026-07-31,779c,國票敦北,702592,80000,0,40800.0,0.0,80000,40800.0
2026-07-31,779c,國票敦北,708923,1000,0,610.0,0.0,1000,610.0
2026-07-31,779c,國票敦北,709973,0,1000,0.0,480.0,-1000,-480.0
2026-07-31,779c,國票敦北,710791,10000,0,11800.0,0.0,10000,11800.0
2026-07-31,8560,新光,03012X,0,1000,0.0,67500.0,-1000,-67500.0
2026-07-31,8560,新光,03027T,20000,0,2400.0,0.0,20000,2400.0
2026-07-31,8560,新光,03032T,21000,21000,3170.0,4240.0,0,-1070.0
2026-07-31,8560,新光,030592,1000,0,980.0,0.0,1000,980.0
2026-07-31,8560,新光,03074T,0,13000,0.0,7740.0,-13000,-7740.0
2026-07-31,8560,新光,031026,0,1000,0.0,390.0,-1000,-390.0
2026-07-31,8560,新光,03120T,420000,0,314600.0,0.0,420000,314600.0
2026-07-31,8560,新光,031273,0,1000,0.0,840.0,-1000,-840.0
2026-07-31,8560,新光,031473,0,1000,0.0,1210.0,-1000,-1210.0
2026-07-31,8560,新光,03159T,0,1000000,0.0,774990.0,-1000000,-774990.0
2026-07-31,8560,新光,03160T,5000,0,3550.0,0.0,5000,3550.0
2026-07-31,8560,新光,03162T,0,25000,0.0,1750.0,-25000,-1750.0
2026-07-31,8560,新光,03164T,0,2000,0.0,540.0,-2000,-540.0
2026-07-31,8560,新光,03178T,0,20000,0.0,15220.0,-20000,-15220.0
2026-07-31,8560,新光,031815,0,5000,0.0,400.0,-5000,-400.0
2026-07-31,8560,新光,03226T,3000,1000,2880.0,1000.0,2000,1880.0
2026-07-31,8560,新光,03257T,20000,0,21600.0,0.0,20000,21600.0
2026-07-31,8560,新光,03278T,10000,0,1000.0,0.0,10000,1000.0
2026-07-31,8560,新光,03295T,151000,0,49830.0,0.0,151000,49830.0
2026-07-31,8560,新光,03326T,0,29000,0.0,17630.0,-29000,-17630.0
2026-07-31,8560,新光,03336T,0,16000,0.0,14610.0,-16000,-14610.0
2026-07-31,8560,新光,03338T,0,20000,0.0,26600.0,-20000,-26600.0
2026-07-31,8560,新光,03351T,0,15000,0.0,8700.0,-15000,-8700.0
2026-07-31,8560,新光,033946,6000,0,26340.0,0.0,6000,26340.0
2026-07-31,8560,新光,033969,6000,7000,11640.0,13650.0,-1000,-2010.0
2026-07-31,8560,新光,03406T,1000,0,2090.0,0.0,1000,2090.0
2026-07-31,8560,新光,03410T,0,1898000,0.0,2517710.0,-1898000,-2517710.0
2026-07-31,8560,新光,03431T,0,16000,0.0,18720.0,-16000,-18720.0
2026-07-31,8560,新光,03432T,11000,0,15540.0,0.0,11000,15540.0
2026-07-31,8560,新光,03457T,0,18000,0.0,21270.0,-18000,-21270.0
2026-07-31,8560,新光,03470T,100000,0,81000.0,0.0,100000,81000.0
2026-07-31,8560,新光,03481T,0,6000,0.0,4660.0,-6000,-4660.0
2026-07-31,8560,新光,03519T,0,2690000,0.0,1256250.0,-2690000,-1256250.0
2026-07-31,8560,新光,03562T,0,30000,0.0,52200.0,-30000,-52200.0
2026-07-31,8560,新光,03579T,0,10000,0.0,9400.0,-10000,-9400.0
2026-07-31,8560,新光,03582T,55000,0,58800.0,0.0,55000,58800.0
2026-07-31,8560,新光,036097,0,5000,0.0,49250.0,-5000,-49250.0
2026-07-31,8560,新光,036451,0,157000,0.0,31400.0,-157000,-31400.0
2026-07-31,8560,新光,037044,0,1000,0.0,7200.0,-1000,-7200.0
2026-07-31,8560,新光,037046,0,2000,0.0,10300.0,-2000,-10300.0
2026-07-31,8560,新光,03732B,23000,140000,17640.0,113980.0,-117000,-96340.0
2026-07-31,8560,新光,03734B,100000,0,113500.0,0.0,100000,113500.0
2026-07-31,8560,新光,03735B,24000,30000,19970.0,25200.0,-6000,-5230.0
2026-07-31,8560,新光,03736B,30000,0,30000.0,0.0,30000,30000.0
2026-07-31,8560,新光,03738B,0,30000,0.0,22500.0,-30000,-22500.0
2026-07-31,8560,新光,03747T,10000,0,28400.0,0.0,10000,28400.0
2026-07-31,8560,新光,03797T,0,10000,0.0,26100.0,-10000,-26100.0
2026-07-31,8560,新光,038318,0,2000,0.0,2960.0,-2000,-2960.0
2026-07-31,8560,新光,038321,4000,0,15960.0,0.0,4000,15960.0
2026-07-31,8560,新光,038368,200000,0,6000.0,0.0,200000,6000.0
2026-07-31,8560,新光,03846T,7000,0,13160.0,0.0,7000,13160.0
2026-07-31,8560,新光,03849T,0,75000,0.0,105000.0,-75000,-105000.0
2026-07-31,8560,新光,038834,87000,0,870.0,0.0,87000,870.0
2026-07-31,8560,新光,038836,150000,0,4700.0,0.0,150000,4700.0
2026-07-31,8560,新光,039001,0,10000,0.0,8000.0,-10000,-8000.0
2026-07-31,8560,新光,03901T,0,2000,0.0,4720.0,-2000,-4720.0
2026-07-31,8560,新光,039177,31000,0,610.0,0.0,31000,610.0
2026-07-31,8560,新光,03931T,0,20000,0.0,18200.0,-20000,-18200.0
2026-07-31,8560,新光,039446,0,29000,0.0,48690.0,-29000,-48690.0
2026-07-31,8560,新光,039611,0,10000,0.0,24900.0,-10000,-24900.0
2026-07-31,8560,新光,039946,0,14000,0.0,42280.0,-14000,-42280.0
2026-07-31,8560,新光,043901,5000,0,12250.0,0.0,5000,12250.0
2026-07-31,8560,新光,044122,0,10000,0.0,3300.0,-10000,-3300.0
2026-07-31,8560,新光,044403,0,3000,0.0,2910.0,-3000,-2910.0
2026-07-31,8560,新光,044791,0,10000,0.0,2900.0,-10000,-2900.0
2026-07-31,8560,新光,045087,0,10000,0.0,1850.0,-10000,-1850.0
2026-07-31,8560,新光,046307,2000,1000,540.0,300.0,1000,240.0
2026-07-31,8560,新光,047464,0,1000,0.0,6600.0,-1000,-6600.0
2026-07-31,8560,新光,048587,0,2000,0.0,3940.0,-2000,-3940.0
2026-07-31,8560,新光,049847,0,3000,0.0,2550.0,-3000,-2550.0
2026-07-31,8560,新光,049941,1000,0,1090.0,0.0,1000,1090.0
2026-07-31,8560,新光,050002,0,20000,0.0,21200.0,-20000,-21200.0
2026-07-31,8560,新光,050322,5000,0,1100.0,0.0,5000,1100.0
2026-07-31,8560,新光,050721,0,1000,0.0,2070.0,-1000,-2070.0
2026-07-31,8560,新光,051264,0,30000,0.0,94580.0,-30000,-94580.0
2026-07-31,8560,新光,051666,0,9000,0.0,17280.0,-9000,-17280.0
2026-07-31,8560,新光,051709,1000,0,4200.0,0.0,1000,4200.0
2026-07-31,8560,新光,052181,10000,0,8100.0,0.0,10000,8100.0
2026-07-31,8560,新光,052191,0,4000,0.0,3000.0,-4000,-3000.0
2026-07-31,8560,新光,052206,50000,0,24000.0,0.0,50000,24000.0
2026-07-31,8560,新光,052783,0,7000,0.0,12350.0,-7000,-12350.0
2026-07-31,8560,新光,052806,6000,0,2880.0,0.0,6000,2880.0
2026-07-31,8560,新光,052826,3000,7000,10210.0,24350.0,-4000,-14140.0
2026-07-31,8560,新光,052945,130000,0,75400.0,0.0,130000,75400.0
2026-07-31,8560,新光,053071,40000,0,8400.0,0.0,40000,8400.0
2026-07-31,8560,新光,053106,0,4000,0.0,200.0,-4000,-200.0
2026-07-31,8560,新光,053260,20000,0,8400.0,0.0,20000,8400.0
2026-07-31,8560,新光,053295,19000,0,25840.0,0.0,19000,25840.0
2026-07-31,8560,新光,053515,0,1000,0.0,650.0,-1000,-650.0
2026-07-31,8560,新光,054066,1000,0,2860.0,0.0,1000,2860.0
2026-07-31,8560,新光,054288,0,10000,0.0,8300.0,-10000,-8300.0
2026-07-31,8560,新光,054411,200000,0,146000.0,0.0,200000,146000.0
2026-07-31,8560,新光,054457,1000,1000,1980.0,1860.0,0,120.0
2026-07-31,8560,新光,054458,11000,3000,10420.0,2880.0,8000,7540.0
2026-07-31,8560,新光,054483,0,1000,0.0,2100.0,-1000,-2100.0
2026-07-31,8560,新光,054658,0,6000,0.0,1740.0,-6000,-1740.0
2026-07-31,8560,新光,055260,0,1000,0.0,1180.0,-1000,-1180.0
2026-07-31,8560,新光,055273,2000,0,4430.0,0.0,2000,4430.0
2026-07-31,8560,新光,055690,1000,0,1960.0,0.0,1000,1960.0
2026-07-31,8560,新光,055695,1000,0,2580.0,0.0,1000,2580.0
2026-07-31,8560,新光,055826,0,10000,0.0,22600.0,-10000,-22600.0
2026-07-31,8560,新光,055827,0,19000,0.0,42560.0,-19000,-42560.0
2026-07-31,8560,新光,056053,1000,0,1070.0,0.0,1000,1070.0
2026-07-31,8560,新光,056633,11000,5000,31130.0,14000.0,6000,17130.0
2026-07-31,8560,新光,056662,3000,4000,4930.0,6230.0,-1000,-1300.0
2026-07-31,8560,新光,056820,1000,2000,7300.0,14200.0,-1000,-6900.0
2026-07-31,8560,新光,057180,3000,0,4320.0,0.0,3000,4320.0
2026-07-31,8560,新光,057297,2000,0,3940.0,0.0,2000,3940.0
2026-07-31,8560,新光,057384,6000,0,5160.0,0.0,6000,5160.0
2026-07-31,8560,新光,057458,0,7000,0.0,21200.0,-7000,-21200.0
2026-07-31,8560,新光,057459,0,9000,0.0,28670.0,-9000,-28670.0
2026-07-31,8560,新光,057525,0,25000,0.0,67000.0,-25000,-67000.0
2026-07-31,8560,新光,057555,0,10000,0.0,15500.0,-10000,-15500.0
2026-07-31,8560,新光,057748,0,132000,0.0,75240.0,-132000,-75240.0
2026-07-31,8560,新光,057764,5000,0,4790.0,0.0,5000,4790.0
2026-07-31,8560,新光,057783,0,2000,0.0,4180.0,-2000,-4180.0
2026-07-31,8560,新光,057841,1000,0,130.0,0.0,1000,130.0
2026-07-31,8560,新光,058032,0,10000,0.0,5500.0,-10000,-5500.0
2026-07-31,8560,新光,058099,10000,0,2600.0,0.0,10000,2600.0
2026-07-31,8560,新光,058317,0,1000,0.0,300.0,-1000,-300.0
2026-07-31,8560,新光,058399,6000,0,17050.0,0.0,6000,17050.0
2026-07-31,8560,新光,05839U,0,5000,0.0,500.0,-5000,-500.0
2026-07-31,8560,新光,058586,50000,100000,12000.0,26000.0,-50000,-14000.0
2026-07-31,8560,新光,058640,10000,0,3200.0,0.0,10000,3200.0
2026-07-31,8560,新光,059063,0,1000,0.0,610.0,-1000,-610.0
2026-07-31,8560,新光,059082,1000,0,1250.0,0.0,1000,1250.0
2026-07-31,8560,新光,059221,0,45000,0.0,52200.0,-45000,-52200.0
2026-07-31,8560,新光,059225,1000,0,1940.0,0.0,1000,1940.0
2026-07-31,8560,新光,059230,8000,3000,21270.0,10160.0,5000,11110.0
2026-07-31,8560,新光,059626,1000,0,1680.0,0.0,1000,1680.0
2026-07-31,8560,新光,059634,0,1000,0.0,1040.0,-1000,-1040.0
2026-07-31,8560,新光,059639,9000,0,17510.0,0.0,9000,17510.0
2026-07-31,8560,新光,059649,0,3000,0.0,3480.0,-3000,-3480.0
2026-07-31,8560,新光,059837,0,10000,0.0,20100.0,-10000,-20100.0
2026-07-31,8560,新光,059921,0,32000,0.0,41760.0,-32000,-41760.0
2026-07-31,8560,新光,059926,0,10000,0.0,17100.0,-10000,-17100.0
2026-07-31,8560,新光,060286,2000,0,8560.0,0.0,2000,8560.0
2026-07-31,8560,新光,060542,2000,0,3920.0,0.0,2000,3920.0
2026-07-31,8560,新光,060619,0,10000,0.0,30400.0,-10000,-30400.0
2026-07-31,8560,新光,060843,0,15000,0.0,17400.0,-15000,-17400.0
2026-07-31,8560,新光,060891,6000,0,1020.0,0.0,6000,1020.0
2026-07-31,8560,新光,061678,0,20000,0.0,19000.0,-20000,-19000.0
2026-07-31,8560,新光,061777,10000,0,8300.0,0.0,10000,8300.0
2026-07-31,8560,新光,061799,3000,0,26850.0,0.0,3000,26850.0
2026-07-31,8560,新光,061862,3000,0,1200.0,0.0,3000,1200.0
2026-07-31,8560,新光,061944,0,85000,0.0,49300.0,-85000,-49300.0
2026-07-31,8560,新光,062037,8000,0,10380.0,0.0,8000,10380.0
2026-07-31,8560,新光,062201,0,50000,0.0,13000.0,-50000,-13000.0
2026-07-31,8560,新光,062503,0,3000,0.0,2820.0,-3000,-2820.0
2026-07-31,8560,新光,062650,400000,0,260000.0,0.0,400000,260000.0
2026-07-31,8560,新光,062678,0,2000,0.0,1280.0,-2000,-1280.0
2026-07-31,8560,新光,062706,1000,0,1120.0,0.0,1000,1120.0
2026-07-31,8560,新光,062929,1000,0,740.0,0.0,1000,740.0
2026-07-31,8560,新光,062947,0,5000,0.0,3350.0,-5000,-3350.0
2026-07-31,8560,新光,062994,1000,1000,1310.0,1400.0,0,-90.0
2026-07-31,8560,新光,063023,200000,0,235000.0,0.0,200000,235000.0
2026-07-31,8560,新光,063084,12000,0,22850.0,0.0,12000,22850.0
2026-07-31,8560,新光,063097,2000,0,4240.0,0.0,2000,4240.0
2026-07-31,8560,新光,063406,1000,0,840.0,0.0,1000,840.0
2026-07-31,8560,新光,063427,0,1000,0.0,2720.0,-1000,-2720.0
2026-07-31,8560,新光,063442,13000,0,21870.0,0.0,13000,21870.0
2026-07-31,8560,新光,063550,0,1000,0.0,440.0,-1000,-440.0
2026-07-31,8560,新光,063724,0,1000,0.0,40000.0,-1000,-40000.0
2026-07-31,8560,新光,063809,1000,0,1340.0,0.0,1000,1340.0
2026-07-31,8560,新光,064011,0,1000,0.0,2810.0,-1000,-2810.0
2026-07-31,8560,新光,064013,12000,0,24600.0,0.0,12000,24600.0
2026-07-31,8560,新光,064221,10000,0,14000.0,0.0,10000,14000.0
2026-07-31,8560,新光,064280,0,10000,0.0,10500.0,-10000,-10500.0
2026-07-31,8560,新光,064433,50000,0,29000.0,0.0,50000,29000.0
2026-07-31,8560,新光,064497,0,2000,0.0,8880.0,-2000,-8880.0
2026-07-31,8560,新光,064502,0,1000,0.0,3940.0,-1000,-3940.0
2026-07-31,8560,新光,064514,635000,20000,662550.0,19000.0,615000,643550.0
2026-07-31,8560,新光,064596,30000,0,29300.0,0.0,30000,29300.0
2026-07-31,8560,新光,064622,5000,0,1450.0,0.0,5000,1450.0
2026-07-31,8560,新光,064660,2000,0,1720.0,0.0,2000,1720.0
2026-07-31,8560,新光,064707,5000,0,600.0,0.0,5000,600.0
2026-07-31,8560,新光,064762,15000,0,23550.0,0.0,15000,23550.0
2026-07-31,8560,新光,064774,1000,30000,3220.0,92100.0,-29000,-88880.0
2026-07-31,8560,新光,064775,0,70000,0.0,30100.0,-70000,-30100.0
2026-07-31,8560,新光,064829,0,20000,0.0,9200.0,-20000,-9200.0
2026-07-31,8560,新光,064863,0,7000,0.0,2450.0,-7000,-2450.0
2026-07-31,8560,新光,064884,1000,0,230.0,0.0,1000,230.0
2026-07-31,8560,新光,065081,4000,0,760.0,0.0,4000,760.0
2026-07-31,8560,新光,065125,0,30000,0.0,5400.0,-30000,-5400.0
2026-07-31,8560,新光,065191,0,3000,0.0,3930.0,-3000,-3930.0
2026-07-31,8560,新光,065287,8000,0,4950.0,0.0,8000,4950.0
2026-07-31,8560,新光,065358,0,200000,0.0,82000.0,-200000,-82000.0
2026-07-31,8560,新光,065423,65000,125000,32350.0,61130.0,-60000,-28780.0
2026-07-31,8560,新光,065427,3000,0,1290.0,0.0,3000,1290.0
2026-07-31,8560,新光,065451,0,30000,0.0,19700.0,-30000,-19700.0
2026-07-31,8560,新光,065459,5000,0,9250.0,0.0,5000,9250.0
2026-07-31,8560,新光,065480,0,10000,0.0,17800.0,-10000,-17800.0
2026-07-31,8560,新光,065517,0,10000,0.0,51000.0,-10000,-51000.0
2026-07-31,8560,新光,065522,9000,0,7090.0,0.0,9000,7090.0
2026-07-31,8560,新光,065541,0,50000,0.0,36500.0,-50000,-36500.0
2026-07-31,8560,新光,065591,0,1000,0.0,3280.0,-1000,-3280.0
2026-07-31,8560,新光,065595,0,1000,0.0,8500.0,-1000,-8500.0
2026-07-31,8560,新光,065609,0,95000,0.0,56750.0,-95000,-56750.0
2026-07-31,8560,新光,065642,0,20000,0.0,27800.0,-20000,-27800.0
2026-07-31,8560,新光,065703,20000,0,11800.0,0.0,20000,11800.0
2026-07-31,8560,新光,065785,10000,0,51000.0,0.0,10000,51000.0
2026-07-31,8560,新光,065890,0,1000,0.0,230.0,-1000,-230.0
2026-07-31,8560,新光,065949,0,10000,0.0,3100.0,-10000,-3100.0
2026-07-31,8560,新光,066057,12000,0,10450.0,0.0,12000,10450.0
2026-07-31,8560,新光,066063,0,10000,0.0,18900.0,-10000,-18900.0
2026-07-31,8560,新光,066075,1000,0,230.0,0.0,1000,230.0
2026-07-31,8560,新光,066147,10000,0,14900.0,0.0,10000,14900.0
2026-07-31,8560,新光,066278,0,110000,0.0,133100.0,-110000,-133100.0
2026-07-31,8560,新光,066327,60000,0,24200.0,0.0,60000,24200.0
2026-07-31,8560,新光,066396,10000,0,12360.0,0.0,10000,12360.0
2026-07-31,8560,新光,066415,5000,0,15500.0,0.0,5000,15500.0
2026-07-31,8560,新光,066422,0,10000,0.0,11500.0,-10000,-11500.0
2026-07-31,8560,新光,066444,10000,0,18000.0,0.0,10000,18000.0
2026-07-31,8560,新光,066516,10000,0,21700.0,0.0,10000,21700.0
2026-07-31,8560,新光,066529,0,3000,0.0,3510.0,-3000,-3510.0
2026-07-31,8560,新光,066555,0,4000,0.0,33600.0,-4000,-33600.0
2026-07-31,8560,新光,066590,108000,0,95040.0,0.0,108000,95040.0
2026-07-31,8560,新光,066591,0,103000,0.0,75190.0,-103000,-75190.0
2026-07-31,8560,新光,066602,7000,0,10500.0,0.0,7000,10500.0
2026-07-31,8560,新光,066653,0,2000,0.0,6890.0,-2000,-6890.0
2026-07-31,8560,新光,066784,0,191000,0.0,569180.0,-191000,-569180.0
2026-07-31,8560,新光,06685U,10000,0,10200.0,0.0,10000,10200.0
2026-07-31,8560,新光,06688U,0,14000,0.0,21140.0,-14000,-21140.0
2026-07-31,8560,新光,066981,15000,0,6300.0,0.0,15000,6300.0
2026-07-31,8560,新光,066988,35000,45000,44800.0,55350.0,-10000,-10550.0
2026-07-31,8560,新光,067053,1000,0,2980.0,0.0,1000,2980.0
2026-07-31,8560,新光,067080,10000,0,19700.0,0.0,10000,19700.0
2026-07-31,8560,新光,067085,0,5000,0.0,4400.0,-5000,-4400.0
2026-07-31,8560,新光,067117,1000,0,1570.0,0.0,1000,1570.0
2026-07-31,8560,新光,067119,1000,0,1170.0,0.0,1000,1170.0
2026-07-31,8560,新光,067142,30000,2000,45440.0,3180.0,28000,42260.0
2026-07-31,8560,新光,067435,0,22000,0.0,20020.0,-22000,-20020.0
2026-07-31,8560,新光,067441,20000,0,15550.0,0.0,20000,15550.0
2026-07-31,8560,新光,067476,8000,6000,24600.0,19400.0,2000,5200.0
2026-07-31,8560,新光,067543,0,1000,0.0,1130.0,-1000,-1130.0
2026-07-31,8560,新光,067550,1000,0,1300.0,0.0,1000,1300.0
2026-07-31,8560,新光,067604,1000,0,960.0,0.0,1000,960.0
2026-07-31,8560,新光,067605,0,16000,0.0,12800.0,-16000,-12800.0
2026-07-31,8560,新光,067638,3000,448000,2370.0,344980.0,-445000,-342610.0
2026-07-31,8560,新光,067708,0,4000,0.0,3280.0,-4000,-3280.0
2026-07-31,8560,新光,067723,1000,0,2680.0,0.0,1000,2680.0
2026-07-31,8560,新光,067745,4000,6000,3610.0,6280.0,-2000,-2670.0
2026-07-31,8560,新光,067814,30000,0,38700.0,0.0,30000,38700.0
2026-07-31,8560,新光,067819,2000,0,1400.0,0.0,2000,1400.0
2026-07-31,8560,新光,067828,30000,0,10500.0,0.0,30000,10500.0
2026-07-31,8560,新光,067998,8000,0,6640.0,0.0,8000,6640.0
2026-07-31,8560,新光,067999,0,1000,0.0,900.0,-1000,-900.0
2026-07-31,8560,新光,068003,0,10000,0.0,7800.0,-10000,-7800.0
2026-07-31,8560,新光,068073,50000,0,31500.0,0.0,50000,31500.0
2026-07-31,8560,新光,068095,20000,0,9200.0,0.0,20000,9200.0
2026-07-31,8560,新光,068109,10000,0,4100.0,0.0,10000,4100.0
2026-07-31,8560,新光,068312,3000,0,2220.0,0.0,3000,2220.0
2026-07-31,8560,新光,068342,20000,20000,65800.0,66000.0,0,-200.0
2026-07-31,8560,新光,068410,0,15000,0.0,4950.0,-15000,-4950.0
2026-07-31,8560,新光,068464,0,35000,0.0,35000.0,-35000,-35000.0
2026-07-31,8560,新光,068512,1000,0,5750.0,0.0,1000,5750.0
2026-07-31,8560,新光,068576,1000,1000,18200.0,18000.0,0,200.0
2026-07-31,8560,新光,068623,50000,0,24500.0,0.0,50000,24500.0
2026-07-31,8560,新光,068635,0,5000,0.0,6650.0,-5000,-6650.0
2026-07-31,8560,新光,068980,0,5000,0.0,10600.0,-5000,-10600.0
2026-07-31,8560,新光,069062,4000,0,10440.0,0.0,4000,10440.0
2026-07-31,8560,新光,069074,10000,0,6900.0,0.0,10000,6900.0
2026-07-31,8560,新光,069118,0,70000,0.0,99400.0,-70000,-99400.0
2026-07-31,8560,新光,069144,10000,0,24200.0,0.0,10000,24200.0
2026-07-31,8560,新光,069180,0,10000,0.0,1000.0,-10000,-1000.0
2026-07-31,8560,新光,069271,499000,0,89820.0,0.0,499000,89820.0
2026-07-31,8560,新光,069282,0,40000,0.0,25800.0,-40000,-25800.0
2026-07-31,8560,新光,069313,4542000,0,726720.0,0.0,4542000,726720.0
2026-07-31,8560,新光,069398,0,10000,0.0,5600.0,-10000,-5600.0
2026-07-31,8560,新光,069434,0,1000,0.0,1290.0,-1000,-1290.0
2026-07-31,8560,新光,069454,10000,0,5700.0,0.0,10000,5700.0
2026-07-31,8560,新光,069474,40000,0,26600.0,0.0,40000,26600.0
2026-07-31,8560,新光,069509,2000,0,13500.0,0.0,2000,13500.0
2026-07-31,8560,新光,069656,0,5000,0.0,4500.0,-5000,-4500.0
2026-07-31,8560,新光,069698,20000,0,21800.0,0.0,20000,21800.0
2026-07-31,8560,新光,069785,4000,0,1200.0,0.0,4000,1200.0
2026-07-31,8560,新光,069944,0,1000,0.0,6650.0,-1000,-6650.0
2026-07-31,8560,新光,070062,0,30000,0.0,25200.0,-30000,-25200.0
2026-07-31,8560,新光,070111,0,30000,0.0,17100.0,-30000,-17100.0
2026-07-31,8560,新光,070151,0,470000,0.0,122200.0,-470000,-122200.0
2026-07-31,8560,新光,070168,0,3130000,0.0,594700.0,-3130000,-594700.0
2026-07-31,8560,新光,070170,0,50000,0.0,41500.0,-50000,-41500.0
2026-07-31,8560,新光,070348,0,2200000,0.0,1320000.0,-2200000,-1320000.0
2026-07-31,8560,新光,070433,0,3000,0.0,2490.0,-3000,-2490.0
2026-07-31,8560,新光,070489,0,10000,0.0,7700.0,-10000,-7700.0
2026-07-31,8560,新光,070547,0,30000,0.0,12000.0,-30000,-12000.0
2026-07-31,8560,新光,070643,15000,0,9900.0,0.0,15000,9900.0
2026-07-31,8560,新光,070669,80000,0,31200.0,0.0,80000,31200.0
2026-07-31,8560,新光,070772,150000,0,171000.0,0.0,150000,171000.0
2026-07-31,8560,新光,070797,50000,0,22050.0,0.0,50000,22050.0
2026-07-31,8560,新光,070878,10000,0,9700.0,0.0,10000,9700.0
2026-07-31,8560,新光,070900,10000,0,15300.0,0.0,10000,15300.0
2026-07-31,8560,新光,070963,0,13000,0.0,8710.0,-13000,-8710.0
2026-07-31,8560,新光,071014,5000,0,5150.0,0.0,5000,5150.0
2026-07-31,8560,新光,071019,40000,0,20800.0,0.0,40000,20800.0
2026-07-31,8560,新光,071044,695000,0,132050.0,0.0,695000,132050.0
2026-07-31,8560,新光,071133,7000,0,6300.0,0.0,7000,6300.0
2026-07-31,8560,新光,071134,200000,600000,188000.0,559000.0,-400000,-371000.0
2026-07-31,8560,新光,071218,0,105000,0.0,147000.0,-105000,-147000.0
2026-07-31,8560,新光,071319,200000,0,272000.0,0.0,200000,272000.0
2026-07-31,8560,新光,071352,5000,25000,4750.0,23250.0,-20000,-18500.0
2026-07-31,8560,新光,071412,30000,0,16200.0,0.0,30000,16200.0
2026-07-31,8560,新光,071582,11000,1000,18400.0,1800.0,10000,16600.0
2026-07-31,8560,新光,071589,0,10000,0.0,10100.0,-10000,-10100.0
2026-07-31,8560,新光,071865,5000,0,13800.0,0.0,5000,13800.0
2026-07-31,8560,新光,072064,0,140000,0.0,42000.0,-140000,-42000.0
2026-07-31,8560,新光,072091,200000,0,150000.0,0.0,200000,150000.0
2026-07-31,8560,新光,072165,0,30000,0.0,21900.0,-30000,-21900.0
2026-07-31,8560,新光,072222,25000,0,40000.0,0.0,25000,40000.0
2026-07-31,8560,新光,072249,0,2000,0.0,2580.0,-2000,-2580.0
2026-07-31,8560,新光,072461,0,10000,0.0,19600.0,-10000,-19600.0
2026-07-31,8560,新光,072463,0,20000,0.0,11300.0,-20000,-11300.0
2026-07-31,8560,新光,072525,0,1000,0.0,410.0,-1000,-410.0
2026-07-31,8560,新光,072668,5000,0,2850.0,0.0,5000,2850.0
2026-07-31,8560,新光,072756,0,20000,0.0,10000.0,-20000,-10000.0
2026-07-31,8560,新光,072823,10000,0,4400.0,0.0,10000,4400.0
2026-07-31,8560,新光,073123,120000,0,150000.0,0.0,120000,150000.0
2026-07-31,8560,新光,073303,0,3000,0.0,3930.0,-3000,-3930.0
2026-07-31,8560,新光,073486,51000,0,14280.0,0.0,51000,14280.0
2026-07-31,8560,新光,073540,6000,0,3240.0,0.0,6000,3240.0
2026-07-31,8560,新光,073556,21000,0,8820.0,0.0,21000,8820.0
2026-07-31,8560,新光,073693,50000,0,24500.0,0.0,50000,24500.0
2026-07-31,8560,新光,073884,1000,1000,2150.0,2280.0,0,-130.0
2026-07-31,8560,新光,073949,0,1000,0.0,730.0,-1000,-730.0
2026-07-31,8560,新光,074026,30000,0,15900.0,0.0,30000,15900.0
2026-07-31,8560,新光,074404,0,3000,0.0,1650.0,-3000,-1650.0
2026-07-31,8560,新光,074540,13000,0,46540.0,0.0,13000,46540.0
2026-07-31,8560,新光,074634,750000,0,97500.0,0.0,750000,97500.0
2026-07-31,8560,新光,074675,0,200000,0.0,118000.0,-200000,-118000.0
2026-07-31,8560,新光,075197,60000,0,100200.0,0.0,60000,100200.0
2026-07-31,8560,新光,075639,0,10000,0.0,8600.0,-10000,-8600.0
2026-07-31,8560,新光,075673,499000,0,119760.0,0.0,499000,119760.0
2026-07-31,8560,新光,075713,499000,0,503990.0,0.0,499000,503990.0
2026-07-31,8560,新光,075795,400000,0,440000.0,0.0,400000,440000.0
2026-07-31,8560,新光,075872,3000,3000,2040.0,2040.0,0,0.0
2026-07-31,8560,新光,076025,0,20000,0.0,15000.0,-20000,-15000.0
2026-07-31,8560,新光,076194,0,5000,0.0,2800.0,-5000,-2800.0
2026-07-31,8560,新光,076368,0,10000,0.0,8300.0,-10000,-8300.0
2026-07-31,8560,新光,076374,500000,0,215000.0,0.0,500000,215000.0
2026-07-31,8560,新光,076383,0,10000,0.0,3600.0,-10000,-3600.0
2026-07-31,8560,新光,076631,1000,0,920.0,0.0,1000,920.0
2026-07-31,8560,新光,076765,10000,0,3300.0,0.0,10000,3300.0
2026-07-31,8560,新光,076775,0,1000,0.0,1440.0,-1000,-1440.0
2026-07-31,8560,新光,076919,0,2000,0.0,4680.0,-2000,-4680.0
2026-07-31,8560,新光,077100,2000,0,4060.0,0.0,2000,4060.0
2026-07-31,8560,新光,077141,0,33000,0.0,32010.0,-33000,-32010.0
2026-07-31,8560,新光,077792,10000,0,8600.0,0.0,10000,8600.0
2026-07-31,8560,新光,077799,15000,0,6150.0,0.0,15000,6150.0
2026-07-31,8560,新光,078161,5000,0,5500.0,0.0,5000,5500.0
2026-07-31,8560,新光,078172,499000,0,289420.0,0.0,499000,289420.0
2026-07-31,8560,新光,078183,3000,0,4350.0,0.0,3000,4350.0
2026-07-31,8560,新光,08058U,0,10000,0.0,27900.0,-10000,-27900.0
2026-07-31,8560,新光,08268U,0,175000,0.0,224000.0,-175000,-224000.0
2026-07-31,8560,新光,08311U,0,20000,0.0,200.0,-20000,-200.0
2026-07-31,8560,新光,08320U,0,70000,0.0,65800.0,-70000,-65800.0
2026-07-31,8560,新光,08519U,2000,0,320.0,0.0,2000,320.0
2026-07-31,8560,新光,08796U,0,20000,0.0,5720.0,-20000,-5720.0
2026-07-31,8560,新光,700186,0,10000,0.0,1300.0,-10000,-1300.0
2026-07-31,8560,新光,701400,0,7000,0.0,36400.0,-7000,-36400.0
2026-07-31,8560,新光,701625,1000,0,670.0,0.0,1000,670.0
2026-07-31,8560,新光,703368,12000,20000,49140.0,69200.0,-8000,-20060.0
2026-07-31,8560,新光,704203,0,1000,0.0,960.0,-1000,-960.0
2026-07-31,8560,新光,704207,1000,0,2540.0,0.0,1000,2540.0
2026-07-31,8560,新光,704370,0,4000,0.0,3160.0,-4000,-3160.0
2026-07-31,8560,新光,704546,20000,0,12000.0,0.0,20000,12000.0
2026-07-31,8560,新光,705199,50000,0,21900.0,0.0,50000,21900.0
2026-07-31,8560,新光,705236,0,160000,0.0,74600.0,-160000,-74600.0
2026-07-31,8560,新光,705241,1000,0,1450.0,0.0,1000,1450.0
2026-07-31,8560,新光,705391,130000,0,49500.0,0.0,130000,49500.0
2026-07-31,8560,新光,705692,0,1000,0.0,380.0,-1000,-380.0
2026-07-31,8560,新光,705781,10000,0,5700.0,0.0,10000,5700.0
2026-07-31,8560,新光,705813,100000,0,6000.0,0.0,100000,6000.0
2026-07-31,8560,新光,706041,500000,0,40000.0,0.0,500000,40000.0
2026-07-31,8560,新光,706135,1000,0,590.0,0.0,1000,590.0
2026-07-31,8560,新光,706258,2000,0,4020.0,0.0,2000,4020.0
2026-07-31,8560,新光,706259,0,150000,0.0,50500.0,-150000,-50500.0
2026-07-31,8560,新光,706716,1000,0,2020.0,0.0,1000,2020.0
2026-07-31,8560,新光,707126,0,2000,0.0,5880.0,-2000,-5880.0
2026-07-31,8560,新光,707136,0,10000,0.0,3000.0,-10000,-3000.0
2026-07-31,8560,新光,707259,4000,0,2440.0,0.0,4000,2440.0
2026-07-31,8560,新光,707313,1000,1000,1150.0,1200.0,0,-50.0
2026-07-31,8560,新光,707317,6000,0,8420.0,0.0,6000,8420.0
2026-07-31,8560,新光,707374,3000,6000,2800.0,6420.0,-3000,-3620.0
2026-07-31,8560,新光,707381,0,1000,0.0,1390.0,-1000,-1390.0
2026-07-31,8560,新光,707422,0,5000,0.0,5150.0,-5000,-5150.0
2026-07-31,8560,新光,707423,10000,0,8700.0,0.0,10000,8700.0
2026-07-31,8560,新光,707459,1000,0,840.0,0.0,1000,840.0
2026-07-31,8560,新光,707515,0,2000,0.0,800.0,-2000,-800.0
2026-07-31,8560,新光,707580,5000,0,1250.0,0.0,5000,1250.0
2026-07-31,8560,新光,707646,200000,0,116000.0,0.0,200000,116000.0
2026-07-31,8560,新光,707757,49000,0,33650.0,0.0,49000,33650.0
2026-07-31,8560,新光,707775,0,5000,0.0,1250.0,-5000,-1250.0
2026-07-31,8560,新光,707813,8000,0,12640.0,0.0,8000,12640.0
2026-07-31,8560,新光,707828,10000,0,13700.0,0.0,10000,13700.0
2026-07-31,8560,新光,707931,1000,0,4140.0,0.0,1000,4140.0
2026-07-31,8560,新光,707964,0,1000,0.0,60.0,-1000,-60.0
2026-07-31,8560,新光,708087,15000,0,4400.0,0.0,15000,4400.0
2026-07-31,8560,新光,708105,100000,0,25300.0,0.0,100000,25300.0
2026-07-31,8560,新光,708109,0,998000,0.0,374250.0,-998000,-374250.0
2026-07-31,8560,新光,708166,1000,0,370.0,0.0,1000,370.0
2026-07-31,8560,新光,708210,10000,0,30100.0,0.0,10000,30100.0
2026-07-31,8560,新光,708268,700000,90000,450000.0,57600.0,610000,392400.0
2026-07-31,8560,新光,708463,0,85000,0.0,73950.0,-85000,-73950.0
2026-07-31,8560,新光,708470,1000,0,3310.0,0.0,1000,3310.0
2026-07-31,8560,新光,708473,4000,0,4250.0,0.0,4000,4250.0
2026-07-31,8560,新光,708514,0,16000,0.0,18560.0,-16000,-18560.0
2026-07-31,8560,新光,708532,52000,0,66160.0,0.0,52000,66160.0
2026-07-31,8560,新光,708588,0,52000,0.0,8620.0,-52000,-8620.0
2026-07-31,8560,新光,708651,1000,0,900.0,0.0,1000,900.0
2026-07-31,8560,新光,708668,0,300000,0.0,270000.0,-300000,-270000.0
2026-07-31,8560,新光,708679,1000,0,210.0,0.0,1000,210.0
2026-07-31,8560,新光,708706,49000,0,19600.0,0.0,49000,19600.0
2026-07-31,8560,新光,708711,10000,0,12300.0,0.0,10000,12300.0
2026-07-31,8560,新光,708775,2000,2000,1180.0,1180.0,0,0.0
2026-07-31,8560,新光,708779,2000,0,2220.0,0.0,2000,2220.0
2026-07-31,8560,新光,708869,10000,0,7200.0,0.0,10000,7200.0
2026-07-31,8560,新光,708878,10000,0,3900.0,0.0,10000,3900.0
2026-07-31,8560,新光,708913,79000,0,30210.0,0.0,79000,30210.0
2026-07-31,8560,新光,709066,0,2000,0.0,1000.0,-2000,-1000.0
2026-07-31,8560,新光,709114,0,100000,0.0,8000.0,-100000,-8000.0
2026-07-31,8560,新光,709207,10000,10000,7000.0,7000.0,0,0.0
2026-07-31,8560,新光,709213,1000,0,120.0,0.0,1000,120.0
2026-07-31,8560,新光,709503,40000,0,4800.0,0.0,40000,4800.0
2026-07-31,8560,新光,709554,10000,0,5400.0,0.0,10000,5400.0
2026-07-31,8560,新光,709574,5000,0,500.0,0.0,5000,500.0
2026-07-31,8560,新光,709597,1497000,0,374250.0,0.0,1497000,374250.0
2026-07-31,8560,新光,709709,2000,2000,1300.0,1300.0,0,0.0
2026-07-31,8560,新光,709832,0,54000,0.0,33480.0,-54000,-33480.0
2026-07-31,8560,新光,710403,30000,0,9900.0,0.0,30000,9900.0
2026-07-31,8560,新光,710457,0,25000,0.0,20250.0,-25000,-20250.0
2026-07-31,8560,新光,710515,0,65000,0.0,55250.0,-65000,-55250.0
2026-07-31,8560,新光,710837,1000,0,510.0,0.0,1000,510.0
2026-07-31,8560,新光,710905,0,76000,0.0,51680.0,-76000,-51680.0
2026-07-31,8560,新光,710918,450000,0,339000.0,0.0,450000,339000.0
2026-07-31,8560,新光,710946,5000,0,2800.0,0.0,5000,2800.0
2026-07-31,8560,新光,711082,499000,0,129740.0,0.0,499000,129740.0
2026-07-31,8560,新光,711367,0,10000,0.0,3400.0,-10000,-3400.0
2026-07-31,8560,新光,711501,0,80000,0.0,152100.0,-80000,-152100.0
2026-07-31,8560,新光,711580,6000,0,8220.0,0.0,6000,8220.0
2026-07-31,8560,新光,711606,48000,0,49440.0,0.0,48000,49440.0
2026-07-31,8560,新光,711928,0,25000,0.0,25750.0,-25000,-25750.0
2026-07-31,8560,新光,72798U,117000,0,87480.0,0.0,117000,87480.0
2026-07-31,8560,新光,72853U,0,13000,0.0,12090.0,-13000,-12090.0
2026-07-31,8560,新光,72856U,0,2000,0.0,400.0,-2000,-400.0
2026-07-31,8560,新光,72876U,0,6000,0.0,4440.0,-6000,-4440.0
2026-07-31,8560,新光,72883U,0,10000,0.0,9900.0,-10000,-9900.0
2026-07-31,8560,新光,72933U,0,10000,0.0,32000.0,-10000,-32000.0
2026-07-31,8560,新光,72938U,0,12000,0.0,17520.0,-12000,-17520.0
2026-07-31,8560,新光,72939U,20000,0,21600.0,0.0,20000,21600.0
2026-07-31,8560,新光,72988U,0,2000,0.0,1640.0,-2000,-1640.0
2026-07-31,8560,新光,730635,0,1000,0.0,480.0,-1000,-480.0
2026-07-31,8560,新光,733760,1000,0,380.0,0.0,1000,380.0
2026-07-31,8560,新光,738742,60000,0,15600.0,0.0,60000,15600.0
2026-07-31,9135,群益東大,03035X,0,20000,0.0,264000.0,-20000,-264000.0
2026-07-31,9135,群益東大,03036T,0,20000,0.0,3000.0,-20000,-3000.0
2026-07-31,9135,群益東大,03269T,0,10000,0.0,3000.0,-10000,-3000.0
2026-07-31,9135,群益東大,03360T,0,10000,0.0,8100.0,-10000,-8100.0
2026-07-31,9135,群益東大,03389T,2000,0,720.0,0.0,2000,720.0
2026-07-31,9135,群益東大,036450,0,3000,0.0,14970.0,-3000,-14970.0
2026-07-31,9135,群益東大,038846,0,20000,0.0,8000.0,-20000,-8000.0
2026-07-31,9135,群益東大,039472,3000,0,690.0,0.0,3000,690.0
2026-07-31,9135,群益東大,046001,0,20000,0.0,5400.0,-20000,-5400.0
2026-07-31,9135,群益東大,048097,3000,0,1010.0,0.0,3000,1010.0
2026-07-31,9135,群益東大,052532,0,1000,0.0,4680.0,-1000,-4680.0
2026-07-31,9135,群益東大,053534,2000,0,900.0,0.0,2000,900.0
2026-07-31,9135,群益東大,055249,1000,0,280.0,0.0,1000,280.0
2026-07-31,9135,群益東大,057748,0,2000,0.0,1130.0,-2000,-1130.0
2026-07-31,9135,群益東大,058646,4000,0,1240.0,0.0,4000,1240.0
2026-07-31,9135,群益東大,059017,0,4000,0.0,6420.0,-4000,-6420.0
2026-07-31,9135,群益東大,059293,0,1000,0.0,300.0,-1000,-300.0
2026-07-31,9135,群益東大,062541,0,1000,0.0,1160.0,-1000,-1160.0
2026-07-31,9135,群益東大,063351,0,30000,0.0,18000.0,-30000,-18000.0
2026-07-31,9135,群益東大,064541,0,1000,0.0,460.0,-1000,-460.0
2026-07-31,9135,群益東大,064667,0,5000,0.0,1200.0,-5000,-1200.0
2026-07-31,9135,群益東大,064683,0,1000,0.0,640.0,-1000,-640.0
2026-07-31,9135,群益東大,064703,0,30000,0.0,15000.0,-30000,-15000.0
2026-07-31,9135,群益東大,065382,0,3000,0.0,3480.0,-3000,-3480.0
2026-07-31,9135,群益東大,065452,18000,0,10980.0,0.0,18000,10980.0
2026-07-31,9135,群益東大,065458,30000,0,46500.0,0.0,30000,46500.0
2026-07-31,9135,群益東大,065461,150000,0,17000.0,0.0,150000,17000.0
2026-07-31,9135,群益東大,065553,0,1000,0.0,750.0,-1000,-750.0
2026-07-31,9135,群益東大,065764,0,15000,0.0,19500.0,-15000,-19500.0
2026-07-31,9135,群益東大,066466,20000,0,42540.0,0.0,20000,42540.0
2026-07-31,9135,群益東大,066584,18000,0,14760.0,0.0,18000,14760.0
2026-07-31,9135,群益東大,066725,10000,0,9800.0,0.0,10000,9800.0
2026-07-31,9135,群益東大,067071,0,20000,0.0,12200.0,-20000,-12200.0
2026-07-31,9135,群益東大,067149,0,1000,0.0,650.0,-1000,-650.0
2026-07-31,9135,群益東大,067179,30000,0,15600.0,0.0,30000,15600.0
2026-07-31,9135,群益東大,067257,0,1000,0.0,700.0,-1000,-700.0
2026-07-31,9135,群益東大,067274,10000,0,4100.0,0.0,10000,4100.0
2026-07-31,9135,群益東大,067441,3000,0,2300.0,0.0,3000,2300.0
2026-07-31,9135,群益東大,067694,1000,2000,260.0,560.0,-1000,-300.0
2026-07-31,9135,群益東大,067782,5000,0,4400.0,0.0,5000,4400.0
2026-07-31,9135,群益東大,067791,10000,0,11700.0,0.0,10000,11700.0
2026-07-31,9135,群益東大,067828,10000,0,3580.0,0.0,10000,3580.0
2026-07-31,9135,群益東大,067885,0,1000,0.0,1820.0,-1000,-1820.0
2026-07-31,9135,群益東大,067997,2000,0,1440.0,0.0,2000,1440.0
2026-07-31,9135,群益東大,068014,14000,3000,8260.0,1770.0,11000,6490.0
2026-07-31,9135,群益東大,068160,0,1000,0.0,670.0,-1000,-670.0
2026-07-31,9135,群益東大,068247,30000,0,17700.0,0.0,30000,17700.0
2026-07-31,9135,群益東大,069159,3000,0,540.0,0.0,3000,540.0
2026-07-31,9135,群益東大,069190,0,100000,0.0,209000.0,-100000,-209000.0
2026-07-31,9135,群益東大,069289,0,25000,0.0,10500.0,-25000,-10500.0
2026-07-31,9135,群益東大,069648,36000,0,4750.0,0.0,36000,4750.0
2026-07-31,9135,群益東大,069652,0,1000,0.0,340.0,-1000,-340.0
2026-07-31,9135,群益東大,070109,3000,0,5340.0,0.0,3000,5340.0
2026-07-31,9135,群益東大,070256,0,10000,0.0,5300.0,-10000,-5300.0
2026-07-31,9135,群益東大,070267,0,1000,0.0,630.0,-1000,-630.0
2026-07-31,9135,群益東大,070268,0,30000,0.0,6300.0,-30000,-6300.0
2026-07-31,9135,群益東大,070448,1000,2000,200.0,440.0,-1000,-240.0
2026-07-31,9135,群益東大,070460,10000,0,9800.0,0.0,10000,9800.0
2026-07-31,9135,群益東大,070945,30000,0,28300.0,0.0,30000,28300.0
2026-07-31,9135,群益東大,071088,65000,0,34300.0,0.0,65000,34300.0
2026-07-31,9135,群益東大,071160,20000,0,12000.0,0.0,20000,12000.0
2026-07-31,9135,群益東大,071174,0,10000,0.0,7900.0,-10000,-7900.0
2026-07-31,9135,群益東大,071434,1000,0,200.0,0.0,1000,200.0
2026-07-31,9135,群益東大,071504,10000,0,9800.0,0.0,10000,9800.0
2026-07-31,9135,群益東大,071653,400000,0,1028000.0,0.0,400000,1028000.0
2026-07-31,9135,群益東大,071780,0,7000,0.0,3990.0,-7000,-3990.0
2026-07-31,9135,群益東大,072040,1000,1000,240.0,240.0,0,0.0
2026-07-31,9135,群益東大,072146,0,39000,0.0,22200.0,-39000,-22200.0
2026-07-31,9135,群益東大,072256,20000,0,12000.0,0.0,20000,12000.0
2026-07-31,9135,群益東大,072257,1000,0,520.0,0.0,1000,520.0
2026-07-31,9135,群益東大,072548,0,1000,0.0,1660.0,-1000,-1660.0
2026-07-31,9135,群益東大,072569,0,10000,0.0,6900.0,-10000,-6900.0
2026-07-31,9135,群益東大,073554,8000,0,9760.0,0.0,8000,9760.0
2026-07-31,9135,群益東大,074265,10000,0,5400.0,0.0,10000,5400.0
2026-07-31,9135,群益東大,074560,0,2000,0.0,2480.0,-2000,-2480.0
2026-07-31,9135,群益東大,075195,150000,200000,196500.0,286000.0,-50000,-89500.0
2026-07-31,9135,群益東大,075474,10000,0,6400.0,0.0,10000,6400.0
2026-07-31,9135,群益東大,076549,10000,0,13000.0,0.0,10000,13000.0
2026-07-31,9135,群益東大,077858,16000,0,50720.0,0.0,16000,50720.0
2026-07-31,9135,群益東大,700708,20000,0,5000.0,0.0,20000,5000.0
2026-07-31,9135,群益東大,703407,10000,0,100.0,0.0,10000,100.0
2026-07-31,9135,群益東大,704100,5000,0,6470.0,0.0,5000,6470.0
2026-07-31,9135,群益東大,707374,0,1000,0.0,1070.0,-1000,-1070.0
2026-07-31,9135,群益東大,707858,0,30000,0.0,22800.0,-30000,-22800.0
2026-07-31,9135,群益東大,708408,30000,0,8400.0,0.0,30000,8400.0
2026-07-31,9135,群益東大,708588,79000,60000,12060.0,9600.0,19000,2460.0
2026-07-31,9135,群益東大,709277,0,1000,0.0,2700.0,-1000,-2700.0
2026-07-31,9135,群益東大,709869,100000,0,273000.0,0.0,100000,273000.0
2026-07-31,9135,群益東大,710420,12000,0,3260.0,0.0,12000,3260.0
2026-07-31,9135,群益東大,710732,0,20000,0.0,13900.0,-20000,-13900.0
2026-07-31,9186,群益新竹,030573,0,125000,0.0,296750.0,-125000,-296750.0
2026-07-31,9186,群益新竹,03160T,30000,0,21300.0,0.0,30000,21300.0
2026-07-31,9186,群益新竹,03278T,3000,0,300.0,0.0,3000,300.0
2026-07-31,9186,群益新竹,03424T,1000,0,1250.0,0.0,1000,1250.0
2026-07-31,9186,群益新竹,03432T,14000,0,19580.0,0.0,14000,19580.0
2026-07-31,9186,群益新竹,03465T,0,1000,0.0,1760.0,-1000,-1760.0
2026-07-31,9186,群益新竹,053509,0,3000,0.0,570.0,-3000,-570.0
2026-07-31,9186,群益新竹,054157,0,5000,0.0,1200.0,-5000,-1200.0
2026-07-31,9186,群益新竹,058937,0,3000,0.0,330.0,-3000,-330.0
2026-07-31,9186,群益新竹,060401,4000,0,1400.0,0.0,4000,1400.0
2026-07-31,9186,群益新竹,062707,0,1000,0.0,1230.0,-1000,-1230.0
2026-07-31,9186,群益新竹,062804,30000,0,20400.0,0.0,30000,20400.0
2026-07-31,9186,群益新竹,063081,0,50000,0.0,30000.0,-50000,-30000.0
2026-07-31,9186,群益新竹,063318,0,1000,0.0,2340.0,-1000,-2340.0
2026-07-31,9186,群益新竹,063617,0,1000,0.0,1060.0,-1000,-1060.0
2026-07-31,9186,群益新竹,064065,0,1000,0.0,1280.0,-1000,-1280.0
2026-07-31,9186,群益新竹,065275,0,13000,0.0,4810.0,-13000,-4810.0
2026-07-31,9186,群益新竹,065661,0,16000,0.0,14400.0,-16000,-14400.0
2026-07-31,9186,群益新竹,066782,0,8000,0.0,6080.0,-8000,-6080.0
2026-07-31,9186,群益新竹,066783,0,8000,0.0,4800.0,-8000,-4800.0
2026-07-31,9186,群益新竹,067184,124000,0,21080.0,0.0,124000,21080.0
2026-07-31,9186,群益新竹,067814,0,11000,0.0,14410.0,-11000,-14410.0
2026-07-31,9186,群益新竹,069068,0,10000,0.0,12700.0,-10000,-12700.0
2026-07-31,9186,群益新竹,069566,1000,0,100.0,0.0,1000,100.0
2026-07-31,9186,群益新竹,069656,0,39000,0.0,36300.0,-39000,-36300.0
2026-07-31,9186,群益新竹,070528,100000,0,11000.0,0.0,100000,11000.0
2026-07-31,9186,群益新竹,071102,0,15000,0.0,24750.0,-15000,-24750.0
2026-07-31,9186,群益新竹,071741,0,25000,0.0,37750.0,-25000,-37750.0
2026-07-31,9186,群益新竹,706063,0,1205000,0.0,12050.0,-1205000,-12050.0
2026-07-31,9186,群益新竹,708113,0,8000,0.0,3360.0,-8000,-3360.0
2026-07-31,9186,群益新竹,708684,10000,0,1600.0,0.0,10000,1600.0
2026-07-31,9186,群益新竹,708843,0,12000,0.0,22200.0,-12000,-22200.0
2026-07-31,9186,群益新竹,708945,0,8000,0.0,5920.0,-8000,-5920.0
2026-07-31,9186,群益新竹,709499,1000,1000,380.0,380.0,0,0.0
2026-07-31,9186,群益新竹,72665U,0,1000,0.0,10.0,-1000,-10.0
2026-07-31,9186,群益新竹,72949U,10000,0,20800.0,0.0,10000,20800.0
2026-07-31,918C,群益古亭,03732B,110000,0,86400.0,0.0,110000,86400.0
2026-07-31,918C,群益古亭,03988T,100000,0,65000.0,0.0,100000,65000.0
2026-07-31,918C,群益古亭,046914,0,10000,0.0,14200.0,-10000,-14200.0
2026-07-31,918C,群益古亭,052181,0,30000,0.0,24600.0,-30000,-24600.0
2026-07-31,918C,群益古亭,053518,0,10000,0.0,11400.0,-10000,-11400.0
2026-07-31,918C,群益古亭,057433,0,30000,0.0,65100.0,-30000,-65100.0
2026-07-31,918C,群益古亭,064154,20000,0,38350.0,0.0,20000,38350.0
2026-07-31,918C,群益古亭,064162,10000,0,7600.0,0.0,10000,7600.0
2026-07-31,918C,群益古亭,065011,30000,0,10200.0,0.0,30000,10200.0
2026-07-31,918C,群益古亭,065423,0,30000,0.0,15140.0,-30000,-15140.0
2026-07-31,918C,群益古亭,065671,0,5000,0.0,13850.0,-5000,-13850.0
2026-07-31,918C,群益古亭,067189,1000,0,2100.0,0.0,1000,2100.0
2026-07-31,918C,群益古亭,067996,6000,0,4680.0,0.0,6000,4680.0
2026-07-31,918C,群益古亭,067998,1000,0,830.0,0.0,1000,830.0
2026-07-31,918C,群益古亭,068291,0,10000,0.0,4200.0,-10000,-4200.0
2026-07-31,918C,群益古亭,068665,12000,0,25680.0,0.0,12000,25680.0
2026-07-31,918C,群益古亭,068998,0,30000,0.0,112500.0,-30000,-112500.0
2026-07-31,918C,群益古亭,069197,30000,20000,21000.0,15400.0,10000,5600.0
2026-07-31,918C,群益古亭,070962,0,60000,0.0,45600.0,-60000,-45600.0
2026-07-31,918C,群益古亭,071197,10000,10000,4300.0,4400.0,0,-100.0
2026-07-31,918C,群益古亭,072543,0,100000,0.0,147400.0,-100000,-147400.0
2026-07-31,918C,群益古亭,073142,0,15000,0.0,6300.0,-15000,-6300.0
2026-07-31,918C,群益古亭,074230,0,2000,0.0,1060.0,-2000,-1060.0
2026-07-31,918C,群益古亭,074675,0,100000,0.0,59000.0,-100000,-59000.0
2026-07-31,918C,群益古亭,075077,0,200000,0.0,141150.0,-200000,-141150.0
2026-07-31,918C,群益古亭,076368,0,45000,0.0,36900.0,-45000,-36900.0
2026-07-31,918C,群益古亭,088418,0,1000,0.0,1580.0,-1000,-1580.0
2026-07-31,918C,群益古亭,705565,0,16000,0.0,6250.0,-16000,-6250.0
2026-07-31,918C,群益古亭,705782,0,2000,0.0,2020.0,-2000,-2020.0
2026-07-31,918C,群益古亭,706711,0,1000,0.0,490.0,-1000,-490.0
2026-07-31,918C,群益古亭,710500,978000,998000,459360.0,449100.0,-20000,10260.0
2026-07-31,918C,群益古亭,711109,0,25000,0.0,12000.0,-25000,-12000.0
2026-07-31,918C,群益古亭,711321,20000,0,12800.0,0.0,20000,12800.0
2026-07-31,920H,凱基基隆,03276T,106000,0,59360.0,0.0,106000,59360.0
2026-07-31,920H,凱基基隆,052245,0,50000,0.0,11500.0,-50000,-11500.0
2026-07-31,920H,凱基基隆,059565,0,1000,0.0,260.0,-1000,-260.0
2026-07-31,920H,凱基基隆,059671,0,5000,0.0,2800.0,-5000,-2800.0
2026-07-31,920H,凱基基隆,060140,0,100000,0.0,10000.0,-100000,-10000.0
2026-07-31,920H,凱基基隆,060308,0,6000,0.0,52800.0,-6000,-52800.0
2026-07-31,920H,凱基基隆,061451,10000,0,12700.0,0.0,10000,12700.0
2026-07-31,920H,凱基基隆,061472,0,4000,0.0,5080.0,-4000,-5080.0
2026-07-31,920H,凱基基隆,062655,1000,0,160.0,0.0,1000,160.0
2026-07-31,920H,凱基基隆,065480,0,4000,0.0,6750.0,-4000,-6750.0
2026-07-31,920H,凱基基隆,068707,20000,0,11600.0,0.0,20000,11600.0
2026-07-31,920H,凱基基隆,069358,1000,1000,510.0,510.0,0,0.0
2026-07-31,920H,凱基基隆,071070,0,580000,0.0,290000.0,-580000,-290000.0
2026-07-31,920H,凱基基隆,071612,20000,0,12800.0,0.0,20000,12800.0
2026-07-31,920H,凱基基隆,072677,3000,0,1050.0,0.0,3000,1050.0
2026-07-31,920H,凱基基隆,073396,50000,0,38700.0,0.0,50000,38700.0
2026-07-31,920H,凱基基隆,075057,0,2000,0.0,1830.0,-2000,-1830.0
2026-07-31,920H,凱基基隆,077238,2000,0,1040.0,0.0,2000,1040.0
2026-07-31,920H,凱基基隆,707613,0,1000,0.0,420.0,-1000,-420.0
2026-07-31,920H,凱基基隆,708923,2000,0,1140.0,0.0,2000,1140.0
2026-07-31,9211,凱基台南,031292,0,10000,0.0,12300.0,-10000,-12300.0
2026-07-31,9211,凱基台南,03326T,10000,0,5000.0,0.0,10000,5000.0
2026-07-31,9211,凱基台南,03395T,20000,0,15700.0,0.0,20000,15700.0
2026-07-31,9211,凱基台南,03502T,0,11000,0.0,10780.0,-11000,-10780.0
2026-07-31,9211,凱基台南,03564T,20000,0,6920.0,0.0,20000,6920.0
2026-07-31,9211,凱基台南,03679T,0,8000,0.0,13280.0,-8000,-13280.0
2026-07-31,9211,凱基台南,037053,0,1000,0.0,1180.0,-1000,-1180.0
2026-07-31,9211,凱基台南,03738B,1000,0,760.0,0.0,1000,760.0
2026-07-31,9211,凱基台南,044612,50000,0,43640.0,0.0,50000,43640.0
2026-07-31,9211,凱基台南,052072,0,3000,0.0,12040.0,-3000,-12040.0
2026-07-31,9211,凱基台南,052266,0,11000,0.0,7150.0,-11000,-7150.0
2026-07-31,9211,凱基台南,054040,0,5000,0.0,9300.0,-5000,-9300.0
2026-07-31,9211,凱基台南,055272,0,10000,0.0,18300.0,-10000,-18300.0
2026-07-31,9211,凱基台南,055834,4000,0,6440.0,0.0,4000,6440.0
2026-07-31,9211,凱基台南,057682,0,4000,0.0,7390.0,-4000,-7390.0
2026-07-31,9211,凱基台南,057878,100000,95000,256000.0,252650.0,5000,3350.0
2026-07-31,9211,凱基台南,058498,20000,0,21400.0,0.0,20000,21400.0
2026-07-31,9211,凱基台南,059060,5000,0,4300.0,0.0,5000,4300.0
2026-07-31,9211,凱基台南,059089,0,10000,0.0,33140.0,-10000,-33140.0
2026-07-31,9211,凱基台南,059421,0,1000,0.0,2430.0,-1000,-2430.0
2026-07-31,9211,凱基台南,061143,0,5000,0.0,8830.0,-5000,-8830.0
2026-07-31,9211,凱基台南,061151,1000,0,1540.0,0.0,1000,1540.0
2026-07-31,9211,凱基台南,062449,0,50000,0.0,277500.0,-50000,-277500.0
2026-07-31,9211,凱基台南,062640,0,1000,0.0,2690.0,-1000,-2690.0
2026-07-31,9211,凱基台南,063632,0,5000,0.0,10300.0,-5000,-10300.0
2026-07-31,9211,凱基台南,063656,1000,0,1030.0,0.0,1000,1030.0
2026-07-31,9211,凱基台南,065499,0,1000,0.0,480.0,-1000,-480.0
2026-07-31,9211,凱基台南,065815,10000,0,17600.0,0.0,10000,17600.0
2026-07-31,9211,凱基台南,066307,0,2000,0.0,2260.0,-2000,-2260.0
2026-07-31,9211,凱基台南,066782,0,15000,0.0,11550.0,-15000,-11550.0
2026-07-31,9211,凱基台南,066784,6000,0,19200.0,0.0,6000,19200.0
2026-07-31,9211,凱基台南,066835,30000,0,6000.0,0.0,30000,6000.0
2026-07-31,9211,凱基台南,066988,0,2000,0.0,2380.0,-2000,-2380.0
2026-07-31,9211,凱基台南,067128,1000,1000,860.0,920.0,0,-60.0
2026-07-31,9211,凱基台南,067145,15000,0,23250.0,0.0,15000,23250.0
2026-07-31,9211,凱基台南,067419,0,20000,0.0,22200.0,-20000,-22200.0
2026-07-31,9211,凱基台南,067535,5000,0,1400.0,0.0,5000,1400.0
2026-07-31,9211,凱基台南,067570,10000,0,21750.0,0.0,10000,21750.0
2026-07-31,9211,凱基台南,067583,0,1000,0.0,930.0,-1000,-930.0
2026-07-31,9211,凱基台南,068562,1000,0,740.0,0.0,1000,740.0
2026-07-31,9211,凱基台南,068663,0,60000,0.0,43400.0,-60000,-43400.0
2026-07-31,9211,凱基台南,068951,100000,0,91000.0,0.0,100000,91000.0
2026-07-31,9211,凱基台南,069190,0,1000,0.0,1990.0,-1000,-1990.0
2026-07-31,9211,凱基台南,069271,57000,0,10170.0,0.0,57000,10170.0
2026-07-31,9211,凱基台南,069361,10000,0,20400.0,0.0,10000,20400.0
2026-07-31,9211,凱基台南,069696,1000,0,380.0,0.0,1000,380.0
2026-07-31,9211,凱基台南,070037,0,2000,0.0,500.0,-2000,-500.0
2026-07-31,9211,凱基台南,070176,2000,0,2480.0,0.0,2000,2480.0
2026-07-31,9211,凱基台南,070245,0,10000,0.0,7000.0,-10000,-7000.0
2026-07-31,9211,凱基台南,071506,0,16000,0.0,9280.0,-16000,-9280.0
2026-07-31,9211,凱基台南,072620,0,5000,0.0,2450.0,-5000,-2450.0
2026-07-31,9211,凱基台南,072668,0,140000,0.0,74200.0,-140000,-74200.0
2026-07-31,9211,凱基台南,072753,0,5000,0.0,11650.0,-5000,-11650.0
2026-07-31,9211,凱基台南,073554,25000,0,31750.0,0.0,25000,31750.0
2026-07-31,9211,凱基台南,073658,3000,0,2850.0,0.0,3000,2850.0
2026-07-31,9211,凱基台南,073969,0,10000,0.0,6500.0,-10000,-6500.0
2026-07-31,9211,凱基台南,075207,0,11000,0.0,27170.0,-11000,-27170.0
2026-07-31,9211,凱基台南,076331,20000,10000,10400.0,5300.0,10000,5100.0
2026-07-31,9211,凱基台南,076623,0,100000,0.0,34000.0,-100000,-34000.0
2026-07-31,9211,凱基台南,077335,0,10000,0.0,16400.0,-10000,-16400.0
2026-07-31,9211,凱基台南,08595U,30000,0,11500.0,0.0,30000,11500.0
2026-07-31,9211,凱基台南,707626,20000,0,15700.0,0.0,20000,15700.0
2026-07-31,9211,凱基台南,707721,0,10000,0.0,7900.0,-10000,-7900.0
2026-07-31,9211,凱基台南,708008,0,20000,0.0,11000.0,-20000,-11000.0
2026-07-31,9211,凱基台南,708532,0,18000,0.0,22320.0,-18000,-22320.0
2026-07-31,9211,凱基台南,708779,0,2000,0.0,2220.0,-2000,-2220.0
2026-07-31,9211,凱基台南,709011,100000,0,34000.0,0.0,100000,34000.0
2026-07-31,9211,凱基台南,709103,30000,0,26900.0,0.0,30000,26900.0
2026-07-31,9211,凱基台南,709416,0,10000,0.0,14500.0,-10000,-14500.0
2026-07-31,9211,凱基台南,709740,100000,0,16000.0,0.0,100000,16000.0
2026-07-31,9211,凱基台南,709776,0,2000,0.0,1380.0,-2000,-1380.0
2026-07-31,9211,凱基台南,709971,0,10000,0.0,9100.0,-10000,-9100.0
2026-07-31,9211,凱基台南,710311,0,1000,0.0,570.0,-1000,-570.0
2026-07-31,9211,凱基台南,710750,0,5000,0.0,1500.0,-5000,-1500.0
2026-07-31,9211,凱基台南,710797,0,10000,0.0,11500.0,-10000,-11500.0
2026-07-31,9211,凱基台南,711048,0,20000,0.0,13800.0,-20000,-13800.0
2026-07-31,9211,凱基台南,711517,40000,0,20400.0,0.0,40000,20400.0
2026-07-31,9211,凱基台南,711751,0,3000,0.0,12090.0,-3000,-12090.0
2026-07-31,9211,凱基台南,72610U,10000,0,13400.0,0.0,10000,13400.0
2026-07-31,9211,凱基台南,72812U,10000,0,15200.0,0.0,10000,15200.0
2026-07-31,9211,凱基台南,733461,10000,0,5300.0,0.0,10000,5300.0
2026-07-31,9211,凱基台南,734287,0,1000,0.0,1400.0,-1000,-1400.0
2026-07-31,9211,凱基台南,736479,0,10000,0.0,6000.0,-10000,-6000.0
2026-07-31,9229,凱基中山,03563T,9000,0,12870.0,0.0,9000,12870.0
2026-07-31,9229,凱基中山,03797T,6000,0,15660.0,0.0,6000,15660.0
2026-07-31,9229,凱基中山,03921T,9000,0,15030.0,0.0,9000,15030.0
2026-07-31,9229,凱基中山,03980T,12000,0,15000.0,0.0,12000,15000.0
2026-07-31,9229,凱基中山,063302,47000,0,115150.0,0.0,47000,115150.0
2026-07-31,9229,凱基中山,063351,100000,0,55000.0,0.0,100000,55000.0
2026-07-31,9229,凱基中山,065458,5000,0,7750.0,0.0,5000,7750.0
2026-07-31,9229,凱基中山,066784,0,100000,0.0,298000.0,-100000,-298000.0
2026-07-31,9229,凱基中山,070374,0,4000,0.0,6160.0,-4000,-6160.0
2026-07-31,9229,凱基中山,071859,50000,0,36000.0,0.0,50000,36000.0
2026-07-31,9229,凱基中山,072503,100000,0,74000.0,0.0,100000,74000.0
2026-07-31,9229,凱基中山,073822,18000,0,23400.0,0.0,18000,23400.0
2026-07-31,9229,凱基中山,07652U,12000,0,12000.0,0.0,12000,12000.0
2026-07-31,9229,凱基中山,077261,24000,0,22080.0,0.0,24000,22080.0
2026-07-31,9229,凱基中山,708513,1000,0,3800.0,0.0,1000,3800.0
2026-07-31,9229,凱基中山,708825,0,20000,0.0,6380.0,-20000,-6380.0
2026-07-31,9229,凱基中山,708878,0,12000,0.0,3120.0,-12000,-3120.0
2026-07-31,9229,凱基中山,709086,0,40000,0.0,11200.0,-40000,-11200.0
2026-07-31,9237,凱基敦北,030603,0,3000,0.0,10980.0,-3000,-10980.0
2026-07-31,9237,凱基敦北,03306T,10000,0,13200.0,0.0,10000,13200.0
2026-07-31,9237,凱基敦北,03478T,5000,0,4800.0,0.0,5000,4800.0
2026-07-31,9237,凱基敦北,057524,1000,0,2650.0,0.0,1000,2650.0
2026-07-31,9237,凱基敦北,060187,1000,0,1060.0,0.0,1000,1060.0
2026-07-31,9237,凱基敦北,060731,0,10000,0.0,8050.0,-10000,-8050.0
2026-07-31,9237,凱基敦北,061749,0,1000,0.0,860.0,-1000,-860.0
2026-07-31,9237,凱基敦北,061776,2000,0,1040.0,0.0,2000,1040.0
2026-07-31,9237,凱基敦北,065121,1000,0,130.0,0.0,1000,130.0
2026-07-31,9237,凱基敦北,065405,0,1000,0.0,1560.0,-1000,-1560.0
2026-07-31,9237,凱基敦北,067279,1000,0,880.0,0.0,1000,880.0
2026-07-31,9237,凱基敦北,070158,1000,0,340.0,0.0,1000,340.0
2026-07-31,9237,凱基敦北,070452,0,30000,0.0,13800.0,-30000,-13800.0
2026-07-31,9237,凱基敦北,070849,20000,30000,17000.0,23500.0,-10000,-6500.0
2026-07-31,9237,凱基敦北,071094,5000,0,3350.0,0.0,5000,3350.0
2026-07-31,9237,凱基敦北,072082,2000,0,1840.0,0.0,2000,1840.0
2026-07-31,9237,凱基敦北,073850,1000,0,760.0,0.0,1000,760.0
2026-07-31,9237,凱基敦北,073985,3000,0,1290.0,0.0,3000,1290.0
2026-07-31,9237,凱基敦北,080848,1000,0,3780.0,0.0,1000,3780.0
2026-07-31,9237,凱基敦北,700022,1000,0,1750.0,0.0,1000,1750.0
2026-07-31,9237,凱基敦北,702592,2000,0,1020.0,0.0,2000,1020.0
2026-07-31,9237,凱基敦北,705489,0,10000,0.0,7600.0,-10000,-7600.0
2026-07-31,9237,凱基敦北,705565,3000,0,1290.0,0.0,3000,1290.0
2026-07-31,9237,凱基敦北,707998,2000,0,1300.0,0.0,2000,1300.0
2026-07-31,9237,凱基敦北,733460,0,10000,0.0,10200.0,-10000,-10200.0
2026-07-31,9237,凱基敦北,736934,1000,0,4210.0,0.0,1000,4210.0
2026-07-31,9238,凱基士林,032942,50000,0,20000.0,0.0,50000,20000.0
2026-07-31,9238,凱基士林,03715T,100000,0,155000.0,0.0,100000,155000.0
2026-07-31,9238,凱基士林,03737B,9000,0,10370.0,0.0,9000,10370.0
2026-07-31,9238,凱基士林,04019C,0,6000,0.0,7120.0,-6000,-7120.0
2026-07-31,9238,凱基士林,047767,0,2000,0.0,18450.0,-2000,-18450.0
2026-07-31,9238,凱基士林,052771,0,10000,0.0,40000.0,-10000,-40000.0
2026-07-31,9238,凱基士林,056546,3000,0,6240.0,0.0,3000,6240.0
2026-07-31,9238,凱基士林,061777,0,30000,0.0,26100.0,-30000,-26100.0
2026-07-31,9238,凱基士林,063943,1000,4000,4440.0,17910.0,-3000,-13470.0
2026-07-31,9238,凱基士林,064114,1000,0,3850.0,0.0,1000,3850.0
2026-07-31,9238,凱基士林,065089,0,1000,0.0,2190.0,-1000,-2190.0
2026-07-31,9238,凱基士林,065353,0,1000,0.0,5700.0,-1000,-5700.0
2026-07-31,9238,凱基士林,065423,12000,0,6600.0,0.0,12000,6600.0
2026-07-31,9238,凱基士林,065868,1000,1000,900.0,900.0,0,0.0
2026-07-31,9238,凱基士林,067394,50000,0,5950.0,0.0,50000,5950.0
2026-07-31,9238,凱基士林,067409,0,10000,0.0,7500.0,-10000,-7500.0
2026-07-31,9238,凱基士林,067870,0,20000,0.0,44200.0,-20000,-44200.0
2026-07-31,9238,凱基士林,068778,38000,0,68120.0,0.0,38000,68120.0
2026-07-31,9238,凱基士林,069699,0,54000,0.0,63190.0,-54000,-63190.0
2026-07-31,9238,凱基士林,070129,30000,0,26400.0,0.0,30000,26400.0
2026-07-31,9238,凱基士林,070664,400000,0,492000.0,0.0,400000,492000.0
2026-07-31,9238,凱基士林,074086,2000,0,2000.0,0.0,2000,2000.0
2026-07-31,9238,凱基士林,074567,20000,0,11000.0,0.0,20000,11000.0
2026-07-31,9238,凱基士林,077967,180000,0,391100.0,0.0,180000,391100.0
2026-07-31,9238,凱基士林,703389,30000,0,4500.0,0.0,30000,4500.0
2026-07-31,9238,凱基士林,705446,1000,0,4600.0,0.0,1000,4600.0
2026-07-31,9238,凱基士林,707859,0,20000,0.0,17820.0,-20000,-17820.0
2026-07-31,9238,凱基士林,709418,499000,0,354290.0,0.0,499000,354290.0
2026-07-31,9238,凱基士林,709783,50000,0,26500.0,0.0,50000,26500.0
2026-07-31,9238,凱基士林,710165,5000,0,4250.0,0.0,5000,4250.0
2026-07-31,9302,華南台中,03372T,25000,0,12500.0,0.0,25000,12500.0
2026-07-31,9302,華南台中,03421T,0,100000,0.0,124120.0,-100000,-124120.0
2026-07-31,9302,華南台中,03478T,0,100000,0.0,95000.0,-100000,-95000.0
2026-07-31,9302,華南台中,03661T,1000,0,1790.0,0.0,1000,1790.0
2026-07-31,9302,華南台中,036845,0,1000,0.0,1190.0,-1000,-1190.0
2026-07-31,9302,華南台中,036878,2000,0,2220.0,0.0,2000,2220.0
2026-07-31,9302,華南台中,03732B,30000,20000,22200.0,15600.0,10000,6600.0
2026-07-31,9302,華南台中,037497,0,21000,0.0,22260.0,-21000,-22260.0
2026-07-31,9302,華南台中,038847,0,1000,0.0,510.0,-1000,-510.0
2026-07-31,9302,華南台中,039470,50000,0,24500.0,0.0,50000,24500.0
2026-07-31,9302,華南台中,040046,0,18000,0.0,104400.0,-18000,-104400.0
2026-07-31,9302,華南台中,043355,22000,0,2860.0,0.0,22000,2860.0
2026-07-31,9302,華南台中,044796,1000,0,1350.0,0.0,1000,1350.0
2026-07-31,9302,華南台中,044803,0,2000,0.0,2640.0,-2000,-2640.0
2026-07-31,9302,華南台中,052191,0,1000,0.0,740.0,-1000,-740.0
2026-07-31,9302,華南台中,052205,3000,2000,2870.0,2200.0,1000,670.0
2026-07-31,9302,華南台中,053529,0,1000,0.0,790.0,-1000,-790.0
2026-07-31,9302,華南台中,054457,0,1000,0.0,1980.0,-1000,-1980.0
2026-07-31,9302,華南台中,055124,0,1000,0.0,190.0,-1000,-190.0
2026-07-31,9302,華南台中,056552,0,50000,0.0,81000.0,-50000,-81000.0
2026-07-31,9302,華南台中,056633,0,2000,0.0,5600.0,-2000,-5600.0
2026-07-31,9302,華南台中,056920,0,3000,0.0,330.0,-3000,-330.0
2026-07-31,9302,華南台中,057149,3000,0,3690.0,0.0,3000,3690.0
2026-07-31,9302,華南台中,057544,2000,0,3230.0,0.0,2000,3230.0
2026-07-31,9302,華南台中,057757,10000,0,15600.0,0.0,10000,15600.0
2026-07-31,9302,華南台中,058083,20000,0,16600.0,0.0,20000,16600.0
2026-07-31,9302,華南台中,058791,0,2000,0.0,1130.0,-2000,-1130.0
2026-07-31,9302,華南台中,059034,0,3000,0.0,3570.0,-3000,-3570.0
2026-07-31,9302,華南台中,059221,0,2000,0.0,2360.0,-2000,-2360.0
2026-07-31,9302,華南台中,059496,0,1000,0.0,370.0,-1000,-370.0
2026-07-31,9302,華南台中,060638,0,3000,0.0,4830.0,-3000,-4830.0
2026-07-31,9302,華南台中,061391,5000,0,2650.0,0.0,5000,2650.0
2026-07-31,9302,華南台中,061625,0,1000,0.0,1740.0,-1000,-1740.0
2026-07-31,9302,華南台中,062366,0,1000,0.0,2640.0,-1000,-2640.0
2026-07-31,9302,華南台中,062639,0,10000,0.0,13300.0,-10000,-13300.0
2026-07-31,9302,華南台中,062649,0,5000,0.0,3800.0,-5000,-3800.0
2026-07-31,9302,華南台中,063020,0,2000,0.0,2290.0,-2000,-2290.0
2026-07-31,9302,華南台中,063023,60000,0,67800.0,0.0,60000,67800.0
2026-07-31,9302,華南台中,063081,0,1000,0.0,610.0,-1000,-610.0
2026-07-31,9302,華南台中,063380,0,21000,0.0,39900.0,-21000,-39900.0
2026-07-31,9302,華南台中,063442,0,42000,0.0,70880.0,-42000,-70880.0
2026-07-31,9302,華南台中,064013,10000,0,19100.0,0.0,10000,19100.0
2026-07-31,9302,華南台中,064514,0,1000,0.0,940.0,-1000,-940.0
2026-07-31,9302,華南台中,065084,0,1000,0.0,2350.0,-1000,-2350.0
2026-07-31,9302,華南台中,065357,0,20000,0.0,11600.0,-20000,-11600.0
2026-07-31,9302,華南台中,065417,0,1000,0.0,220.0,-1000,-220.0
2026-07-31,9302,華南台中,065423,0,1000,0.0,490.0,-1000,-490.0
2026-07-31,9302,華南台中,065459,101000,0,185770.0,0.0,101000,185770.0
2026-07-31,9302,華南台中,065609,0,13000,0.0,7300.0,-13000,-7300.0
2026-07-31,9302,華南台中,066062,0,2000,0.0,3260.0,-2000,-3260.0
2026-07-31,9302,華南台中,066102,0,1000,0.0,1890.0,-1000,-1890.0
2026-07-31,9302,華南台中,066415,0,3000,0.0,9300.0,-3000,-9300.0
2026-07-31,9302,華南台中,067103,10000,0,19600.0,0.0,10000,19600.0
2026-07-31,9302,華南台中,067411,1000,0,610.0,0.0,1000,610.0
2026-07-31,9302,華南台中,067441,83000,0,62780.0,0.0,83000,62780.0
2026-07-31,9302,華南台中,067579,0,1000,0.0,1780.0,-1000,-1780.0
2026-07-31,9302,華南台中,067638,0,1000,0.0,730.0,-1000,-730.0
2026-07-31,9302,華南台中,067996,0,6000,0.0,4560.0,-6000,-4560.0
2026-07-31,9302,華南台中,067997,190000,0,141690.0,0.0,190000,141690.0
2026-07-31,9302,華南台中,068026,0,1000,0.0,750.0,-1000,-750.0
2026-07-31,9302,華南台中,068106,0,1000,0.0,150.0,-1000,-150.0
2026-07-31,9302,華南台中,068233,0,1000,0.0,590.0,-1000,-590.0
2026-07-31,9302,華南台中,068631,0,1000,0.0,1400.0,-1000,-1400.0
2026-07-31,9302,華南台中,068822,1000,0,1230.0,0.0,1000,1230.0
2026-07-31,9302,華南台中,069064,0,499000,0.0,608780.0,-499000,-608780.0
2026-07-31,9302,華南台中,069616,0,2000,0.0,820.0,-2000,-820.0
2026-07-31,9302,華南台中,069628,0,5000,0.0,3250.0,-5000,-3250.0
2026-07-31,9302,華南台中,070246,0,1000,0.0,190.0,-1000,-190.0
2026-07-31,9302,華南台中,070551,0,1000,0.0,640.0,-1000,-640.0
2026-07-31,9302,華南台中,070962,0,1000,0.0,740.0,-1000,-740.0
2026-07-31,9302,華南台中,071160,0,1000,0.0,550.0,-1000,-550.0
2026-07-31,9302,華南台中,071463,0,2000,0.0,1260.0,-2000,-1260.0
2026-07-31,9302,華南台中,071790,0,2000,0.0,1320.0,-2000,-1320.0
2026-07-31,9302,華南台中,072228,0,12000,0.0,3000.0,-12000,-3000.0
2026-07-31,9302,華南台中,073485,0,1000,0.0,440.0,-1000,-440.0
2026-07-31,9302,華南台中,076648,0,1000,0.0,1270.0,-1000,-1270.0
2026-07-31,9302,華南台中,076738,10000,0,13500.0,0.0,10000,13500.0
2026-07-31,9302,華南台中,08748U,0,300000,0.0,30680.0,-300000,-30680.0
2026-07-31,9302,華南台中,08949U,0,1000,0.0,250.0,-1000,-250.0
2026-07-31,9302,華南台中,08984U,10000,0,7000.0,0.0,10000,7000.0
2026-07-31,9302,永昌台中,700263,0,1000,0.0,3490.0,-1000,-3490.0
2026-07-31,9302,永昌台中,705806,0,29000,0.0,66020.0,-29000,-66020.0
2026-07-31,9302,永昌台中,707758,0,98000,0.0,74770.0,-98000,-74770.0
2026-07-31,9302,永昌台中,708180,1000,0,740.0,0.0,1000,740.0
2026-07-31,9302,永昌台中,708430,20000,0,2000.0,0.0,20000,2000.0
2026-07-31,9302,永昌台中,708519,0,1000,0.0,190.0,-1000,-190.0
2026-07-31,9302,永昌台中,708523,0,1000,0.0,220.0,-1000,-220.0
2026-07-31,9302,永昌台中,708588,0,1000,0.0,140.0,-1000,-140.0
2026-07-31,9302,永昌台中,710076,0,1000,0.0,590.0,-1000,-590.0
2026-07-31,9302,永昌台中,710546,0,30000,0.0,30000.0,-30000,-30000.0
2026-07-31,9302,永昌台中,710598,900000,0,499010.0,0.0,900000,499010.0
2026-07-31,9302,永昌台中,711002,0,20000,0.0,15800.0,-20000,-15800.0
2026-07-31,9302,永昌台中,711029,2000,0,1260.0,0.0,2000,1260.0
2026-07-31,9302,永昌台中,711279,2000,0,1000.0,0.0,2000,1000.0
2026-07-31,9302,永昌台中,711885,10000,0,10000.0,0.0,10000,10000.0
2026-07-31,9302,永昌台中,722731,0,350000,0.0,8500.0,-350000,-8500.0
2026-07-31,9316,華南淡水,03182T,18000,0,20580.0,0.0,18000,20580.0
2026-07-31,9316,華南淡水,03188T,8000,0,8960.0,0.0,8000,8960.0
2026-07-31,9316,華南淡水,03195T,10000,0,6900.0,0.0,10000,6900.0
2026-07-31,9316,華南淡水,03478T,100000,201000,96000.0,186930.0,-101000,-90930.0
2026-07-31,9316,華南淡水,03726B,1000,0,920.0,0.0,1000,920.0
2026-07-31,9316,華南淡水,039603,0,1000,0.0,1180.0,-1000,-1180.0
2026-07-31,9316,華南淡水,04020C,0,1000,0.0,1220.0,-1000,-1220.0
2026-07-31,9316,華南淡水,047431,0,1000,0.0,6550.0,-1000,-6550.0
2026-07-31,9316,華南淡水,064514,0,48000,0.0,42160.0,-48000,-42160.0
2026-07-31,9316,華南淡水,065216,0,2000,0.0,2080.0,-2000,-2080.0
2026-07-31,9316,華南淡水,067583,0,20000,0.0,16720.0,-20000,-16720.0
2026-07-31,9316,華南淡水,072173,0,55000,0.0,26200.0,-55000,-26200.0
2026-07-31,9316,華南淡水,076659,2000,0,2720.0,0.0,2000,2720.0
2026-07-31,9316,華南淡水,08802U,6000,0,720.0,0.0,6000,720.0
2026-07-31,9316,華南淡水,08871U,4000,0,2840.0,0.0,4000,2840.0
2026-07-31,9316,永昌淡水,705469,0,7000,0.0,560.0,-7000,-560.0
2026-07-31,9316,永昌淡水,710431,0,15000,0.0,7650.0,-15000,-7650.0
2026-07-31,9316,永昌淡水,710474,0,2000,0.0,1160.0,-2000,-1160.0
2026-07-31,9316,永昌淡水,711770,0,3000,0.0,1410.0,-3000,-1410.0
2026-07-31,9337,華南內壢,03371T,0,2000,0.0,660.0,-2000,-660.0
2026-07-31,9337,華南內壢,03564T,0,1000,0.0,280.0,-1000,-280.0
2026-07-31,9337,華南內壢,03929T,2000,0,3600.0,0.0,2000,3600.0
2026-07-31,9337,華南內壢,042677,0,150000,0.0,22800.0,-150000,-22800.0
2026-07-31,9337,華南內壢,050284,5000,0,850.0,0.0,5000,850.0
2026-07-31,9337,華南內壢,053033,0,6000,0.0,11910.0,-6000,-11910.0
2026-07-31,9337,華南內壢,053856,0,5000,0.0,7400.0,-5000,-7400.0
2026-07-31,9337,華南內壢,055826,16000,0,36160.0,0.0,16000,36160.0
2026-07-31,9337,華南內壢,055827,36000,0,80640.0,0.0,36000,80640.0
2026-07-31,9337,華南內壢,058803,120000,0,44400.0,0.0,120000,44400.0
2026-07-31,9337,華南內壢,059837,2000,59000,3920.0,116130.0,-57000,-112210.0
2026-07-31,9337,華南內壢,059982,1000,0,930.0,0.0,1000,930.0
2026-07-31,9337,華南內壢,060191,0,5000,0.0,6750.0,-5000,-6750.0
2026-07-31,9337,華南內壢,063344,3000,0,1110.0,0.0,3000,1110.0
2026-07-31,9337,華南內壢,065605,0,150000,0.0,46000.0,-150000,-46000.0
2026-07-31,9337,華南內壢,065661,2000,0,1780.0,0.0,2000,1780.0
2026-07-31,9337,華南內壢,066592,0,15000,0.0,17640.0,-15000,-17640.0
2026-07-31,9337,華南內壢,066671,0,15000,0.0,15250.0,-15000,-15250.0
2026-07-31,9337,華南內壢,066885,10000,0,29000.0,0.0,10000,29000.0
2026-07-31,9337,華南內壢,066893,0,10000,0.0,9550.0,-10000,-9550.0
2026-07-31,9337,華南內壢,067113,10000,0,18800.0,0.0,10000,18800.0
2026-07-31,9337,華南內壢,067476,0,2000,0.0,5200.0,-2000,-5200.0
2026-07-31,9337,華南內壢,067790,30000,0,36000.0,0.0,30000,36000.0
2026-07-31,9337,華南內壢,067791,0,100000,0.0,112000.0,-100000,-112000.0
2026-07-31,9337,華南內壢,067828,110000,0,38000.0,0.0,110000,38000.0
2026-07-31,9337,華南內壢,067856,20000,0,31200.0,0.0,20000,31200.0
2026-07-31,9337,華南內壢,067943,10000,0,9500.0,0.0,10000,9500.0
2026-07-31,9337,華南內壢,067945,0,10000,0.0,13800.0,-10000,-13800.0
2026-07-31,9337,華南內壢,068207,0,2000,0.0,2680.0,-2000,-2680.0
2026-07-31,9337,華南內壢,069697,2000,0,1520.0,0.0,2000,1520.0
2026-07-31,9337,華南內壢,070157,0,7000,0.0,2590.0,-7000,-2590.0
2026-07-31,9337,華南內壢,070625,10000,0,13200.0,0.0,10000,13200.0
2026-07-31,9337,華南內壢,070669,40000,0,15600.0,0.0,40000,15600.0
2026-07-31,9337,華南內壢,071031,0,5000,0.0,8000.0,-5000,-8000.0
2026-07-31,9337,華南內壢,071097,0,56000,0.0,53840.0,-56000,-53840.0
2026-07-31,9337,華南內壢,071173,25000,0,23650.0,0.0,25000,23650.0
2026-07-31,9337,華南內壢,071218,0,20000,0.0,28700.0,-20000,-28700.0
2026-07-31,9337,華南內壢,071283,0,6000,0.0,5400.0,-6000,-5400.0
2026-07-31,9337,華南內壢,071512,10000,0,14200.0,0.0,10000,14200.0
2026-07-31,9337,華南內壢,071715,0,75000,0.0,118960.0,-75000,-118960.0
2026-07-31,9337,華南內壢,071742,0,8000,0.0,10240.0,-8000,-10240.0
2026-07-31,9337,華南內壢,071860,0,10000,0.0,21800.0,-10000,-21800.0
2026-07-31,9337,華南內壢,075287,0,6000,0.0,4440.0,-6000,-4440.0
2026-07-31,9337,華南內壢,075800,0,20000,0.0,23500.0,-20000,-23500.0
2026-07-31,9337,華南內壢,075841,0,10000,0.0,14300.0,-10000,-14300.0
2026-07-31,9337,華南內壢,076590,0,30000,0.0,11700.0,-30000,-11700.0
2026-07-31,9337,永昌內壢,706819,50000,0,10000.0,0.0,50000,10000.0
2026-07-31,9337,永昌內壢,708701,0,4000,0.0,3920.0,-4000,-3920.0
2026-07-31,9337,永昌內壢,709542,20000,0,9800.0,0.0,20000,9800.0
2026-07-31,9337,永昌內壢,711479,0,100000,0.0,14000.0,-100000,-14000.0
2026-07-31,9337,永昌內壢,72733U,0,28000,0.0,11200.0,-28000,-11200.0
2026-07-31,9337,永昌內壢,733461,73000,0,36500.0,0.0,73000,36500.0
2026-07-31,9343,華南頭份,03051T,0,70000,0.0,16800.0,-70000,-16800.0
2026-07-31,9343,華南頭份,03734B,5000,0,5990.0,0.0,5000,5990.0
2026-07-31,9343,華南頭份,03735B,0,39000,0.0,31200.0,-39000,-31200.0
2026-07-31,9343,華南頭份,044795,0,2000,0.0,4500.0,-2000,-4500.0
2026-07-31,9343,華南頭份,051264,2000,0,6480.0,0.0,2000,6480.0
2026-07-31,9343,華南頭份,056639,5000,0,5300.0,0.0,5000,5300.0
2026-07-31,9343,華南頭份,056855,0,1000,0.0,830.0,-1000,-830.0
2026-07-31,9343,華南頭份,062580,0,8000,0.0,24240.0,-8000,-24240.0
2026-07-31,9343,華南頭份,065707,0,1000,0.0,2600.0,-1000,-2600.0
2026-07-31,9343,華南頭份,067414,0,1000,0.0,930.0,-1000,-930.0
2026-07-31,9343,華南頭份,071779,10000,0,7200.0,0.0,10000,7200.0
2026-07-31,9343,華南頭份,071956,5000,0,1900.0,0.0,5000,1900.0
2026-07-31,9343,華南頭份,073740,5000,0,3000.0,0.0,5000,3000.0
2026-07-31,9343,華南頭份,076920,20000,0,26700.0,0.0,20000,26700.0
2026-07-31,9343,華南頭份,07692U,0,1000,0.0,60.0,-1000,-60.0
2026-07-31,9343,華南頭份,08949U,0,30000,0.0,6910.0,-30000,-6910.0
2026-07-31,9343,永昌頭份,705258,5000,0,5000.0,0.0,5000,5000.0
2026-07-31,9343,永昌頭份,707705,0,10000,0.0,17300.0,-10000,-17300.0
2026-07-31,9343,永昌頭份,710141,10000,0,3300.0,0.0,10000,3300.0
2026-07-31,9343,永昌頭份,711914,5000,0,5100.0,0.0,5000,5100.0
2026-07-31,961F,富邦公益,03159T,0,10000,0.0,7800.0,-10000,-7800.0
2026-07-31,961F,富邦公益,03207T,0,5000,0.0,6150.0,-5000,-6150.0
2026-07-31,961F,富邦公益,03278T,3000,0,540.0,0.0,3000,540.0
2026-07-31,961F,富邦公益,03351T,10000,0,5800.0,0.0,10000,5800.0
2026-07-31,961F,富邦公益,03432T,30000,0,41400.0,0.0,30000,41400.0
2026-07-31,961F,富邦公益,03518T,4000,0,8320.0,0.0,4000,8320.0
2026-07-31,961F,富邦公益,03794T,0,4000,0.0,8200.0,-4000,-8200.0
2026-07-31,961F,富邦公益,038987,0,1000,0.0,550.0,-1000,-550.0
2026-07-31,961F,富邦公益,044274,250000,0,53500.0,0.0,250000,53500.0
2026-07-31,961F,富邦公益,047491,0,107000,0.0,49690.0,-107000,-49690.0
2026-07-31,961F,富邦公益,052341,0,70000,0.0,49000.0,-70000,-49000.0
2026-07-31,961F,富邦公益,053658,1000,0,410.0,0.0,1000,410.0
2026-07-31,961F,富邦公益,053858,2000,0,4860.0,0.0,2000,4860.0
2026-07-31,961F,富邦公益,058329,0,20000,0.0,12200.0,-20000,-12200.0
2026-07-31,961F,富邦公益,059089,0,2000,0.0,6240.0,-2000,-6240.0
2026-07-31,961F,富邦公益,059641,0,10000,0.0,6730.0,-10000,-6730.0
2026-07-31,961F,富邦公益,062440,19000,0,19360.0,0.0,19000,19360.0
2026-07-31,961F,富邦公益,062665,1000,0,700.0,0.0,1000,700.0
2026-07-31,961F,富邦公益,062888,0,100000,0.0,53200.0,-100000,-53200.0
2026-07-31,961F,富邦公益,063023,15000,0,16950.0,0.0,15000,16950.0
2026-07-31,961F,富邦公益,064993,10000,0,4900.0,0.0,10000,4900.0
2026-07-31,961F,富邦公益,065287,0,5000,0.0,3100.0,-5000,-3100.0
2026-07-31,961F,富邦公益,065452,10000,0,6100.0,0.0,10000,6100.0
2026-07-31,961F,富邦公益,065486,0,30000,0.0,112800.0,-30000,-112800.0
2026-07-31,961F,富邦公益,065609,1000,0,620.0,0.0,1000,620.0
2026-07-31,961F,富邦公益,065862,4000,0,9000.0,0.0,4000,9000.0
2026-07-31,961F,富邦公益,066168,4000,0,1280.0,0.0,4000,1280.0
2026-07-31,961F,富邦公益,066591,0,11000,0.0,7810.0,-11000,-7810.0
2026-07-31,961F,富邦公益,067076,2000,0,2920.0,0.0,2000,2920.0
2026-07-31,961F,富邦公益,067081,1000,0,640.0,0.0,1000,640.0
2026-07-31,961F,富邦公益,067426,1000,0,2070.0,0.0,1000,2070.0
2026-07-31,961F,富邦公益,067605,0,105000,0.0,82000.0,-105000,-82000.0
2026-07-31,961F,富邦公益,067984,16000,16000,9920.0,11200.0,0,-1280.0
2026-07-31,961F,富邦公益,067996,0,44000,0.0,33880.0,-44000,-33880.0
2026-07-31,961F,富邦公益,068193,30000,0,14700.0,0.0,30000,14700.0
2026-07-31,961F,富邦公益,068247,0,44000,0.0,25520.0,-44000,-25520.0
2026-07-31,961F,富邦公益,068704,10000,0,3100.0,0.0,10000,3100.0
2026-07-31,961F,富邦公益,069092,1000,0,700.0,0.0,1000,700.0
2026-07-31,961F,富邦公益,069459,4000,0,9200.0,0.0,4000,9200.0
2026-07-31,961F,富邦公益,069545,20000,0,7000.0,0.0,20000,7000.0
2026-07-31,961F,富邦公益,069559,10000,0,3500.0,0.0,10000,3500.0
2026-07-31,961F,富邦公益,070080,10000,0,11400.0,0.0,10000,11400.0
2026-07-31,961F,富邦公益,070348,1000,0,600.0,0.0,1000,600.0
2026-07-31,961F,富邦公益,070434,5000,0,7500.0,0.0,5000,7500.0
2026-07-31,961F,富邦公益,070660,4000,0,10720.0,0.0,4000,10720.0
2026-07-31,961F,富邦公益,071512,6000,0,10260.0,0.0,6000,10260.0
2026-07-31,961F,富邦公益,071745,0,2000,0.0,3100.0,-2000,-3100.0
2026-07-31,961F,富邦公益,072661,0,10000,0.0,2500.0,-10000,-2500.0
2026-07-31,961F,富邦公益,072689,6000,0,9540.0,0.0,6000,9540.0
2026-07-31,961F,富邦公益,074309,1000,0,680.0,0.0,1000,680.0
2026-07-31,961F,富邦公益,074692,5000,0,11100.0,0.0,5000,11100.0
2026-07-31,961F,富邦公益,075568,5000,0,3250.0,0.0,5000,3250.0
2026-07-31,961F,富邦公益,075711,5000,15000,4750.0,13000.0,-10000,-8250.0
2026-07-31,961F,富邦公益,075928,7000,3000,5600.0,2310.0,4000,3290.0
2026-07-31,961F,富邦公益,077437,499000,0,419160.0,0.0,499000,419160.0
2026-07-31,961F,富邦公益,07986U,1000,0,40.0,0.0,1000,40.0
2026-07-31,961F,富邦公益,08986U,5000,0,1410.0,0.0,5000,1410.0
2026-07-31,961F,富邦公益,704831,2000,0,8300.0,0.0,2000,8300.0
2026-07-31,961F,富邦公益,705554,1000,0,1440.0,0.0,1000,1440.0
2026-07-31,961F,富邦公益,705672,8000,0,8720.0,0.0,8000,8720.0
2026-07-31,961F,富邦公益,707596,2000,0,1760.0,0.0,2000,1760.0
2026-07-31,961F,富邦公益,707735,43000,0,30100.0,0.0,43000,30100.0
2026-07-31,961F,富邦公益,707765,21000,0,31500.0,0.0,21000,31500.0
2026-07-31,961F,富邦公益,707817,2000,0,220.0,0.0,2000,220.0
2026-07-31,961F,富邦公益,708268,10000,0,6600.0,0.0,10000,6600.0
2026-07-31,961F,富邦公益,708521,0,30000,0.0,29840.0,-30000,-29840.0
2026-07-31,961F,富邦公益,708870,0,10000,0.0,3450.0,-10000,-3450.0
2026-07-31,961F,富邦公益,709666,5000,0,1750.0,0.0,5000,1750.0
2026-07-31,961F,富邦公益,709833,13000,0,9100.0,0.0,13000,9100.0
2026-07-31,961F,富邦公益,711601,3000,0,1710.0,0.0,3000,1710.0
2026-07-31,961F,富邦公益,711653,6000,0,4860.0,0.0,6000,4860.0
2026-07-31,961F,富邦公益,72485U,1000,0,20.0,0.0,1000,20.0
2026-07-31,961F,富邦公益,72785U,1000,0,80.0,0.0,1000,80.0
2026-07-31,961F,富邦公益,731584,1000,0,5800.0,0.0,1000,5800.0
2026-07-31,9663,富邦敦南,030573,0,10000,0.0,23300.0,-10000,-23300.0
2026-07-31,9663,富邦敦南,030996,1000,0,450.0,0.0,1000,450.0
2026-07-31,9663,富邦敦南,03149T,8000,0,9400.0,0.0,8000,9400.0
2026-07-31,9663,富邦敦南,03177T,120000,0,86100.0,0.0,120000,86100.0
2026-07-31,9663,富邦敦南,03188T,50000,0,57800.0,0.0,50000,57800.0
2026-07-31,9663,富邦敦南,03206T,0,10000,0.0,11900.0,-10000,-11900.0
2026-07-31,9663,富邦敦南,03215T,0,2000,0.0,4040.0,-2000,-4040.0
2026-07-31,9663,富邦敦南,03245T,15000,0,12300.0,0.0,15000,12300.0
2026-07-31,9663,富邦敦南,03273T,30000,0,12900.0,0.0,30000,12900.0
2026-07-31,9663,富邦敦南,03331T,22000,0,14360.0,0.0,22000,14360.0
2026-07-31,9663,富邦敦南,03337T,0,8000,0.0,9840.0,-8000,-9840.0
2026-07-31,9663,富邦敦南,03351T,17000,0,10110.0,0.0,17000,10110.0
2026-07-31,9663,富邦敦南,033552,0,50000,0.0,88050.0,-50000,-88050.0
2026-07-31,9663,富邦敦南,03385T,0,3000,0.0,10410.0,-3000,-10410.0
2026-07-31,9663,富邦敦南,03399T,0,6000,0.0,9240.0,-6000,-9240.0
2026-07-31,9663,富邦敦南,03442T,0,7000,0.0,7470.0,-7000,-7470.0
2026-07-31,9663,富邦敦南,03465T,0,2000,0.0,3420.0,-2000,-3420.0
2026-07-31,9663,富邦敦南,03529T,6000,0,10780.0,0.0,6000,10780.0
2026-07-31,9663,富邦敦南,03553T,0,2000,0.0,4460.0,-2000,-4460.0
2026-07-31,9663,富邦敦南,03578T,0,2000,0.0,3060.0,-2000,-3060.0
2026-07-31,9663,富邦敦南,03579T,1000,0,870.0,0.0,1000,870.0
2026-07-31,9663,富邦敦南,03601T,0,1000,0.0,1560.0,-1000,-1560.0
2026-07-31,9663,富邦敦南,03626T,1000,2000,2040.0,4240.0,-1000,-2200.0
2026-07-31,9663,富邦敦南,03676T,0,2000,0.0,3780.0,-2000,-3780.0
2026-07-31,9663,富邦敦南,03703T,6000,0,9420.0,0.0,6000,9420.0
2026-07-31,9663,富邦敦南,03732B,0,20000,0.0,15200.0,-20000,-15200.0
2026-07-31,9663,富邦敦南,03877T,0,10000,0.0,9400.0,-10000,-9400.0
2026-07-31,9663,富邦敦南,03882T,13000,0,7410.0,0.0,13000,7410.0
2026-07-31,9663,富邦敦南,03935T,50000,0,62500.0,0.0,50000,62500.0
2026-07-31,9663,富邦敦南,039446,0,3000,0.0,5250.0,-3000,-5250.0
2026-07-31,9663,富邦敦南,039613,3000,0,7170.0,0.0,3000,7170.0
2026-07-31,9663,富邦敦南,03979T,0,1000,0.0,1070.0,-1000,-1070.0
2026-07-31,9663,富邦敦南,045631,0,5000,0.0,4900.0,-5000,-4900.0
2026-07-31,9663,富邦敦南,047427,0,1000,0.0,6250.0,-1000,-6250.0
2026-07-31,9663,富邦敦南,051665,2000,0,1300.0,0.0,2000,1300.0
2026-07-31,9663,富邦敦南,051709,0,21000,0.0,69950.0,-21000,-69950.0
2026-07-31,9663,富邦敦南,053185,0,1000,0.0,1560.0,-1000,-1560.0
2026-07-31,9663,富邦敦南,054017,0,30000,0.0,14100.0,-30000,-14100.0
2026-07-31,9663,富邦敦南,057058,0,140000,0.0,451990.0,-140000,-451990.0
2026-07-31,9663,富邦敦南,057306,0,50000,0.0,150500.0,-50000,-150500.0
2026-07-31,9663,富邦敦南,057314,0,30000,0.0,117300.0,-30000,-117300.0
2026-07-31,9663,富邦敦南,057524,1000,0,2650.0,0.0,1000,2650.0
2026-07-31,9663,富邦敦南,057525,0,30000,0.0,80150.0,-30000,-80150.0
2026-07-31,9663,富邦敦南,057748,0,15000,0.0,8100.0,-15000,-8100.0
2026-07-31,9663,富邦敦南,057857,2000,0,3450.0,0.0,2000,3450.0
2026-07-31,9663,富邦敦南,058390,10000,0,8500.0,0.0,10000,8500.0
2026-07-31,9663,富邦敦南,058602,3000,0,4050.0,0.0,3000,4050.0
2026-07-31,9663,富邦敦南,058605,70000,0,46200.0,0.0,70000,46200.0
2026-07-31,9663,富邦敦南,060392,5000,0,2200.0,0.0,5000,2200.0
2026-07-31,9663,富邦敦南,060718,0,11000,0.0,24940.0,-11000,-24940.0
2026-07-31,9663,富邦敦南,061124,0,5000,0.0,9150.0,-5000,-9150.0
2026-07-31,9663,富邦敦南,061662,0,30000,0.0,175500.0,-30000,-175500.0
2026-07-31,9663,富邦敦南,061907,0,20000,0.0,6600.0,-20000,-6600.0
2026-07-31,9663,富邦敦南,061921,13000,0,4160.0,0.0,13000,4160.0
2026-07-31,9663,富邦敦南,062036,10000,0,7300.0,0.0,10000,7300.0
2026-07-31,9663,富邦敦南,063399,40000,0,19100.0,0.0,40000,19100.0
2026-07-31,9663,富邦敦南,065357,0,30000,0.0,18150.0,-30000,-18150.0
2026-07-31,9663,富邦敦南,065423,0,151000,0.0,71500.0,-151000,-71500.0
2026-07-31,9663,富邦敦南,065459,0,15000,0.0,25350.0,-15000,-25350.0
2026-07-31,9663,富邦敦南,065609,0,10000,0.0,6800.0,-10000,-6800.0
2026-07-31,9663,富邦敦南,065616,10000,0,3800.0,0.0,10000,3800.0
2026-07-31,9663,富邦敦南,066056,0,20000,0.0,49600.0,-20000,-49600.0
2026-07-31,9663,富邦敦南,066642,5000,0,3200.0,0.0,5000,3200.0
2026-07-31,9663,富邦敦南,066661,0,30000,0.0,30200.0,-30000,-30200.0
2026-07-31,9663,富邦敦南,067011,1000,0,890.0,0.0,1000,890.0
2026-07-31,9663,富邦敦南,067213,10000,0,9600.0,0.0,10000,9600.0
2026-07-31,9663,富邦敦南,067544,0,5000,0.0,6670.0,-5000,-6670.0
2026-07-31,9663,富邦敦南,067628,20000,0,19400.0,0.0,20000,19400.0
2026-07-31,9663,富邦敦南,068081,20000,0,11400.0,0.0,20000,11400.0
2026-07-31,9663,富邦敦南,068115,3000,0,1500.0,0.0,3000,1500.0
2026-07-31,9663,富邦敦南,068257,1000,0,1010.0,0.0,1000,1010.0
2026-07-31,9663,富邦敦南,068386,0,4000,0.0,12040.0,-4000,-12040.0
2026-07-31,9663,富邦敦南,068665,47000,0,99640.0,0.0,47000,99640.0
2026-07-31,9663,富邦敦南,068868,5000,0,7900.0,0.0,5000,7900.0
2026-07-31,9663,富邦敦南,069098,5000,0,2500.0,0.0,5000,2500.0
2026-07-31,9663,富邦敦南,069151,3000,0,2100.0,0.0,3000,2100.0
2026-07-31,9663,富邦敦南,069374,0,10000,0.0,6000.0,-10000,-6000.0
2026-07-31,9663,富邦敦南,069450,9000,0,6030.0,0.0,9000,6030.0
2026-07-31,9663,富邦敦南,069656,1000,0,960.0,0.0,1000,960.0
2026-07-31,9663,富邦敦南,069657,0,2000,0.0,4300.0,-2000,-4300.0
2026-07-31,9663,富邦敦南,070000,0,10000,0.0,14400.0,-10000,-14400.0
2026-07-31,9663,富邦敦南,070057,0,20000,0.0,13100.0,-20000,-13100.0
2026-07-31,9663,富邦敦南,070742,0,1000,0.0,990.0,-1000,-990.0
2026-07-31,9663,富邦敦南,070849,0,200000,0.0,161350.0,-200000,-161350.0
2026-07-31,9663,富邦敦南,071305,20000,0,7500.0,0.0,20000,7500.0
2026-07-31,9663,富邦敦南,071316,10000,0,14000.0,0.0,10000,14000.0
2026-07-31,9663,富邦敦南,071775,50000,0,16500.0,0.0,50000,16500.0
2026-07-31,9663,富邦敦南,072582,0,10000,0.0,3900.0,-10000,-3900.0
2026-07-31,9663,富邦敦南,072647,0,12000,0.0,8900.0,-12000,-8900.0
2026-07-31,9663,富邦敦南,072749,0,10000,0.0,6900.0,-10000,-6900.0
2026-07-31,9663,富邦敦南,073251,1000,0,1130.0,0.0,1000,1130.0
2026-07-31,9663,富邦敦南,073561,0,9000,0.0,7600.0,-9000,-7600.0
2026-07-31,9663,富邦敦南,073822,1000,0,1320.0,0.0,1000,1320.0
2026-07-31,9663,富邦敦南,074265,0,30000,0.0,17100.0,-30000,-17100.0
2026-07-31,9663,富邦敦南,074520,0,70000,0.0,71760.0,-70000,-71760.0
2026-07-31,9663,富邦敦南,074628,30000,0,22600.0,0.0,30000,22600.0
2026-07-31,9663,富邦敦南,074795,0,5000,0.0,3200.0,-5000,-3200.0
2026-07-31,9663,富邦敦南,075062,0,20000,0.0,8200.0,-20000,-8200.0
2026-07-31,9663,富邦敦南,075270,0,10000,0.0,6500.0,-10000,-6500.0
2026-07-31,9663,富邦敦南,075709,0,7000,0.0,5800.0,-7000,-5800.0
2026-07-31,9663,富邦敦南,076445,50000,0,28050.0,0.0,50000,28050.0
2026-07-31,9663,富邦敦南,08558U,40000,0,9200.0,0.0,40000,9200.0
2026-07-31,9663,富邦敦南,08609U,230000,0,68900.0,0.0,230000,68900.0
2026-07-31,9663,富邦敦南,08695U,20000,0,4600.0,0.0,20000,4600.0
2026-07-31,9663,富邦敦南,08797U,20000,0,5800.0,0.0,20000,5800.0
2026-07-31,9663,富邦敦南,703436,0,50000,0.0,1000.0,-50000,-1000.0
2026-07-31,9663,富邦敦南,704207,30000,0,65700.0,0.0,30000,65700.0
2026-07-31,9663,富邦敦南,704950,130000,0,11800.0,0.0,130000,11800.0
2026-07-31,9663,富邦敦南,705100,0,15000,0.0,4950.0,-15000,-4950.0
2026-07-31,9663,富邦敦南,705805,0,10000,0.0,23400.0,-10000,-23400.0
2026-07-31,9663,富邦敦南,705829,0,8000,0.0,3680.0,-8000,-3680.0
2026-07-31,9663,富邦敦南,706134,0,11000,0.0,11470.0,-11000,-11470.0
2026-07-31,9663,富邦敦南,706351,40000,0,42300.0,0.0,40000,42300.0
2026-07-31,9663,富邦敦南,707328,0,10000,0.0,14400.0,-10000,-14400.0
2026-07-31,9663,富邦敦南,707967,0,20000,0.0,1600.0,-20000,-1600.0
2026-07-31,9663,富邦敦南,707972,0,10000,0.0,1200.0,-10000,-1200.0
2026-07-31,9663,富邦敦南,708267,10000,0,5700.0,0.0,10000,5700.0
2026-07-31,9663,富邦敦南,708463,10000,0,8700.0,0.0,10000,8700.0
2026-07-31,9663,富邦敦南,708532,15000,0,18900.0,0.0,15000,18900.0
2026-07-31,9663,富邦敦南,708870,1000,0,390.0,0.0,1000,390.0
2026-07-31,9663,富邦敦南,709890,10000,0,13200.0,0.0,10000,13200.0
2026-07-31,9663,富邦敦南,710024,0,100000,0.0,36000.0,-100000,-36000.0
2026-07-31,9663,富邦敦南,710138,20000,0,12000.0,0.0,20000,12000.0
2026-07-31,9663,富邦敦南,710839,0,30000,0.0,10840.0,-30000,-10840.0
2026-07-31,9663,富邦敦南,72748U,0,1000,0.0,1680.0,-1000,-1680.0
2026-07-31,9663,富邦敦南,72797U,0,1000,0.0,1430.0,-1000,-1430.0
2026-07-31,9663,富邦敦南,72830U,25000,0,7000.0,0.0,25000,7000.0
2026-07-31,9663,富邦敦南,72853U,0,2000,0.0,1860.0,-2000,-1860.0
2026-07-31,9663,富邦敦南,72875U,10000,0,5000.0,0.0,10000,5000.0
2026-07-31,9663,富邦敦南,72922U,10000,0,6100.0,0.0,10000,6100.0
2026-07-31,9663,富邦敦南,72949U,0,6000,0.0,12240.0,-6000,-12240.0
2026-07-31,9676,富邦仁愛,03027T,2000,0,330.0,0.0,2000,330.0
2026-07-31,9676,富邦仁愛,03051T,0,1000,0.0,260.0,-1000,-260.0
2026-07-31,9676,富邦仁愛,03074T,2000,0,1140.0,0.0,2000,1140.0
2026-07-31,9676,富邦仁愛,03080T,8000,0,6210.0,0.0,8000,6210.0
2026-07-31,9676,富邦仁愛,03085T,29000,0,7830.0,0.0,29000,7830.0
2026-07-31,9676,富邦仁愛,03162T,1000,0,70.0,0.0,1000,70.0
2026-07-31,9676,富邦仁愛,032356,0,1000,0.0,2740.0,-1000,-2740.0
2026-07-31,9676,富邦仁愛,03296T,15000,0,10200.0,0.0,15000,10200.0
2026-07-31,9676,富邦仁愛,033552,2000,0,3610.0,0.0,2000,3610.0
2026-07-31,9676,富邦仁愛,03478T,100000,0,95000.0,0.0,100000,95000.0
2026-07-31,9676,富邦仁愛,03518T,96000,0,188450.0,0.0,96000,188450.0
2026-07-31,9676,富邦仁愛,03703T,5000,0,7950.0,0.0,5000,7950.0
2026-07-31,9676,富邦仁愛,03732B,10000,0,7700.0,0.0,10000,7700.0
2026-07-31,9676,富邦仁愛,03738B,0,10000,0.0,8000.0,-10000,-8000.0
2026-07-31,9676,富邦仁愛,03888T,10000,0,14800.0,0.0,10000,14800.0
2026-07-31,9676,富邦仁愛,040615,0,10000,0.0,14500.0,-10000,-14500.0
2026-07-31,9676,富邦仁愛,041165,0,15000,0.0,79500.0,-15000,-79500.0
2026-07-31,9676,富邦仁愛,044803,10000,0,11600.0,0.0,10000,11600.0
2026-07-31,9676,富邦仁愛,051666,3000,0,6330.0,0.0,3000,6330.0
2026-07-31,9676,富邦仁愛,052815,10000,0,2700.0,0.0,10000,2700.0
2026-07-31,9676,富邦仁愛,055305,0,6000,0.0,41850.0,-6000,-41850.0
2026-07-31,9676,富邦仁愛,056060,10000,0,24900.0,0.0,10000,24900.0
2026-07-31,9676,富邦仁愛,056082,0,10000,0.0,9900.0,-10000,-9900.0
2026-07-31,9676,富邦仁愛,056479,0,40000,0.0,21800.0,-40000,-21800.0
2026-07-31,9676,富邦仁愛,056535,0,211000,0.0,149810.0,-211000,-149810.0
2026-07-31,9676,富邦仁愛,057159,4000,0,6800.0,0.0,4000,6800.0
2026-07-31,9676,富邦仁愛,057289,0,309000,0.0,565950.0,-309000,-565950.0
2026-07-31,9676,富邦仁愛,057857,5000,0,8850.0,0.0,5000,8850.0
2026-07-31,9676,富邦仁愛,058308,0,10000,0.0,7200.0,-10000,-7200.0
2026-07-31,9676,富邦仁愛,059022,0,11000,0.0,14180.0,-11000,-14180.0
2026-07-31,9676,富邦仁愛,059511,100000,0,283280.0,0.0,100000,283280.0
2026-07-31,9676,富邦仁愛,060067,20000,20000,20200.0,20500.0,0,-300.0
2026-07-31,9676,富邦仁愛,061211,0,2000,0.0,1000.0,-2000,-1000.0
2026-07-31,9676,富邦仁愛,061260,250000,0,295500.0,0.0,250000,295500.0
2026-07-31,9676,富邦仁愛,062350,0,40000,0.0,163200.0,-40000,-163200.0
2026-07-31,9676,富邦仁愛,063020,0,10000,0.0,12000.0,-10000,-12000.0
2026-07-31,9676,富邦仁愛,063023,24000,20000,29520.0,23600.0,4000,5920.0
2026-07-31,9676,富邦仁愛,063351,1000,0,610.0,0.0,1000,610.0
2026-07-31,9676,富邦仁愛,064328,250000,0,417200.0,0.0,250000,417200.0
2026-07-31,9676,富邦仁愛,064351,0,135000,0.0,183750.0,-135000,-183750.0
2026-07-31,9676,富邦仁愛,064580,0,6000,0.0,14820.0,-6000,-14820.0
2026-07-31,9676,富邦仁愛,064825,14000,0,2940.0,0.0,14000,2940.0
2026-07-31,9676,富邦仁愛,064989,0,2000,0.0,540.0,-2000,-540.0
2026-07-31,9676,富邦仁愛,065350,5000,0,5900.0,0.0,5000,5900.0
2026-07-31,9676,富邦仁愛,065377,0,7000,0.0,4710.0,-7000,-4710.0
2026-07-31,9676,富邦仁愛,065423,8000,0,4290.0,0.0,8000,4290.0
2026-07-31,9676,富邦仁愛,065894,0,1000,0.0,1080.0,-1000,-1080.0
2026-07-31,9676,富邦仁愛,066186,0,5000,0.0,11350.0,-5000,-11350.0
2026-07-31,9676,富邦仁愛,066216,0,25000,0.0,31750.0,-25000,-31750.0
2026-07-31,9676,富邦仁愛,066467,2000,0,3720.0,0.0,2000,3720.0
2026-07-31,9676,富邦仁愛,066529,10000,0,12900.0,0.0,10000,12900.0
2026-07-31,9676,富邦仁愛,066530,30000,0,32400.0,0.0,30000,32400.0
2026-07-31,9676,富邦仁愛,066669,0,68000,0.0,43520.0,-68000,-43520.0
2026-07-31,9676,富邦仁愛,066713,5000,0,7540.0,0.0,5000,7540.0
2026-07-31,9676,富邦仁愛,066750,0,4000,0.0,13000.0,-4000,-13000.0
2026-07-31,9676,富邦仁愛,066960,0,2000,0.0,1050.0,-2000,-1050.0
2026-07-31,9676,富邦仁愛,067086,1000,0,1250.0,0.0,1000,1250.0
2026-07-31,9676,富邦仁愛,067288,10000,0,8100.0,0.0,10000,8100.0
2026-07-31,9676,富邦仁愛,067324,0,10000,0.0,10500.0,-10000,-10500.0
2026-07-31,9676,富邦仁愛,067443,200000,0,136000.0,0.0,200000,136000.0
2026-07-31,9676,富邦仁愛,067551,41000,0,38950.0,0.0,41000,38950.0
2026-07-31,9676,富邦仁愛,067638,30000,0,23700.0,0.0,30000,23700.0
2026-07-31,9676,富邦仁愛,067994,0,3000,0.0,3480.0,-3000,-3480.0
2026-07-31,9676,富邦仁愛,068325,90000,0,74700.0,0.0,90000,74700.0
2026-07-31,9676,富邦仁愛,068350,0,9000,0.0,26010.0,-9000,-26010.0
2026-07-31,9676,富邦仁愛,068771,130000,0,79300.0,0.0,130000,79300.0
2026-07-31,9676,富邦仁愛,068970,2000,0,2240.0,0.0,2000,2240.0
2026-07-31,9676,富邦仁愛,069237,5000,0,23680.0,0.0,5000,23680.0
2026-07-31,9676,富邦仁愛,069301,5000,20000,23800.0,97950.0,-15000,-74150.0
2026-07-31,9676,富邦仁愛,069439,20000,10000,27600.0,14200.0,10000,13400.0
2026-07-31,9676,富邦仁愛,069655,5000,0,3600.0,0.0,5000,3600.0
2026-07-31,9676,富邦仁愛,069656,15000,0,13350.0,0.0,15000,13350.0
2026-07-31,9676,富邦仁愛,069697,6000,10000,4700.0,7500.0,-4000,-2800.0
2026-07-31,9676,富邦仁愛,070430,539000,0,172880.0,0.0,539000,172880.0
2026-07-31,9676,富邦仁愛,070899,1000,0,1760.0,0.0,1000,1760.0
2026-07-31,9676,富邦仁愛,071506,0,10000,0.0,5800.0,-10000,-5800.0
2026-07-31,9676,富邦仁愛,072002,0,300000,0.0,276000.0,-300000,-276000.0
2026-07-31,9676,富邦仁愛,074027,100000,0,60000.0,0.0,100000,60000.0
2026-07-31,9676,富邦仁愛,074225,0,20000,0.0,13400.0,-20000,-13400.0
2026-07-31,9676,富邦仁愛,074290,1000,0,860.0,0.0,1000,860.0
2026-07-31,9676,富邦仁愛,075057,0,10000,0.0,9800.0,-10000,-9800.0
2026-07-31,9676,富邦仁愛,075126,10000,0,17900.0,0.0,10000,17900.0
2026-07-31,9676,富邦仁愛,07629U,2000,0,450.0,0.0,2000,450.0
2026-07-31,9676,富邦仁愛,077744,5000,0,12560.0,0.0,5000,12560.0
2026-07-31,9676,富邦仁愛,08086U,3000,0,980.0,0.0,3000,980.0
2026-07-31,9676,富邦仁愛,08519U,2000,0,300.0,0.0,2000,300.0
2026-07-31,9676,富邦仁愛,08589U,1000,0,200.0,0.0,1000,200.0
2026-07-31,9676,富邦仁愛,08797U,0,25000,0.0,7500.0,-25000,-7500.0
2026-07-31,9676,富邦仁愛,08831U,10000,0,3000.0,0.0,10000,3000.0
2026-07-31,9676,富邦仁愛,08844U,1000,0,80.0,0.0,1000,80.0
2026-07-31,9676,富邦仁愛,08902U,0,30000,0.0,15300.0,-30000,-15300.0
2026-07-31,9676,富邦仁愛,700190,1000,0,2880.0,0.0,1000,2880.0
2026-07-31,9676,富邦仁愛,701698,0,4000,0.0,9400.0,-4000,-9400.0
2026-07-31,9676,富邦仁愛,702560,1000,0,4200.0,0.0,1000,4200.0
2026-07-31,9676,富邦仁愛,705052,0,9000,0.0,330.0,-9000,-330.0
2026-07-31,9676,富邦仁愛,705555,0,6000,0.0,12300.0,-6000,-12300.0
2026-07-31,9676,富邦仁愛,705737,0,80000,0.0,356700.0,-80000,-356700.0
2026-07-31,9676,富邦仁愛,706442,0,30000,0.0,113400.0,-30000,-113400.0
2026-07-31,9676,富邦仁愛,706978,0,10000,0.0,43700.0,-10000,-43700.0
2026-07-31,9676,富邦仁愛,707405,0,9000,0.0,11340.0,-9000,-11340.0
2026-07-31,9676,富邦仁愛,707429,0,10000,0.0,3000.0,-10000,-3000.0
2026-07-31,9676,富邦仁愛,707599,10000,0,10300.0,0.0,10000,10300.0
2026-07-31,9676,富邦仁愛,707748,1000,4000,950.0,3440.0,-3000,-2490.0
2026-07-31,9676,富邦仁愛,708588,0,10000,0.0,1500.0,-10000,-1500.0
2026-07-31,9676,富邦仁愛,710476,0,1000,0.0,450.0,-1000,-450.0
2026-07-31,9676,富邦仁愛,710926,0,30000,0.0,23300.0,-30000,-23300.0
2026-07-31,9676,富邦仁愛,711946,10000,0,7900.0,0.0,10000,7900.0
2026-07-31,9676,富邦仁愛,722675,0,9000,0.0,90.0,-9000,-90.0
2026-07-31,9676,富邦仁愛,72794U,20000,0,30800.0,0.0,20000,30800.0
2026-07-31,980l,元大虎尾,03431T,400000,0,476000.0,0.0,400000,476000.0
2026-07-31,980l,元大虎尾,03432T,499000,0,718560.0,0.0,499000,718560.0
2026-07-31,980l,元大虎尾,036880,0,20000,0.0,2500.0,-20000,-2500.0
2026-07-31,980l,元大虎尾,03732B,10000,20000,7900.0,14800.0,-10000,-6900.0
2026-07-31,980l,元大虎尾,03735B,5000,0,4150.0,0.0,5000,4150.0
2026-07-31,980l,元大虎尾,041780,0,4000,0.0,10240.0,-4000,-10240.0
2026-07-31,980l,元大虎尾,053212,134000,0,29480.0,0.0,134000,29480.0
2026-07-31,980l,元大虎尾,060474,10000,0,1400.0,0.0,10000,1400.0
2026-07-31,980l,元大虎尾,061064,15000,0,61900.0,0.0,15000,61900.0
2026-07-31,980l,元大虎尾,063406,7000,0,5810.0,0.0,7000,5810.0
2026-07-31,980l,元大虎尾,063998,0,1000,0.0,60.0,-1000,-60.0
2026-07-31,980l,元大虎尾,065210,5000,0,11400.0,0.0,5000,11400.0
2026-07-31,980l,元大虎尾,065481,0,10000,0.0,18030.0,-10000,-18030.0
2026-07-31,980l,元大虎尾,065554,0,1000,0.0,280.0,-1000,-280.0
2026-07-31,980l,元大虎尾,065613,0,3000,0.0,3300.0,-3000,-3300.0
2026-07-31,980l,元大虎尾,066219,10000,0,6700.0,0.0,10000,6700.0
2026-07-31,980l,元大虎尾,067543,5000,0,5800.0,0.0,5000,5800.0
2026-07-31,980l,元大虎尾,067637,50000,0,2000.0,0.0,50000,2000.0
2026-07-31,980l,元大虎尾,067782,0,5000,0.0,4400.0,-5000,-4400.0
2026-07-31,980l,元大虎尾,068692,0,5000,0.0,2100.0,-5000,-2100.0
2026-07-31,980l,元大虎尾,069303,0,500000,0.0,936000.0,-500000,-936000.0
2026-07-31,980l,元大虎尾,069927,0,1000,0.0,410.0,-1000,-410.0
2026-07-31,980l,元大虎尾,069984,5000,15000,4650.0,14350.0,-10000,-9700.0
2026-07-31,980l,元大虎尾,070301,10000,0,9100.0,0.0,10000,9100.0
2026-07-31,980l,元大虎尾,071504,2000,0,1950.0,0.0,2000,1950.0
2026-07-31,980l,元大虎尾,071885,10000,0,11700.0,0.0,10000,11700.0
2026-07-31,980l,元大虎尾,072383,0,10000,0.0,7000.0,-10000,-7000.0
2026-07-31,980l,元大虎尾,072939,0,4000,0.0,1800.0,-4000,-1800.0
2026-07-31,980l,元大虎尾,073253,100000,0,74000.0,0.0,100000,74000.0
2026-07-31,980l,元大虎尾,073773,0,10000,0.0,5100.0,-10000,-5100.0
2026-07-31,980l,元大虎尾,074954,0,101000,0.0,191900.0,-101000,-191900.0
2026-07-31,980l,元大虎尾,075134,0,30000,0.0,48900.0,-30000,-48900.0
2026-07-31,980l,元大虎尾,075404,50000,0,23000.0,0.0,50000,23000.0
2026-07-31,980l,元大虎尾,076324,0,11000,0.0,10890.0,-11000,-10890.0
2026-07-31,980l,元大虎尾,076417,90000,0,118500.0,0.0,90000,118500.0
2026-07-31,980l,元大虎尾,076623,10000,0,3700.0,0.0,10000,3700.0
2026-07-31,980l,元大虎尾,705314,0,1000,0.0,1020.0,-1000,-1020.0
2026-07-31,980l,元大虎尾,708521,0,4000,0.0,4320.0,-4000,-4320.0
2026-07-31,980l,元大虎尾,710188,4000,0,3120.0,0.0,4000,3120.0
2026-07-31,980l,元大虎尾,710997,0,30000,0.0,20100.0,-30000,-20100.0
2026-07-31,980l,元大虎尾,72911U,0,40000,0.0,38000.0,-40000,-38000.0
2026-07-31,980l,元大虎尾,736479,33000,0,20070.0,0.0,33000,20070.0
2026-07-31,9853,元大南屯,030573,0,138000,0.0,318850.0,-138000,-318850.0
2026-07-31,9853,元大南屯,03099T,7000,0,770.0,0.0,7000,770.0
2026-07-31,9853,元大南屯,03156T,0,8000,0.0,11120.0,-8000,-11120.0
2026-07-31,9853,元大南屯,03351T,0,6000,0.0,3480.0,-6000,-3480.0
2026-07-31,9853,元大南屯,03427T,10000,0,19100.0,0.0,10000,19100.0
2026-07-31,9853,元大南屯,03480T,0,1000,0.0,1790.0,-1000,-1790.0
2026-07-31,9853,元大南屯,03498T,0,5000,0.0,4750.0,-5000,-4750.0
2026-07-31,9853,元大南屯,035081,0,10000,0.0,7000.0,-10000,-7000.0
2026-07-31,9853,元大南屯,03612T,6000,0,4620.0,0.0,6000,4620.0
2026-07-31,9853,元大南屯,03631T,0,3000,0.0,5040.0,-3000,-5040.0
2026-07-31,9853,元大南屯,03732B,8000,23000,6470.0,18860.0,-15000,-12390.0
2026-07-31,9853,元大南屯,03733B,3000,0,5310.0,0.0,3000,5310.0
2026-07-31,9853,元大南屯,03734B,5000,1000,5950.0,1180.0,4000,4770.0
2026-07-31,9853,元大南屯,03735B,8000,0,6710.0,0.0,8000,6710.0
2026-07-31,9853,元大南屯,03736B,3000,0,3120.0,0.0,3000,3120.0
2026-07-31,9853,元大南屯,037848,0,10000,0.0,12000.0,-10000,-12000.0
2026-07-31,9853,元大南屯,03832T,3000,0,7660.0,0.0,3000,7660.0
2026-07-31,9853,元大南屯,03852T,0,2000,0.0,7180.0,-2000,-7180.0
2026-07-31,9853,元大南屯,03883T,3000,0,4780.0,0.0,3000,4780.0
2026-07-31,9853,元大南屯,03929T,0,2000,0.0,3220.0,-2000,-3220.0
2026-07-31,9853,元大南屯,03932T,0,3000,0.0,2280.0,-3000,-2280.0
2026-07-31,9853,元大南屯,04016C,0,4000,0.0,8800.0,-4000,-8800.0
2026-07-31,9853,元大南屯,04018C,0,22000,0.0,35640.0,-22000,-35640.0
2026-07-31,9853,元大南屯,040982,0,1000,0.0,4570.0,-1000,-4570.0
2026-07-31,9853,元大南屯,044616,0,2000,0.0,2500.0,-2000,-2500.0
2026-07-31,9853,元大南屯,048099,0,2000,0.0,1700.0,-2000,-1700.0
2026-07-31,9853,元大南屯,049264,0,1000,0.0,3110.0,-1000,-3110.0
2026-07-31,9853,元大南屯,051815,1000,0,990.0,0.0,1000,990.0
2026-07-31,9853,元大南屯,054290,0,2000,0.0,2540.0,-2000,-2540.0
2026-07-31,9853,元大南屯,054457,0,1000,0.0,1860.0,-1000,-1860.0
2026-07-31,9853,元大南屯,054945,0,2000,0.0,2220.0,-2000,-2220.0
2026-07-31,9853,元大南屯,055204,0,4000,0.0,1800.0,-4000,-1800.0
2026-07-31,9853,元大南屯,055655,0,1000,0.0,240.0,-1000,-240.0
2026-07-31,9853,元大南屯,055948,0,10000,0.0,15000.0,-10000,-15000.0
2026-07-31,9853,元大南屯,056500,0,208000,0.0,667600.0,-208000,-667600.0
2026-07-31,9853,元大南屯,057742,0,2000,0.0,3160.0,-2000,-3160.0
2026-07-31,9853,元大南屯,057809,0,8000,0.0,11170.0,-8000,-11170.0
2026-07-31,9853,元大南屯,058075,2000,0,2740.0,0.0,2000,2740.0
2026-07-31,9853,元大南屯,058227,0,2000,0.0,3300.0,-2000,-3300.0
2026-07-31,9853,元大南屯,059610,0,2000,0.0,4260.0,-2000,-4260.0
2026-07-31,9853,元大南屯,059707,15000,0,58050.0,0.0,15000,58050.0
2026-07-31,9853,元大南屯,059776,0,2000,0.0,2000.0,-2000,-2000.0
2026-07-31,9853,元大南屯,060483,0,101000,0.0,132310.0,-101000,-132310.0
2026-07-31,9853,元大南屯,060793,1000,0,3430.0,0.0,1000,3430.0
2026-07-31,9853,元大南屯,061128,4000,0,2800.0,0.0,4000,2800.0
2026-07-31,9853,元大南屯,062036,6000,0,4320.0,0.0,6000,4320.0
2026-07-31,9853,元大南屯,062635,0,5000,0.0,2750.0,-5000,-2750.0
2026-07-31,9853,元大南屯,062912,170000,0,146200.0,0.0,170000,146200.0
2026-07-31,9853,元大南屯,063302,0,22000,0.0,56100.0,-22000,-56100.0
2026-07-31,9853,元大南屯,063382,0,83000,0.0,290500.0,-83000,-290500.0
2026-07-31,9853,元大南屯,063447,0,10000,0.0,39500.0,-10000,-39500.0
2026-07-31,9853,元大南屯,063547,0,1000,0.0,3940.0,-1000,-3940.0
2026-07-31,9853,元大南屯,063789,0,10000,0.0,4100.0,-10000,-4100.0
2026-07-31,9853,元大南屯,063809,20000,1000,26000.0,1420.0,19000,24580.0
2026-07-31,9853,元大南屯,064154,0,2000,0.0,3780.0,-2000,-3780.0
2026-07-31,9853,元大南屯,064281,0,2000,0.0,1520.0,-2000,-1520.0
2026-07-31,9853,元大南屯,064443,0,5000,0.0,3400.0,-5000,-3400.0
2026-07-31,9853,元大南屯,064514,0,15000,0.0,13350.0,-15000,-13350.0
2026-07-31,9853,元大南屯,064583,0,1000,0.0,7150.0,-1000,-7150.0
2026-07-31,9853,元大南屯,064677,20000,0,9600.0,0.0,20000,9600.0
2026-07-31,9853,元大南屯,064691,0,2000,0.0,2800.0,-2000,-2800.0
2026-07-31,9853,元大南屯,064755,0,1000,0.0,710.0,-1000,-710.0
2026-07-31,9853,元大南屯,064981,0,1000,0.0,650.0,-1000,-650.0
2026-07-31,9853,元大南屯,065422,0,1000,0.0,1060.0,-1000,-1060.0
2026-07-31,9853,元大南屯,065423,5000,16000,2450.0,8000.0,-11000,-5550.0
2026-07-31,9853,元大南屯,065547,0,1000,0.0,1430.0,-1000,-1430.0
2026-07-31,9853,元大南屯,065609,2000,0,1280.0,0.0,2000,1280.0
2026-07-31,9853,元大南屯,065661,0,6000,0.0,5340.0,-6000,-5340.0
2026-07-31,9853,元大南屯,065670,0,1000,0.0,1240.0,-1000,-1240.0
2026-07-31,9853,元大南屯,065759,0,6000,0.0,3480.0,-6000,-3480.0
2026-07-31,9853,元大南屯,065813,0,6000,0.0,6720.0,-6000,-6720.0
2026-07-31,9853,元大南屯,065912,0,5000,0.0,950.0,-5000,-950.0
2026-07-31,9853,元大南屯,066109,0,44000,0.0,15960.0,-44000,-15960.0
2026-07-31,9853,元大南屯,066173,0,250000,0.0,537550.0,-250000,-537550.0
2026-07-31,9853,元大南屯,066235,100000,0,163000.0,0.0,100000,163000.0
2026-07-31,9853,元大南屯,066470,0,4000,0.0,2760.0,-4000,-2760.0
2026-07-31,9853,元大南屯,066782,0,23000,0.0,17710.0,-23000,-17710.0
2026-07-31,9853,元大南屯,066806,0,3000,0.0,1560.0,-3000,-1560.0
2026-07-31,9853,元大南屯,066855,0,3000,0.0,6030.0,-3000,-6030.0
2026-07-31,9853,元大南屯,066996,0,3000,0.0,1500.0,-3000,-1500.0
2026-07-31,9853,元大南屯,067282,0,2000,0.0,3040.0,-2000,-3040.0
2026-07-31,9853,元大南屯,067334,0,7000,0.0,6160.0,-7000,-6160.0
2026-07-31,9853,元大南屯,067436,1000,0,170.0,0.0,1000,170.0
2026-07-31,9853,元大南屯,067612,10000,0,7900.0,0.0,10000,7900.0
2026-07-31,9853,元大南屯,067673,0,4000,0.0,2840.0,-4000,-2840.0
2026-07-31,9853,元大南屯,067791,50000,0,59200.0,0.0,50000,59200.0
2026-07-31,9853,元大南屯,067879,0,6000,0.0,5940.0,-6000,-5940.0
2026-07-31,9853,元大南屯,067943,0,3000,0.0,3450.0,-3000,-3450.0
2026-07-31,9853,元大南屯,067957,0,8000,0.0,4960.0,-8000,-4960.0
2026-07-31,9853,元大南屯,068188,15000,0,20850.0,0.0,15000,20850.0
2026-07-31,9853,元大南屯,068211,0,1000,0.0,610.0,-1000,-610.0
2026-07-31,9853,元大南屯,068243,0,6000,0.0,3300.0,-6000,-3300.0
2026-07-31,9853,元大南屯,068322,0,1000,0.0,630.0,-1000,-630.0
2026-07-31,9853,元大南屯,068393,5000,0,4000.0,0.0,5000,4000.0
2026-07-31,9853,元大南屯,068405,0,1000,0.0,460.0,-1000,-460.0
2026-07-31,9853,元大南屯,069697,2000,0,1540.0,0.0,2000,1540.0
2026-07-31,9853,元大南屯,069868,0,2000,0.0,1380.0,-2000,-1380.0
2026-07-31,9853,元大南屯,070004,10000,0,11710.0,0.0,10000,11710.0
2026-07-31,9853,元大南屯,070215,0,3000,0.0,2460.0,-3000,-2460.0
2026-07-31,9853,元大南屯,070348,0,2000,0.0,1200.0,-2000,-1200.0
2026-07-31,9853,元大南屯,070442,0,11000,0.0,8260.0,-11000,-8260.0
2026-07-31,9853,元大南屯,070962,2000,70000,1580.0,54400.0,-68000,-52820.0
2026-07-31,9853,元大南屯,070963,1000,70000,680.0,46200.0,-69000,-45520.0
2026-07-31,9853,元大南屯,070980,0,2000,0.0,1360.0,-2000,-1360.0
2026-07-31,9853,元大南屯,071250,0,5000,0.0,4500.0,-5000,-4500.0
2026-07-31,9853,元大南屯,071651,0,21000,0.0,22310.0,-21000,-22310.0
2026-07-31,9853,元大南屯,071887,2000,0,600.0,0.0,2000,600.0
2026-07-31,9853,元大南屯,071916,5000,0,3250.0,0.0,5000,3250.0
2026-07-31,9853,元大南屯,072194,1000,0,840.0,0.0,1000,840.0
2026-07-31,9853,元大南屯,072668,2000,0,1100.0,0.0,2000,1100.0
2026-07-31,9853,元大南屯,073100,0,50000,0.0,73000.0,-50000,-73000.0
2026-07-31,9853,元大南屯,073253,2000,0,1460.0,0.0,2000,1460.0
2026-07-31,9853,元大南屯,074168,2000,0,1200.0,0.0,2000,1200.0
2026-07-31,9853,元大南屯,074434,0,21000,0.0,4020.0,-21000,-4020.0
2026-07-31,9853,元大南屯,074567,1000,0,670.0,0.0,1000,670.0
2026-07-31,9853,元大南屯,075121,0,1000,0.0,950.0,-1000,-950.0
2026-07-31,9853,元大南屯,075596,3000,0,15600.0,0.0,3000,15600.0
2026-07-31,9853,元大南屯,075716,0,15000,0.0,18500.0,-15000,-18500.0
2026-07-31,9853,元大南屯,076270,0,3000,0.0,2100.0,-3000,-2100.0
2026-07-31,9853,元大南屯,076308,0,100000,0.0,72000.0,-100000,-72000.0
2026-07-31,9853,元大南屯,076770,2000,0,1800.0,0.0,2000,1800.0
2026-07-31,9853,元大南屯,077009,1000,0,1310.0,0.0,1000,1310.0
2026-07-31,9853,元大南屯,077440,9000,0,12600.0,0.0,9000,12600.0
2026-07-31,9853,元大南屯,077709,2000,0,2640.0,0.0,2000,2640.0
2026-07-31,9853,元大南屯,077792,0,6000,0.0,5340.0,-6000,-5340.0
2026-07-31,9853,元大南屯,08439U,3000,0,630.0,0.0,3000,630.0
2026-07-31,9853,元大南屯,700022,0,2000,0.0,3460.0,-2000,-3460.0
2026-07-31,9853,元大南屯,700275,0,1000,0.0,760.0,-1000,-760.0
2026-07-31,9853,元大南屯,704207,25000,0,54750.0,0.0,25000,54750.0
2026-07-31,9853,元大南屯,704911,0,1000,0.0,4960.0,-1000,-4960.0
2026-07-31,9853,元大南屯,705072,30000,20000,17400.0,11200.0,10000,6200.0
2026-07-31,9853,元大南屯,706258,0,3000,0.0,5940.0,-3000,-5940.0
2026-07-31,9853,元大南屯,706705,0,1000,0.0,440.0,-1000,-440.0
2026-07-31,9853,元大南屯,707306,0,2000,0.0,5190.0,-2000,-5190.0
2026-07-31,9853,元大南屯,707317,0,1000,0.0,1400.0,-1000,-1400.0
2026-07-31,9853,元大南屯,707329,10000,0,4600.0,0.0,10000,4600.0
2026-07-31,9853,元大南屯,707521,20000,0,3600.0,0.0,20000,3600.0
2026-07-31,9853,元大南屯,707542,120000,0,80400.0,0.0,120000,80400.0
2026-07-31,9853,元大南屯,707619,0,3000,0.0,2220.0,-3000,-2220.0
2026-07-31,9853,元大南屯,707666,0,1000,0.0,1900.0,-1000,-1900.0
2026-07-31,9853,元大南屯,707796,0,4000,0.0,7880.0,-4000,-7880.0
2026-07-31,9853,元大南屯,707881,1000,0,550.0,0.0,1000,550.0
2026-07-31,9853,元大南屯,708107,0,8000,0.0,3840.0,-8000,-3840.0
2026-07-31,9853,元大南屯,708404,2000,0,1940.0,0.0,2000,1940.0
2026-07-31,9853,元大南屯,708458,0,1000,0.0,500.0,-1000,-500.0
2026-07-31,9853,元大南屯,708501,130000,30000,201300.0,44700.0,100000,156600.0
2026-07-31,9853,元大南屯,708517,54000,0,9520.0,0.0,54000,9520.0
2026-07-31,9853,元大南屯,708532,9000,0,11460.0,0.0,9000,11460.0
2026-07-31,9853,元大南屯,708640,1000,0,580.0,0.0,1000,580.0
2026-07-31,9853,元大南屯,708789,0,1000,0.0,630.0,-1000,-630.0
2026-07-31,9853,元大南屯,709355,0,8000,0.0,2240.0,-8000,-2240.0
2026-07-31,9853,元大南屯,709833,100000,0,67600.0,0.0,100000,67600.0
2026-07-31,9853,元大南屯,710000,0,1000,0.0,2650.0,-1000,-2650.0
2026-07-31,9853,元大南屯,710837,0,10000,0.0,5100.0,-10000,-5100.0
2026-07-31,9853,元大南屯,711138,0,25000,0.0,9000.0,-25000,-9000.0
2026-07-31,9853,元大南屯,711144,2000,0,2560.0,0.0,2000,2560.0
2026-07-31,9853,元大南屯,711225,0,5000,0.0,3750.0,-5000,-3750.0
2026-07-31,9853,元大南屯,711479,49000,0,6370.0,0.0,49000,6370.0
2026-07-31,9853,元大南屯,711503,1000,0,910.0,0.0,1000,910.0
2026-07-31,9853,元大南屯,711769,1000,0,1200.0,0.0,1000,1200.0
2026-07-31,9853,元大南屯,722731,0,250000,0.0,5500.0,-250000,-5500.0
2026-07-31,9853,元大南屯,72924U,1000,0,1310.0,0.0,1000,1310.0
2026-07-31,9867,元大民權,03008T,20000,1000,5100.0,550.0,19000,4550.0
2026-07-31,9867,元大民權,03051T,20000,0,5700.0,0.0,20000,5700.0
2026-07-31,9867,元大民權,030573,0,20000,0.0,46800.0,-20000,-46800.0
2026-07-31,9867,元大民權,03074T,5000,0,3000.0,0.0,5000,3000.0
2026-07-31,9867,元大民權,03160T,1000,0,720.0,0.0,1000,720.0
2026-07-31,9867,元大民權,03239T,10000,0,7850.0,0.0,10000,7850.0
2026-07-31,9867,元大民權,032942,20000,0,8200.0,0.0,20000,8200.0
2026-07-31,9867,元大民權,03605T,1000,0,1160.0,0.0,1000,1160.0
2026-07-31,9867,元大民權,03678T,14000,0,21600.0,0.0,14000,21600.0
2026-07-31,9867,元大民權,03690T,0,4000,0.0,5520.0,-4000,-5520.0
2026-07-31,9867,元大民權,03785T,1000,0,1680.0,0.0,1000,1680.0
2026-07-31,9867,元大民權,03797T,1000,0,2600.0,0.0,1000,2600.0
2026-07-31,9867,元大民權,03912T,1000,0,890.0,0.0,1000,890.0
2026-07-31,9867,元大民權,051241,5000,0,1000.0,0.0,5000,1000.0
2026-07-31,9867,元大民權,053121,50000,0,2000.0,0.0,50000,2000.0
2026-07-31,9867,元大民權,053691,0,22000,0.0,6380.0,-22000,-6380.0
2026-07-31,9867,元大民權,055818,0,2000,0.0,1220.0,-2000,-1220.0
2026-07-31,9867,元大民權,056844,4000,0,4480.0,0.0,4000,4480.0
2026-07-31,9867,元大民權,058795,0,32000,0.0,12160.0,-32000,-12160.0
2026-07-31,9867,元大民權,058862,10000,0,5100.0,0.0,10000,5100.0
2026-07-31,9867,元大民權,059391,1000,0,1330.0,0.0,1000,1330.0
2026-07-31,9867,元大民權,059838,0,5000,0.0,12350.0,-5000,-12350.0
2026-07-31,9867,元大民權,060304,0,1000,0.0,890.0,-1000,-890.0
2026-07-31,9867,元大民權,060615,0,1000,0.0,3930.0,-1000,-3930.0
2026-07-31,9867,元大民權,061153,0,1000,0.0,500.0,-1000,-500.0
2026-07-31,9867,元大民權,061307,0,15000,0.0,3450.0,-15000,-3450.0
2026-07-31,9867,元大民權,061777,100000,0,82980.0,0.0,100000,82980.0
2026-07-31,9867,元大民權,063108,0,1000,0.0,390.0,-1000,-390.0
2026-07-31,9867,元大民權,064293,10000,0,3800.0,0.0,10000,3800.0
2026-07-31,9867,元大民權,064894,0,1000,0.0,490.0,-1000,-490.0
2026-07-31,9867,元大民權,065058,0,13000,0.0,3770.0,-13000,-3770.0
2026-07-31,9867,元大民權,065630,0,7000,0.0,3500.0,-7000,-3500.0
2026-07-31,9867,元大民權,065776,10000,0,5200.0,0.0,10000,5200.0
2026-07-31,9867,元大民權,066056,0,1000,0.0,2500.0,-1000,-2500.0
2026-07-31,9867,元大民權,066286,0,10000,0.0,24900.0,-10000,-24900.0
2026-07-31,9867,元大民權,066424,40000,0,11600.0,0.0,40000,11600.0
2026-07-31,9867,元大民權,066771,0,30000,0.0,32000.0,-30000,-32000.0
2026-07-31,9867,元大民權,066780,10000,0,7100.0,0.0,10000,7100.0
2026-07-31,9867,元大民權,066781,40000,0,10800.0,0.0,40000,10800.0
2026-07-31,9867,元大民權,067084,0,20000,0.0,28700.0,-20000,-28700.0
2026-07-31,9867,元大民權,067142,0,1000,0.0,1540.0,-1000,-1540.0
2026-07-31,9867,元大民權,067411,0,10000,0.0,6300.0,-10000,-6300.0
2026-07-31,9867,元大民權,067997,130000,0,95490.0,0.0,130000,95490.0
2026-07-31,9867,元大民權,068048,499000,0,219560.0,0.0,499000,219560.0
2026-07-31,9867,元大民權,068159,1000,5000,430.0,2950.0,-4000,-2520.0
2026-07-31,9867,元大民權,068369,499000,0,239520.0,0.0,499000,239520.0
2026-07-31,9867,元大民權,068441,85000,0,56750.0,0.0,85000,56750.0
2026-07-31,9867,元大民權,068679,50000,0,32100.0,0.0,50000,32100.0
2026-07-31,9867,元大民權,068735,40000,0,11600.0,0.0,40000,11600.0
2026-07-31,9867,元大民權,068980,0,3000,0.0,6300.0,-3000,-6300.0
2026-07-31,9867,元大民權,069567,314000,0,247500.0,0.0,314000,247500.0
2026-07-31,9867,元大民權,069668,0,60000,0.0,28000.0,-60000,-28000.0
2026-07-31,9867,元大民權,070022,40000,0,12800.0,0.0,40000,12800.0
2026-07-31,9867,元大民權,070099,0,2000,0.0,1290.0,-2000,-1290.0
2026-07-31,9867,元大民權,070323,3000,0,1890.0,0.0,3000,1890.0
2026-07-31,9867,元大民權,070869,0,10000,0.0,9300.0,-10000,-9300.0
2026-07-31,9867,元大民權,070978,50000,0,46500.0,0.0,50000,46500.0
2026-07-31,9867,元大民權,071160,499000,0,284430.0,0.0,499000,284430.0
2026-07-31,9867,元大民權,072901,0,150000,0.0,113500.0,-150000,-113500.0
2026-07-31,9867,元大民權,073324,0,2000,0.0,5220.0,-2000,-5220.0
2026-07-31,9867,元大民權,074756,499000,0,199600.0,0.0,499000,199600.0
2026-07-31,9867,元大民權,075537,20000,0,20800.0,0.0,20000,20800.0
2026-07-31,9867,元大民權,076336,0,499000,0.0,339320.0,-499000,-339320.0
2026-07-31,9867,元大民權,076553,0,60000,0.0,87000.0,-60000,-87000.0
2026-07-31,9867,元大民權,08603U,1000,0,1310.0,0.0,1000,1310.0
2026-07-31,9867,元大民權,08932U,0,1000,0.0,480.0,-1000,-480.0
2026-07-31,9867,元大內湖民,704351,0,1000,0.0,460.0,-1000,-460.0
2026-07-31,9867,元大內湖民,704590,20000,0,10800.0,0.0,20000,10800.0
2026-07-31,9867,元大內湖民,705726,30000,0,20400.0,0.0,30000,20400.0
2026-07-31,9867,元大內湖民,706136,11000,0,8580.0,0.0,11000,8580.0
2026-07-31,9867,元大內湖民,706850,0,10000,0.0,17600.0,-10000,-17600.0
2026-07-31,9867,元大內湖民,707820,15000,0,12300.0,0.0,15000,12300.0
2026-07-31,9867,元大內湖民,708165,0,17000,0.0,8500.0,-17000,-8500.0
2026-07-31,9867,元大內湖民,709973,1000,1000,660.0,660.0,0,0.0
2026-07-31,9867,元大內湖民,710014,140000,0,95600.0,0.0,140000,95600.0
2026-07-31,9867,元大內湖民,72692U,50000,0,3500.0,0.0,50000,3500.0
2026-07-31,989J,元大彰生,03051T,0,5000,0.0,1250.0,-5000,-1250.0
2026-07-31,989J,元大彰生,03351T,10000,0,5800.0,0.0,10000,5800.0
2026-07-31,989J,元大彰生,03412T,6000,0,4680.0,0.0,6000,4680.0
2026-07-31,989J,元大彰生,03611T,10000,0,7700.0,0.0,10000,7700.0
2026-07-31,989J,元大彰生,03766T,0,4000,0.0,2680.0,-4000,-2680.0
2026-07-31,989J,元大彰生,040615,9000,0,14040.0,0.0,9000,14040.0
2026-07-31,989J,元大彰生,041511,0,10000,0.0,86000.0,-10000,-86000.0
2026-07-31,989J,元大彰生,052707,0,30000,0.0,21900.0,-30000,-21900.0
2026-07-31,989J,元大彰生,055827,0,4000,0.0,8960.0,-4000,-8960.0
2026-07-31,989J,元大彰生,056176,0,1000,0.0,380.0,-1000,-380.0
2026-07-31,989J,元大彰生,057500,13000,0,1300.0,0.0,13000,1300.0
2026-07-31,989J,元大彰生,057511,20000,0,26000.0,0.0,20000,26000.0
2026-07-31,989J,元大彰生,057517,0,20000,0.0,14000.0,-20000,-14000.0
2026-07-31,989J,元大彰生,057565,0,2000,0.0,9740.0,-2000,-9740.0
2026-07-31,989J,元大彰生,057757,150000,0,244600.0,0.0,150000,244600.0
2026-07-31,989J,元大彰生,058038,200000,0,386500.0,0.0,200000,386500.0
2026-07-31,989J,元大彰生,058911,0,5000,0.0,16750.0,-5000,-16750.0
2026-07-31,989J,元大彰生,059630,0,5000,0.0,2750.0,-5000,-2750.0
2026-07-31,989J,元大彰生,062318,5000,0,13400.0,0.0,5000,13400.0
2026-07-31,989J,元大彰生,062440,0,50000,0.0,48000.0,-50000,-48000.0
2026-07-31,989J,元大彰生,063022,0,10000,0.0,15200.0,-10000,-15200.0
2026-07-31,989J,元大彰生,063278,0,70000,0.0,159600.0,-70000,-159600.0
2026-07-31,989J,元大彰生,063344,30000,0,10200.0,0.0,30000,10200.0
2026-07-31,989J,元大彰生,063380,0,10000,0.0,18700.0,-10000,-18700.0
2026-07-31,989J,元大彰生,064156,30000,0,15300.0,0.0,30000,15300.0
2026-07-31,989J,元大彰生,064367,0,20000,0.0,14400.0,-20000,-14400.0
2026-07-31,989J,元大彰生,065423,0,4000,0.0,1990.0,-4000,-1990.0
2026-07-31,989J,元大彰生,065432,0,1000,0.0,2710.0,-1000,-2710.0
2026-07-31,989J,元大彰生,066181,0,33000,0.0,47520.0,-33000,-47520.0
2026-07-31,989J,元大彰生,066455,5000,0,3450.0,0.0,5000,3450.0
2026-07-31,989J,元大彰生,066713,0,2000,0.0,3020.0,-2000,-3020.0
2026-07-31,989J,元大彰生,066782,40000,0,30200.0,0.0,40000,30200.0
2026-07-31,989J,元大彰生,067073,0,20000,0.0,5400.0,-20000,-5400.0
2026-07-31,989J,元大彰生,067142,5000,0,7650.0,0.0,5000,7650.0
2026-07-31,989J,元大彰生,067791,40000,0,45400.0,0.0,40000,45400.0
2026-07-31,989J,元大彰生,067960,6000,0,2940.0,0.0,6000,2940.0
2026-07-31,989J,元大彰生,067984,3000,0,2100.0,0.0,3000,2100.0
2026-07-31,989J,元大彰生,067995,0,10000,0.0,9000.0,-10000,-9000.0
2026-07-31,989J,元大彰生,068000,1000,0,800.0,0.0,1000,800.0
2026-07-31,989J,元大彰生,068633,0,5000,0.0,5200.0,-5000,-5200.0
2026-07-31,989J,元大彰生,068726,20000,0,28400.0,0.0,20000,28400.0
2026-07-31,989J,元大彰生,068980,0,7000,0.0,14560.0,-7000,-14560.0
2026-07-31,989J,元大彰生,069088,1000,0,460.0,0.0,1000,460.0
2026-07-31,989J,元大彰生,069090,0,20000,0.0,1600.0,-20000,-1600.0
2026-07-31,989J,元大彰生,069128,19000,0,3840.0,0.0,19000,3840.0
2026-07-31,989J,元大彰生,069475,20000,0,9000.0,0.0,20000,9000.0
2026-07-31,989J,元大彰生,069496,20000,0,3400.0,0.0,20000,3400.0
2026-07-31,989J,元大彰生,070233,0,5000,0.0,4150.0,-5000,-4150.0
2026-07-31,989J,元大彰生,070724,0,16000,0.0,7820.0,-16000,-7820.0
2026-07-31,989J,元大彰生,070845,0,240000,0.0,62400.0,-240000,-62400.0
2026-07-31,989J,元大彰生,070977,0,20000,0.0,11000.0,-20000,-11000.0
2026-07-31,989J,元大彰生,071007,0,40000,0.0,24000.0,-40000,-24000.0
2026-07-31,989J,元大彰生,071026,0,20000,0.0,6000.0,-20000,-6000.0
2026-07-31,989J,元大彰生,071169,0,20000,0.0,20600.0,-20000,-20600.0
2026-07-31,989J,元大彰生,071260,0,60000,0.0,33600.0,-60000,-33600.0
2026-07-31,989J,元大彰生,072081,0,20000,0.0,8000.0,-20000,-8000.0
2026-07-31,989J,元大彰生,072171,0,40000,0.0,8800.0,-40000,-8800.0
2026-07-31,989J,元大彰生,072388,0,16000,0.0,33440.0,-16000,-33440.0
2026-07-31,989J,元大彰生,072562,30000,0,154500.0,0.0,30000,154500.0
2026-07-31,989J,元大彰生,072668,0,20000,0.0,10800.0,-20000,-10800.0
2026-07-31,989J,元大彰生,072672,5000,0,7200.0,0.0,5000,7200.0
2026-07-31,989J,元大彰生,072695,0,17000,0.0,11730.0,-17000,-11730.0
2026-07-31,989J,元大彰生,072938,0,10000,0.0,3600.0,-10000,-3600.0
2026-07-31,989J,元大彰生,072939,0,27000,0.0,11340.0,-27000,-11340.0
2026-07-31,989J,元大彰生,073058,10000,0,2900.0,0.0,10000,2900.0
2026-07-31,989J,元大彰生,073102,0,3000,0.0,2340.0,-3000,-2340.0
2026-07-31,989J,元大彰生,073805,20000,0,32300.0,0.0,20000,32300.0
2026-07-31,989J,元大彰生,073920,0,30000,0.0,24600.0,-30000,-24600.0
2026-07-31,989J,元大彰生,074278,100000,0,15000.0,0.0,100000,15000.0
2026-07-31,989J,元大彰生,075023,0,80000,0.0,26400.0,-80000,-26400.0
2026-07-31,989J,元大彰生,077005,0,2000,0.0,2060.0,-2000,-2060.0
2026-07-31,989J,元大彰生,077614,46000,0,29210.0,0.0,46000,29210.0
2026-07-31,989J,元大彰生,08204U,30000,0,8400.0,0.0,30000,8400.0
2026-07-31,989J,元大彰生,08686U,90000,0,32100.0,0.0,90000,32100.0
2026-07-31,989J,元大彰化,701097,1000,1000,650.0,650.0,0,0.0
2026-07-31,989J,元大彰化,704716,0,40000,0.0,400.0,-40000,-400.0
2026-07-31,989J,元大彰化,704900,60000,0,34500.0,0.0,60000,34500.0
2026-07-31,989J,元大彰化,705245,100000,0,133000.0,0.0,100000,133000.0
2026-07-31,989J,元大彰化,705666,0,23000,0.0,8280.0,-23000,-8280.0
2026-07-31,989J,元大彰化,706126,10000,0,6600.0,0.0,10000,6600.0
2026-07-31,989J,元大彰化,706127,60000,0,44800.0,0.0,60000,44800.0
2026-07-31,989J,元大彰化,706619,459000,0,68850.0,0.0,459000,68850.0
2026-07-31,989J,元大彰化,706757,160000,0,52800.0,0.0,160000,52800.0
2026-07-31,989J,元大彰化,707227,0,20000,0.0,12000.0,-20000,-12000.0
2026-07-31,989J,元大彰化,707497,0,28000,0.0,5040.0,-28000,-5040.0
2026-07-31,989J,元大彰化,707783,126000,0,7300.0,0.0,126000,7300.0
2026-07-31,989J,元大彰化,707999,0,20000,0.0,8400.0,-20000,-8400.0
2026-07-31,989J,元大彰化,708015,0,5000,0.0,31500.0,-5000,-31500.0
2026-07-31,989J,元大彰化,708350,0,7000,0.0,5530.0,-7000,-5530.0
2026-07-31,989J,元大彰化,708542,0,10000,0.0,3200.0,-10000,-3200.0
2026-07-31,989J,元大彰化,708857,0,40000,0.0,9200.0,-40000,-9200.0
2026-07-31,989J,元大彰化,709006,20000,0,21600.0,0.0,20000,21600.0
2026-07-31,989J,元大彰化,709288,6000,0,1080.0,0.0,6000,1080.0
2026-07-31,989J,元大彰化,709328,0,20000,0.0,5600.0,-20000,-5600.0
2026-07-31,989J,元大彰化,710060,3000,2000,2120.0,1420.0,1000,700.0
2026-07-31,989J,元大彰化,710068,2000,1000,890.0,450.0,1000,440.0
2026-07-31,989J,元大彰化,710069,3000,2000,1250.0,840.0,1000,410.0
2026-07-31,989J,元大彰化,710073,2000,1000,1230.0,620.0,1000,610.0
2026-07-31,989J,元大彰化,710789,0,20000,0.0,4600.0,-20000,-4600.0
2026-07-31,989J,元大彰化,710921,1000,0,600.0,0.0,1000,600.0
2026-07-31,989J,元大彰化,711305,2000,2000,2630.0,2620.0,0,10.0
2026-07-31,989J,元大彰化,733471,2000,1000,1950.0,980.0,1000,970.0
2026-07-31,989Q,元大汐止,03178T,0,15000,0.0,12350.0,-15000,-12350.0
2026-07-31,989Q,元大汐止,03183T,50000,0,56500.0,0.0,50000,56500.0
2026-07-31,989Q,元大汐止,03184T,10000,0,1800.0,0.0,10000,1800.0
2026-07-31,989Q,元大汐止,03262T,0,9000,0.0,9170.0,-9000,-9170.0
2026-07-31,989Q,元大汐止,03278T,0,200000,0.0,30300.0,-200000,-30300.0
2026-07-31,989Q,元大汐止,03410T,0,16000,0.0,21120.0,-16000,-21120.0
2026-07-31,989Q,元大汐止,03465T,20000,0,33800.0,0.0,20000,33800.0
2026-07-31,989Q,元大汐止,03609T,200000,0,232000.0,0.0,200000,232000.0
2026-07-31,989Q,元大汐止,03679T,100000,0,166000.0,0.0,100000,166000.0
2026-07-31,989Q,元大汐止,03715T,300000,0,477000.0,0.0,300000,477000.0
2026-07-31,989Q,元大汐止,038318,30000,0,42000.0,0.0,30000,42000.0
2026-07-31,989Q,元大汐止,039475,50000,0,16000.0,0.0,50000,16000.0
2026-07-31,989Q,元大汐止,044122,0,100000,0.0,32000.0,-100000,-32000.0
2026-07-31,989Q,元大汐止,051286,50000,0,51500.0,0.0,50000,51500.0
2026-07-31,989Q,元大汐止,052946,7000,0,2780.0,0.0,7000,2780.0
2026-07-31,989Q,元大汐止,053282,0,20000,0.0,2200.0,-20000,-2200.0
2026-07-31,989Q,元大汐止,054353,7000,0,2000.0,0.0,7000,2000.0
2026-07-31,989Q,元大汐止,054673,1000,0,280.0,0.0,1000,280.0
2026-07-31,989Q,元大汐止,054705,50000,0,23000.0,0.0,50000,23000.0
2026-07-31,989Q,元大汐止,054781,0,1000,0.0,120.0,-1000,-120.0
2026-07-31,989Q,元大汐止,055485,0,6000,0.0,5760.0,-6000,-5760.0
2026-07-31,989Q,元大汐止,057841,4000,0,460.0,0.0,4000,460.0
2026-07-31,989Q,元大汐止,059679,1000,0,290.0,0.0,1000,290.0
2026-07-31,989Q,元大汐止,060238,1000,0,350.0,0.0,1000,350.0
2026-07-31,989Q,元大汐止,060402,10000,0,8700.0,0.0,10000,8700.0
2026-07-31,989Q,元大汐止,061043,40000,0,32000.0,0.0,40000,32000.0
2026-07-31,989Q,元大汐止,062615,200000,0,178000.0,0.0,200000,178000.0
2026-07-31,989Q,元大汐止,062656,1000,0,200.0,0.0,1000,200.0
2026-07-31,989Q,元大汐止,062832,0,24000,0.0,6140.0,-24000,-6140.0
2026-07-31,989Q,元大汐止,063593,0,5000,0.0,8000.0,-5000,-8000.0
2026-07-31,989Q,元大汐止,063808,0,20000,0.0,13600.0,-20000,-13600.0
2026-07-31,989Q,元大汐止,064542,2000,3000,1240.0,2700.0,-1000,-1460.0
2026-07-31,989Q,元大汐止,064636,30000,0,15600.0,0.0,30000,15600.0
2026-07-31,989Q,元大汐止,064807,1000,0,180.0,0.0,1000,180.0
2026-07-31,989Q,元大汐止,065039,1000,0,3030.0,0.0,1000,3030.0
2026-07-31,989Q,元大汐止,065271,0,1000,0.0,150.0,-1000,-150.0
2026-07-31,989Q,元大汐止,066390,1000,0,350.0,0.0,1000,350.0
2026-07-31,989Q,元大汐止,066479,0,1000,0.0,1510.0,-1000,-1510.0
2026-07-31,989Q,元大汐止,067050,0,2000,0.0,2560.0,-2000,-2560.0
2026-07-31,989Q,元大汐止,067122,0,5000,0.0,2900.0,-5000,-2900.0
2026-07-31,989Q,元大汐止,067212,1000,0,240.0,0.0,1000,240.0
2026-07-31,989Q,元大汐止,067424,3000,0,400.0,0.0,3000,400.0
2026-07-31,989Q,元大汐止,067544,0,200000,0.0,254000.0,-200000,-254000.0
2026-07-31,989Q,元大汐止,067607,0,1000,0.0,530.0,-1000,-530.0
2026-07-31,989Q,元大汐止,068109,500000,0,215000.0,0.0,500000,215000.0
2026-07-31,989Q,元大汐止,068111,0,45000,0.0,26100.0,-45000,-26100.0
2026-07-31,989Q,元大汐止,068240,3000,0,2110.0,0.0,3000,2110.0
2026-07-31,989Q,元大汐止,068544,10000,0,4700.0,0.0,10000,4700.0
2026-07-31,989Q,元大汐止,068812,0,260000,0.0,137800.0,-260000,-137800.0
2026-07-31,989Q,元大汐止,068979,8000,0,24080.0,0.0,8000,24080.0
2026-07-31,989Q,元大汐止,069114,3000,0,1770.0,0.0,3000,1770.0
2026-07-31,989Q,元大汐止,069282,0,70000,0.0,44500.0,-70000,-44500.0
2026-07-31,989Q,元大汐止,069370,0,50000,0.0,43500.0,-50000,-43500.0
2026-07-31,989Q,元大汐止,069371,0,200000,0.0,210000.0,-200000,-210000.0
2026-07-31,989Q,元大汐止,069402,30000,0,32100.0,0.0,30000,32100.0
2026-07-31,989Q,元大汐止,070878,200000,0,200000.0,0.0,200000,200000.0
2026-07-31,989Q,元大汐止,070947,0,2000,0.0,2000.0,-2000,-2000.0
2026-07-31,989Q,元大汐止,070963,1000,0,710.0,0.0,1000,710.0
2026-07-31,989Q,元大汐止,071100,5000,0,1850.0,0.0,5000,1850.0
2026-07-31,989Q,元大汐止,071429,2000,0,1250.0,0.0,2000,1250.0
2026-07-31,989Q,元大汐止,071845,0,998000,0.0,429140.0,-998000,-429140.0
2026-07-31,989Q,元大汐止,071884,0,100000,0.0,133000.0,-100000,-133000.0
2026-07-31,989Q,元大汐止,071902,0,1000,0.0,860.0,-1000,-860.0
2026-07-31,989Q,元大汐止,072293,200000,0,234000.0,0.0,200000,234000.0
2026-07-31,989Q,元大汐止,072670,0,100000,0.0,69500.0,-100000,-69500.0
2026-07-31,989Q,元大汐止,072757,1000,0,550.0,0.0,1000,550.0
2026-07-31,989Q,元大汐止,072995,200000,0,324000.0,0.0,200000,324000.0
2026-07-31,989Q,元大汐止,073232,0,100000,0.0,94500.0,-100000,-94500.0
2026-07-31,989Q,元大汐止,074192,0,200000,0.0,136000.0,-200000,-136000.0
2026-07-31,989Q,元大汐止,074535,0,200000,0.0,290000.0,-200000,-290000.0
2026-07-31,989Q,元大汐止,074671,0,1000,0.0,920.0,-1000,-920.0
2026-07-31,989Q,元大汐止,074787,0,1000,0.0,1270.0,-1000,-1270.0
2026-07-31,989Q,元大汐止,074851,0,1797000,0.0,593010.0,-1797000,-593010.0
2026-07-31,989Q,元大汐止,075545,0,1000,0.0,850.0,-1000,-850.0
2026-07-31,989Q,元大汐止,076767,0,15000,0.0,8250.0,-15000,-8250.0
2026-07-31,989Q,元大汐止,08826U,6000,0,9450.0,0.0,6000,9450.0
2026-07-31,989Q,元大汐止,701279,9000,0,1080.0,0.0,9000,1080.0
2026-07-31,989Q,元大汐止,704276,0,11000,0.0,6900.0,-11000,-6900.0
2026-07-31,989Q,元大汐止,705268,4000,0,840.0,0.0,4000,840.0
2026-07-31,989Q,元大汐止,705311,2000,0,300.0,0.0,2000,300.0
2026-07-31,989Q,元大汐止,705399,1000,0,490.0,0.0,1000,490.0
2026-07-31,989Q,元大汐止,705880,1000,0,220.0,0.0,1000,220.0
2026-07-31,989Q,元大汐止,706028,1000,0,280.0,0.0,1000,280.0
2026-07-31,989Q,元大汐止,706844,0,3000,0.0,1560.0,-3000,-1560.0
2026-07-31,989Q,元大汐止,707759,2000,0,2220.0,0.0,2000,2220.0
2026-07-31,989Q,元大汐止,708843,30000,0,55800.0,0.0,30000,55800.0
2026-07-31,989Q,元大汐止,709103,2000,0,1800.0,0.0,2000,1800.0
2026-07-31,989Q,元大汐止,709151,1000,0,280.0,0.0,1000,280.0
2026-07-31,989Q,元大汐止,709453,0,60000,0.0,14400.0,-60000,-14400.0
2026-07-31,989Q,元大汐止,710802,1000,0,290.0,0.0,1000,290.0
2026-07-31,989Q,元大汐止,72813U,30000,0,13200.0,0.0,30000,13200.0
2026-07-31,989a,元大苑裡,03051T,200000,0,52000.0,0.0,200000,52000.0
2026-07-31,989a,元大苑裡,031273,0,3000,0.0,2520.0,-3000,-2520.0
2026-07-31,989a,元大苑裡,03271T,5000,0,5300.0,0.0,5000,5300.0
2026-07-31,989a,元大苑裡,03502T,50000,0,50500.0,0.0,50000,50500.0
2026-07-31,989a,元大苑裡,03661T,3000,0,5470.0,0.0,3000,5470.0
2026-07-31,989a,元大苑裡,03932T,0,10000,0.0,7400.0,-10000,-7400.0
2026-07-31,989a,元大苑裡,046720,0,10000,0.0,42000.0,-10000,-42000.0
2026-07-31,989a,元大苑裡,054459,0,2000,0.0,3220.0,-2000,-3220.0
2026-07-31,989a,元大苑裡,056073,0,1000,0.0,2810.0,-1000,-2810.0
2026-07-31,989a,元大苑裡,061954,0,2000,0.0,1840.0,-2000,-1840.0
2026-07-31,989a,元大苑裡,063451,4000,0,1280.0,0.0,4000,1280.0
2026-07-31,989a,元大苑裡,064650,0,2000,0.0,2340.0,-2000,-2340.0
2026-07-31,989a,元大苑裡,064830,10000,0,13100.0,0.0,10000,13100.0
2026-07-31,989a,元大苑裡,065729,0,1000,0.0,1400.0,-1000,-1400.0
2026-07-31,989a,元大苑裡,065843,0,1000,0.0,1760.0,-1000,-1760.0
2026-07-31,989a,元大苑裡,066529,0,1000,0.0,1360.0,-1000,-1360.0
2026-07-31,989a,元大苑裡,067080,0,1000,0.0,1970.0,-1000,-1970.0
2026-07-31,989a,元大苑裡,067489,50000,0,45000.0,0.0,50000,45000.0
2026-07-31,989a,元大苑裡,067848,10000,0,12600.0,0.0,10000,12600.0
2026-07-31,989a,元大苑裡,068111,0,10000,0.0,6200.0,-10000,-6200.0
2026-07-31,989a,元大苑裡,068464,4000,0,3600.0,0.0,4000,3600.0
2026-07-31,989a,元大苑裡,068979,0,1000,0.0,2760.0,-1000,-2760.0
2026-07-31,989a,元大苑裡,070660,0,1000,0.0,2700.0,-1000,-2700.0
2026-07-31,989a,元大苑裡,070822,0,10000,0.0,16300.0,-10000,-16300.0
2026-07-31,989a,元大苑裡,071987,10000,0,7400.0,0.0,10000,7400.0
2026-07-31,989a,元大苑裡,076255,0,10000,0.0,7000.0,-10000,-7000.0
2026-07-31,989a,元大苑裡,701438,0,1000,0.0,2210.0,-1000,-2210.0
2026-07-31,989a,元大苑裡,705758,10000,0,19200.0,0.0,10000,19200.0
2026-07-31,989a,元大苑裡,705874,0,1000,0.0,2550.0,-1000,-2550.0
2026-07-31,989a,元大苑裡,706354,5000,0,3750.0,0.0,5000,3750.0
2026-07-31,989a,元大苑裡,706503,100000,0,88500.0,0.0,100000,88500.0
2026-07-31,989a,元大苑裡,706504,10000,0,400.0,0.0,10000,400.0
2026-07-31,989a,元大苑裡,707758,12000,0,8760.0,0.0,12000,8760.0
2026-07-31,989a,元大苑裡,708843,10000,0,18400.0,0.0,10000,18400.0
2026-07-31,989a,元大苑裡,709550,3000,2000,380.0,660.0,1000,-280.0
2026-07-31,989a,元大苑裡,710146,50000,0,31000.0,0.0,50000,31000.0
2026-07-31,989a,元大苑裡,739460,10000,0,16500.0,0.0,10000,16500.0
2026-07-31,989f,元大東港,030251,0,6000,0.0,180.0,-6000,-180.0
2026-07-31,989f,元大東港,03034T,0,1000,0.0,100.0,-1000,-100.0
2026-07-31,989f,元大東港,03051T,0,10000,0.0,2500.0,-10000,-2500.0
2026-07-31,989f,元大東港,03117T,0,9000,0.0,5310.0,-9000,-5310.0
2026-07-31,989f,元大東港,03162T,20000,0,1600.0,0.0,20000,1600.0
2026-07-31,989f,元大東港,052806,10000,0,4800.0,0.0,10000,4800.0
2026-07-31,989f,元大東港,055272,2000,0,3540.0,0.0,2000,3540.0
2026-07-31,989f,元大東港,057986,0,1000,0.0,470.0,-1000,-470.0
2026-07-31,989f,元大東港,059073,15000,0,3200.0,0.0,15000,3200.0
2026-07-31,989f,元大東港,059085,50000,0,4000.0,0.0,50000,4000.0
2026-07-31,989f,元大東港,059671,2000,0,1060.0,0.0,2000,1060.0
2026-07-31,989f,元大東港,059770,0,2000,0.0,5500.0,-2000,-5500.0
2026-07-31,989f,元大東港,061450,3000,0,3060.0,0.0,3000,3060.0
2026-07-31,989f,元大東港,063284,4000,0,920.0,0.0,4000,920.0
2026-07-31,989f,元大東港,063842,0,3000,0.0,3300.0,-3000,-3300.0
2026-07-31,989f,元大東港,064036,2000,0,1180.0,0.0,2000,1180.0
2026-07-31,989f,元大東港,064115,0,2000,0.0,3380.0,-2000,-3380.0
2026-07-31,989f,元大東港,064369,5000,0,1000.0,0.0,5000,1000.0
2026-07-31,989f,元大東港,064584,0,8000,0.0,42400.0,-8000,-42400.0
2026-07-31,989f,元大東港,064707,42000,0,4800.0,0.0,42000,4800.0
2026-07-31,989f,元大東港,065136,100000,0,28000.0,0.0,100000,28000.0
2026-07-31,989f,元大東港,065480,0,20000,0.0,31200.0,-20000,-31200.0
2026-07-31,989f,元大東港,066425,0,4000,0.0,3640.0,-4000,-3640.0
2026-07-31,989f,元大東港,066544,70000,0,13300.0,0.0,70000,13300.0
2026-07-31,989f,元大東港,066709,0,6000,0.0,6720.0,-6000,-6720.0
2026-07-31,989f,元大東港,067885,2000,0,3560.0,0.0,2000,3560.0
2026-07-31,989f,元大東港,067997,10000,0,7500.0,0.0,10000,7500.0
2026-07-31,989f,元大東港,071450,3000,0,960.0,0.0,3000,960.0
2026-07-31,989f,元大東港,073915,0,7000,0.0,4200.0,-7000,-4200.0
2026-07-31,989f,元大東港,075818,20000,0,8000.0,0.0,20000,8000.0
2026-07-31,989f,元大東港,076428,3000,0,3460.0,0.0,3000,3460.0
2026-07-31,989f,元大東港,076999,0,100000,0.0,96000.0,-100000,-96000.0
2026-07-31,989f,元大東港,077865,120000,100000,326300.0,256000.0,20000,70300.0
2026-07-31,989f,元大東港,703389,10000,0,1500.0,0.0,10000,1500.0
2026-07-31,989f,元大東港,704388,5000,0,9300.0,0.0,5000,9300.0
2026-07-31,989f,元大東港,704958,10000,0,27400.0,0.0,10000,27400.0
2026-07-31,989f,元大東港,705324,799000,0,92880.0,0.0,799000,92880.0
2026-07-31,989f,元大東港,705555,7000,0,15180.0,0.0,7000,15180.0
2026-07-31,989f,元大東港,707582,2000,0,840.0,0.0,2000,840.0
2026-07-31,989f,元大東港,707899,10000,0,1000.0,0.0,10000,1000.0
2026-07-31,989f,元大東港,707933,5000,0,700.0,0.0,5000,700.0
2026-07-31,989f,元大東港,708632,200000,0,44000.0,0.0,200000,44000.0
2026-07-31,989f,元大東港,708982,3000,0,930.0,0.0,3000,930.0
2026-07-31,989f,元大東港,734287,0,10000,0.0,14800.0,-10000,-14800.0
2026-07-31,989f,元大東港,738144,10000,0,500.0,0.0,10000,500.0
2026-07-31,9A9P,永豐竹北,03035X,0,20000,0.0,264000.0,-20000,-264000.0
2026-07-31,9A9P,永豐竹北,03272T,400000,0,49000.0,0.0,400000,49000.0
2026-07-31,9A9P,永豐竹北,03278T,211000,0,35170.0,0.0,211000,35170.0
2026-07-31,9A9P,永豐竹北,03427T,0,15000,0.0,29250.0,-15000,-29250.0
2026-07-31,9A9P,永豐竹北,036865,10000,0,3400.0,0.0,10000,3400.0
2026-07-31,9A9P,永豐竹北,038795,0,59000,0.0,76700.0,-59000,-76700.0
2026-07-31,9A9P,永豐竹北,041511,0,3000,0.0,24000.0,-3000,-24000.0
2026-07-31,9A9P,永豐竹北,044796,0,200000,0.0,283080.0,-200000,-283080.0
2026-07-31,9A9P,永豐竹北,049713,5000,0,7250.0,0.0,5000,7250.0
2026-07-31,9A9P,永豐竹北,049899,2000,0,4380.0,0.0,2000,4380.0
2026-07-31,9A9P,永豐竹北,053221,24000,0,41280.0,0.0,24000,41280.0
2026-07-31,9A9P,永豐竹北,053382,30000,0,47400.0,0.0,30000,47400.0
2026-07-31,9A9P,永豐竹北,053648,0,2000,0.0,8400.0,-2000,-8400.0
2026-07-31,9A9P,永豐竹北,054066,10000,0,29000.0,0.0,10000,29000.0
2026-07-31,9A9P,永豐竹北,054830,0,12000,0.0,16320.0,-12000,-16320.0
2026-07-31,9A9P,永豐竹北,055785,4000,0,32600.0,0.0,4000,32600.0
2026-07-31,9A9P,永豐竹北,056858,2000,0,2780.0,0.0,2000,2780.0
2026-07-31,9A9P,永豐竹北,057160,8000,0,2720.0,0.0,8000,2720.0
2026-07-31,9A9P,永豐竹北,057250,1000,0,1700.0,0.0,1000,1700.0
2026-07-31,9A9P,永豐竹北,057748,38000,0,21440.0,0.0,38000,21440.0
2026-07-31,9A9P,永豐竹北,057757,1000000,0,1575000.0,0.0,1000000,1575000.0
2026-07-31,9A9P,永豐竹北,057825,5000,25000,7500.0,38100.0,-20000,-30600.0
2026-07-31,9A9P,永豐竹北,058113,100000,0,26000.0,0.0,100000,26000.0
2026-07-31,9A9P,永豐竹北,058740,100000,0,7000.0,0.0,100000,7000.0
2026-07-31,9A9P,永豐竹北,058772,20000,0,7000.0,0.0,20000,7000.0
2026-07-31,9A9P,永豐竹北,059680,0,9000,0.0,14040.0,-9000,-14040.0
2026-07-31,9A9P,永豐竹北,059796,35000,0,8750.0,0.0,35000,8750.0
2026-07-31,9A9P,永豐竹北,060496,0,18000,0.0,50540.0,-18000,-50540.0
2026-07-31,9A9P,永豐竹北,060574,0,110000,0.0,41800.0,-110000,-41800.0
2026-07-31,9A9P,永豐竹北,060789,0,300000,0.0,82500.0,-300000,-82500.0
2026-07-31,9A9P,永豐竹北,061015,0,50000,0.0,28500.0,-50000,-28500.0
2026-07-31,9A9P,永豐竹北,061460,70000,0,22400.0,0.0,70000,22400.0
2026-07-31,9A9P,永豐竹北,061778,2000,0,280.0,0.0,2000,280.0
2026-07-31,9A9P,永豐竹北,062217,0,5000,0.0,14500.0,-5000,-14500.0
2026-07-31,9A9P,永豐竹北,062707,30000,0,36900.0,0.0,30000,36900.0
2026-07-31,9A9P,永豐竹北,062736,100000,0,15000.0,0.0,100000,15000.0
2026-07-31,9A9P,永豐竹北,063351,400000,0,244000.0,0.0,400000,244000.0
2026-07-31,9A9P,永豐竹北,063497,25000,0,52500.0,0.0,25000,52500.0
2026-07-31,9A9P,永豐竹北,063505,150000,50000,79500.0,29000.0,100000,50500.0
2026-07-31,9A9P,永豐竹北,063689,270000,0,51300.0,0.0,270000,51300.0
2026-07-31,9A9P,永豐竹北,063703,50000,0,112500.0,0.0,50000,112500.0
2026-07-31,9A9P,永豐竹北,064570,1000,0,1690.0,0.0,1000,1690.0
2026-07-31,9A9P,永豐竹北,064863,6000,0,2140.0,0.0,6000,2140.0
2026-07-31,9A9P,永豐竹北,065423,1000,0,490.0,0.0,1000,490.0
2026-07-31,9A9P,永豐竹北,065424,20000,0,18200.0,0.0,20000,18200.0
2026-07-31,9A9P,永豐竹北,065511,0,1000,0.0,5950.0,-1000,-5950.0
2026-07-31,9A9P,永豐竹北,065565,150000,150000,103500.0,94500.0,0,9000.0
2026-07-31,9A9P,永豐竹北,065902,0,2000,0.0,3000.0,-2000,-3000.0
2026-07-31,9A9P,永豐竹北,065972,0,29000,0.0,35960.0,-29000,-35960.0
2026-07-31,9A9P,永豐竹北,066073,0,2000,0.0,3930.0,-2000,-3930.0
2026-07-31,9A9P,永豐竹北,066467,590000,0,1102500.0,0.0,590000,1102500.0
2026-07-31,9A9P,永豐竹北,066590,100000,0,85000.0,0.0,100000,85000.0
2026-07-31,9A9P,永豐竹北,066777,12000,0,21960.0,0.0,12000,21960.0
2026-07-31,9A9P,永豐竹北,067084,0,40000,0.0,56400.0,-40000,-56400.0
2026-07-31,9A9P,永豐竹北,067203,1000,20000,2410.0,48600.0,-19000,-46190.0
2026-07-31,9A9P,永豐竹北,067300,30000,0,16700.0,0.0,30000,16700.0
2026-07-31,9A9P,永豐竹北,067320,0,10000,0.0,13800.0,-10000,-13800.0
2026-07-31,9A9P,永豐竹北,067418,0,2000,0.0,2600.0,-2000,-2600.0
2026-07-31,9A9P,永豐竹北,067620,1000,0,1550.0,0.0,1000,1550.0
2026-07-31,9A9P,永豐竹北,067814,50000,0,65260.0,0.0,50000,65260.0
2026-07-31,9A9P,永豐竹北,067828,100000,0,36000.0,0.0,100000,36000.0
2026-07-31,9A9P,永豐竹北,067885,10000,0,18100.0,0.0,10000,18100.0
2026-07-31,9A9P,永豐竹北,067942,15000,0,25760.0,0.0,15000,25760.0
2026-07-31,9A9P,永豐竹北,067984,0,4000,0.0,2800.0,-4000,-2800.0
2026-07-31,9A9P,永豐竹北,068427,0,12000,0.0,17880.0,-12000,-17880.0
2026-07-31,9A9P,永豐竹北,068508,250000,300000,151000.0,179500.0,-50000,-28500.0
2026-07-31,9A9P,永豐竹北,068671,1000,0,230.0,0.0,1000,230.0
2026-07-31,9A9P,永豐竹北,069033,0,4000,0.0,9570.0,-4000,-9570.0
2026-07-31,9A9P,永豐竹北,069354,8000,0,7200.0,0.0,8000,7200.0
2026-07-31,9A9P,永豐竹北,069590,0,2000,0.0,1540.0,-2000,-1540.0
2026-07-31,9A9P,永豐竹北,070144,0,2000,0.0,1400.0,-2000,-1400.0
2026-07-31,9A9P,永豐竹北,070238,0,1000,0.0,330.0,-1000,-330.0
2026-07-31,9A9P,永豐竹北,070271,40000,0,22500.0,0.0,40000,22500.0
2026-07-31,9A9P,永豐竹北,070434,30000,0,43200.0,0.0,30000,43200.0
2026-07-31,9A9P,永豐竹北,070751,0,1000,0.0,490.0,-1000,-490.0
2026-07-31,9A9P,永豐竹北,070850,0,7000,0.0,4630.0,-7000,-4630.0
2026-07-31,9A9P,永豐竹北,072272,0,2000,0.0,240.0,-2000,-240.0
2026-07-31,9A9P,永豐竹北,072449,100000,0,80000.0,0.0,100000,80000.0
2026-07-31,9A9P,永豐竹北,072918,20000,0,3610.0,0.0,20000,3610.0
2026-07-31,9A9P,永豐竹北,074058,100000,0,79000.0,0.0,100000,79000.0
2026-07-31,9A9P,永豐竹北,075182,0,20000,0.0,35300.0,-20000,-35300.0
2026-07-31,9A9P,永豐竹北,075263,0,700000,0.0,893020.0,-700000,-893020.0
2026-07-31,9A9P,永豐竹北,075323,800000,0,1830000.0,0.0,800000,1830000.0
2026-07-31,9A9P,永豐竹北,075716,0,700000,0.0,886020.0,-700000,-886020.0
2026-07-31,9A9P,永豐竹北,075923,100000,0,80000.0,0.0,100000,80000.0
2026-07-31,9A9P,永豐竹北,076255,10000,0,7000.0,0.0,10000,7000.0
2026-07-31,9A9P,永豐竹北,076620,0,150000,0.0,146200.0,-150000,-146200.0
2026-07-31,9A9P,永豐竹北,076897,0,100000,0.0,131000.0,-100000,-131000.0
2026-07-31,9A9P,永豐竹北,076978,0,150000,0.0,85500.0,-150000,-85500.0
2026-07-31,9A9P,永豐竹北,077906,20000,0,22800.0,0.0,20000,22800.0
2026-07-31,9A9P,永豐竹北,077990,10000,0,5200.0,0.0,10000,5200.0
2026-07-31,9A9P,永豐竹北,08345U,27000,0,4320.0,0.0,27000,4320.0
2026-07-31,9A9P,永豐竹北,08855U,200000,10000,118000.0,5800.0,190000,112200.0
2026-07-31,9A9P,永豐竹北,08886U,220000,0,81400.0,0.0,220000,81400.0
2026-07-31,9A9P,永豐竹北,08976U,30000,0,35200.0,0.0,30000,35200.0
2026-07-31,9A9P,永豐竹北,08984U,20000,0,17000.0,0.0,20000,17000.0
2026-07-31,9A9P,永豐金竹北,703611,0,240000,0.0,4800.0,-240000,-4800.0
2026-07-31,9A9P,永豐金竹北,704207,35000,0,83250.0,0.0,35000,83250.0
2026-07-31,9A9P,永豐金竹北,704831,0,30000,0.0,124950.0,-30000,-124950.0
2026-07-31,9A9P,永豐金竹北,705175,25000,0,7000.0,0.0,25000,7000.0
2026-07-31,9A9P,永豐金竹北,706122,0,17000,0.0,65450.0,-17000,-65450.0
2026-07-31,9A9P,永豐金竹北,706920,29000,0,23200.0,0.0,29000,23200.0
2026-07-31,9A9P,永豐金竹北,707686,1000,0,480.0,0.0,1000,480.0
2026-07-31,9A9P,永豐金竹北,707722,0,1000,0.0,1650.0,-1000,-1650.0
2026-07-31,9A9P,永豐金竹北,707792,0,10000,0.0,8250.0,-10000,-8250.0
2026-07-31,9A9P,永豐金竹北,707897,1000,0,140.0,0.0,1000,140.0
2026-07-31,9A9P,永豐金竹北,707924,50000,0,5500.0,0.0,50000,5500.0
2026-07-31,9A9P,永豐金竹北,708303,10000,0,4500.0,0.0,10000,4500.0
2026-07-31,9A9P,永豐金竹北,708331,120000,0,39600.0,0.0,120000,39600.0
2026-07-31,9A9P,永豐金竹北,708517,6000,0,940.0,0.0,6000,940.0
2026-07-31,9A9P,永豐金竹北,709205,0,10000,0.0,15000.0,-10000,-15000.0
2026-07-31,9A9P,永豐金竹北,709292,2000,1000,1370.0,1340.0,1000,30.0
2026-07-31,9A9P,永豐金竹北,710778,0,29000,0.0,27550.0,-29000,-27550.0
2026-07-31,9A9P,永豐金竹北,710852,65000,12000,22450.0,4080.0,53000,18370.0
2026-07-31,9A9P,永豐金竹北,711501,0,10000,0.0,19300.0,-10000,-19300.0
2026-07-31,9A9P,永豐金竹北,711591,1000,0,1620.0,0.0,1000,1620.0
2026-07-31,9A9P,永豐金竹北,711602,112000,0,39280.0,0.0,112000,39280.0
2026-07-31,9A9P,永豐金竹北,72854U,30000,0,5700.0,0.0,30000,5700.0
2026-07-31,9A9P,永豐金竹北,72876U,0,20000,0.0,14800.0,-20000,-14800.0
2026-07-31,9A9P,永豐金竹北,72909U,30000,0,22100.0,0.0,30000,22100.0
2026-07-31,9A9R,永豐信義,03452T,10000,0,44600.0,0.0,10000,44600.0
2026-07-31,9A9R,永豐信義,03665T,80000,0,156800.0,0.0,80000,156800.0
2026-07-31,9A9R,永豐信義,03777T,0,60000,0.0,88200.0,-60000,-88200.0
2026-07-31,9A9R,永豐信義,03833T,0,4000,0.0,8800.0,-4000,-8800.0
2026-07-31,9A9R,永豐信義,056864,30000,0,37400.0,0.0,30000,37400.0
2026-07-31,9A9R,永豐信義,058605,2000,0,1380.0,0.0,2000,1380.0
2026-07-31,9A9R,永豐信義,058831,8000,0,7210.0,0.0,8000,7210.0
2026-07-31,9A9R,永豐信義,065605,0,5000,0.0,2200.0,-5000,-2200.0
2026-07-31,9A9R,永豐信義,069156,0,15000,0.0,16350.0,-15000,-16350.0
2026-07-31,9A9R,永豐信義,069782,0,25000,0.0,2100.0,-25000,-2100.0
2026-07-31,9A9R,永豐信義,069852,50000,0,8000.0,0.0,50000,8000.0
2026-07-31,9A9R,永豐信義,074640,20000,0,17000.0,0.0,20000,17000.0
2026-07-31,9A9R,永豐信義,075810,0,85000,0.0,71700.0,-85000,-71700.0
2026-07-31,9A9R,永豐信義,08618U,20000,0,8800.0,0.0,20000,8800.0
2026-07-31,9A9W,永豐市政,03029T,0,4000,0.0,1600.0,-4000,-1600.0
2026-07-31,9A9W,永豐市政,03031T,0,4000,0.0,880.0,-4000,-880.0
2026-07-31,9A9W,永豐市政,03041T,20000,0,200.0,0.0,20000,200.0
2026-07-31,9A9W,永豐市政,03074T,50000,0,30000.0,0.0,50000,30000.0
2026-07-31,9A9W,永豐市政,03142T,0,1000,0.0,190.0,-1000,-190.0
2026-07-31,9A9W,永豐市政,031473,0,6000,0.0,6630.0,-6000,-6630.0
2026-07-31,9A9W,永豐市政,03159T,20000,0,15800.0,0.0,20000,15800.0
2026-07-31,9A9W,永豐市政,031645,0,1000,0.0,10400.0,-1000,-10400.0
2026-07-31,9A9W,永豐市政,03188T,10000,0,11100.0,0.0,10000,11100.0
2026-07-31,9A9W,永豐市政,03193T,0,4000,0.0,3040.0,-4000,-3040.0
2026-07-31,9A9W,永豐市政,03247T,18000,0,9720.0,0.0,18000,9720.0
2026-07-31,9A9W,永豐市政,03272T,1000,1000,130.0,120.0,0,10.0
2026-07-31,9A9W,永豐市政,03291T,17000,0,8770.0,0.0,17000,8770.0
2026-07-31,9A9W,永豐市政,03293T,0,4000,0.0,3850.0,-4000,-3850.0
2026-07-31,9A9W,永豐市政,032956,20000,0,58000.0,0.0,20000,58000.0
2026-07-31,9A9W,永豐市政,03306T,10000,0,13400.0,0.0,10000,13400.0
2026-07-31,9A9W,永豐市政,03319T,1000,0,630.0,0.0,1000,630.0
2026-07-31,9A9W,永豐市政,03338T,40000,300000,52300.0,387000.0,-260000,-334700.0
2026-07-31,9A9W,永豐市政,033552,0,2000,0.0,3700.0,-2000,-3700.0
2026-07-31,9A9W,永豐市政,033556,0,1000,0.0,1270.0,-1000,-1270.0
2026-07-31,9A9W,永豐市政,033665,0,1000,0.0,90.0,-1000,-90.0
2026-07-31,9A9W,永豐市政,03448T,10000,0,8600.0,0.0,10000,8600.0
2026-07-31,9A9W,永豐市政,03465T,60000,0,103200.0,0.0,60000,103200.0
2026-07-31,9A9W,永豐市政,03483T,1000,0,1390.0,0.0,1000,1390.0
2026-07-31,9A9W,永豐市政,035586,0,5000,0.0,600.0,-5000,-600.0
2026-07-31,9A9W,永豐市政,03599T,0,30000,0.0,45300.0,-30000,-45300.0
2026-07-31,9A9W,永豐市政,03605T,10000,0,11600.0,0.0,10000,11600.0
2026-07-31,9A9W,永豐市政,03609T,20000,0,23200.0,0.0,20000,23200.0
2026-07-31,9A9W,永豐市政,03676T,10000,0,19100.0,0.0,10000,19100.0
2026-07-31,9A9W,永豐市政,03690T,0,28000,0.0,38640.0,-28000,-38640.0
2026-07-31,9A9W,永豐市政,03715T,10000,0,16000.0,0.0,10000,16000.0
2026-07-31,9A9W,永豐市政,03740T,2000,0,2560.0,0.0,2000,2560.0
2026-07-31,9A9W,永豐市政,03792T,60000,0,60600.0,0.0,60000,60600.0
2026-07-31,9A9W,永豐市政,03802T,10000,0,33600.0,0.0,10000,33600.0
2026-07-31,9A9W,永豐市政,03855T,1000,0,960.0,0.0,1000,960.0
2026-07-31,9A9W,永豐市政,038851,21000,0,82600.0,0.0,21000,82600.0
2026-07-31,9A9W,永豐市政,03925T,10000,0,13900.0,0.0,10000,13900.0
2026-07-31,9A9W,永豐市政,04015C,1000,0,1410.0,0.0,1000,1410.0
2026-07-31,9A9W,永豐市政,04018C,0,2000,0.0,3360.0,-2000,-3360.0
2026-07-31,9A9W,永豐市政,04019C,1000,0,1220.0,0.0,1000,1220.0
2026-07-31,9A9W,永豐市政,043891,0,1000,0.0,2700.0,-1000,-2700.0
2026-07-31,9A9W,永豐市政,044796,0,2000,0.0,2740.0,-2000,-2740.0
2026-07-31,9A9W,永豐市政,044800,2000,0,2480.0,0.0,2000,2480.0
2026-07-31,9A9W,永豐市政,047714,20000,0,10900.0,0.0,20000,10900.0
2026-07-31,9A9W,永豐市政,048360,1000,0,1430.0,0.0,1000,1430.0
2026-07-31,9A9W,永豐市政,049414,1000,0,1350.0,0.0,1000,1350.0
2026-07-31,9A9W,永豐市政,051211,17000,0,1190.0,0.0,17000,1190.0
2026-07-31,9A9W,永豐市政,051601,2000,0,16400.0,0.0,2000,16400.0
2026-07-31,9A9W,永豐市政,051694,1000,0,630.0,0.0,1000,630.0
2026-07-31,9A9W,永豐市政,052194,0,20000,0.0,29400.0,-20000,-29400.0
2026-07-31,9A9W,永豐市政,052547,0,4000,0.0,1000.0,-4000,-1000.0
2026-07-31,9A9W,永豐市政,052654,100000,0,47000.0,0.0,100000,47000.0
2026-07-31,9A9W,永豐市政,052685,1000,0,410.0,0.0,1000,410.0
2026-07-31,9A9W,永豐市政,053901,0,2000,0.0,4450.0,-2000,-4450.0
2026-07-31,9A9W,永豐市政,054458,2000,0,1880.0,0.0,2000,1880.0
2026-07-31,9A9W,永豐市政,054494,0,2000,0.0,3500.0,-2000,-3500.0
2026-07-31,9A9W,永豐市政,054694,3000,0,1380.0,0.0,3000,1380.0
2026-07-31,9A9W,永豐市政,054886,0,1000,0.0,980.0,-1000,-980.0
2026-07-31,9A9W,永豐市政,055342,1000,0,2620.0,0.0,1000,2620.0
2026-07-31,9A9W,永豐市政,055405,0,10000,0.0,51000.0,-10000,-51000.0
2026-07-31,9A9W,永豐市政,056043,5000,0,400.0,0.0,5000,400.0
2026-07-31,9A9W,永豐市政,056067,20000,0,12800.0,0.0,20000,12800.0
2026-07-31,9A9W,永豐市政,056096,0,1000,0.0,180.0,-1000,-180.0
2026-07-31,9A9W,永豐市政,056253,0,1000,0.0,100.0,-1000,-100.0
2026-07-31,9A9W,永豐市政,056552,0,5000,0.0,7830.0,-5000,-7830.0
2026-07-31,9A9W,永豐市政,056852,0,10000,0.0,18900.0,-10000,-18900.0
2026-07-31,9A9W,永豐市政,057052,1000,0,1370.0,0.0,1000,1370.0
2026-07-31,9A9W,永豐市政,057524,0,1000,0.0,2710.0,-1000,-2710.0
2026-07-31,9A9W,永豐市政,057534,0,1000,0.0,2520.0,-1000,-2520.0
2026-07-31,9A9W,永豐市政,057601,0,1000,0.0,3500.0,-1000,-3500.0
2026-07-31,9A9W,永豐市政,057799,4000,0,2200.0,0.0,4000,2200.0
2026-07-31,9A9W,永豐市政,057898,0,31000,0.0,52450.0,-31000,-52450.0
2026-07-31,9A9W,永豐市政,058075,18000,0,25380.0,0.0,18000,25380.0
2026-07-31,9A9W,永豐市政,058437,2000,0,5360.0,0.0,2000,5360.0
2026-07-31,9A9W,永豐市政,058858,0,1000,0.0,270.0,-1000,-270.0
2026-07-31,9A9W,永豐市政,058870,0,1000,0.0,900.0,-1000,-900.0
2026-07-31,9A9W,永豐市政,059059,0,20000,0.0,9000.0,-20000,-9000.0
2026-07-31,9A9W,永豐市政,059088,0,5000,0.0,33750.0,-5000,-33750.0
2026-07-31,9A9W,永豐市政,059195,2000,0,620.0,0.0,2000,620.0
2026-07-31,9A9W,永豐市政,059213,0,2000,0.0,1650.0,-2000,-1650.0
2026-07-31,9A9W,永豐市政,059382,0,1249000,0.0,437150.0,-1249000,-437150.0
2026-07-31,9A9W,永豐市政,059438,1000,0,6750.0,0.0,1000,6750.0
2026-07-31,9A9W,永豐市政,059653,0,1000,0.0,1170.0,-1000,-1170.0
2026-07-31,9A9W,永豐市政,059707,10000,0,38700.0,0.0,10000,38700.0
2026-07-31,9A9W,永豐市政,059921,2000,0,2720.0,0.0,2000,2720.0
2026-07-31,9A9W,永豐市政,060354,10000,0,27900.0,0.0,10000,27900.0
2026-07-31,9A9W,永豐市政,060985,0,5000,0.0,15500.0,-5000,-15500.0
2026-07-31,9A9W,永豐市政,061046,0,30000,0.0,11400.0,-30000,-11400.0
2026-07-31,9A9W,永豐市政,061054,0,14000,0.0,1260.0,-14000,-1260.0
2026-07-31,9A9W,永豐市政,061509,0,280000,0.0,89600.0,-280000,-89600.0
2026-07-31,9A9W,永豐市政,061923,10000,0,26600.0,0.0,10000,26600.0
2026-07-31,9A9W,永豐市政,061962,0,1000,0.0,230.0,-1000,-230.0
2026-07-31,9A9W,永豐市政,062014,30000,50000,79700.0,145600.0,-20000,-65900.0
2026-07-31,9A9W,永豐市政,062113,0,70000,0.0,10500.0,-70000,-10500.0
2026-07-31,9A9W,永豐市政,062442,0,10000,0.0,14400.0,-10000,-14400.0
2026-07-31,9A9W,永豐市政,062647,0,3000,0.0,2340.0,-3000,-2340.0
2026-07-31,9A9W,永豐市政,062835,1000,0,2000.0,0.0,1000,2000.0
2026-07-31,9A9W,永豐市政,063084,0,19000,0.0,36290.0,-19000,-36290.0
2026-07-31,9A9W,永豐市政,063314,0,1000,0.0,470.0,-1000,-470.0
2026-07-31,9A9W,永豐市政,063345,0,1000,0.0,250.0,-1000,-250.0
2026-07-31,9A9W,永豐市政,063442,1000,1000,1680.0,1690.0,0,-10.0
2026-07-31,9A9W,永豐市政,063443,0,1000,0.0,2640.0,-1000,-2640.0
2026-07-31,9A9W,永豐市政,063643,0,1000,0.0,850.0,-1000,-850.0
2026-07-31,9A9W,永豐市政,063757,0,25000,0.0,29750.0,-25000,-29750.0
2026-07-31,9A9W,永豐市政,063776,0,1000,0.0,1600.0,-1000,-1600.0
2026-07-31,9A9W,永豐市政,064314,1000,1000,1200.0,1200.0,0,0.0
2026-07-31,9A9W,永豐市政,064517,0,10000,0.0,1200.0,-10000,-1200.0
2026-07-31,9A9W,永豐市政,064716,0,25000,0.0,44500.0,-25000,-44500.0
2026-07-31,9A9W,永豐市政,064741,0,80000,0.0,8000.0,-80000,-8000.0
2026-07-31,9A9W,永豐市政,064751,0,1000,0.0,210.0,-1000,-210.0
2026-07-31,9A9W,永豐市政,065020,2000,0,2980.0,0.0,2000,2980.0
2026-07-31,9A9W,永豐市政,065048,50000,0,1000.0,0.0,50000,1000.0
2026-07-31,9A9W,永豐市政,065050,5000,0,5500.0,0.0,5000,5500.0
2026-07-31,9A9W,永豐市政,065345,10000,0,38300.0,0.0,10000,38300.0
2026-07-31,9A9W,永豐市政,065392,1000,0,5100.0,0.0,1000,5100.0
2026-07-31,9A9W,永豐市政,065480,0,30000,0.0,51700.0,-30000,-51700.0
2026-07-31,9A9W,永豐市政,065609,0,800000,0.0,500000.0,-800000,-500000.0
2026-07-31,9A9W,永豐市政,065670,0,21000,0.0,25200.0,-21000,-25200.0
2026-07-31,9A9W,永豐市政,065761,458000,0,689320.0,0.0,458000,689320.0
2026-07-31,9A9W,永豐市政,065799,158000,0,536920.0,0.0,158000,536920.0
2026-07-31,9A9W,永豐市政,066180,0,8000,0.0,8080.0,-8000,-8080.0
2026-07-31,9A9W,永豐市政,066523,200000,40000,29000.0,5200.0,160000,23800.0
2026-07-31,9A9W,永豐市政,066529,0,20000,0.0,24800.0,-20000,-24800.0
2026-07-31,9A9W,永豐市政,066530,100000,80000,100000.0,75200.0,20000,24800.0
2026-07-31,9A9W,永豐市政,066555,13000,0,109700.0,0.0,13000,109700.0
2026-07-31,9A9W,永豐市政,066591,458000,0,329760.0,0.0,458000,329760.0
2026-07-31,9A9W,永豐市政,066592,278000,0,319700.0,0.0,278000,319700.0
2026-07-31,9A9W,永豐市政,066638,1000,0,1500.0,0.0,1000,1500.0
2026-07-31,9A9W,永豐市政,066652,10000,55000,27800.0,165250.0,-45000,-137450.0
2026-07-31,9A9W,永豐市政,067081,10000,0,6400.0,0.0,10000,6400.0
2026-07-31,9A9W,永豐市政,067114,0,1000,0.0,2300.0,-1000,-2300.0
2026-07-31,9A9W,永豐市政,067182,0,48000,0.0,67200.0,-48000,-67200.0
2026-07-31,9A9W,永豐市政,067260,2000,0,1400.0,0.0,2000,1400.0
2026-07-31,9A9W,永豐市政,067263,10000,0,22000.0,0.0,10000,22000.0
2026-07-31,9A9W,永豐市政,067379,4000,0,11520.0,0.0,4000,11520.0
2026-07-31,9A9W,永豐市政,067418,1000,0,1450.0,0.0,1000,1450.0
2026-07-31,9A9W,永豐市政,067587,0,2000,0.0,2800.0,-2000,-2800.0
2026-07-31,9A9W,永豐市政,067639,0,10000,0.0,13950.0,-10000,-13950.0
2026-07-31,9A9W,永豐市政,067644,0,9000,0.0,9840.0,-9000,-9840.0
2026-07-31,9A9W,永豐市政,067670,0,30000,0.0,25500.0,-30000,-25500.0
2026-07-31,9A9W,永豐市政,067679,2000,0,2220.0,0.0,2000,2220.0
2026-07-31,9A9W,永豐市政,067726,1000,0,2000.0,0.0,1000,2000.0
2026-07-31,9A9W,永豐市政,067790,1000,0,1120.0,0.0,1000,1120.0
2026-07-31,9A9W,永豐市政,067814,0,20000,0.0,26200.0,-20000,-26200.0
2026-07-31,9A9W,永豐市政,067832,22000,0,9900.0,0.0,22000,9900.0
2026-07-31,9A9W,永豐市政,067880,0,6000,0.0,8340.0,-6000,-8340.0
2026-07-31,9A9W,永豐市政,067885,2000,2000,3620.0,3400.0,0,220.0
2026-07-31,9A9W,永豐市政,067943,0,3000,0.0,3210.0,-3000,-3210.0
2026-07-31,9A9W,永豐市政,067997,0,20000,0.0,14800.0,-20000,-14800.0
2026-07-31,9A9W,永豐市政,068024,1000,0,740.0,0.0,1000,740.0
2026-07-31,9A9W,永豐市政,068114,1000,0,320.0,0.0,1000,320.0
2026-07-31,9A9W,永豐市政,068243,0,171000,0.0,94610.0,-171000,-94610.0
2026-07-31,9A9W,永豐市政,068362,4000,0,9600.0,0.0,4000,9600.0
2026-07-31,9A9W,永豐市政,068386,0,5000,0.0,15010.0,-5000,-15010.0
2026-07-31,9A9W,永豐市政,068499,2000,0,920.0,0.0,2000,920.0
2026-07-31,9A9W,永豐市政,068619,1000,0,350.0,0.0,1000,350.0
2026-07-31,9A9W,永豐市政,068633,6000,60000,6300.0,61800.0,-54000,-55500.0
2026-07-31,9A9W,永豐市政,068665,3000,0,6540.0,0.0,3000,6540.0
2026-07-31,9A9W,永豐市政,068670,0,1000,0.0,190.0,-1000,-190.0
2026-07-31,9A9W,永豐市政,068919,0,40000,0.0,67600.0,-40000,-67600.0
2026-07-31,9A9W,永豐市政,068951,3000,0,2610.0,0.0,3000,2610.0
2026-07-31,9A9W,永豐市政,069018,15000,0,10880.0,0.0,15000,10880.0
2026-07-31,9A9W,永豐市政,069021,0,15000,0.0,25000.0,-15000,-25000.0
2026-07-31,9A9W,永豐市政,069084,1000,0,140.0,0.0,1000,140.0
2026-07-31,9A9W,永豐市政,069125,10000,0,5300.0,0.0,10000,5300.0
2026-07-31,9A9W,永豐市政,069157,0,5000,0.0,5690.0,-5000,-5690.0
2026-07-31,9A9W,永豐市政,06915U,0,32000,0.0,46080.0,-32000,-46080.0
2026-07-31,9A9W,永豐市政,069352,1000,0,760.0,0.0,1000,760.0
2026-07-31,9A9W,永豐市政,069371,7000,0,7700.0,0.0,7000,7700.0
2026-07-31,9A9W,永豐市政,069372,16000,9000,8700.0,4300.0,7000,4400.0
2026-07-31,9A9W,永豐市政,069382,0,25000,0.0,20750.0,-25000,-20750.0
2026-07-31,9A9W,永豐市政,069466,10000,0,11700.0,0.0,10000,11700.0
2026-07-31,9A9W,永豐市政,069899,0,140000,0.0,52800.0,-140000,-52800.0
2026-07-31,9A9W,永豐市政,070235,8000,0,11150.0,0.0,8000,11150.0
2026-07-31,9A9W,永豐市政,070314,1000,0,1130.0,0.0,1000,1130.0
2026-07-31,9A9W,永豐市政,070452,0,11000,0.0,4990.0,-11000,-4990.0
2026-07-31,9A9W,永豐市政,070549,14000,0,4620.0,0.0,14000,4620.0
2026-07-31,9A9W,永豐市政,070754,1000,1000,830.0,830.0,0,0.0
2026-07-31,9A9W,永豐市政,070899,0,7000,0.0,12250.0,-7000,-12250.0
2026-07-31,9A9W,永豐市政,071035,0,62000,0.0,32860.0,-62000,-32860.0
2026-07-31,9A9W,永豐市政,071225,0,2000,0.0,2340.0,-2000,-2340.0
2026-07-31,9A9W,永豐市政,071434,21000,0,3270.0,0.0,21000,3270.0
2026-07-31,9A9W,永豐市政,071442,0,4000,0.0,1640.0,-4000,-1640.0
2026-07-31,9A9W,永豐市政,071506,0,1000,0.0,550.0,-1000,-550.0
2026-07-31,9A9W,永豐市政,071536,1000,0,490.0,0.0,1000,490.0
2026-07-31,9A9W,永豐市政,071569,57000,0,33060.0,0.0,57000,33060.0
2026-07-31,9A9W,永豐市政,071798,1000,0,560.0,0.0,1000,560.0
2026-07-31,9A9W,永豐市政,071877,0,30000,0.0,28500.0,-30000,-28500.0
2026-07-31,9A9W,永豐市政,072374,0,5000,0.0,4250.0,-5000,-4250.0
2026-07-31,9A9W,永豐市政,072652,1000,0,1050.0,0.0,1000,1050.0
2026-07-31,9A9W,永豐市政,072760,0,3000,0.0,2340.0,-3000,-2340.0
2026-07-31,9A9W,永豐市政,072834,2000,0,2380.0,0.0,2000,2380.0
2026-07-31,9A9W,永豐市政,073069,8000,42000,8800.0,45780.0,-34000,-36980.0
2026-07-31,9A9W,永豐市政,073391,0,3000,0.0,4050.0,-3000,-4050.0
2026-07-31,9A9W,永豐市政,073553,9000,0,10800.0,0.0,9000,10800.0
2026-07-31,9A9W,永豐市政,073554,10000,0,12500.0,0.0,10000,12500.0
2026-07-31,9A9W,永豐市政,073561,0,1000,0.0,800.0,-1000,-800.0
2026-07-31,9A9W,永豐市政,073717,10000,0,10700.0,0.0,10000,10700.0
2026-07-31,9A9W,永豐市政,073922,1000,0,520.0,0.0,1000,520.0
2026-07-31,9A9W,永豐市政,073966,7000,0,4130.0,0.0,7000,4130.0
2026-07-31,9A9W,永豐市政,074091,0,10000,0.0,13800.0,-10000,-13800.0
2026-07-31,9A9W,永豐市政,074627,1000,0,1310.0,0.0,1000,1310.0
2026-07-31,9A9W,永豐市政,074671,0,20000,0.0,17800.0,-20000,-17800.0
2026-07-31,9A9W,永豐市政,074689,1000,0,2000.0,0.0,1000,2000.0
2026-07-31,9A9W,永豐市政,074994,0,5000,0.0,3500.0,-5000,-3500.0
2026-07-31,9A9W,永豐市政,075054,7000,0,62650.0,0.0,7000,62650.0
2026-07-31,9A9W,永豐市政,075098,2000,0,2470.0,0.0,2000,2470.0
2026-07-31,9A9W,永豐市政,075444,0,12000,0.0,8800.0,-12000,-8800.0
2026-07-31,9A9W,永豐市政,076147,0,10000,0.0,6300.0,-10000,-6300.0
2026-07-31,9A9W,永豐市政,076250,0,1000,0.0,980.0,-1000,-980.0
2026-07-31,9A9W,永豐市政,076659,0,2000,0.0,2780.0,-2000,-2780.0
2026-07-31,9A9W,永豐市政,077525,258000,0,391000.0,0.0,258000,391000.0
2026-07-31,9A9W,永豐市政,077966,10000,0,20000.0,0.0,10000,20000.0
2026-07-31,9A9W,永豐市政,078067,1000,0,2040.0,0.0,1000,2040.0
2026-07-31,9A9W,永豐市政,08436U,1000,0,370.0,0.0,1000,370.0
2026-07-31,9A9W,永豐市政,08527U,73000,68000,31200.0,25160.0,5000,6040.0
2026-07-31,9A9W,永豐市政,08580U,20000,0,7500.0,0.0,20000,7500.0
2026-07-31,9A9W,永豐市政,088412,0,10000,0.0,7900.0,-10000,-7900.0
2026-07-31,9A9W,永豐市政,088416,10000,1000,8000.0,960.0,9000,7040.0
2026-07-31,9A9W,永豐金市政,700113,0,7000,0.0,2350.0,-7000,-2350.0
2026-07-31,9A9W,永豐金市政,700192,0,7000,0.0,2590.0,-7000,-2590.0
2026-07-31,9A9W,永豐金市政,701615,0,1000,0.0,3200.0,-1000,-3200.0
2026-07-31,9A9W,永豐金市政,702308,3000,0,120.0,0.0,3000,120.0
2026-07-31,9A9W,永豐金市政,703616,2000,0,800.0,0.0,2000,800.0
2026-07-31,9A9W,永豐金市政,703838,12000,11000,24000.0,23100.0,1000,900.0
2026-07-31,9A9W,永豐金市政,704236,4000,0,2400.0,0.0,4000,2400.0
2026-07-31,9A9W,永豐金市政,704370,0,372000,0.0,297600.0,-372000,-297600.0
2026-07-31,9A9W,永豐金市政,704746,3000,0,600.0,0.0,3000,600.0
2026-07-31,9A9W,永豐金市政,705273,2000,0,1780.0,0.0,2000,1780.0
2026-07-31,9A9W,永豐金市政,705395,0,3000,0.0,1380.0,-3000,-1380.0
2026-07-31,9A9W,永豐金市政,705523,2000,0,1890.0,0.0,2000,1890.0
2026-07-31,9A9W,永豐金市政,705863,1000,1000,1110.0,1110.0,0,0.0
2026-07-31,9A9W,永豐金市政,706030,0,1000,0.0,340.0,-1000,-340.0
2026-07-31,9A9W,永豐金市政,706451,1000,0,650.0,0.0,1000,650.0
2026-07-31,9A9W,永豐金市政,706536,0,30000,0.0,10200.0,-30000,-10200.0
2026-07-31,9A9W,永豐金市政,706699,1000,0,800.0,0.0,1000,800.0
2026-07-31,9A9W,永豐金市政,706748,20000,0,11600.0,0.0,20000,11600.0
2026-07-31,9A9W,永豐金市政,706905,0,20000,0.0,2800.0,-20000,-2800.0
2026-07-31,9A9W,永豐金市政,707041,1000,0,870.0,0.0,1000,870.0
2026-07-31,9A9W,永豐金市政,707062,0,20000,0.0,76400.0,-20000,-76400.0
2026-07-31,9A9W,永豐金市政,707504,30000,0,15300.0,0.0,30000,15300.0
2026-07-31,9A9W,永豐金市政,707572,0,1000,0.0,230.0,-1000,-230.0
2026-07-31,9A9W,永豐金市政,707705,1000,0,1730.0,0.0,1000,1730.0
2026-07-31,9A9W,永豐金市政,707735,4000,5000,2650.0,2850.0,-1000,-200.0
2026-07-31,9A9W,永豐金市政,708070,0,1000,0.0,130.0,-1000,-130.0
2026-07-31,9A9W,永豐金市政,708076,0,200000,0.0,142000.0,-200000,-142000.0
2026-07-31,9A9W,永豐金市政,708180,0,1000,0.0,740.0,-1000,-740.0
2026-07-31,9A9W,永豐金市政,708335,8000,0,4640.0,0.0,8000,4640.0
2026-07-31,9A9W,永豐金市政,708365,20000,0,18600.0,0.0,20000,18600.0
2026-07-31,9A9W,永豐金市政,708484,1000,0,3200.0,0.0,1000,3200.0
2026-07-31,9A9W,永豐金市政,708498,11000,0,12100.0,0.0,11000,12100.0
2026-07-31,9A9W,永豐金市政,708532,6000,0,7620.0,0.0,6000,7620.0
2026-07-31,9A9W,永豐金市政,708565,50000,0,32000.0,0.0,50000,32000.0
2026-07-31,9A9W,永豐金市政,708590,1000,0,420.0,0.0,1000,420.0
2026-07-31,9A9W,永豐金市政,708682,2000,9000,1040.0,4950.0,-7000,-3910.0
2026-07-31,9A9W,永豐金市政,708825,2000,0,770.0,0.0,2000,770.0
2026-07-31,9A9W,永豐金市政,708839,1000,0,280.0,0.0,1000,280.0
2026-07-31,9A9W,永豐金市政,708883,50000,0,16500.0,0.0,50000,16500.0
2026-07-31,9A9W,永豐金市政,709081,50000,0,24500.0,0.0,50000,24500.0
2026-07-31,9A9W,永豐金市政,709103,2000,0,1780.0,0.0,2000,1780.0
2026-07-31,9A9W,永豐金市政,709147,5000,0,3300.0,0.0,5000,3300.0
2026-07-31,9A9W,永豐金市政,709611,0,10000,0.0,29000.0,-10000,-29000.0
2026-07-31,9A9W,永豐金市政,709617,0,10000,0.0,11500.0,-10000,-11500.0
2026-07-31,9A9W,永豐金市政,709633,0,100000,0.0,105000.0,-100000,-105000.0
2026-07-31,9A9W,永豐金市政,709869,10000,0,27300.0,0.0,10000,27300.0
2026-07-31,9A9W,永豐金市政,710188,2000,0,1440.0,0.0,2000,1440.0
2026-07-31,9A9W,永豐金市政,710676,10000,0,6100.0,0.0,10000,6100.0
2026-07-31,9A9W,永豐金市政,710922,0,20000,0.0,4800.0,-20000,-4800.0
2026-07-31,9A9W,永豐金市政,711804,10000,0,6400.0,0.0,10000,6400.0
2026-07-31,9A9W,永豐金市政,733460,0,10000,0.0,10100.0,-10000,-10100.0
2026-07-31,9A9W,永豐金市政,733461,10000,25000,4700.0,13300.0,-15000,-8600.0
2026-07-31,9A9W,永豐金市政,734209,0,1000,0.0,1800.0,-1000,-1800.0
2026-07-31,9A9W,永豐金市政,736934,1000,0,4210.0,0.0,1000,4210.0
2026-07-31,9A9W,永豐金市政,739425,1000,0,40.0,0.0,1000,40.0
2026-07-31,9A9W,永豐金市政,739715,1000,0,2200.0,0.0,1000,2200.0
2026-07-31,9A9X,永豐竹科,03046T,1000,0,200.0,0.0,1000,200.0
2026-07-31,9A9X,永豐竹科,03118T,2000,0,2200.0,0.0,2000,2200.0
2026-07-31,9A9X,永豐竹科,03162T,40000,4000,3000.0,340.0,36000,2660.0
2026-07-31,9A9X,永豐竹科,03306T,20000,0,23600.0,0.0,20000,23600.0
2026-07-31,9A9X,永豐竹科,03331T,0,3000,0.0,1980.0,-3000,-1980.0
2026-07-31,9A9X,永豐竹科,03371T,0,1000,0.0,360.0,-1000,-360.0
2026-07-31,9A9X,永豐竹科,03458T,0,2265000,0.0,4250000.0,-2265000,-4250000.0
2026-07-31,9A9X,永豐竹科,03467T,1000,0,1900.0,0.0,1000,1900.0
2026-07-31,9A9X,永豐竹科,03478T,3000,28000,2800.0,26450.0,-25000,-23650.0
2026-07-31,9A9X,永豐竹科,03564T,0,1000,0.0,340.0,-1000,-340.0
2026-07-31,9A9X,永豐竹科,035737,0,8000,0.0,760.0,-8000,-760.0
2026-07-31,9A9X,永豐竹科,036128,0,1000,0.0,2680.0,-1000,-2680.0
2026-07-31,9A9X,永豐竹科,03732B,1000,1000,760.0,820.0,0,-60.0
2026-07-31,9A9X,永豐竹科,03737B,100000,0,112700.0,0.0,100000,112700.0
2026-07-31,9A9X,永豐竹科,038315,0,2000,0.0,10900.0,-2000,-10900.0
2026-07-31,9A9X,永豐竹科,038318,3000,0,4200.0,0.0,3000,4200.0
2026-07-31,9A9X,永豐竹科,038321,1000,2000,4000.0,8080.0,-1000,-4080.0
2026-07-31,9A9X,永豐竹科,039439,20000,0,3600.0,0.0,20000,3600.0
2026-07-31,9A9X,永豐竹科,04014C,2000,0,7460.0,0.0,2000,7460.0
2026-07-31,9A9X,永豐竹科,047101,0,1000,0.0,6400.0,-1000,-6400.0
2026-07-31,9A9X,永豐竹科,049713,0,10000,0.0,14800.0,-10000,-14800.0
2026-07-31,9A9X,永豐竹科,049899,0,15000,0.0,32000.0,-15000,-32000.0
2026-07-31,9A9X,永豐竹科,052214,100000,0,48000.0,0.0,100000,48000.0
2026-07-31,9A9X,永豐竹科,052563,0,1000,0.0,38600.0,-1000,-38600.0
2026-07-31,9A9X,永豐竹科,053517,23000,0,32700.0,0.0,23000,32700.0
2026-07-31,9A9X,永豐竹科,054555,2000,0,2800.0,0.0,2000,2800.0
2026-07-31,9A9X,永豐竹科,055891,0,10000,0.0,18700.0,-10000,-18700.0
2026-07-31,9A9X,永豐竹科,056058,1000,0,900.0,0.0,1000,900.0
2026-07-31,9A9X,永豐竹科,056490,0,14000,0.0,8820.0,-14000,-8820.0
2026-07-31,9A9X,永豐竹科,057511,3000,0,4160.0,0.0,3000,4160.0
2026-07-31,9A9X,永豐竹科,057631,1000,0,1820.0,0.0,1000,1820.0
2026-07-31,9A9X,永豐竹科,058785,0,15000,0.0,69900.0,-15000,-69900.0
2026-07-31,9A9X,永豐竹科,059178,0,1000,0.0,1540.0,-1000,-1540.0
2026-07-31,9A9X,永豐竹科,059213,0,4000,0.0,3300.0,-4000,-3300.0
2026-07-31,9A9X,永豐竹科,059654,0,50000,0.0,7000.0,-50000,-7000.0
2026-07-31,9A9X,永豐竹科,061448,0,17000,0.0,34000.0,-17000,-34000.0
2026-07-31,9A9X,永豐竹科,062339,2000,0,2040.0,0.0,2000,2040.0
2026-07-31,9A9X,永豐竹科,062442,0,1000,0.0,1410.0,-1000,-1410.0
2026-07-31,9A9X,永豐竹科,063248,0,5000,0.0,17900.0,-5000,-17900.0
2026-07-31,9A9X,永豐竹科,063344,10000,0,3800.0,0.0,10000,3800.0
2026-07-31,9A9X,永豐竹科,063399,100000,0,44000.0,0.0,100000,44000.0
2026-07-31,9A9X,永豐竹科,063809,20000,0,26000.0,0.0,20000,26000.0
2026-07-31,9A9X,永豐竹科,064238,1000,0,310.0,0.0,1000,310.0
2026-07-31,9A9X,永豐竹科,064388,1000,0,2790.0,0.0,1000,2790.0
2026-07-31,9A9X,永豐竹科,064604,1000,0,1880.0,0.0,1000,1880.0
2026-07-31,9A9X,永豐竹科,065423,2000,0,1000.0,0.0,2000,1000.0
2026-07-31,9A9X,永豐竹科,065609,4000,0,1640.0,0.0,4000,1640.0
2026-07-31,9A9X,永豐竹科,065660,0,4000,0.0,3360.0,-4000,-3360.0
2026-07-31,9A9X,永豐竹科,066465,3000,0,4020.0,0.0,3000,4020.0
2026-07-31,9A9X,永豐竹科,066530,1000,0,980.0,0.0,1000,980.0
2026-07-31,9A9X,永豐竹科,067052,4000,0,2600.0,0.0,4000,2600.0
2026-07-31,9A9X,永豐竹科,067142,1000,1000,1430.0,1470.0,0,-40.0
2026-07-31,9A9X,永豐竹科,067466,0,50000,0.0,180500.0,-50000,-180500.0
2026-07-31,9A9X,永豐竹科,067475,10000,0,9100.0,0.0,10000,9100.0
2026-07-31,9A9X,永豐竹科,067638,0,551000,0.0,420780.0,-551000,-420780.0
2026-07-31,9A9X,永豐竹科,067791,0,10000,0.0,10000.0,-10000,-10000.0
2026-07-31,9A9X,永豐竹科,067814,20000,0,24000.0,0.0,20000,24000.0
2026-07-31,9A9X,永豐竹科,068015,0,1000,0.0,570.0,-1000,-570.0
2026-07-31,9A9X,永豐竹科,068444,0,1000,0.0,790.0,-1000,-790.0
2026-07-31,9A9X,永豐竹科,069083,0,7000,0.0,9310.0,-7000,-9310.0
2026-07-31,9A9X,永豐竹科,069157,1000,0,1110.0,0.0,1000,1110.0
2026-07-31,9A9X,永豐竹科,069618,1000,0,990.0,0.0,1000,990.0
2026-07-31,9A9X,永豐竹科,069932,20000,0,13700.0,0.0,20000,13700.0
2026-07-31,9A9X,永豐竹科,070337,5000,0,4100.0,0.0,5000,4100.0
2026-07-31,9A9X,永豐竹科,070365,0,1000,0.0,740.0,-1000,-740.0
2026-07-31,9A9X,永豐竹科,070606,25000,0,19500.0,0.0,25000,19500.0
2026-07-31,9A9X,永豐竹科,070822,0,2000,0.0,3180.0,-2000,-3180.0
2026-07-31,9A9X,永豐竹科,071466,25000,0,40750.0,0.0,25000,40750.0
2026-07-31,9A9X,永豐竹科,071506,0,5000,0.0,2850.0,-5000,-2850.0
2026-07-31,9A9X,永豐竹科,072076,0,1000,0.0,190.0,-1000,-190.0
2026-07-31,9A9X,永豐竹科,072634,2000,0,1600.0,0.0,2000,1600.0
2026-07-31,9A9X,永豐竹科,072753,5000,4000,12300.0,10200.0,1000,2100.0
2026-07-31,9A9X,永豐竹科,073027,49000,0,33320.0,0.0,49000,33320.0
2026-07-31,9A9X,永豐竹科,073101,0,11000,0.0,13090.0,-11000,-13090.0
2026-07-31,9A9X,永豐竹科,073261,5000,0,1750.0,0.0,5000,1750.0
2026-07-31,9A9X,永豐竹科,074231,0,25000,0.0,29400.0,-25000,-29400.0
2026-07-31,9A9X,永豐竹科,07490U,1000,0,330.0,0.0,1000,330.0
2026-07-31,9A9X,永豐竹科,075989,25000,0,45950.0,0.0,25000,45950.0
2026-07-31,9A9X,永豐竹科,076609,1000,0,830.0,0.0,1000,830.0
2026-07-31,9A9X,永豐竹科,078219,1000,0,750.0,0.0,1000,750.0
2026-07-31,9A9X,永豐竹科,08184U,0,1000,0.0,30.0,-1000,-30.0
2026-07-31,9A9X,永豐竹科,08796U,1000,0,400.0,0.0,1000,400.0
2026-07-31,9A9X,永豐金竹科,700710,30000,0,10200.0,0.0,30000,10200.0
2026-07-31,9A9X,永豐金竹科,703075,0,100000,0.0,1000.0,-100000,-1000.0
2026-07-31,9A9X,永豐金竹科,704100,2000,0,3020.0,0.0,2000,3020.0
2026-07-31,9A9X,永豐金竹科,704362,0,1000,0.0,3520.0,-1000,-3520.0
2026-07-31,9A9X,永豐金竹科,706375,0,5000,0.0,7450.0,-5000,-7450.0
2026-07-31,9A9X,永豐金竹科,706565,5000,0,4000.0,0.0,5000,4000.0
2026-07-31,9A9X,永豐金竹科,707844,0,5000,0.0,3950.0,-5000,-3950.0
2026-07-31,9A9X,永豐金竹科,708152,0,49000,0.0,42140.0,-49000,-42140.0
2026-07-31,9A9X,永豐金竹科,708195,20000,0,14800.0,0.0,20000,14800.0
2026-07-31,9A9X,永豐金竹科,708238,168000,0,143980.0,0.0,168000,143980.0
2026-07-31,9A9X,永豐金竹科,708377,40000,0,24800.0,0.0,40000,24800.0
2026-07-31,9A9X,永豐金竹科,708499,5000,0,8500.0,0.0,5000,8500.0
2026-07-31,9A9X,永豐金竹科,708500,10000,0,6400.0,0.0,10000,6400.0
2026-07-31,9A9X,永豐金竹科,708675,20000,0,10400.0,0.0,20000,10400.0
2026-07-31,9A9X,永豐金竹科,709792,0,3000,0.0,12800.0,-3000,-12800.0
2026-07-31,9A9X,永豐金竹科,710014,0,2000,0.0,1280.0,-2000,-1280.0
2026-07-31,9A9X,永豐金竹科,710979,0,89000,0.0,101570.0,-89000,-101570.0
2026-07-31,9A9X,永豐金竹科,711047,30000,0,14700.0,0.0,30000,14700.0
2026-07-31,9A9X,永豐金竹科,711800,3000,0,1710.0,0.0,3000,1710.0
2026-07-31,9A9X,永豐金竹科,72749U,1000,0,1370.0,0.0,1000,1370.0
2026-07-31,9A9X,永豐金竹科,72932U,2000,0,3660.0,0.0,2000,3660.0
2026-07-31,9A9X,永豐金竹科,739372,20000,0,7500.0,0.0,20000,7500.0
2026-07-31,9A9g,永豐內湖,03178T,14000,0,10630.0,0.0,14000,10630.0
2026-07-31,9A9g,永豐內湖,03275T,20000,0,27150.0,0.0,20000,27150.0
2026-07-31,9A9g,永豐內湖,03703T,0,30000,0.0,46800.0,-30000,-46800.0
2026-07-31,9A9g,永豐內湖,043891,0,1000,0.0,2760.0,-1000,-2760.0
2026-07-31,9A9g,永豐內湖,044403,0,1000,0.0,970.0,-1000,-970.0
2026-07-31,9A9g,永豐內湖,049672,499000,0,194610.0,0.0,499000,194610.0
2026-07-31,9A9g,永豐內湖,050721,10000,0,20680.0,0.0,10000,20680.0
2026-07-31,9A9g,永豐內湖,051095,20000,0,17600.0,0.0,20000,17600.0
2026-07-31,9A9g,永豐內湖,051258,1000,0,2880.0,0.0,1000,2880.0
2026-07-31,9A9g,永豐內湖,051259,30000,0,57290.0,0.0,30000,57290.0
2026-07-31,9A9g,永豐內湖,057372,10000,0,17100.0,0.0,10000,17100.0
2026-07-31,9A9g,永豐內湖,062950,8000,0,10200.0,0.0,8000,10200.0
2026-07-31,9A9g,永豐內湖,063076,100000,0,47000.0,0.0,100000,47000.0
2026-07-31,9A9g,永豐內湖,063378,140000,190000,61800.0,79800.0,-50000,-18000.0
2026-07-31,9A9g,永豐內湖,063740,5000,0,4450.0,0.0,5000,4450.0
2026-07-31,9A9g,永豐內湖,064220,679000,0,1059240.0,0.0,679000,1059240.0
2026-07-31,9A9g,永豐內湖,064691,0,1000,0.0,1500.0,-1000,-1500.0
2026-07-31,9A9g,永豐內湖,066235,331000,0,541890.0,0.0,331000,541890.0
2026-07-31,9A9g,永豐內湖,067428,2000,0,2560.0,0.0,2000,2560.0
2026-07-31,9A9g,永豐內湖,067638,5000,0,3700.0,0.0,5000,3700.0
2026-07-31,9A9g,永豐內湖,067790,0,2000,0.0,2360.0,-2000,-2360.0
2026-07-31,9A9g,永豐內湖,068002,0,6000,0.0,5460.0,-6000,-5460.0
2026-07-31,9A9g,永豐內湖,069188,10000,7000,500.0,1610.0,3000,-1110.0
2026-07-31,9A9g,永豐內湖,069382,0,40000,0.0,33200.0,-40000,-33200.0
2026-07-31,9A9g,永豐內湖,070722,0,1000,0.0,400.0,-1000,-400.0
2026-07-31,9A9g,永豐內湖,071523,10000,10000,11100.0,11600.0,0,-500.0
2026-07-31,9A9g,永豐內湖,072543,0,4000,0.0,5920.0,-4000,-5920.0
2026-07-31,9A9g,永豐內湖,072992,0,92000,0.0,115920.0,-92000,-115920.0
2026-07-31,9A9g,永豐內湖,08680U,10000,0,18300.0,0.0,10000,18300.0
2026-07-31,9A9g,永豐金內湖,704207,20000,0,46700.0,0.0,20000,46700.0
2026-07-31,9A9g,永豐金內湖,705852,0,2000,0.0,490.0,-2000,-490.0
2026-07-31,9A9g,永豐金內湖,706701,7000,0,2250.0,0.0,7000,2250.0
2026-07-31,9A9g,永豐金內湖,707285,10000,0,13000.0,0.0,10000,13000.0
2026-07-31,9A9g,永豐金內湖,709081,25000,0,12000.0,0.0,25000,12000.0
