date,securities_trader_id,securities_trader,stock_id,buy_volume,sell_volume,buy_amount,sell_amount,net_volume,net_amount
2026-08-03,111B,台企建成,031805,20000,0,42100.0,0.0,20000,42100.0
2026-08-03,111B,台企建成,033549,20000,0,19400.0,0.0,20000,19400.0
2026-08-03,111B,台企建成,03431T,10000,0,11700.0,0.0,10000,11700.0
2026-08-03,111B,台企建成,056811,0,65000,0.0,143000.0,-65000,-143000.0
2026-08-03,111B,台企建成,069620,0,23000,0.0,102810.0,-23000,-102810.0
2026-08-03,111B,台企建成,070550,80000,0,120800.0,0.0,80000,120800.0
2026-08-03,538Y,第一中壢,03474T,100000,100000,95000.0,95000.0,0,0.0
2026-08-03,538Y,第一中壢,056074,30000,0,62400.0,0.0,30000,62400.0
2026-08-03,538Y,第一中壢,057748,0,1000,0.0,540.0,-1000,-540.0
2026-08-03,538Y,第一中壢,058141,0,20000,0.0,11200.0,-20000,-11200.0
2026-08-03,538Y,第一中壢,059005,0,45000,0.0,36000.0,-45000,-36000.0
2026-08-03,538Y,第一中壢,059813,0,3000,0.0,17400.0,-3000,-17400.0
2026-08-03,538Y,第一中壢,060936,0,70000,0.0,21800.0,-70000,-21800.0
2026-08-03,538Y,第一中壢,061776,0,8000,0.0,3200.0,-8000,-3200.0
2026-08-03,538Y,第一中壢,063288,0,20000,0.0,11600.0,-20000,-11600.0
2026-08-03,538Y,第一中壢,063344,3000,0,1020.0,0.0,3000,1020.0
2026-08-03,538Y,第一中壢,063579,14000,0,14070.0,0.0,14000,14070.0
2026-08-03,538Y,第一中壢,064148,10000,0,18700.0,0.0,10000,18700.0
2026-08-03,538Y,第一中壢,065357,0,20000,0.0,11200.0,-20000,-11200.0
2026-08-03,538Y,第一中壢,065609,25000,0,14500.0,0.0,25000,14500.0
2026-08-03,538Y,第一中壢,065626,1000,0,6100.0,0.0,1000,6100.0
2026-08-03,538Y,第一中壢,065804,1000,0,5200.0,0.0,1000,5200.0
2026-08-03,538Y,第一中壢,066220,1000,0,2740.0,0.0,1000,2740.0
2026-08-03,538Y,第一中壢,066557,0,30000,0.0,6600.0,-30000,-6600.0
2026-08-03,538Y,第一中壢,067039,0,10000,0.0,2500.0,-10000,-2500.0
2026-08-03,538Y,第一中壢,067441,20000,0,21600.0,0.0,20000,21600.0
2026-08-03,538Y,第一中壢,067791,10000,0,12900.0,0.0,10000,12900.0
2026-08-03,538Y,第一中壢,067984,2000,0,1220.0,0.0,2000,1220.0
2026-08-03,538Y,第一中壢,068782,4000,0,2830.0,0.0,4000,2830.0
2026-08-03,538Y,第一中壢,069370,0,26000,0.0,23400.0,-26000,-23400.0
2026-08-03,538Y,第一中壢,069928,0,18000,0.0,4320.0,-18000,-4320.0
2026-08-03,538Y,第一中壢,070256,3000,0,1860.0,0.0,3000,1860.0
2026-08-03,538Y,第一中壢,070323,0,5000,0.0,4450.0,-5000,-4450.0
2026-08-03,538Y,第一中壢,070324,15000,0,11110.0,0.0,15000,11110.0
2026-08-03,538Y,第一中壢,070337,20000,0,18200.0,0.0,20000,18200.0
2026-08-03,538Y,第一中壢,070774,9000,0,10890.0,0.0,9000,10890.0
2026-08-03,538Y,第一中壢,072351,15000,0,11750.0,0.0,15000,11750.0
2026-08-03,538Y,第一中壢,072570,1000,11000,380.0,3850.0,-10000,-3470.0
2026-08-03,538Y,第一中壢,074796,1000,0,1150.0,0.0,1000,1150.0
2026-08-03,538Y,第一中壢,076890,0,1000,0.0,2520.0,-1000,-2520.0
2026-08-03,538Y,第一中壢,077608,10000,0,10700.0,0.0,10000,10700.0
2026-08-03,538Y,第一中壢,077687,5000,0,10350.0,0.0,5000,10350.0
2026-08-03,538Y,第一金中壢,704295,30000,0,7500.0,0.0,30000,7500.0
2026-08-03,538Y,第一金中壢,704926,0,3000,0.0,12330.0,-3000,-12330.0
2026-08-03,538Y,第一金中壢,706972,3000,0,10320.0,0.0,3000,10320.0
2026-08-03,538Y,第一金中壢,707042,11000,0,20000.0,0.0,11000,20000.0
2026-08-03,538Y,第一金中壢,708741,1000,11000,1100.0,9100.0,-10000,-8000.0
2026-08-03,538Y,第一金中壢,709282,12000,0,10080.0,0.0,12000,10080.0
2026-08-03,538Y,第一金中壢,709717,1000,0,1570.0,0.0,1000,1570.0
2026-08-03,538Y,第一金中壢,710801,0,25000,0.0,8050.0,-25000,-8050.0
2026-08-03,538Y,第一金中壢,711500,1000,2000,1250.0,2820.0,-1000,-1570.0
2026-08-03,5853,統一中壢,03099T,0,101000,0.0,12120.0,-101000,-12120.0
2026-08-03,5853,統一中壢,048581,10000,0,19000.0,0.0,10000,19000.0
2026-08-03,5853,統一中壢,048923,0,1000,0.0,18000.0,-1000,-18000.0
2026-08-03,5853,統一中壢,050195,0,1000,0.0,6300.0,-1000,-6300.0
2026-08-03,5853,統一中壢,052806,10000,0,5100.0,0.0,10000,5100.0
2026-08-03,5853,統一中壢,057640,2000,0,2540.0,0.0,2000,2540.0
2026-08-03,5853,統一中壢,058614,12000,0,10440.0,0.0,12000,10440.0
2026-08-03,5853,統一中壢,068002,10000,0,11200.0,0.0,10000,11200.0
2026-08-03,5853,統一中壢,068596,20000,0,28600.0,0.0,20000,28600.0
2026-08-03,5853,統一中壢,069282,20000,0,13800.0,0.0,20000,13800.0
2026-08-03,5853,統一中壢,070256,0,2000,0.0,1400.0,-2000,-1400.0
2026-08-03,5853,統一中壢,070301,20000,0,18000.0,0.0,20000,18000.0
2026-08-03,5853,統一中壢,074673,0,10000,0.0,11000.0,-10000,-11000.0
2026-08-03,5853,統一中壢,074791,0,10000,0.0,11000.0,-10000,-11000.0
2026-08-03,5853,統一中壢,075212,0,22000,0.0,16500.0,-22000,-16500.0
2026-08-03,5853,統一中壢,075625,0,1000,0.0,22000.0,-1000,-22000.0
2026-08-03,5853,統一中壢,075827,10000,0,7600.0,0.0,10000,7600.0
2026-08-03,5853,統一中壢,08432U,20000,0,1400.0,0.0,20000,1400.0
2026-08-03,5853,統一中壢,08525U,10000,0,2000.0,0.0,10000,2000.0
2026-08-03,5853,統一中壢,08630U,39000,0,5070.0,0.0,39000,5070.0
2026-08-03,5853,統一中壢,08720U,0,87000,0.0,13050.0,-87000,-13050.0
2026-08-03,5853,統一中壢,705003,100000,100000,76000.0,74000.0,0,2000.0
2026-08-03,5853,統一中壢,708179,100000,100000,61000.0,66000.0,0,-5000.0
2026-08-03,5853,統一中壢,708588,28000,0,4020.0,0.0,28000,4020.0
2026-08-03,5853,統一中壢,710078,14000,0,10500.0,0.0,14000,10500.0
2026-08-03,585Q,統一三多,030573,0,1000,0.0,2270.0,-1000,-2270.0
2026-08-03,585Q,統一三多,03074T,0,10000,0.0,5900.0,-10000,-5900.0
2026-08-03,585Q,統一三多,03421T,8000,0,9840.0,0.0,8000,9840.0
2026-08-03,585Q,統一三多,034345,0,5000,0.0,2250.0,-5000,-2250.0
2026-08-03,585Q,統一三多,03794T,0,5000,0.0,10550.0,-5000,-10550.0
2026-08-03,585Q,統一三多,03883T,0,5000,0.0,8050.0,-5000,-8050.0
2026-08-03,585Q,統一三多,038848,0,6000,0.0,3060.0,-6000,-3060.0
2026-08-03,585Q,統一三多,03972C,0,50000,0.0,21500.0,-50000,-21500.0
2026-08-03,585Q,統一三多,043900,10000,0,7500.0,0.0,10000,7500.0
2026-08-03,585Q,統一三多,044185,2000,0,1450.0,0.0,2000,1450.0
2026-08-03,585Q,統一三多,052251,0,100000,0.0,1000.0,-100000,-1000.0
2026-08-03,585Q,統一三多,053858,1000,0,2990.0,0.0,1000,2990.0
2026-08-03,585Q,統一三多,058888,0,4000,0.0,6040.0,-4000,-6040.0
2026-08-03,585Q,統一三多,059080,0,1000,0.0,1120.0,-1000,-1120.0
2026-08-03,585Q,統一三多,059264,0,10000,0.0,13600.0,-10000,-13600.0
2026-08-03,585Q,統一三多,059944,5000,0,14050.0,0.0,5000,14050.0
2026-08-03,585Q,統一三多,060542,0,20000,0.0,47800.0,-20000,-47800.0
2026-08-03,585Q,統一三多,062211,0,265000,0.0,999050.0,-265000,-999050.0
2026-08-03,585Q,統一三多,062375,59000,20000,85100.0,30000.0,39000,55100.0
2026-08-03,585Q,統一三多,062639,0,955000,0.0,1467540.0,-955000,-1467540.0
2026-08-03,585Q,統一三多,062750,30000,0,48700.0,0.0,30000,48700.0
2026-08-03,585Q,統一三多,062752,0,1183000,0.0,920300.0,-1183000,-920300.0
2026-08-03,585Q,統一三多,063169,246000,0,939880.0,0.0,246000,939880.0
2026-08-03,585Q,統一三多,063302,0,20000,0.0,54200.0,-20000,-54200.0
2026-08-03,585Q,統一三多,063692,400000,0,556000.0,0.0,400000,556000.0
2026-08-03,585Q,統一三多,065968,10000,0,19000.0,0.0,10000,19000.0
2026-08-03,585Q,統一三多,066072,0,20000,0.0,39800.0,-20000,-39800.0
2026-08-03,585Q,統一三多,066222,150000,0,870000.0,0.0,150000,870000.0
2026-08-03,585Q,統一三多,067425,0,2000,0.0,5320.0,-2000,-5320.0
2026-08-03,585Q,統一三多,067806,0,100000,0.0,235000.0,-100000,-235000.0
2026-08-03,585Q,統一三多,068081,17000,0,10540.0,0.0,17000,10540.0
2026-08-03,585Q,統一三多,068393,0,1000,0.0,900.0,-1000,-900.0
2026-08-03,585Q,統一三多,068789,5000,0,2300.0,0.0,5000,2300.0
2026-08-03,585Q,統一三多,069777,0,17000,0.0,33470.0,-17000,-33470.0
2026-08-03,585Q,統一三多,070547,15000,0,6000.0,0.0,15000,6000.0
2026-08-03,585Q,統一三多,070711,1000,1000,680.0,680.0,0,0.0
2026-08-03,585Q,統一三多,070928,0,19000,0.0,26410.0,-19000,-26410.0
2026-08-03,585Q,統一三多,071412,0,20000,0.0,11800.0,-20000,-11800.0
2026-08-03,585Q,統一三多,072024,0,1000,0.0,880.0,-1000,-880.0
2026-08-03,585Q,統一三多,072570,0,17000,0.0,6290.0,-17000,-6290.0
2026-08-03,585Q,統一三多,073673,0,13000,0.0,11500.0,-13000,-11500.0
2026-08-03,585Q,統一三多,074137,0,2000,0.0,1080.0,-2000,-1080.0
2026-08-03,585Q,統一三多,074390,100000,0,62000.0,0.0,100000,62000.0
2026-08-03,585Q,統一三多,074397,0,1000,0.0,610.0,-1000,-610.0
2026-08-03,585Q,統一三多,074560,298000,1258000,340800.0,1539240.0,-960000,-1198440.0
2026-08-03,585Q,統一三多,074573,448000,2000,107720.0,610.0,446000,107110.0
2026-08-03,585Q,統一三多,074675,0,60000,0.0,42800.0,-60000,-42800.0
2026-08-03,585Q,統一三多,074984,0,20000,0.0,21200.0,-20000,-21200.0
2026-08-03,585Q,統一三多,075071,10000,0,14700.0,0.0,10000,14700.0
2026-08-03,585Q,統一三多,075257,30000,0,38600.0,0.0,30000,38600.0
2026-08-03,585Q,統一三多,075413,20000,0,16250.0,0.0,20000,16250.0
2026-08-03,585Q,統一三多,075970,0,45000,0.0,79140.0,-45000,-79140.0
2026-08-03,585Q,統一三多,076166,0,28000,0.0,26350.0,-28000,-26350.0
2026-08-03,585Q,統一三多,076254,0,3000,0.0,2700.0,-3000,-2700.0
2026-08-03,585Q,統一三多,076307,0,3000,0.0,2130.0,-3000,-2130.0
2026-08-03,585Q,統一三多,076561,3000,0,4270.0,0.0,3000,4270.0
2026-08-03,585Q,統一三多,076945,10000,13000,19450.0,24790.0,-3000,-5340.0
2026-08-03,585Q,統一三多,077481,8000,0,7880.0,0.0,8000,7880.0
2026-08-03,585Q,統一三多,077939,10000,0,14820.0,0.0,10000,14820.0
2026-08-03,585Q,統一三多,08438U,6000,0,3260.0,0.0,6000,3260.0
2026-08-03,585Q,統一三多,700024,10000,0,2600.0,0.0,10000,2600.0
2026-08-03,585Q,統一三多,700201,0,1000,0.0,2500.0,-1000,-2500.0
2026-08-03,585Q,統一三多,705485,0,61000,0.0,178730.0,-61000,-178730.0
2026-08-03,585Q,統一三多,705589,0,1000,0.0,770.0,-1000,-770.0
2026-08-03,585Q,統一三多,705781,0,60000,0.0,46200.0,-60000,-46200.0
2026-08-03,585Q,統一三多,707042,0,2000,0.0,3500.0,-2000,-3500.0
2026-08-03,585Q,統一三多,707051,0,1000,0.0,2860.0,-1000,-2860.0
2026-08-03,585Q,統一三多,708289,5000,0,3850.0,0.0,5000,3850.0
2026-08-03,585Q,統一三多,708462,300000,1000,57000.0,300.0,299000,56700.0
2026-08-03,585Q,統一三多,709006,5000,15000,6850.0,21050.0,-10000,-14200.0
2026-08-03,585Q,統一三多,709705,0,2000,0.0,2240.0,-2000,-2240.0
2026-08-03,585Q,統一三多,709718,10000,0,11300.0,0.0,10000,11300.0
2026-08-03,585Q,統一三多,709885,0,2000,0.0,1100.0,-2000,-1100.0
2026-08-03,585Q,統一三多,710069,0,50000,0.0,26500.0,-50000,-26500.0
2026-08-03,585Q,統一三多,710073,0,1000,0.0,730.0,-1000,-730.0
2026-08-03,585Q,統一三多,710153,50000,50000,34500.0,33500.0,0,1000.0
2026-08-03,585Q,統一三多,711138,0,20000,0.0,10000.0,-20000,-10000.0
2026-08-03,585Q,統一三多,72898U,200000,0,164000.0,0.0,200000,164000.0
2026-08-03,585Q,統一三多,72988U,1000,0,900.0,0.0,1000,900.0
2026-08-03,585Q,統一三多,733461,5000,0,2750.0,0.0,5000,2750.0
2026-08-03,585Y,統一土城,03051T,300000,300000,75000.0,75000.0,0,0.0
2026-08-03,585Y,統一土城,038532,5000,0,7900.0,0.0,5000,7900.0
2026-08-03,585Y,統一土城,043893,10000,0,5300.0,0.0,10000,5300.0
2026-08-03,585Y,統一土城,047421,5000,0,28500.0,0.0,5000,28500.0
2026-08-03,585Y,統一土城,047619,10000,0,86500.0,0.0,10000,86500.0
2026-08-03,585Y,統一土城,050315,3000,0,6600.0,0.0,3000,6600.0
2026-08-03,585Y,統一土城,052806,50000,0,25800.0,0.0,50000,25800.0
2026-08-03,585Y,統一土城,054766,0,16000,0.0,6560.0,-16000,-6560.0
2026-08-03,585Y,統一土城,056067,10000,0,7000.0,0.0,10000,7000.0
2026-08-03,585Y,統一土城,060073,2000,0,6800.0,0.0,2000,6800.0
2026-08-03,585Y,統一土城,063598,10000,0,8900.0,0.0,10000,8900.0
2026-08-03,585Y,統一土城,063603,0,1000,0.0,6000.0,-1000,-6000.0
2026-08-03,585Y,統一土城,064013,3000,0,6120.0,0.0,3000,6120.0
2026-08-03,585Y,統一土城,064423,50000,0,37000.0,0.0,50000,37000.0
2026-08-03,585Y,統一土城,064524,15000,0,14450.0,0.0,15000,14450.0
2026-08-03,585Y,統一土城,065609,15000,0,8950.0,0.0,15000,8950.0
2026-08-03,585Y,統一土城,065835,0,3000,0.0,5700.0,-3000,-5700.0
2026-08-03,585Y,統一土城,066147,5000,0,8750.0,0.0,5000,8750.0
2026-08-03,585Y,統一土城,066168,0,1000,0.0,310.0,-1000,-310.0
2026-08-03,585Y,統一土城,067142,20000,0,31400.0,0.0,20000,31400.0
2026-08-03,585Y,統一土城,068325,0,230000,0.0,196800.0,-230000,-196800.0
2026-08-03,585Y,統一土城,071019,5000,0,2850.0,0.0,5000,2850.0
2026-08-03,585Y,統一土城,071448,10000,0,6800.0,0.0,10000,6800.0
2026-08-03,585Y,統一土城,074784,50000,0,19000.0,0.0,50000,19000.0
2026-08-03,585Y,統一土城,707352,11000,0,10020.0,0.0,11000,10020.0
2026-08-03,585Y,統一土城,708044,0,10000,0.0,6700.0,-10000,-6700.0
2026-08-03,6114,中銀員林,03679T,0,9000,0.0,14760.0,-9000,-14760.0
2026-08-03,6114,中銀員林,051210,20000,0,13970.0,0.0,20000,13970.0
2026-08-03,6114,中銀員林,051440,56000,0,36900.0,0.0,56000,36900.0
2026-08-03,6114,中銀員林,060926,50000,0,28500.0,0.0,50000,28500.0
2026-08-03,6114,中銀員林,063344,20000,0,7000.0,0.0,20000,7000.0
2026-08-03,6114,中銀員林,064013,0,1000,0.0,2100.0,-1000,-2100.0
2026-08-03,6114,中銀員林,065757,0,20000,0.0,4600.0,-20000,-4600.0
2026-08-03,6114,中銀員林,065791,29000,0,79000.0,0.0,29000,79000.0
2026-08-03,6114,中銀員林,066046,0,21000,0.0,15540.0,-21000,-15540.0
2026-08-03,6114,中銀員林,068060,5000,0,2550.0,0.0,5000,2550.0
2026-08-03,6114,中銀員林,068583,13000,0,84100.0,0.0,13000,84100.0
2026-08-03,6114,中銀員林,069290,2000,0,560.0,0.0,2000,560.0
2026-08-03,6114,中銀員林,070438,10000,0,5750.0,0.0,10000,5750.0
2026-08-03,6114,中銀員林,070962,5000,0,3750.0,0.0,5000,3750.0
2026-08-03,6114,中銀員林,071434,10000,0,2000.0,0.0,10000,2000.0
2026-08-03,6114,中銀員林,071436,0,10000,0.0,2100.0,-10000,-2100.0
2026-08-03,6114,中銀員林,072570,20000,0,7000.0,0.0,20000,7000.0
2026-08-03,6114,中銀員林,072908,30000,0,7900.0,0.0,30000,7900.0
2026-08-03,6114,中銀員林,075662,5000,0,2100.0,0.0,5000,2100.0
2026-08-03,6114,中銀員林,076581,300000,0,126000.0,0.0,300000,126000.0
2026-08-03,6114,中銀員林,076623,10000,0,3800.0,0.0,10000,3800.0
2026-08-03,6114,中銀員林,076624,0,16000,0.0,5760.0,-16000,-5760.0
2026-08-03,6114,中銀員林,076770,0,65000,0.0,53950.0,-65000,-53950.0
2026-08-03,6114,台中銀員林,706801,50000,0,22500.0,0.0,50000,22500.0
2026-08-03,6114,台中銀員林,706968,0,22000,0.0,79400.0,-22000,-79400.0
2026-08-03,6114,台中銀員林,708064,19000,0,34020.0,0.0,19000,34020.0
2026-08-03,6114,台中銀員林,708119,2000,0,4000.0,0.0,2000,4000.0
2026-08-03,6114,台中銀員林,708839,5000,0,1600.0,0.0,5000,1600.0
2026-08-03,6114,台中銀員林,708935,0,30000,0.0,16200.0,-30000,-16200.0
2026-08-03,6381,光和溪湖,03721T,0,2000,0.0,6380.0,-2000,-6380.0
2026-08-03,6381,光和溪湖,058117,4000,0,19720.0,0.0,4000,19720.0
2026-08-03,6381,光和溪湖,066957,9000,0,5040.0,0.0,9000,5040.0
2026-08-03,6381,光和溪湖,069697,8000,0,5840.0,0.0,8000,5840.0
2026-08-03,6381,光和溪湖,073943,10000,0,4000.0,0.0,10000,4000.0
2026-08-03,6381,光和溪湖,701472,0,10000,0.0,1200.0,-10000,-1200.0
2026-08-03,6381,光和溪湖,708210,15000,0,49050.0,0.0,15000,49050.0
2026-08-03,6381,光和溪湖,710600,0,5000,0.0,2800.0,-5000,-2800.0
2026-08-03,6381,光和溪湖,72853U,10000,0,7400.0,0.0,10000,7400.0
2026-08-03,6480,福邦,039195,0,100000,0.0,34000.0,-100000,-34000.0
2026-08-03,6480,福邦,064339,0,80000,0.0,71200.0,-80000,-71200.0
2026-08-03,6480,福邦,066829,0,999000,0.0,1059000.0,-999000,-1059000.0
2026-08-03,6480,福邦,067273,100000,0,387000.0,0.0,100000,387000.0
2026-08-03,6480,福邦,074132,0,100000,0.0,100000.0,-100000,-100000.0
2026-08-03,6480,福邦,074402,30000,0,9000.0,0.0,30000,9000.0
2026-08-03,700B,兆豐板橋,03399T,0,15000,0.0,20670.0,-15000,-20670.0
2026-08-03,700B,兆豐板橋,03732B,300000,0,233000.0,0.0,300000,233000.0
2026-08-03,700B,兆豐板橋,055123,0,40000,0.0,7200.0,-40000,-7200.0
2026-08-03,700B,兆豐板橋,057557,0,100000,0.0,261000.0,-100000,-261000.0
2026-08-03,700B,兆豐板橋,059925,25000,0,40500.0,0.0,25000,40500.0
2026-08-03,700B,兆豐板橋,060615,10000,0,46700.0,0.0,10000,46700.0
2026-08-03,700B,兆豐板橋,060735,20000,30000,14000.0,21250.0,-10000,-7250.0
2026-08-03,700B,兆豐板橋,062686,40000,0,28200.0,0.0,40000,28200.0
2026-08-03,700B,兆豐板橋,064774,0,1000,0.0,3140.0,-1000,-3140.0
2026-08-03,700B,兆豐板橋,066780,0,1996000,0.0,1422150.0,-1996000,-1422150.0
2026-08-03,700B,兆豐板橋,067140,0,10000,0.0,7500.0,-10000,-7500.0
2026-08-03,700B,兆豐板橋,067475,0,3000,0.0,2520.0,-3000,-2520.0
2026-08-03,700B,兆豐板橋,068212,0,50000,0.0,45800.0,-50000,-45800.0
2026-08-03,700B,兆豐板橋,069952,0,6000,0.0,14340.0,-6000,-14340.0
2026-08-03,700B,兆豐板橋,701400,0,1000,0.0,6150.0,-1000,-6150.0
2026-08-03,700B,兆豐板橋,706209,0,10000,0.0,40300.0,-10000,-40300.0
2026-08-03,700B,兆豐板橋,706257,0,242000,0.0,1185800.0,-242000,-1185800.0
2026-08-03,700B,兆豐板橋,709783,0,758000,0.0,437240.0,-758000,-437240.0
2026-08-03,700B,兆豐板橋,710611,0,1497000,0.0,1895100.0,-1497000,-1895100.0
2026-08-03,779c,國票敦北,038847,1000,0,660.0,0.0,1000,660.0
2026-08-03,779c,國票敦北,039014,1000,0,450.0,0.0,1000,450.0
2026-08-03,779c,國票敦北,051225,26000,0,28440.0,0.0,26000,28440.0
2026-08-03,779c,國票敦北,057748,0,1000,0.0,510.0,-1000,-510.0
2026-08-03,779c,國票敦北,057992,0,10000,0.0,48800.0,-10000,-48800.0
2026-08-03,779c,國票敦北,059007,0,1000,0.0,520.0,-1000,-520.0
2026-08-03,779c,國票敦北,062107,1000,0,460.0,0.0,1000,460.0
2026-08-03,779c,國票敦北,062752,50000,0,37500.0,0.0,50000,37500.0
2026-08-03,779c,國票敦北,063478,0,200000,0.0,604000.0,-200000,-604000.0
2026-08-03,779c,國票敦北,064679,100000,0,96500.0,0.0,100000,96500.0
2026-08-03,779c,國票敦北,064686,10000,0,8600.0,0.0,10000,8600.0
2026-08-03,779c,國票敦北,065371,0,1000,0.0,1700.0,-1000,-1700.0
2026-08-03,779c,國票敦北,066336,100000,0,77000.0,0.0,100000,77000.0
2026-08-03,779c,國票敦北,066539,1000,0,320.0,0.0,1000,320.0
2026-08-03,779c,國票敦北,067079,1000,0,1180.0,0.0,1000,1180.0
2026-08-03,779c,國票敦北,067638,0,1000,0.0,730.0,-1000,-730.0
2026-08-03,779c,國票敦北,067943,0,1000,0.0,1600.0,-1000,-1600.0
2026-08-03,779c,國票敦北,067953,6000,0,12480.0,0.0,6000,12480.0
2026-08-03,779c,國票敦北,068426,0,499000,0.0,633730.0,-499000,-633730.0
2026-08-03,779c,國票敦北,069687,1000,0,650.0,0.0,1000,650.0
2026-08-03,779c,國票敦北,071205,0,4000,0.0,13000.0,-4000,-13000.0
2026-08-03,779c,國票敦北,072193,10000,0,6600.0,0.0,10000,6600.0
2026-08-03,779c,國票敦北,072573,0,2000,0.0,470.0,-2000,-470.0
2026-08-03,779c,國票敦北,072845,10000,0,7100.0,0.0,10000,7100.0
2026-08-03,779c,國票敦北,073143,0,2000,0.0,820.0,-2000,-820.0
2026-08-03,779c,國票敦北,073255,1000,0,400.0,0.0,1000,400.0
2026-08-03,779c,國票敦北,073385,135000,0,108000.0,0.0,135000,108000.0
2026-08-03,779c,國票敦北,073960,1000,0,530.0,0.0,1000,530.0
2026-08-03,779c,國票敦北,075655,15000,0,5400.0,0.0,15000,5400.0
2026-08-03,779c,國票敦北,076166,20000,0,18000.0,0.0,20000,18000.0
2026-08-03,779c,國票敦北,078223,80000,0,95200.0,0.0,80000,95200.0
2026-08-03,779c,國票敦北,702592,0,80000,0.0,52000.0,-80000,-52000.0
2026-08-03,779c,國票敦北,706522,0,20000,0.0,73000.0,-20000,-73000.0
2026-08-03,779c,國票敦北,707327,4000,0,5840.0,0.0,4000,5840.0
2026-08-03,779c,國票敦北,708923,0,1000,0.0,490.0,-1000,-490.0
2026-08-03,779c,國票敦北,709973,1000,0,500.0,0.0,1000,500.0
2026-08-03,779c,國票敦北,710590,1000,0,680.0,0.0,1000,680.0
2026-08-03,8560,新光,03012T,0,4000,0.0,540.0,-4000,-540.0
2026-08-03,8560,新光,030174,5000,0,29100.0,0.0,5000,29100.0
2026-08-03,8560,新光,03027T,50000,30000,5000.0,3300.0,20000,1700.0
2026-08-03,8560,新光,03028T,53000,0,3180.0,0.0,53000,3180.0
2026-08-03,8560,新光,03032T,284000,31000,27560.0,4760.0,253000,22800.0
2026-08-03,8560,新光,03046T,6000,0,1110.0,0.0,6000,1110.0
2026-08-03,8560,新光,030592,0,19000,0.0,19430.0,-19000,-19430.0
2026-08-03,8560,新光,031298,0,1000,0.0,30.0,-1000,-30.0
2026-08-03,8560,新光,031473,0,3000,0.0,7590.0,-3000,-7590.0
2026-08-03,8560,新光,031643,0,6000,0.0,11580.0,-6000,-11580.0
2026-08-03,8560,新光,03164T,5000,0,500.0,0.0,5000,500.0
2026-08-03,8560,新光,03179T,15000,0,16250.0,0.0,15000,16250.0
2026-08-03,8560,新光,031815,0,5000,0.0,300.0,-5000,-300.0
2026-08-03,8560,新光,03188T,15000,0,16750.0,0.0,15000,16750.0
2026-08-03,8560,新光,03248T,0,77000,0.0,59290.0,-77000,-59290.0
2026-08-03,8560,新光,03265T,100000,0,48000.0,0.0,100000,48000.0
2026-08-03,8560,新光,03266T,0,10000,0.0,7200.0,-10000,-7200.0
2026-08-03,8560,新光,03278T,0,100000,0.0,14000.0,-100000,-14000.0
2026-08-03,8560,新光,03336T,0,31000,0.0,21180.0,-31000,-21180.0
2026-08-03,8560,新光,03351T,15000,15000,9450.0,9600.0,0,-150.0
2026-08-03,8560,新光,033552,6000,0,10560.0,0.0,6000,10560.0
2026-08-03,8560,新光,03406T,0,1000,0.0,2040.0,-1000,-2040.0
2026-08-03,8560,新光,03421T,0,21000,0.0,25420.0,-21000,-25420.0
2026-08-03,8560,新光,03431T,0,5000,0.0,5800.0,-5000,-5800.0
2026-08-03,8560,新光,03432T,3000,19000,4290.0,26980.0,-16000,-22690.0
2026-08-03,8560,新光,03457T,0,2000,0.0,2340.0,-2000,-2340.0
2026-08-03,8560,新光,03461T,30000,0,48600.0,0.0,30000,48600.0
2026-08-03,8560,新光,03466T,0,2000,0.0,3120.0,-2000,-3120.0
2026-08-03,8560,新光,03467T,0,5000,0.0,9500.0,-5000,-9500.0
2026-08-03,8560,新光,03470T,0,3000,0.0,2520.0,-3000,-2520.0
2026-08-03,8560,新光,03480T,1000,0,2470.0,0.0,1000,2470.0
2026-08-03,8560,新光,03494T,5000,0,5900.0,0.0,5000,5900.0
2026-08-03,8560,新光,03579T,15000,0,13500.0,0.0,15000,13500.0
2026-08-03,8560,新光,03582T,44000,5000,49280.0,5700.0,39000,43580.0
2026-08-03,8560,新光,03602T,5000,0,6150.0,0.0,5000,6150.0
2026-08-03,8560,新光,036172,0,5000,0.0,10500.0,-5000,-10500.0
2026-08-03,8560,新光,03732B,10000,13000,8200.0,10340.0,-3000,-2140.0
2026-08-03,8560,新光,03735B,0,26000,0.0,22100.0,-26000,-22100.0
2026-08-03,8560,新光,03736B,1000,30000,1050.0,32400.0,-29000,-31350.0
2026-08-03,8560,新光,03747T,0,20000,0.0,55400.0,-20000,-55400.0
2026-08-03,8560,新光,037650,20000,0,5600.0,0.0,20000,5600.0
2026-08-03,8560,新光,03780T,0,10000,0.0,13500.0,-10000,-13500.0
2026-08-03,8560,新光,038318,0,1000,0.0,1400.0,-1000,-1400.0
2026-08-03,8560,新光,03874T,2000,0,5060.0,0.0,2000,5060.0
2026-08-03,8560,新光,038844,0,25000,0.0,17000.0,-25000,-17000.0
2026-08-03,8560,新光,039164,10000,0,3600.0,0.0,10000,3600.0
2026-08-03,8560,新光,03924T,4000,0,5000.0,0.0,4000,5000.0
2026-08-03,8560,新光,039446,0,6000,0.0,10030.0,-6000,-10030.0
2026-08-03,8560,新光,04009T,6000,0,3660.0,0.0,6000,3660.0
2026-08-03,8560,新光,043659,0,5000,0.0,17400.0,-5000,-17400.0
2026-08-03,8560,新光,043889,5000,0,11550.0,0.0,5000,11550.0
2026-08-03,8560,新光,043891,0,2000,0.0,6080.0,-2000,-6080.0
2026-08-03,8560,新光,043900,0,3000,0.0,2410.0,-3000,-2410.0
2026-08-03,8560,新光,043901,0,2000,0.0,5620.0,-2000,-5620.0
2026-08-03,8560,新光,044383,0,10000,0.0,5300.0,-10000,-5300.0
2026-08-03,8560,新光,044712,1000,0,5650.0,0.0,1000,5650.0
2026-08-03,8560,新光,044791,2000,0,620.0,0.0,2000,620.0
2026-08-03,8560,新光,045087,5000,0,700.0,0.0,5000,700.0
2026-08-03,8560,新光,046307,1000,0,220.0,0.0,1000,220.0
2026-08-03,8560,新光,046573,0,50000,0.0,20000.0,-50000,-20000.0
2026-08-03,8560,新光,046801,0,1000,0.0,1010.0,-1000,-1010.0
2026-08-03,8560,新光,047464,0,1000,0.0,7500.0,-1000,-7500.0
2026-08-03,8560,新光,047716,1000,0,1100.0,0.0,1000,1100.0
2026-08-03,8560,新光,048039,0,5000,0.0,7600.0,-5000,-7600.0
2026-08-03,8560,新光,049787,10000,0,30200.0,0.0,10000,30200.0
2026-08-03,8560,新光,049941,0,1000,0.0,1170.0,-1000,-1170.0
2026-08-03,8560,新光,050002,0,10000,0.0,10600.0,-10000,-10600.0
2026-08-03,8560,新光,050272,0,70000,0.0,56000.0,-70000,-56000.0
2026-08-03,8560,新光,050322,10000,0,1900.0,0.0,10000,1900.0
2026-08-03,8560,新光,050908,5000,0,7150.0,0.0,5000,7150.0
2026-08-03,8560,新光,051058,10000,0,3300.0,0.0,10000,3300.0
2026-08-03,8560,新光,051071,2000,0,7080.0,0.0,2000,7080.0
2026-08-03,8560,新光,051264,7000,6000,21920.0,20750.0,1000,1170.0
2026-08-03,8560,新光,051633,50000,30000,17500.0,11700.0,20000,5800.0
2026-08-03,8560,新光,052181,1000,0,770.0,0.0,1000,770.0
2026-08-03,8560,新光,052186,10000,0,9800.0,0.0,10000,9800.0
2026-08-03,8560,新光,052188,20000,0,12000.0,0.0,20000,12000.0
2026-08-03,8560,新光,052190,20000,0,23100.0,0.0,20000,23100.0
2026-08-03,8560,新光,052222,20000,0,19600.0,0.0,20000,19600.0
2026-08-03,8560,新光,052305,10000,0,3100.0,0.0,10000,3100.0
2026-08-03,8560,新光,052786,80000,0,60800.0,0.0,80000,60800.0
2026-08-03,8560,新光,052792,0,44000,0.0,14520.0,-44000,-14520.0
2026-08-03,8560,新光,052824,100000,0,119000.0,0.0,100000,119000.0
2026-08-03,8560,新光,052894,22000,0,51040.0,0.0,22000,51040.0
2026-08-03,8560,新光,053320,0,400000,0.0,104000.0,-400000,-104000.0
2026-08-03,8560,新光,053628,0,1000,0.0,55000.0,-1000,-55000.0
2026-08-03,8560,新光,053669,13000,0,55740.0,0.0,13000,55740.0
2026-08-03,8560,新光,054216,0,1000,0.0,3560.0,-1000,-3560.0
2026-08-03,8560,新光,054411,0,200000,0.0,176000.0,-200000,-176000.0
2026-08-03,8560,新光,054706,5000,0,2650.0,0.0,5000,2650.0
2026-08-03,8560,新光,055151,8000,3000,38000.0,14250.0,5000,23750.0
2026-08-03,8560,新光,055260,0,1000,0.0,1540.0,-1000,-1540.0
2026-08-03,8560,新光,055273,0,3000,0.0,6570.0,-3000,-6570.0
2026-08-03,8560,新光,055406,0,2000,0.0,8800.0,-2000,-8800.0
2026-08-03,8560,新光,055643,10000,0,5300.0,0.0,10000,5300.0
2026-08-03,8560,新光,056243,8000,0,5520.0,0.0,8000,5520.0
2026-08-03,8560,新光,056633,0,5000,0.0,15200.0,-5000,-15200.0
2026-08-03,8560,新光,056639,150000,0,181000.0,0.0,150000,181000.0
2026-08-03,8560,新光,057157,20000,0,19700.0,0.0,20000,19700.0
2026-08-03,8560,新光,057167,0,4000,0.0,10020.0,-4000,-10020.0
2026-08-03,8560,新光,057289,16000,68000,27120.0,112000.0,-52000,-84880.0
2026-08-03,8560,新光,057297,1000,2000,2350.0,3960.0,-1000,-1610.0
2026-08-03,8560,新光,057492,5000,0,36000.0,0.0,5000,36000.0
2026-08-03,8560,新光,057525,0,100000,0.0,314000.0,-100000,-314000.0
2026-08-03,8560,新光,057601,1000,0,4000.0,0.0,1000,4000.0
2026-08-03,8560,新光,057678,10000,0,20000.0,0.0,10000,20000.0
2026-08-03,8560,新光,057749,1000,0,1400.0,0.0,1000,1400.0
2026-08-03,8560,新光,057764,0,5000,0.0,5520.0,-5000,-5520.0
2026-08-03,8560,新光,057841,1000,0,130.0,0.0,1000,130.0
2026-08-03,8560,新光,057991,0,30000,0.0,300.0,-30000,-300.0
2026-08-03,8560,新光,058210,2000,0,10000.0,0.0,2000,10000.0
2026-08-03,8560,新光,058252,0,1000,0.0,2750.0,-1000,-2750.0
2026-08-03,8560,新光,058399,2000,2000,7520.0,7520.0,0,0.0
2026-08-03,8560,新光,058586,0,100000,0.0,34000.0,-100000,-34000.0
2026-08-03,8560,新光,058615,10000,0,9900.0,0.0,10000,9900.0
2026-08-03,8560,新光,058640,0,20000,0.0,7800.0,-20000,-7800.0
2026-08-03,8560,新光,058676,0,20000,0.0,45200.0,-20000,-45200.0
2026-08-03,8560,新光,058891,14000,0,41240.0,0.0,14000,41240.0
2026-08-03,8560,新光,058935,1000,0,6500.0,0.0,1000,6500.0
2026-08-03,8560,新光,059020,1000,0,880.0,0.0,1000,880.0
2026-08-03,8560,新光,059063,0,2000,0.0,1570.0,-2000,-1570.0
2026-08-03,8560,新光,059187,8000,0,9920.0,0.0,8000,9920.0
2026-08-03,8560,新光,059230,1000,1000,3600.0,3600.0,0,0.0
2026-08-03,8560,新光,059639,0,4000,0.0,9040.0,-4000,-9040.0
2026-08-03,8560,新光,060073,5000,0,17700.0,0.0,5000,17700.0
2026-08-03,8560,新光,060185,30000,0,24600.0,0.0,30000,24600.0
2026-08-03,8560,新光,060310,48000,0,95040.0,0.0,48000,95040.0
2026-08-03,8560,新光,060319,4000,0,4920.0,0.0,4000,4920.0
2026-08-03,8560,新光,060355,1000,0,3200.0,0.0,1000,3200.0
2026-08-03,8560,新光,060474,100000,0,18000.0,0.0,100000,18000.0
2026-08-03,8560,新光,060542,0,2000,0.0,4780.0,-2000,-4780.0
2026-08-03,8560,新光,060555,80000,0,8000.0,0.0,80000,8000.0
2026-08-03,8560,新光,060735,10000,0,7000.0,0.0,10000,7000.0
2026-08-03,8560,新光,060985,30000,0,84200.0,0.0,30000,84200.0
2026-08-03,8560,新光,061054,0,1000,0.0,160.0,-1000,-160.0
2026-08-03,8560,新光,061145,0,3000,0.0,9450.0,-3000,-9450.0
2026-08-03,8560,新光,061509,0,416000,0.0,216320.0,-416000,-216320.0
2026-08-03,8560,新光,061542,18000,0,43920.0,0.0,18000,43920.0
2026-08-03,8560,新光,061777,26000,0,18610.0,0.0,26000,18610.0
2026-08-03,8560,新光,061901,100000,0,26000.0,0.0,100000,26000.0
2026-08-03,8560,新光,062620,0,3000,0.0,6510.0,-3000,-6510.0
2026-08-03,8560,新光,062639,0,2000,0.0,3060.0,-2000,-3060.0
2026-08-03,8560,新光,062650,20000,0,12600.0,0.0,20000,12600.0
2026-08-03,8560,新光,062686,50000,0,34500.0,0.0,50000,34500.0
2026-08-03,8560,新光,062689,0,21000,0.0,14610.0,-21000,-14610.0
2026-08-03,8560,新光,062706,2000,0,2860.0,0.0,2000,2860.0
2026-08-03,8560,新光,062899,15000,0,17250.0,0.0,15000,17250.0
2026-08-03,8560,新光,062929,0,1000,0.0,890.0,-1000,-890.0
2026-08-03,8560,新光,062994,0,1000,0.0,1450.0,-1000,-1450.0
2026-08-03,8560,新光,063102,2000,0,4520.0,0.0,2000,4520.0
2026-08-03,8560,新光,063106,30000,0,11000.0,0.0,30000,11000.0
2026-08-03,8560,新光,063223,10000,0,14500.0,0.0,10000,14500.0
2026-08-03,8560,新光,063233,0,2000,0.0,7860.0,-2000,-7860.0
2026-08-03,8560,新光,063302,10000,0,27300.0,0.0,10000,27300.0
2026-08-03,8560,新光,063380,11000,39000,20570.0,72540.0,-28000,-51970.0
2026-08-03,8560,新光,063383,0,20000,0.0,31400.0,-20000,-31400.0
2026-08-03,8560,新光,063427,0,11000,0.0,34100.0,-11000,-34100.0
2026-08-03,8560,新光,063808,30000,0,24000.0,0.0,30000,24000.0
2026-08-03,8560,新光,063827,5000,0,4500.0,0.0,5000,4500.0
2026-08-03,8560,新光,063973,10000,1000,49700.0,4940.0,9000,44760.0
2026-08-03,8560,新光,064011,29000,0,91290.0,0.0,29000,91290.0
2026-08-03,8560,新光,064103,5000,0,12500.0,0.0,5000,12500.0
2026-08-03,8560,新光,064249,2000,0,9660.0,0.0,2000,9660.0
2026-08-03,8560,新光,064493,0,20000,0.0,63600.0,-20000,-63600.0
2026-08-03,8560,新光,064497,1000,0,5250.0,0.0,1000,5250.0
2026-08-03,8560,新光,064502,4000,2000,16730.0,7780.0,2000,8950.0
2026-08-03,8560,新光,064514,205000,10000,178550.0,9300.0,195000,169250.0
2026-08-03,8560,新光,064584,7000,0,49000.0,0.0,7000,49000.0
2026-08-03,8560,新光,064652,50000,0,12500.0,0.0,50000,12500.0
2026-08-03,8560,新光,064660,0,2000,0.0,2150.0,-2000,-2150.0
2026-08-03,8560,新光,064677,0,4000,0.0,1760.0,-4000,-1760.0
2026-08-03,8560,新光,064691,3000,0,4870.0,0.0,3000,4870.0
2026-08-03,8560,新光,064707,0,5000,0.0,600.0,-5000,-600.0
2026-08-03,8560,新光,064712,0,19000,0.0,20710.0,-19000,-20710.0
2026-08-03,8560,新光,064774,40000,5000,125750.0,16450.0,35000,109300.0
2026-08-03,8560,新光,065039,1000,0,3600.0,0.0,1000,3600.0
2026-08-03,8560,新光,065380,20000,0,12900.0,0.0,20000,12900.0
2026-08-03,8560,新光,065417,0,50000,0.0,14000.0,-50000,-14000.0
2026-08-03,8560,新光,065423,561000,695000,345260.0,442250.0,-134000,-96990.0
2026-08-03,8560,新光,065480,10000,0,23600.0,0.0,10000,23600.0
2026-08-03,8560,新光,065499,0,1000,0.0,400.0,-1000,-400.0
2026-08-03,8560,新光,065517,2000,0,9900.0,0.0,2000,9900.0
2026-08-03,8560,新光,065522,0,9000,0.0,8030.0,-9000,-8030.0
2026-08-03,8560,新光,06553U,1000,0,10.0,0.0,1000,10.0
2026-08-03,8560,新光,065541,0,250000,0.0,230000.0,-250000,-230000.0
2026-08-03,8560,新光,065609,5000,0,2950.0,0.0,5000,2950.0
2026-08-03,8560,新光,065703,1000,0,770.0,0.0,1000,770.0
2026-08-03,8560,新光,065718,1000,0,5400.0,0.0,1000,5400.0
2026-08-03,8560,新光,065771,600000,0,348000.0,0.0,600000,348000.0
2026-08-03,8560,新光,066055,0,1000,0.0,1980.0,-1000,-1980.0
2026-08-03,8560,新光,066073,0,10000,0.0,23000.0,-10000,-23000.0
2026-08-03,8560,新光,066075,1000,0,290.0,0.0,1000,290.0
2026-08-03,8560,新光,066098,4000,0,19400.0,0.0,4000,19400.0
2026-08-03,8560,新光,066100,0,5000,0.0,15100.0,-5000,-15100.0
2026-08-03,8560,新光,066226,5000,0,5400.0,0.0,5000,5400.0
2026-08-03,8560,新光,066232,7000,0,10290.0,0.0,7000,10290.0
2026-08-03,8560,新光,066286,4000,0,13800.0,0.0,4000,13800.0
2026-08-03,8560,新光,066396,10000,0,13500.0,0.0,10000,13500.0
2026-08-03,8560,新光,066531,44000,0,47520.0,0.0,44000,47520.0
2026-08-03,8560,新光,066555,3000,1000,24300.0,9000.0,2000,15300.0
2026-08-03,8560,新光,066818,0,5000,0.0,21350.0,-5000,-21350.0
2026-08-03,8560,新光,066843,0,1000,0.0,1050.0,-1000,-1050.0
2026-08-03,8560,新光,06685U,5000,10000,4600.0,9500.0,-5000,-4900.0
2026-08-03,8560,新光,066977,19000,0,42860.0,0.0,19000,42860.0
2026-08-03,8560,新光,066981,5000,0,2500.0,0.0,5000,2500.0
2026-08-03,8560,新光,067053,1000,1000,2980.0,2980.0,0,0.0
2026-08-03,8560,新光,067078,0,998000,0.0,189620.0,-998000,-189620.0
2026-08-03,8560,新光,067119,6000,0,6810.0,0.0,6000,6810.0
2026-08-03,8560,新光,067138,10000,0,27900.0,0.0,10000,27900.0
2026-08-03,8560,新光,067208,2000,0,540.0,0.0,2000,540.0
2026-08-03,8560,新光,067256,10000,0,11800.0,0.0,10000,11800.0
2026-08-03,8560,新光,067299,5000,0,5200.0,0.0,5000,5200.0
2026-08-03,8560,新光,067323,20000,0,36660.0,0.0,20000,36660.0
2026-08-03,8560,新光,067409,31000,0,16380.0,0.0,31000,16380.0
2026-08-03,8560,新光,067476,1000,1000,3400.0,3400.0,0,0.0
2026-08-03,8560,新光,067550,3000,1000,4460.0,1840.0,2000,2620.0
2026-08-03,8560,新光,067604,0,1000,0.0,1330.0,-1000,-1330.0
2026-08-03,8560,新光,067638,10000,0,7100.0,0.0,10000,7100.0
2026-08-03,8560,新光,067639,10000,0,13600.0,0.0,10000,13600.0
2026-08-03,8560,新光,067723,0,1000,0.0,2630.0,-1000,-2630.0
2026-08-03,8560,新光,067745,7000,0,5500.0,0.0,7000,5500.0
2026-08-03,8560,新光,067771,5000,0,46000.0,0.0,5000,46000.0
2026-08-03,8560,新光,067806,6000,0,13140.0,0.0,6000,13140.0
2026-08-03,8560,新光,067814,18000,0,28210.0,0.0,18000,28210.0
2026-08-03,8560,新光,067819,0,2000,0.0,1560.0,-2000,-1560.0
2026-08-03,8560,新光,067984,60000,0,37200.0,0.0,60000,37200.0
2026-08-03,8560,新光,067986,0,122000,0.0,71980.0,-122000,-71980.0
2026-08-03,8560,新光,067997,0,20000,0.0,15800.0,-20000,-15800.0
2026-08-03,8560,新光,067998,7000,0,6840.0,0.0,7000,6840.0
2026-08-03,8560,新光,068001,20000,0,15700.0,0.0,20000,15700.0
2026-08-03,8560,新光,068003,3000,0,2760.0,0.0,3000,2760.0
2026-08-03,8560,新光,068015,22000,0,14740.0,0.0,22000,14740.0
2026-08-03,8560,新光,068060,10000,0,5000.0,0.0,10000,5000.0
2026-08-03,8560,新光,068087,0,1000,0.0,290.0,-1000,-290.0
2026-08-03,8560,新光,068159,10000,0,6700.0,0.0,10000,6700.0
2026-08-03,8560,新光,068338,20000,0,30400.0,0.0,20000,30400.0
2026-08-03,8560,新光,068358,183000,0,27450.0,0.0,183000,27450.0
2026-08-03,8560,新光,068465,0,50000,0.0,54500.0,-50000,-54500.0
2026-08-03,8560,新光,068512,2000,1000,11500.0,6550.0,1000,4950.0
2026-08-03,8560,新光,068635,5000,0,6050.0,0.0,5000,6050.0
2026-08-03,8560,新光,068749,15000,0,19950.0,0.0,15000,19950.0
2026-08-03,8560,新光,068764,0,2000,0.0,1200.0,-2000,-1200.0
2026-08-03,8560,新光,068795,0,5000,0.0,4700.0,-5000,-4700.0
2026-08-03,8560,新光,068873,0,10000,0.0,3300.0,-10000,-3300.0
2026-08-03,8560,新光,068961,0,30000,0.0,20400.0,-30000,-20400.0
2026-08-03,8560,新光,069018,0,50000,0.0,41000.0,-50000,-41000.0
2026-08-03,8560,新光,069055,0,1000,0.0,800.0,-1000,-800.0
2026-08-03,8560,新光,069058,100000,0,129000.0,0.0,100000,129000.0
2026-08-03,8560,新光,069103,100000,0,41000.0,0.0,100000,41000.0
2026-08-03,8560,新光,069123,1000,0,200.0,0.0,1000,200.0
2026-08-03,8560,新光,069144,0,10000,0.0,28900.0,-10000,-28900.0
2026-08-03,8560,新光,069194,0,2000,0.0,2120.0,-2000,-2120.0
2026-08-03,8560,新光,069204,67000,0,30150.0,0.0,67000,30150.0
2026-08-03,8560,新光,069236,200000,0,30000.0,0.0,200000,30000.0
2026-08-03,8560,新光,069257,0,50000,0.0,74500.0,-50000,-74500.0
2026-08-03,8560,新光,069382,10000,0,8400.0,0.0,10000,8400.0
2026-08-03,8560,新光,069451,0,28000,0.0,15400.0,-28000,-15400.0
2026-08-03,8560,新光,069509,0,2000,0.0,14900.0,-2000,-14900.0
2026-08-03,8560,新光,069684,0,2000,0.0,2400.0,-2000,-2400.0
2026-08-03,8560,新光,069782,6000,0,110.0,0.0,6000,110.0
2026-08-03,8560,新光,069842,10000,0,16500.0,0.0,10000,16500.0
2026-08-03,8560,新光,069871,10000,0,14800.0,0.0,10000,14800.0
2026-08-03,8560,新光,069877,1000,0,1760.0,0.0,1000,1760.0
2026-08-03,8560,新光,069944,0,2000,0.0,13500.0,-2000,-13500.0
2026-08-03,8560,新光,070057,1000,0,740.0,0.0,1000,740.0
2026-08-03,8560,新光,070079,6000,0,11740.0,0.0,6000,11740.0
2026-08-03,8560,新光,070235,35000,0,44450.0,0.0,35000,44450.0
2026-08-03,8560,新光,070323,0,4000,0.0,2880.0,-4000,-2880.0
2026-08-03,8560,新光,070355,10000,0,3500.0,0.0,10000,3500.0
2026-08-03,8560,新光,070489,10000,0,8600.0,0.0,10000,8600.0
2026-08-03,8560,新光,070633,30000,0,24900.0,0.0,30000,24900.0
2026-08-03,8560,新光,070772,110000,150000,159500.0,184500.0,-40000,-25000.0
2026-08-03,8560,新光,070806,2000,0,3040.0,0.0,2000,3040.0
2026-08-03,8560,新光,070962,1000,0,750.0,0.0,1000,750.0
2026-08-03,8560,新光,071017,15000,0,5550.0,0.0,15000,5550.0
2026-08-03,8560,新光,071019,0,1000,0.0,720.0,-1000,-720.0
2026-08-03,8560,新光,071056,100000,0,68600.0,0.0,100000,68600.0
2026-08-03,8560,新光,071130,30000,0,29500.0,0.0,30000,29500.0
2026-08-03,8560,新光,071134,200000,200000,194750.0,196000.0,0,-1250.0
2026-08-03,8560,新光,071244,998000,0,788420.0,0.0,998000,788420.0
2026-08-03,8560,新光,071582,2000,2000,3540.0,3540.0,0,0.0
2026-08-03,8560,新光,071646,2000,0,2440.0,0.0,2000,2440.0
2026-08-03,8560,新光,071649,0,100000,0.0,89000.0,-100000,-89000.0
2026-08-03,8560,新光,071779,0,2000,0.0,1480.0,-2000,-1480.0
2026-08-03,8560,新光,071927,20000,0,30200.0,0.0,20000,30200.0
2026-08-03,8560,新光,072152,100000,0,39000.0,0.0,100000,39000.0
2026-08-03,8560,新光,072222,0,32000,0.0,66880.0,-32000,-66880.0
2026-08-03,8560,新光,072420,10000,0,4700.0,0.0,10000,4700.0
2026-08-03,8560,新光,072468,5000,0,7500.0,0.0,5000,7500.0
2026-08-03,8560,新光,072525,0,2000,0.0,800.0,-2000,-800.0
2026-08-03,8560,新光,072543,200000,0,324000.0,0.0,200000,324000.0
2026-08-03,8560,新光,072661,23000,0,7820.0,0.0,23000,7820.0
2026-08-03,8560,新光,072668,2000,0,1040.0,0.0,2000,1040.0
2026-08-03,8560,新光,072750,1000,0,230.0,0.0,1000,230.0
2026-08-03,8560,新光,072757,1000,0,390.0,0.0,1000,390.0
2026-08-03,8560,新光,072772,15000,0,30600.0,0.0,15000,30600.0
2026-08-03,8560,新光,072901,1000,0,770.0,0.0,1000,770.0
2026-08-03,8560,新光,073005,5000,0,5350.0,0.0,5000,5350.0
2026-08-03,8560,新光,073105,1000,0,670.0,0.0,1000,670.0
2026-08-03,8560,新光,073123,0,120000,0.0,151200.0,-120000,-151200.0
2026-08-03,8560,新光,073127,1000,0,420.0,0.0,1000,420.0
2026-08-03,8560,新光,073151,10000,0,25200.0,0.0,10000,25200.0
2026-08-03,8560,新光,073486,0,5000,0.0,1350.0,-5000,-1350.0
2026-08-03,8560,新光,073592,10000,0,11000.0,0.0,10000,11000.0
2026-08-03,8560,新光,073693,100000,50000,46000.0,21500.0,50000,24500.0
2026-08-03,8560,新光,073808,5000,0,3700.0,0.0,5000,3700.0
2026-08-03,8560,新光,073884,3000,0,5540.0,0.0,3000,5540.0
2026-08-03,8560,新光,073898,0,20000,0.0,33200.0,-20000,-33200.0
2026-08-03,8560,新光,073914,2000,0,2080.0,0.0,2000,2080.0
2026-08-03,8560,新光,073915,5000,0,2900.0,0.0,5000,2900.0
2026-08-03,8560,新光,073949,11000,1000,8690.0,780.0,10000,7910.0
2026-08-03,8560,新光,073978,15000,0,19450.0,0.0,15000,19450.0
2026-08-03,8560,新光,074099,4000,0,3300.0,0.0,4000,3300.0
2026-08-03,8560,新光,074115,500000,0,234000.0,0.0,500000,234000.0
2026-08-03,8560,新光,074226,0,5000,0.0,2150.0,-5000,-2150.0
2026-08-03,8560,新光,074236,68000,0,63240.0,0.0,68000,63240.0
2026-08-03,8560,新光,074303,0,5000,0.0,17000.0,-5000,-17000.0
2026-08-03,8560,新光,074540,0,13000,0.0,47060.0,-13000,-47060.0
2026-08-03,8560,新光,074675,0,800000,0.0,513000.0,-800000,-513000.0
2026-08-03,8560,新光,074796,1000,0,1270.0,0.0,1000,1270.0
2026-08-03,8560,新光,074994,0,15000,0.0,9850.0,-15000,-9850.0
2026-08-03,8560,新光,075013,60000,0,77000.0,0.0,60000,77000.0
2026-08-03,8560,新光,075197,0,30000,0.0,50400.0,-30000,-50400.0
2026-08-03,8560,新光,075218,0,9000,0.0,9720.0,-9000,-9720.0
2026-08-03,8560,新光,075375,0,10000,0.0,13700.0,-10000,-13700.0
2026-08-03,8560,新光,075496,1000,0,880.0,0.0,1000,880.0
2026-08-03,8560,新光,075673,0,499000,0.0,149700.0,-499000,-149700.0
2026-08-03,8560,新光,075712,10000,0,14900.0,0.0,10000,14900.0
2026-08-03,8560,新光,075818,1000,0,450.0,0.0,1000,450.0
2026-08-03,8560,新光,075872,1000,1000,650.0,650.0,0,0.0
2026-08-03,8560,新光,076181,1000,0,660.0,0.0,1000,660.0
2026-08-03,8560,新光,076286,0,20000,0.0,8100.0,-20000,-8100.0
2026-08-03,8560,新光,076374,30000,0,11700.0,0.0,30000,11700.0
2026-08-03,8560,新光,076508,6000,1000,5450.0,930.0,5000,4520.0
2026-08-03,8560,新光,076581,10000,0,4200.0,0.0,10000,4200.0
2026-08-03,8560,新光,076631,1000,1000,1000.0,1000.0,0,0.0
2026-08-03,8560,新光,076770,100000,0,84000.0,0.0,100000,84000.0
2026-08-03,8560,新光,076775,0,4000,0.0,5960.0,-4000,-5960.0
2026-08-03,8560,新光,077104,8000,0,11680.0,0.0,8000,11680.0
2026-08-03,8560,新光,07750U,0,1000,0.0,40.0,-1000,-40.0
2026-08-03,8560,新光,077799,10000,15000,4700.0,6300.0,-5000,-1600.0
2026-08-03,8560,新光,078032,4000,0,6860.0,0.0,4000,6860.0
2026-08-03,8560,新光,078166,20000,0,29400.0,0.0,20000,29400.0
2026-08-03,8560,新光,078183,3000,0,4200.0,0.0,3000,4200.0
2026-08-03,8560,新光,078352,8000,0,12400.0,0.0,8000,12400.0
2026-08-03,8560,新光,078368,7000,0,10990.0,0.0,7000,10990.0
2026-08-03,8560,新光,08092U,41000,0,2870.0,0.0,41000,2870.0
2026-08-03,8560,新光,08345U,0,5000,0.0,850.0,-5000,-850.0
2026-08-03,8560,新光,084891,1000,0,7200.0,0.0,1000,7200.0
2026-08-03,8560,新光,087694,0,25000,0.0,7250.0,-25000,-7250.0
2026-08-03,8560,新光,08948U,31000,0,1860.0,0.0,31000,1860.0
2026-08-03,8560,新光,08999U,600000,0,375000.0,0.0,600000,375000.0
2026-08-03,8560,新光,700683,3000,0,12300.0,0.0,3000,12300.0
2026-08-03,8560,新光,701697,0,2000,0.0,6070.0,-2000,-6070.0
2026-08-03,8560,新光,703368,0,24000,0.0,71040.0,-24000,-71040.0
2026-08-03,8560,新光,703963,4000,0,12920.0,0.0,4000,12920.0
2026-08-03,8560,新光,704203,0,2000,0.0,2000.0,-2000,-2000.0
2026-08-03,8560,新光,704207,3000,0,7200.0,0.0,3000,7200.0
2026-08-03,8560,新光,704280,100000,0,57000.0,0.0,100000,57000.0
2026-08-03,8560,新光,704590,0,2000,0.0,1300.0,-2000,-1300.0
2026-08-03,8560,新光,704926,0,2000,0.0,8300.0,-2000,-8300.0
2026-08-03,8560,新光,705199,90000,0,47900.0,0.0,90000,47900.0
2026-08-03,8560,新光,705236,0,80000,0.0,42500.0,-80000,-42500.0
2026-08-03,8560,新光,705391,1000,0,420.0,0.0,1000,420.0
2026-08-03,8560,新光,705487,0,9000,0.0,5850.0,-9000,-5850.0
2026-08-03,8560,新光,705505,0,20000,0.0,8400.0,-20000,-8400.0
2026-08-03,8560,新光,705515,400000,0,216000.0,0.0,400000,216000.0
2026-08-03,8560,新光,705781,20000,120000,15600.0,89200.0,-100000,-73600.0
2026-08-03,8560,新光,705975,0,10000,0.0,1600.0,-10000,-1600.0
2026-08-03,8560,新光,706245,20000,0,5800.0,0.0,20000,5800.0
2026-08-03,8560,新光,706259,0,100000,0.0,39000.0,-100000,-39000.0
2026-08-03,8560,新光,706411,2000,0,5640.0,0.0,2000,5640.0
2026-08-03,8560,新光,706420,0,5000,0.0,1500.0,-5000,-1500.0
2026-08-03,8560,新光,706442,0,1000,0.0,4630.0,-1000,-4630.0
2026-08-03,8560,新光,706716,0,1000,0.0,2440.0,-1000,-2440.0
2026-08-03,8560,新光,706968,0,1000,0.0,3560.0,-1000,-3560.0
2026-08-03,8560,新光,707051,0,1000,0.0,3500.0,-1000,-3500.0
2026-08-03,8560,新光,707068,25000,0,22750.0,0.0,25000,22750.0
2026-08-03,8560,新光,707166,0,1000,0.0,3850.0,-1000,-3850.0
2026-08-03,8560,新光,707181,0,5000,0.0,29500.0,-5000,-29500.0
2026-08-03,8560,新光,707205,30000,0,54000.0,0.0,30000,54000.0
2026-08-03,8560,新光,707231,10000,0,2500.0,0.0,10000,2500.0
2026-08-03,8560,新光,707298,7000,0,11480.0,0.0,7000,11480.0
2026-08-03,8560,新光,707330,7000,0,28600.0,0.0,7000,28600.0
2026-08-03,8560,新光,707352,15000,0,14250.0,0.0,15000,14250.0
2026-08-03,8560,新光,707374,0,2000,0.0,2220.0,-2000,-2220.0
2026-08-03,8560,新光,707381,0,5000,0.0,6250.0,-5000,-6250.0
2026-08-03,8560,新光,707449,3000,0,3930.0,0.0,3000,3930.0
2026-08-03,8560,新光,707459,0,1000,0.0,880.0,-1000,-880.0
2026-08-03,8560,新光,707533,10000,0,2800.0,0.0,10000,2800.0
2026-08-03,8560,新光,707735,30000,30000,17300.0,18400.0,0,-1100.0
2026-08-03,8560,新光,707781,4000,0,4040.0,0.0,4000,4040.0
2026-08-03,8560,新光,707797,0,3000,0.0,7680.0,-3000,-7680.0
2026-08-03,8560,新光,707813,0,3000,0.0,6320.0,-3000,-6320.0
2026-08-03,8560,新光,707822,0,2000,0.0,2640.0,-2000,-2640.0
2026-08-03,8560,新光,707829,0,2000,0.0,9420.0,-2000,-9420.0
2026-08-03,8560,新光,707858,26000,48000,19180.0,34790.0,-22000,-15610.0
2026-08-03,8560,新光,707931,0,1000,0.0,5150.0,-1000,-5150.0
2026-08-03,8560,新光,708076,4000,0,3550.0,0.0,4000,3550.0
2026-08-03,8560,新光,708105,0,1000,0.0,310.0,-1000,-310.0
2026-08-03,8560,新光,708149,20000,0,14000.0,0.0,20000,14000.0
2026-08-03,8560,新光,708277,40000,0,8000.0,0.0,40000,8000.0
2026-08-03,8560,新光,708470,0,1000,0.0,3470.0,-1000,-3470.0
2026-08-03,8560,新光,708473,0,1000,0.0,960.0,-1000,-960.0
2026-08-03,8560,新光,708588,0,38000,0.0,5320.0,-38000,-5320.0
2026-08-03,8560,新光,708604,4000,0,1200.0,0.0,4000,1200.0
2026-08-03,8560,新光,708679,1000,0,230.0,0.0,1000,230.0
2026-08-03,8560,新光,708754,10000,0,2200.0,0.0,10000,2200.0
2026-08-03,8560,新光,708755,20000,0,42800.0,0.0,20000,42800.0
2026-08-03,8560,新光,708775,1000,1000,650.0,650.0,0,0.0
2026-08-03,8560,新光,708815,0,39000,0.0,16770.0,-39000,-16770.0
2026-08-03,8560,新光,708875,50000,0,26200.0,0.0,50000,26200.0
2026-08-03,8560,新光,708995,10000,0,6100.0,0.0,10000,6100.0
2026-08-03,8560,新光,709103,7000,0,7420.0,0.0,7000,7420.0
2026-08-03,8560,新光,709192,0,22000,0.0,15620.0,-22000,-15620.0
2026-08-03,8560,新光,709207,10000,10000,7700.0,7800.0,0,-100.0
2026-08-03,8560,新光,709554,0,10000,0.0,5600.0,-10000,-5600.0
2026-08-03,8560,新光,709557,0,1000,0.0,500.0,-1000,-500.0
2026-08-03,8560,新光,709709,1000,1000,700.0,700.0,0,0.0
2026-08-03,8560,新光,709896,1000,0,810.0,0.0,1000,810.0
2026-08-03,8560,新光,709936,0,20000,0.0,28200.0,-20000,-28200.0
2026-08-03,8560,新光,709988,3000,0,1440.0,0.0,3000,1440.0
2026-08-03,8560,新光,710078,0,400000,0.0,304000.0,-400000,-304000.0
2026-08-03,8560,新光,710266,1000,0,110.0,0.0,1000,110.0
2026-08-03,8560,新光,710403,50000,0,18000.0,0.0,50000,18000.0
2026-08-03,8560,新光,710805,0,10000,0.0,22500.0,-10000,-22500.0
2026-08-03,8560,新光,710918,0,450000,0.0,374000.0,-450000,-374000.0
2026-08-03,8560,新光,711082,1000,1000,320.0,320.0,0,0.0
2026-08-03,8560,新光,711128,200000,0,206000.0,0.0,200000,206000.0
2026-08-03,8560,新光,711552,2000,0,6950.0,0.0,2000,6950.0
2026-08-03,8560,新光,711580,0,6000,0.0,8580.0,-6000,-8580.0
2026-08-03,8560,新光,711599,5000,0,3600.0,0.0,5000,3600.0
2026-08-03,8560,新光,711606,10000,0,9600.0,0.0,10000,9600.0
2026-08-03,8560,新光,711845,3000,0,2130.0,0.0,3000,2130.0
2026-08-03,8560,新光,72798U,657000,0,434150.0,0.0,657000,434150.0
2026-08-03,8560,新光,72853U,3000,0,2220.0,0.0,3000,2220.0
2026-08-03,8560,新光,730635,8000,0,3990.0,0.0,8000,3990.0
2026-08-03,8560,新光,733461,25000,30000,12650.0,16500.0,-5000,-3850.0
2026-08-03,8560,新光,736428,5000,0,1500.0,0.0,5000,1500.0
2026-08-03,8560,新光,736431,5000,0,2650.0,0.0,5000,2650.0
2026-08-03,9135,群益東大,03021T,8000,0,14800.0,0.0,8000,14800.0
2026-08-03,9135,群益東大,03094T,13000,0,14430.0,0.0,13000,14430.0
2026-08-03,9135,群益東大,03257T,12000,0,13440.0,0.0,12000,13440.0
2026-08-03,9135,群益東大,03389T,20000,0,7000.0,0.0,20000,7000.0
2026-08-03,9135,群益東大,03448T,10000,0,9000.0,0.0,10000,9000.0
2026-08-03,9135,群益東大,03620T,9000,0,14130.0,0.0,9000,14130.0
2026-08-03,9135,群益東大,03688T,10000,0,14900.0,0.0,10000,14900.0
2026-08-03,9135,群益東大,03732B,12000,0,9360.0,0.0,12000,9360.0
2026-08-03,9135,群益東大,03797T,8000,0,18840.0,0.0,8000,18840.0
2026-08-03,9135,群益東大,039472,4000,0,980.0,0.0,4000,980.0
2026-08-03,9135,群益東大,04008T,10000,0,22350.0,0.0,10000,22350.0
2026-08-03,9135,群益東大,040414,0,25000,0.0,107250.0,-25000,-107250.0
2026-08-03,9135,群益東大,044969,1000,0,350.0,0.0,1000,350.0
2026-08-03,9135,群益東大,053099,1000,0,180.0,0.0,1000,180.0
2026-08-03,9135,群益東大,055827,2000,0,4600.0,0.0,2000,4600.0
2026-08-03,9135,群益東大,056062,1000,0,300.0,0.0,1000,300.0
2026-08-03,9135,群益東大,056074,2000,0,4060.0,0.0,2000,4060.0
2026-08-03,9135,群益東大,056736,0,1000,0.0,790.0,-1000,-790.0
2026-08-03,9135,群益東大,057291,10000,5000,31700.0,15800.0,5000,15900.0
2026-08-03,9135,群益東大,057477,0,125000,0.0,117500.0,-125000,-117500.0
2026-08-03,9135,群益東大,057527,1000,0,510.0,0.0,1000,510.0
2026-08-03,9135,群益東大,057992,0,3000,0.0,15750.0,-3000,-15750.0
2026-08-03,9135,群益東大,058038,1000,0,1970.0,0.0,1000,1970.0
2026-08-03,9135,群益東大,058186,1000,0,860.0,0.0,1000,860.0
2026-08-03,9135,群益東大,059505,0,30000,0.0,23900.0,-30000,-23900.0
2026-08-03,9135,群益東大,061944,0,25000,0.0,15250.0,-25000,-15250.0
2026-08-03,9135,群益東大,063589,1000,0,840.0,0.0,1000,840.0
2026-08-03,9135,群益東大,064013,3000,0,6000.0,0.0,3000,6000.0
2026-08-03,9135,群益東大,065114,0,3000,0.0,9900.0,-3000,-9900.0
2026-08-03,9135,群益東大,065202,2000,0,500.0,0.0,2000,500.0
2026-08-03,9135,群益東大,065419,0,10000,0.0,10100.0,-10000,-10100.0
2026-08-03,9135,群益東大,065458,20000,30000,33800.0,56000.0,-10000,-22200.0
2026-08-03,9135,群益東大,065461,22000,60000,2420.0,9600.0,-38000,-7180.0
2026-08-03,9135,群益東大,065764,600000,144000,672000.0,163200.0,456000,508800.0
2026-08-03,9135,群益東大,066110,0,10000,0.0,1700.0,-10000,-1700.0
2026-08-03,9135,群益東大,066180,0,3000,0.0,4350.0,-3000,-4350.0
2026-08-03,9135,群益東大,066556,0,45000,0.0,126900.0,-45000,-126900.0
2026-08-03,9135,群益東大,067179,0,70000,0.0,45900.0,-70000,-45900.0
2026-08-03,9135,群益東大,067411,8000,0,6080.0,0.0,8000,6080.0
2026-08-03,9135,群益東大,067722,1000,0,3020.0,0.0,1000,3020.0
2026-08-03,9135,群益東大,067981,5000,0,3150.0,0.0,5000,3150.0
2026-08-03,9135,群益東大,067997,0,2000,0.0,1560.0,-2000,-1560.0
2026-08-03,9135,群益東大,068014,0,2000,0.0,1360.0,-2000,-1360.0
2026-08-03,9135,群益東大,068537,0,20000,0.0,14200.0,-20000,-14200.0
2026-08-03,9135,群益東大,068792,1000,0,180.0,0.0,1000,180.0
2026-08-03,9135,群益東大,069078,40000,0,60000.0,0.0,40000,60000.0
2026-08-03,9135,群益東大,069159,1000,0,180.0,0.0,1000,180.0
2026-08-03,9135,群益東大,069648,60000,0,6400.0,0.0,60000,6400.0
2026-08-03,9135,群益東大,070053,1000,0,330.0,0.0,1000,330.0
2026-08-03,9135,群益東大,070460,5000,0,4750.0,0.0,5000,4750.0
2026-08-03,9135,群益東大,070935,12000,0,10680.0,0.0,12000,10680.0
2026-08-03,9135,群益東大,070945,10000,0,8400.0,0.0,10000,8400.0
2026-08-03,9135,群益東大,070947,0,4000,0.0,3800.0,-4000,-3800.0
2026-08-03,9135,群益東大,071174,0,10000,0.0,6900.0,-10000,-6900.0
2026-08-03,9135,群益東大,071434,0,30000,0.0,5700.0,-30000,-5700.0
2026-08-03,9135,群益東大,072310,10000,0,22100.0,0.0,10000,22100.0
2026-08-03,9135,群益東大,072548,1000,0,1920.0,0.0,1000,1920.0
2026-08-03,9135,群益東大,073238,5000,0,7450.0,0.0,5000,7450.0
2026-08-03,9135,群益東大,074265,20000,0,11400.0,0.0,20000,11400.0
2026-08-03,9135,群益東大,074560,0,4000,0.0,5000.0,-4000,-5000.0
2026-08-03,9135,群益東大,075175,100000,0,130000.0,0.0,100000,130000.0
2026-08-03,9135,群益東大,075848,6000,0,13680.0,0.0,6000,13680.0
2026-08-03,9135,群益東大,076549,8000,0,10240.0,0.0,8000,10240.0
2026-08-03,9135,群益東大,076623,0,25000,0.0,9000.0,-25000,-9000.0
2026-08-03,9135,群益東大,077858,14000,0,42560.0,0.0,14000,42560.0
2026-08-03,9135,群益東大,078330,2000,0,3320.0,0.0,2000,3320.0
2026-08-03,9135,群益東大,701908,3000,0,390.0,0.0,3000,390.0
2026-08-03,9135,群益東大,704895,1000,0,620.0,0.0,1000,620.0
2026-08-03,9135,群益東大,705002,5000,0,4200.0,0.0,5000,4200.0
2026-08-03,9135,群益東大,705552,1000,0,680.0,0.0,1000,680.0
2026-08-03,9135,群益東大,705555,0,1000,0.0,2120.0,-1000,-2120.0
2026-08-03,9135,群益東大,706420,20000,0,6000.0,0.0,20000,6000.0
2026-08-03,9135,群益東大,707931,2000,0,10500.0,0.0,2000,10500.0
2026-08-03,9135,群益東大,708195,10000,0,6400.0,0.0,10000,6400.0
2026-08-03,9135,群益東大,708516,10000,0,15600.0,0.0,10000,15600.0
2026-08-03,9135,群益東大,708796,10000,0,5600.0,0.0,10000,5600.0
2026-08-03,9135,群益東大,709937,20000,0,47800.0,0.0,20000,47800.0
2026-08-03,9135,群益東大,710420,1000,1000,350.0,350.0,0,0.0
2026-08-03,9135,群益東大,710732,20000,10000,14400.0,7500.0,10000,6900.0
2026-08-03,9135,群益東大,711196,0,20000,0.0,13000.0,-20000,-13000.0
2026-08-03,9135,群益東大,711506,0,6000,0.0,12240.0,-6000,-12240.0
2026-08-03,9135,群益東大,711591,0,26000,0.0,46010.0,-26000,-46010.0
2026-08-03,9135,群益東大,72741U,12000,0,14400.0,0.0,12000,14400.0
2026-08-03,9135,群益東大,734287,0,15000,0.0,23850.0,-15000,-23850.0
2026-08-03,9186,群益新竹,03048T,5000,0,1270.0,0.0,5000,1270.0
2026-08-03,9186,群益新竹,030573,100000,0,228000.0,0.0,100000,228000.0
2026-08-03,9186,群益新竹,03272T,4000,0,360.0,0.0,4000,360.0
2026-08-03,9186,群益新竹,03432T,0,14000,0.0,19880.0,-14000,-19880.0
2026-08-03,9186,群益新竹,03620T,8000,0,12560.0,0.0,8000,12560.0
2026-08-03,9186,群益新竹,042518,0,80000,0.0,4000.0,-80000,-4000.0
2026-08-03,9186,群益新竹,058937,0,3000,0.0,480.0,-3000,-480.0
2026-08-03,9186,群益新竹,059021,24000,0,22560.0,0.0,24000,22560.0
2026-08-03,9186,群益新竹,060280,10000,0,6200.0,0.0,10000,6200.0
2026-08-03,9186,群益新竹,061603,10000,0,13500.0,0.0,10000,13500.0
2026-08-03,9186,群益新竹,061750,4000,0,2440.0,0.0,4000,2440.0
2026-08-03,9186,群益新竹,063081,0,100000,0.0,72500.0,-100000,-72500.0
2026-08-03,9186,群益新竹,064188,10000,0,8400.0,0.0,10000,8400.0
2026-08-03,9186,群益新竹,065423,0,149000,0.0,92900.0,-149000,-92900.0
2026-08-03,9186,群益新竹,066910,0,2000,0.0,1300.0,-2000,-1300.0
2026-08-03,9186,群益新竹,067178,4000,0,3340.0,0.0,4000,3340.0
2026-08-03,9186,群益新竹,067179,3000,0,2040.0,0.0,3000,2040.0
2026-08-03,9186,群益新竹,067184,0,124000,0.0,28600.0,-124000,-28600.0
2026-08-03,9186,群益新竹,067791,0,2000,0.0,2540.0,-2000,-2540.0
2026-08-03,9186,群益新竹,067814,0,10000,0.0,15700.0,-10000,-15700.0
2026-08-03,9186,群益新竹,067986,5000,0,2750.0,0.0,5000,2750.0
2026-08-03,9186,群益新竹,068701,10000,0,7800.0,0.0,10000,7800.0
2026-08-03,9186,群益新竹,069656,1000,0,910.0,0.0,1000,910.0
2026-08-03,9186,群益新竹,069851,0,57000,0.0,57000.0,-57000,-57000.0
2026-08-03,9186,群益新竹,071102,10000,0,15800.0,0.0,10000,15800.0
2026-08-03,9186,群益新竹,071741,5000,0,8100.0,0.0,5000,8100.0
2026-08-03,9186,群益新竹,08144U,2000,0,200.0,0.0,2000,200.0
2026-08-03,9186,群益新竹,088418,0,6000,0.0,11640.0,-6000,-11640.0
2026-08-03,9186,群益新竹,704135,0,50000,0.0,5000.0,-50000,-5000.0
2026-08-03,9186,群益新竹,707169,1000,0,4030.0,0.0,1000,4030.0
2026-08-03,9186,群益新竹,707289,1000,0,2280.0,0.0,1000,2280.0
2026-08-03,9186,群益新竹,707680,4000,0,2440.0,0.0,4000,2440.0
2026-08-03,9186,群益新竹,708113,0,7000,0.0,3430.0,-7000,-3430.0
2026-08-03,9186,群益新竹,708591,0,3000,0.0,5610.0,-3000,-5610.0
2026-08-03,9186,群益新竹,709103,100000,0,110000.0,0.0,100000,110000.0
2026-08-03,9186,群益新竹,709333,1000,1000,1940.0,1940.0,0,0.0
2026-08-03,9186,群益新竹,709532,10000,0,1800.0,0.0,10000,1800.0
2026-08-03,918C,群益古亭,03354T,50000,0,35000.0,0.0,50000,35000.0
2026-08-03,918C,群益古亭,03393T,100000,0,36000.0,0.0,100000,36000.0
2026-08-03,918C,群益古亭,03988T,100000,0,62000.0,0.0,100000,62000.0
2026-08-03,918C,群益古亭,056074,1000,0,2050.0,0.0,1000,2050.0
2026-08-03,918C,群益古亭,063121,0,30000,0.0,103800.0,-30000,-103800.0
2026-08-03,918C,群益古亭,063451,2000,0,760.0,0.0,2000,760.0
2026-08-03,918C,群益古亭,063479,0,1000,0.0,2660.0,-1000,-2660.0
2026-08-03,918C,群益古亭,064154,2000,0,3680.0,0.0,2000,3680.0
2026-08-03,918C,群益古亭,064158,20000,0,16600.0,0.0,20000,16600.0
2026-08-03,918C,群益古亭,064162,30000,0,27400.0,0.0,30000,27400.0
2026-08-03,918C,群益古亭,064444,0,2000,0.0,220.0,-2000,-220.0
2026-08-03,918C,群益古亭,065025,10000,0,2500.0,0.0,10000,2500.0
2026-08-03,918C,群益古亭,065423,10000,0,6000.0,0.0,10000,6000.0
2026-08-03,918C,群益古亭,065459,2000,0,4440.0,0.0,2000,4440.0
2026-08-03,918C,群益古亭,065774,2000,0,1980.0,0.0,2000,1980.0
2026-08-03,918C,群益古亭,067323,0,10000,0.0,18800.0,-10000,-18800.0
2026-08-03,918C,群益古亭,067357,20000,0,12400.0,0.0,20000,12400.0
2026-08-03,918C,群益古亭,067529,20000,0,38000.0,0.0,20000,38000.0
2026-08-03,918C,群益古亭,067607,10000,0,5300.0,0.0,10000,5300.0
2026-08-03,918C,群益古亭,067994,5000,0,6450.0,0.0,5000,6450.0
2026-08-03,918C,群益古亭,068665,0,12000,0.0,25200.0,-12000,-25200.0
2026-08-03,918C,群益古亭,069197,0,10000,0.0,9500.0,-10000,-9500.0
2026-08-03,918C,群益古亭,070962,20000,0,15200.0,0.0,20000,15200.0
2026-08-03,918C,群益古亭,071197,30000,21000,13500.0,10080.0,9000,3420.0
2026-08-03,918C,群益古亭,071589,100000,0,88000.0,0.0,100000,88000.0
2026-08-03,918C,群益古亭,072543,100000,0,161000.0,0.0,100000,161000.0
2026-08-03,918C,群益古亭,072642,30000,0,43800.0,0.0,30000,43800.0
2026-08-03,918C,群益古亭,072904,1000,0,460.0,0.0,1000,460.0
2026-08-03,918C,群益古亭,073483,10000,0,4800.0,0.0,10000,4800.0
2026-08-03,918C,群益古亭,074230,0,148000,0.0,78440.0,-148000,-78440.0
2026-08-03,918C,群益古亭,074675,0,700000,0.0,458000.0,-700000,-458000.0
2026-08-03,918C,群益古亭,075077,200000,0,141000.0,0.0,200000,141000.0
2026-08-03,918C,群益古亭,077802,100000,0,193000.0,0.0,100000,193000.0
2026-08-03,918C,群益古亭,089497,0,2000,0.0,26400.0,-2000,-26400.0
2026-08-03,918C,群益古亭,706078,30000,0,17100.0,0.0,30000,17100.0
2026-08-03,918C,群益古亭,706714,0,2000,0.0,840.0,-2000,-840.0
2026-08-03,918C,群益古亭,707336,0,2000,0.0,2390.0,-2000,-2390.0
2026-08-03,918C,群益古亭,709137,0,100000,0.0,36000.0,-100000,-36000.0
2026-08-03,918C,群益古亭,710500,0,30000,0.0,21000.0,-30000,-21000.0
2026-08-03,918C,群益古亭,710546,10000,0,12600.0,0.0,10000,12600.0
2026-08-03,918C,群益古亭,711321,0,20000,0.0,13400.0,-20000,-13400.0
2026-08-03,920H,凱基基隆,030608,0,6000,0.0,16320.0,-6000,-16320.0
2026-08-03,920H,凱基基隆,043937,100000,0,17000.0,0.0,100000,17000.0
2026-08-03,920H,凱基基隆,052245,0,99000,0.0,28220.0,-99000,-28220.0
2026-08-03,920H,凱基基隆,053506,0,10000,0.0,31200.0,-10000,-31200.0
2026-08-03,920H,凱基基隆,057154,15000,0,4950.0,0.0,15000,4950.0
2026-08-03,920H,凱基基隆,059671,0,2000,0.0,1540.0,-2000,-1540.0
2026-08-03,920H,凱基基隆,062655,0,81000,0.0,11340.0,-81000,-11340.0
2026-08-03,920H,凱基基隆,064450,0,1000,0.0,750.0,-1000,-750.0
2026-08-03,920H,凱基基隆,064707,100000,0,14000.0,0.0,100000,14000.0
2026-08-03,920H,凱基基隆,065408,2000,0,1220.0,0.0,2000,1220.0
2026-08-03,920H,凱基基隆,065480,0,1000,0.0,2500.0,-1000,-2500.0
2026-08-03,920H,凱基基隆,066081,100000,0,135000.0,0.0,100000,135000.0
2026-08-03,920H,凱基基隆,067078,25000,0,5250.0,0.0,25000,5250.0
2026-08-03,920H,凱基基隆,067300,30000,0,17700.0,0.0,30000,17700.0
2026-08-03,920H,凱基基隆,067995,48000,0,42720.0,0.0,48000,42720.0
2026-08-03,920H,凱基基隆,068001,23000,22000,18340.0,17600.0,1000,740.0
2026-08-03,920H,凱基基隆,069290,40000,0,13600.0,0.0,40000,13600.0
2026-08-03,920H,凱基基隆,069941,0,1000,0.0,2140.0,-1000,-2140.0
2026-08-03,920H,凱基基隆,070235,100000,0,122000.0,0.0,100000,122000.0
2026-08-03,920H,凱基基隆,070256,2000,0,1200.0,0.0,2000,1200.0
2026-08-03,920H,凱基基隆,070395,2000,0,1040.0,0.0,2000,1040.0
2026-08-03,920H,凱基基隆,070759,100000,0,108000.0,0.0,100000,108000.0
2026-08-03,920H,凱基基隆,071436,0,40000,0.0,7600.0,-40000,-7600.0
2026-08-03,920H,凱基基隆,071612,5000,0,3400.0,0.0,5000,3400.0
2026-08-03,920H,凱基基隆,072230,0,40000,0.0,12400.0,-40000,-12400.0
2026-08-03,920H,凱基基隆,072677,7000,0,2500.0,0.0,7000,2500.0
2026-08-03,920H,凱基基隆,072750,50000,0,11500.0,0.0,50000,11500.0
2026-08-03,920H,凱基基隆,073848,0,20000,0.0,15000.0,-20000,-15000.0
2026-08-03,920H,凱基基隆,076533,100000,0,94000.0,0.0,100000,94000.0
2026-08-03,920H,凱基基隆,077238,1000,0,840.0,0.0,1000,840.0
2026-08-03,920H,凱基基隆,08574U,22000,0,32240.0,0.0,22000,32240.0
2026-08-03,920H,凱基基隆,708923,0,2000,0.0,1000.0,-2000,-1000.0
2026-08-03,920H,凱基基隆,709468,110000,0,11100.0,0.0,110000,11100.0
2026-08-03,920H,凱基基隆,709919,0,2000,0.0,1920.0,-2000,-1920.0
2026-08-03,920H,凱基基隆,711607,10000,0,19400.0,0.0,10000,19400.0
2026-08-03,9211,凱基台南,031273,10000,0,8900.0,0.0,10000,8900.0
2026-08-03,9211,凱基台南,03175T,10000,0,12100.0,0.0,10000,12100.0
2026-08-03,9211,凱基台南,03178T,10000,0,6900.0,0.0,10000,6900.0
2026-08-03,9211,凱基台南,03202T,40000,0,20000.0,0.0,40000,20000.0
2026-08-03,9211,凱基台南,03277T,20000,0,21600.0,0.0,20000,21600.0
2026-08-03,9211,凱基台南,03326T,0,10000,0.0,5140.0,-10000,-5140.0
2026-08-03,9211,凱基台南,03395T,0,20000,0.0,15600.0,-20000,-15600.0
2026-08-03,9211,凱基台南,03562T,10000,0,17200.0,0.0,10000,17200.0
2026-08-03,9211,凱基台南,03564T,0,70000,0.0,24500.0,-70000,-24500.0
2026-08-03,9211,凱基台南,03659T,10000,0,17700.0,0.0,10000,17700.0
2026-08-03,9211,凱基台南,03686T,10000,0,12500.0,0.0,10000,12500.0
2026-08-03,9211,凱基台南,041740,1000,0,2700.0,0.0,1000,2700.0
2026-08-03,9211,凱基台南,052987,2000,0,1520.0,0.0,2000,1520.0
2026-08-03,9211,凱基台南,057525,0,3000,0.0,9130.0,-3000,-9130.0
2026-08-03,9211,凱基台南,057878,100000,85000,228000.0,229500.0,15000,-1500.0
2026-08-03,9211,凱基台南,058498,0,10000,0.0,15200.0,-10000,-15200.0
2026-08-03,9211,凱基台南,058866,0,5000,0.0,13950.0,-5000,-13950.0
2026-08-03,9211,凱基台南,059089,25000,15000,64800.0,39300.0,10000,25500.0
2026-08-03,9211,凱基台南,059144,0,1000,0.0,680.0,-1000,-680.0
2026-08-03,9211,凱基台南,061143,0,10000,0.0,20450.0,-10000,-20450.0
2026-08-03,9211,凱基台南,061151,1000,0,2080.0,0.0,1000,2080.0
2026-08-03,9211,凱基台南,061788,28000,0,9520.0,0.0,28000,9520.0
2026-08-03,9211,凱基台南,062217,0,10000,0.0,40700.0,-10000,-40700.0
2026-08-03,9211,凱基台南,062466,0,10000,0.0,28900.0,-10000,-28900.0
2026-08-03,9211,凱基台南,062570,5000,0,2400.0,0.0,5000,2400.0
2026-08-03,9211,凱基台南,062640,0,1000,0.0,3400.0,-1000,-3400.0
2026-08-03,9211,凱基台南,063580,0,10000,0.0,7100.0,-10000,-7100.0
2026-08-03,9211,凱基台南,063656,0,2000,0.0,2900.0,-2000,-2900.0
2026-08-03,9211,凱基台南,065755,1000,0,2470.0,0.0,1000,2470.0
2026-08-03,9211,凱基台南,066782,0,5000,0.0,4050.0,-5000,-4050.0
2026-08-03,9211,凱基台南,067128,0,1000,0.0,1150.0,-1000,-1150.0
2026-08-03,9211,凱基台南,067535,0,15000,0.0,4350.0,-15000,-4350.0
2026-08-03,9211,凱基台南,067814,2000,0,2960.0,0.0,2000,2960.0
2026-08-03,9211,凱基台南,068562,31000,0,23360.0,0.0,31000,23360.0
2026-08-03,9211,凱基台南,068605,3000,0,480.0,0.0,3000,480.0
2026-08-03,9211,凱基台南,069271,0,57000,0.0,9690.0,-57000,-9690.0
2026-08-03,9211,凱基台南,070551,3000,0,1410.0,0.0,3000,1410.0
2026-08-03,9211,凱基台南,071284,0,200000,0.0,162000.0,-200000,-162000.0
2026-08-03,9211,凱基台南,071616,0,140000,0.0,141000.0,-140000,-141000.0
2026-08-03,9211,凱基台南,072906,20000,0,10800.0,0.0,20000,10800.0
2026-08-03,9211,凱基台南,073002,20000,0,10600.0,0.0,20000,10600.0
2026-08-03,9211,凱基台南,073202,30000,0,15600.0,0.0,30000,15600.0
2026-08-03,9211,凱基台南,073523,0,10000,0.0,2900.0,-10000,-2900.0
2026-08-03,9211,凱基台南,073551,0,10000,0.0,7400.0,-10000,-7400.0
2026-08-03,9211,凱基台南,073966,10000,0,5700.0,0.0,10000,5700.0
2026-08-03,9211,凱基台南,074198,0,30000,0.0,20100.0,-30000,-20100.0
2026-08-03,9211,凱基台南,075132,30000,0,21900.0,0.0,30000,21900.0
2026-08-03,9211,凱基台南,075207,11000,0,26180.0,0.0,11000,26180.0
2026-08-03,9211,凱基台南,075687,0,12000,0.0,9240.0,-12000,-9240.0
2026-08-03,9211,凱基台南,076317,10000,0,10400.0,0.0,10000,10400.0
2026-08-03,9211,凱基台南,076546,0,140000,0.0,126000.0,-140000,-126000.0
2026-08-03,9211,凱基台南,076602,30000,0,16200.0,0.0,30000,16200.0
2026-08-03,9211,凱基台南,076623,180000,0,65720.0,0.0,180000,65720.0
2026-08-03,9211,凱基台南,076739,10000,0,9800.0,0.0,10000,9800.0
2026-08-03,9211,凱基台南,08388U,10000,0,11000.0,0.0,10000,11000.0
2026-08-03,9211,凱基台南,08595U,0,100000,0.0,22500.0,-100000,-22500.0
2026-08-03,9211,凱基台南,08906U,30000,0,10500.0,0.0,30000,10500.0
2026-08-03,9211,凱基台南,08917U,30000,0,8400.0,0.0,30000,8400.0
2026-08-03,9211,凱基台南,706459,0,13000,0.0,1950.0,-13000,-1950.0
2026-08-03,9211,凱基台南,708430,40000,0,4000.0,0.0,40000,4000.0
2026-08-03,9211,凱基台南,708706,10000,0,4200.0,0.0,10000,4200.0
2026-08-03,9211,凱基台南,709529,0,20000,0.0,2200.0,-20000,-2200.0
2026-08-03,9211,凱基台南,710076,0,5000,0.0,3150.0,-5000,-3150.0
2026-08-03,9211,凱基台南,710385,0,10000,0.0,7000.0,-10000,-7000.0
2026-08-03,9211,凱基台南,710599,10000,0,6400.0,0.0,10000,6400.0
2026-08-03,9211,凱基台南,710610,0,10000,0.0,11500.0,-10000,-11500.0
2026-08-03,9211,凱基台南,710899,0,5000,0.0,3300.0,-5000,-3300.0
2026-08-03,9211,凱基台南,72610U,0,10000,0.0,11300.0,-10000,-11300.0
2026-08-03,9211,凱基台南,72812U,0,10000,0.0,12500.0,-10000,-12500.0
2026-08-03,9211,凱基台南,72853U,40000,0,31200.0,0.0,40000,31200.0
2026-08-03,9211,凱基台南,72854U,50000,0,9000.0,0.0,50000,9000.0
2026-08-03,9229,凱基中山,03573T,9000,0,11250.0,0.0,9000,11250.0
2026-08-03,9229,凱基中山,03651T,12000,0,13560.0,0.0,12000,13560.0
2026-08-03,9229,凱基中山,03904T,6000,0,8460.0,0.0,6000,8460.0
2026-08-03,9229,凱基中山,03921T,6000,0,8940.0,0.0,6000,8940.0
2026-08-03,9229,凱基中山,042004,0,12000,0.0,18120.0,-12000,-18120.0
2026-08-03,9229,凱基中山,060250,0,12000,0.0,4200.0,-12000,-4200.0
2026-08-03,9229,凱基中山,063344,10000,0,3500.0,0.0,10000,3500.0
2026-08-03,9229,凱基中山,063351,40000,0,17600.0,0.0,40000,17600.0
2026-08-03,9229,凱基中山,064372,0,50000,0.0,130000.0,-50000,-130000.0
2026-08-03,9229,凱基中山,065880,0,6000,0.0,18180.0,-6000,-18180.0
2026-08-03,9229,凱基中山,066784,0,100000,0.0,365000.0,-100000,-365000.0
2026-08-03,9229,凱基中山,067131,2000,0,13600.0,0.0,2000,13600.0
2026-08-03,9229,凱基中山,068512,0,62000,0.0,403000.0,-62000,-403000.0
2026-08-03,9229,凱基中山,068868,90000,0,103700.0,0.0,90000,103700.0
2026-08-03,9229,凱基中山,069156,2000,0,2080.0,0.0,2000,2080.0
2026-08-03,9229,凱基中山,069567,100000,0,50800.0,0.0,100000,50800.0
2026-08-03,9229,凱基中山,071859,0,100000,0.0,96000.0,-100000,-96000.0
2026-08-03,9229,凱基中山,072503,0,100000,0.0,78500.0,-100000,-78500.0
2026-08-03,9229,凱基中山,074489,0,50000,0.0,8000.0,-50000,-8000.0
2026-08-03,9229,凱基中山,074785,0,50000,0.0,7000.0,-50000,-7000.0
2026-08-03,9229,凱基中山,704915,10000,0,28200.0,0.0,10000,28200.0
2026-08-03,9229,凱基中山,708513,2000,0,7620.0,0.0,2000,7620.0
2026-08-03,9229,凱基中山,709747,0,18000,0.0,14400.0,-18000,-14400.0
2026-08-03,9229,凱基中山,711047,11000,0,5390.0,0.0,11000,5390.0
2026-08-03,9237,凱基敦北,03328T,0,30000,0.0,41400.0,-30000,-41400.0
2026-08-03,9237,凱基敦北,03353T,0,28000,0.0,25760.0,-28000,-25760.0
2026-08-03,9237,凱基敦北,03360T,0,89000,0.0,71200.0,-89000,-71200.0
2026-08-03,9237,凱基敦北,041669,5000,0,3500.0,0.0,5000,3500.0
2026-08-03,9237,凱基敦北,057445,0,2000,0.0,860.0,-2000,-860.0
2026-08-03,9237,凱基敦北,059837,0,1000,0.0,1990.0,-1000,-1990.0
2026-08-03,9237,凱基敦北,060731,0,50000,0.0,50500.0,-50000,-50500.0
2026-08-03,9237,凱基敦北,061391,3000,0,1800.0,0.0,3000,1800.0
2026-08-03,9237,凱基敦北,061567,0,2000,0.0,3850.0,-2000,-3850.0
2026-08-03,9237,凱基敦北,061749,0,1000,0.0,1180.0,-1000,-1180.0
2026-08-03,9237,凱基敦北,062743,0,1000,0.0,80.0,-1000,-80.0
2026-08-03,9237,凱基敦北,063654,5000,0,8710.0,0.0,5000,8710.0
2026-08-03,9237,凱基敦北,064137,0,1000,0.0,2070.0,-1000,-2070.0
2026-08-03,9237,凱基敦北,064609,0,1000,0.0,570.0,-1000,-570.0
2026-08-03,9237,凱基敦北,065121,3000,0,480.0,0.0,3000,480.0
2026-08-03,9237,凱基敦北,067635,1000,0,690.0,0.0,1000,690.0
2026-08-03,9237,凱基敦北,067785,0,2000,0.0,1300.0,-2000,-1300.0
2026-08-03,9237,凱基敦北,069726,0,1000,0.0,2280.0,-1000,-2280.0
2026-08-03,9237,凱基敦北,071161,21000,0,8690.0,0.0,21000,8690.0
2026-08-03,9237,凱基敦北,072156,0,1000,0.0,460.0,-1000,-460.0
2026-08-03,9237,凱基敦北,077530,30000,0,40500.0,0.0,30000,40500.0
2026-08-03,9237,凱基敦北,705565,1000,0,550.0,0.0,1000,550.0
2026-08-03,9237,凱基敦北,706711,0,1000,0.0,510.0,-1000,-510.0
2026-08-03,9237,凱基敦北,707031,0,3000,0.0,360.0,-3000,-360.0
2026-08-03,9237,凱基敦北,707859,1000,0,930.0,0.0,1000,930.0
2026-08-03,9237,凱基敦北,708590,0,20000,0.0,9800.0,-20000,-9800.0
2026-08-03,9237,凱基敦北,708613,0,1000,0.0,1320.0,-1000,-1320.0
2026-08-03,9237,凱基敦北,709809,0,1000,0.0,920.0,-1000,-920.0
2026-08-03,9237,凱基敦北,72898U,0,49000,0.0,39200.0,-49000,-39200.0
2026-08-03,9237,凱基敦北,733460,0,18000,0.0,16360.0,-18000,-16360.0
2026-08-03,9238,凱基士林,032942,10000,0,4000.0,0.0,10000,4000.0
2026-08-03,9238,凱基士林,033597,43000,0,17200.0,0.0,43000,17200.0
2026-08-03,9238,凱基士林,03415T,100000,0,124000.0,0.0,100000,124000.0
2026-08-03,9238,凱基士林,03737B,1000,1000,1100.0,1130.0,0,-30.0
2026-08-03,9238,凱基士林,041320,3000,0,53800.0,0.0,3000,53800.0
2026-08-03,9238,凱基士林,041613,10000,0,4500.0,0.0,10000,4500.0
2026-08-03,9238,凱基士林,043287,0,3000,0.0,960.0,-3000,-960.0
2026-08-03,9238,凱基士林,049062,0,5000,0.0,29000.0,-5000,-29000.0
2026-08-03,9238,凱基士林,050195,0,1000,0.0,6300.0,-1000,-6300.0
2026-08-03,9238,凱基士林,056096,11000,0,3940.0,0.0,11000,3940.0
2026-08-03,9238,凱基士林,056097,10000,0,5400.0,0.0,10000,5400.0
2026-08-03,9238,凱基士林,056546,0,1000,0.0,2620.0,-1000,-2620.0
2026-08-03,9238,凱基士林,057197,0,4000,0.0,4720.0,-4000,-4720.0
2026-08-03,9238,凱基士林,057992,2000,0,10750.0,0.0,2000,10750.0
2026-08-03,9238,凱基士林,060496,1000,0,3350.0,0.0,1000,3350.0
2026-08-03,9238,凱基士林,061849,5000,0,8150.0,0.0,5000,8150.0
2026-08-03,9238,凱基士林,063444,0,1000,0.0,3780.0,-1000,-3780.0
2026-08-03,9238,凱基士林,063521,0,10000,0.0,2800.0,-10000,-2800.0
2026-08-03,9238,凱基士林,063943,1000,1000,4400.0,4400.0,0,0.0
2026-08-03,9238,凱基士林,064372,0,10000,0.0,27000.0,-10000,-27000.0
2026-08-03,9238,凱基士林,065089,0,1000,0.0,2740.0,-1000,-2740.0
2026-08-03,9238,凱基士林,065353,0,1000,0.0,6800.0,-1000,-6800.0
2026-08-03,9238,凱基士林,065813,0,10000,0.0,15800.0,-10000,-15800.0
2026-08-03,9238,凱基士林,066021,0,1000,0.0,3550.0,-1000,-3550.0
2026-08-03,9238,凱基士林,066324,30000,0,92400.0,0.0,30000,92400.0
2026-08-03,9238,凱基士林,066666,0,4000,0.0,17080.0,-4000,-17080.0
2026-08-03,9238,凱基士林,066773,2000,0,5820.0,0.0,2000,5820.0
2026-08-03,9238,凱基士林,066818,0,1000,0.0,4370.0,-1000,-4370.0
2026-08-03,9238,凱基士林,067133,1000,0,1580.0,0.0,1000,1580.0
2026-08-03,9238,凱基士林,067368,0,50000,0.0,34000.0,-50000,-34000.0
2026-08-03,9238,凱基士林,067393,3000,0,11030.0,0.0,3000,11030.0
2026-08-03,9238,凱基士林,067409,61000,0,31250.0,0.0,61000,31250.0
2026-08-03,9238,凱基士林,067885,1000,0,2300.0,0.0,1000,2300.0
2026-08-03,9238,凱基士林,068778,0,38000,0.0,64500.0,-38000,-64500.0
2026-08-03,9238,凱基士林,069649,30000,0,5700.0,0.0,30000,5700.0
2026-08-03,9238,凱基士林,071589,12000,0,10560.0,0.0,12000,10560.0
2026-08-03,9238,凱基士林,072523,1000,0,620.0,0.0,1000,620.0
2026-08-03,9238,凱基士林,073965,20000,20000,7800.0,7500.0,0,300.0
2026-08-03,9238,凱基士林,074086,0,2000,0.0,2060.0,-2000,-2060.0
2026-08-03,9238,凱基士林,074397,82000,0,56580.0,0.0,82000,56580.0
2026-08-03,9238,凱基士林,075154,0,40000,0.0,36800.0,-40000,-36800.0
2026-08-03,9238,凱基士林,078119,10000,0,20500.0,0.0,10000,20500.0
2026-08-03,9238,凱基士林,08603U,11000,0,12430.0,0.0,11000,12430.0
2026-08-03,9238,凱基士林,704288,0,10000,0.0,1200.0,-10000,-1200.0
2026-08-03,9238,凱基士林,707527,20000,0,39200.0,0.0,20000,39200.0
2026-08-03,9238,凱基士林,708949,3000,0,6120.0,0.0,3000,6120.0
2026-08-03,9238,凱基士林,709170,0,100000,0.0,83000.0,-100000,-83000.0
2026-08-03,9238,凱基士林,710165,0,11000,0.0,9240.0,-11000,-9240.0
2026-08-03,9238,凱基士林,710454,50000,0,25600.0,0.0,50000,25600.0
2026-08-03,9238,凱基士林,710511,50000,0,20400.0,0.0,50000,20400.0
2026-08-03,9238,凱基士林,710740,10000,0,5600.0,0.0,10000,5600.0
2026-08-03,9238,凱基士林,710854,10000,0,4500.0,0.0,10000,4500.0
2026-08-03,9238,凱基士林,711975,2000,0,3980.0,0.0,2000,3980.0
2026-08-03,9302,華南台中,03372T,16000,0,6460.0,0.0,16000,6460.0
2026-08-03,9302,華南台中,03732B,0,30000,0.0,23400.0,-30000,-23400.0
2026-08-03,9302,華南台中,037497,0,19000,0.0,22760.0,-19000,-22760.0
2026-08-03,9302,華南台中,039028,0,28000,0.0,50680.0,-28000,-50680.0
2026-08-03,9302,華南台中,04009T,10000,0,6100.0,0.0,10000,6100.0
2026-08-03,9302,華南台中,050315,1000,1000,2210.0,2530.0,0,-320.0
2026-08-03,9302,華南台中,052120,0,25000,0.0,4000.0,-25000,-4000.0
2026-08-03,9302,華南台中,052205,7000,0,7940.0,0.0,7000,7940.0
2026-08-03,9302,華南台中,053530,0,1000,0.0,3180.0,-1000,-3180.0
2026-08-03,9302,華南台中,055213,0,1000,0.0,14900.0,-1000,-14900.0
2026-08-03,9302,華南台中,057149,0,3000,0.0,3540.0,-3000,-3540.0
2026-08-03,9302,華南台中,057544,2000,10000,3640.0,17000.0,-8000,-13360.0
2026-08-03,9302,華南台中,057757,0,10000,0.0,18700.0,-10000,-18700.0
2026-08-03,9302,華南台中,058288,0,40000,0.0,144800.0,-40000,-144800.0
2026-08-03,9302,華南台中,058884,1000,0,300.0,0.0,1000,300.0
2026-08-03,9302,華南台中,060293,40000,60000,5200.0,8600.0,-20000,-3400.0
2026-08-03,9302,華南台中,062339,80000,0,86400.0,0.0,80000,86400.0
2026-08-03,9302,華南台中,062366,0,1000,0.0,2770.0,-1000,-2770.0
2026-08-03,9302,華南台中,062639,0,1000,0.0,1550.0,-1000,-1550.0
2026-08-03,9302,華南台中,062644,20000,0,3200.0,0.0,20000,3200.0
2026-08-03,9302,華南台中,063286,10000,0,4500.0,0.0,10000,4500.0
2026-08-03,9302,華南台中,063442,1000,0,2000.0,0.0,1000,2000.0
2026-08-03,9302,華南台中,063793,0,5000,0.0,1700.0,-5000,-1700.0
2026-08-03,9302,華南台中,065459,0,1000,0.0,2180.0,-1000,-2180.0
2026-08-03,9302,華南台中,065489,10000,0,1590.0,0.0,10000,1590.0
2026-08-03,9302,華南台中,065686,0,99000,0.0,131670.0,-99000,-131670.0
2026-08-03,9302,華南台中,066235,10000,0,15700.0,0.0,10000,15700.0
2026-08-03,9302,華南台中,066934,0,1000,0.0,870.0,-1000,-870.0
2026-08-03,9302,華南台中,067298,0,2000,0.0,1460.0,-2000,-1460.0
2026-08-03,9302,華南台中,067441,14000,0,15870.0,0.0,14000,15870.0
2026-08-03,9302,華南台中,067605,0,11000,0.0,8910.0,-11000,-8910.0
2026-08-03,9302,華南台中,067997,0,10000,0.0,7900.0,-10000,-7900.0
2026-08-03,9302,華南台中,069064,499000,0,588820.0,0.0,499000,588820.0
2026-08-03,9302,華南台中,069616,0,1000,0.0,480.0,-1000,-480.0
2026-08-03,9302,華南台中,069932,0,11000,0.0,7590.0,-11000,-7590.0
2026-08-03,9302,華南台中,070545,30000,0,32100.0,0.0,30000,32100.0
2026-08-03,9302,華南台中,071272,3000,0,3210.0,0.0,3000,3210.0
2026-08-03,9302,華南台中,071790,5000,1000,3250.0,720.0,4000,2530.0
2026-08-03,9302,華南台中,072228,0,5000,0.0,1430.0,-5000,-1430.0
2026-08-03,9302,華南台中,072351,0,40000,0.0,31600.0,-40000,-31600.0
2026-08-03,9302,華南台中,072608,30000,0,37200.0,0.0,30000,37200.0
2026-08-03,9302,華南台中,072757,9000,0,3450.0,0.0,9000,3450.0
2026-08-03,9302,華南台中,072868,1000,0,220.0,0.0,1000,220.0
2026-08-03,9302,華南台中,073728,0,10000,0.0,9600.0,-10000,-9600.0
2026-08-03,9302,華南台中,074569,0,1000,0.0,790.0,-1000,-790.0
2026-08-03,9302,華南台中,076738,0,10000,0.0,14400.0,-10000,-14400.0
2026-08-03,9302,永昌台中,707299,0,1000,0.0,1600.0,-1000,-1600.0
2026-08-03,9302,永昌台中,707527,900000,0,1746000.0,0.0,900000,1746000.0
2026-08-03,9302,永昌台中,707795,0,1000,0.0,2830.0,-1000,-2830.0
2026-08-03,9302,永昌台中,709919,2000,0,1920.0,0.0,2000,1920.0
2026-08-03,9302,永昌台中,711885,0,10000,0.0,12900.0,-10000,-12900.0
2026-08-03,9302,永昌台中,722731,0,100000,0.0,4000.0,-100000,-4000.0
2026-08-03,9316,華南淡水,03001T,4000,0,4480.0,0.0,4000,4480.0
2026-08-03,9316,華南淡水,03182T,0,18000,0.0,20460.0,-18000,-20460.0
2026-08-03,9316,華南淡水,03188T,4000,8000,4320.0,9540.0,-4000,-5220.0
2026-08-03,9316,華南淡水,03195T,0,10000,0.0,7300.0,-10000,-7300.0
2026-08-03,9316,華南淡水,03478T,0,100000,0.0,95000.0,-100000,-95000.0
2026-08-03,9316,華南淡水,03553T,1000,0,2210.0,0.0,1000,2210.0
2026-08-03,9316,華南淡水,03735B,1000,0,830.0,0.0,1000,830.0
2026-08-03,9316,華南淡水,038209,0,2000,0.0,16600.0,-2000,-16600.0
2026-08-03,9316,華南淡水,044796,10000,0,13500.0,0.0,10000,13500.0
2026-08-03,9316,華南淡水,070089,0,2000,0.0,1560.0,-2000,-1560.0
2026-08-03,9316,華南淡水,076281,0,10000,0.0,7200.0,-10000,-7200.0
2026-08-03,9316,華南淡水,077288,0,10000,0.0,9000.0,-10000,-9000.0
2026-08-03,9316,華南淡水,077963,5000,0,2950.0,0.0,5000,2950.0
2026-08-03,9316,華南淡水,08461U,3000,0,4440.0,0.0,3000,4440.0
2026-08-03,9316,華南淡水,08802U,2000,11000,220.0,1100.0,-9000,-880.0
2026-08-03,9316,華南淡水,08871U,0,4000,0.0,3120.0,-4000,-3120.0
2026-08-03,9316,永昌淡水,704954,4000,0,8500.0,0.0,4000,8500.0
2026-08-03,9316,永昌淡水,705792,2000,0,820.0,0.0,2000,820.0
2026-08-03,9316,永昌淡水,709890,2000,0,3240.0,0.0,2000,3240.0
2026-08-03,9316,永昌淡水,710431,0,10000,0.0,6400.0,-10000,-6400.0
2026-08-03,9316,永昌淡水,72883U,5000,0,4550.0,0.0,5000,4550.0
2026-08-03,9316,永昌淡水,72914U,4000,0,4600.0,0.0,4000,4600.0
2026-08-03,9337,華南內壢,03142T,200000,0,68000.0,0.0,200000,68000.0
2026-08-03,9337,華南內壢,03228T,0,3000,0.0,5130.0,-3000,-5130.0
2026-08-03,9337,華南內壢,03323T,0,1000,0.0,400.0,-1000,-400.0
2026-08-03,9337,華南內壢,03929T,5000,2000,8740.0,3600.0,3000,5140.0
2026-08-03,9337,華南內壢,050284,10000,0,1850.0,0.0,10000,1850.0
2026-08-03,9337,華南內壢,055827,2000,0,4920.0,0.0,2000,4920.0
2026-08-03,9337,華南內壢,057953,100000,0,27000.0,0.0,100000,27000.0
2026-08-03,9337,華南內壢,058289,10000,0,3000.0,0.0,10000,3000.0
2026-08-03,9337,華南內壢,058803,0,120000,0.0,43200.0,-120000,-43200.0
2026-08-03,9337,華南內壢,059021,15000,53000,14070.0,50350.0,-38000,-36280.0
2026-08-03,9337,華南內壢,059081,15000,108000,19260.0,144720.0,-93000,-125460.0
2026-08-03,9337,華南內壢,059082,15000,0,18690.0,0.0,15000,18690.0
2026-08-03,9337,華南內壢,059083,12000,57000,14190.0,70110.0,-45000,-55920.0
2026-08-03,9337,華南內壢,059121,428000,172000,272870.0,118680.0,256000,154190.0
2026-08-03,9337,華南內壢,059122,9000,64000,11250.0,80000.0,-55000,-68750.0
2026-08-03,9337,華南內壢,059837,0,2000,0.0,3920.0,-2000,-3920.0
2026-08-03,9337,華南內壢,060995,0,13000,0.0,9620.0,-13000,-9620.0
2026-08-03,9337,華南內壢,062650,1000,0,630.0,0.0,1000,630.0
2026-08-03,9337,華南內壢,063745,0,1000,0.0,1370.0,-1000,-1370.0
2026-08-03,9337,華南內壢,065455,165000,0,65250.0,0.0,165000,65250.0
2026-08-03,9337,華南內壢,066233,1000,0,1340.0,0.0,1000,1340.0
2026-08-03,9337,華南內壢,066566,5000,0,2250.0,0.0,5000,2250.0
2026-08-03,9337,華南內壢,066592,10000,0,11700.0,0.0,10000,11700.0
2026-08-03,9337,華南內壢,067107,20000,0,55000.0,0.0,20000,55000.0
2026-08-03,9337,華南內壢,067118,20000,0,27700.0,0.0,20000,27700.0
2026-08-03,9337,華南內壢,067449,1000,0,660.0,0.0,1000,660.0
2026-08-03,9337,華南內壢,067790,0,1000,0.0,1470.0,-1000,-1470.0
2026-08-03,9337,華南內壢,067828,40000,80000,14000.0,27200.0,-40000,-13200.0
2026-08-03,9337,華南內壢,067943,0,10000,0.0,16400.0,-10000,-16400.0
2026-08-03,9337,華南內壢,070267,20000,0,15800.0,0.0,20000,15800.0
2026-08-03,9337,華南內壢,070300,0,1000,0.0,530.0,-1000,-530.0
2026-08-03,9337,華南內壢,070495,1000,0,700.0,0.0,1000,700.0
2026-08-03,9337,華南內壢,070625,22000,20000,28930.0,27600.0,2000,1330.0
2026-08-03,9337,華南內壢,070669,0,30000,0.0,16000.0,-30000,-16000.0
2026-08-03,9337,華南內壢,071173,30000,0,27750.0,0.0,30000,27750.0
2026-08-03,9337,華南內壢,071218,10000,0,14100.0,0.0,10000,14100.0
2026-08-03,9337,華南內壢,071283,0,7000,0.0,6580.0,-7000,-6580.0
2026-08-03,9337,華南內壢,071512,20000,0,28600.0,0.0,20000,28600.0
2026-08-03,9337,華南內壢,071715,0,10000,0.0,16800.0,-10000,-16800.0
2026-08-03,9337,華南內壢,071742,6000,0,7500.0,0.0,6000,7500.0
2026-08-03,9337,華南內壢,072757,10000,0,4000.0,0.0,10000,4000.0
2026-08-03,9337,華南內壢,076919,0,2000,0.0,6260.0,-2000,-6260.0
2026-08-03,9337,華南內壢,077056,1000,0,540.0,0.0,1000,540.0
2026-08-03,9337,華南內壢,08630U,0,599000,0.0,77870.0,-599000,-77870.0
2026-08-03,9337,永昌內壢,706819,50000,50000,9500.0,11000.0,0,-1500.0
2026-08-03,9337,永昌內壢,708473,15000,0,14050.0,0.0,15000,14050.0
2026-08-03,9337,永昌內壢,733461,0,73000,0.0,40650.0,-73000,-40650.0
2026-08-03,9343,華南頭份,03734B,1000,0,1130.0,0.0,1000,1130.0
2026-08-03,9343,華南頭份,044795,0,1000,0.0,2500.0,-1000,-2500.0
2026-08-03,9343,華南頭份,051694,0,2000,0.0,1300.0,-2000,-1300.0
2026-08-03,9343,華南頭份,065707,0,5000,0.0,11950.0,-5000,-11950.0
2026-08-03,9343,華南頭份,068437,30000,0,9300.0,0.0,30000,9300.0
2026-08-03,9343,華南頭份,071056,3000,0,2100.0,0.0,3000,2100.0
2026-08-03,9343,華南頭份,071779,0,10000,0.0,7400.0,-10000,-7400.0
2026-08-03,9343,華南頭份,072992,10000,0,10500.0,0.0,10000,10500.0
2026-08-03,9343,華南頭份,073325,12000,0,14040.0,0.0,12000,14040.0
2026-08-03,9343,華南頭份,076214,20000,0,16200.0,0.0,20000,16200.0
2026-08-03,9343,華南頭份,076920,10000,0,13900.0,0.0,10000,13900.0
2026-08-03,9343,華南頭份,07692U,0,35000,0.0,1750.0,-35000,-1750.0
2026-08-03,9343,華南頭份,077304,1000,0,1230.0,0.0,1000,1230.0
2026-08-03,9343,永昌頭份,708250,0,198000,0.0,71280.0,-198000,-71280.0
2026-08-03,9343,永昌頭份,708354,173000,0,70930.0,0.0,173000,70930.0
2026-08-03,9343,永昌頭份,710141,0,1000,0.0,520.0,-1000,-520.0
2026-08-03,961F,富邦公益,030887,0,40000,0.0,216000.0,-40000,-216000.0
2026-08-03,961F,富邦公益,03278T,4000,0,560.0,0.0,4000,560.0
2026-08-03,961F,富邦公益,03389T,20000,0,6800.0,0.0,20000,6800.0
2026-08-03,961F,富邦公益,03396T,0,10000,0.0,9300.0,-10000,-9300.0
2026-08-03,961F,富邦公益,03432T,0,30000,0.0,42000.0,-30000,-42000.0
2026-08-03,961F,富邦公益,03518T,1000,1000,1970.0,1990.0,0,-20.0
2026-08-03,961F,富邦公益,037024,1000,0,1940.0,0.0,1000,1940.0
2026-08-03,961F,富邦公益,038987,0,9000,0.0,5570.0,-9000,-5570.0
2026-08-03,961F,富邦公益,044274,300000,0,53000.0,0.0,300000,53000.0
2026-08-03,961F,富邦公益,044795,2000,0,4560.0,0.0,2000,4560.0
2026-08-03,961F,富邦公益,051259,0,3000,0.0,6840.0,-3000,-6840.0
2026-08-03,961F,富邦公益,057365,0,10000,0.0,6700.0,-10000,-6700.0
2026-08-03,961F,富邦公益,058329,10000,0,5900.0,0.0,10000,5900.0
2026-08-03,961F,富邦公益,059089,2000,2000,5050.0,5090.0,0,-40.0
2026-08-03,961F,富邦公益,059610,1000,0,3000.0,0.0,1000,3000.0
2026-08-03,961F,富邦公益,061431,0,10000,0.0,132000.0,-10000,-132000.0
2026-08-03,961F,富邦公益,061605,0,7000,0.0,4900.0,-7000,-4900.0
2026-08-03,961F,富邦公益,062440,20000,0,19600.0,0.0,20000,19600.0
2026-08-03,961F,富邦公益,062650,23000,0,14290.0,0.0,23000,14290.0
2026-08-03,961F,富邦公益,062652,0,30000,0.0,5100.0,-30000,-5100.0
2026-08-03,961F,富邦公益,062665,1000,0,750.0,0.0,1000,750.0
2026-08-03,961F,富邦公益,062666,0,8000,0.0,7920.0,-8000,-7920.0
2026-08-03,961F,富邦公益,062914,10000,0,8300.0,0.0,10000,8300.0
2026-08-03,961F,富邦公益,064420,0,30000,0.0,27000.0,-30000,-27000.0
2026-08-03,961F,富邦公益,066367,15000,0,146500.0,0.0,15000,146500.0
2026-08-03,961F,富邦公益,066368,10000,0,56000.0,0.0,10000,56000.0
2026-08-03,961F,富邦公益,066916,40000,0,14500.0,0.0,40000,14500.0
2026-08-03,961F,富邦公益,066950,1000,0,640.0,0.0,1000,640.0
2026-08-03,961F,富邦公益,066965,41000,0,55350.0,0.0,41000,55350.0
2026-08-03,961F,富邦公益,067076,0,2000,0.0,2820.0,-2000,-2820.0
2026-08-03,961F,富邦公益,067418,10000,0,18500.0,0.0,10000,18500.0
2026-08-03,961F,富邦公益,067560,0,1000,0.0,1370.0,-1000,-1370.0
2026-08-03,961F,富邦公益,067984,41000,0,25100.0,0.0,41000,25100.0
2026-08-03,961F,富邦公益,068003,0,25000,0.0,22500.0,-25000,-22500.0
2026-08-03,961F,富邦公益,068006,16000,0,10720.0,0.0,16000,10720.0
2026-08-03,961F,富邦公益,068124,4000,0,3620.0,0.0,4000,3620.0
2026-08-03,961F,富邦公益,068704,0,10000,0.0,3700.0,-10000,-3700.0
2026-08-03,961F,富邦公益,068937,8000,0,7200.0,0.0,8000,7200.0
2026-08-03,961F,富邦公益,069352,15000,0,9000.0,0.0,15000,9000.0
2026-08-03,961F,富邦公益,069379,5000,0,5650.0,0.0,5000,5650.0
2026-08-03,961F,富邦公益,069503,0,40000,0.0,26800.0,-40000,-26800.0
2026-08-03,961F,富邦公益,069517,20000,0,11800.0,0.0,20000,11800.0
2026-08-03,961F,富邦公益,069559,4000,20000,1400.0,6600.0,-16000,-5200.0
2026-08-03,961F,富邦公益,070983,5000,0,9750.0,0.0,5000,9750.0
2026-08-03,961F,富邦公益,071645,4000,0,10280.0,0.0,4000,10280.0
2026-08-03,961F,富邦公益,071715,0,50000,0.0,77000.0,-50000,-77000.0
2026-08-03,961F,富邦公益,072507,51000,0,39560.0,0.0,51000,39560.0
2026-08-03,961F,富邦公益,072623,28000,0,34720.0,0.0,28000,34720.0
2026-08-03,961F,富邦公益,072661,0,30000,0.0,10100.0,-30000,-10100.0
2026-08-03,961F,富邦公益,075711,0,20000,0.0,17000.0,-20000,-17000.0
2026-08-03,961F,富邦公益,075878,10000,0,6500.0,0.0,10000,6500.0
2026-08-03,961F,富邦公益,077891,3000,0,6900.0,0.0,3000,6900.0
2026-08-03,961F,富邦公益,08144U,0,1000,0.0,120.0,-1000,-120.0
2026-08-03,961F,富邦公益,08296U,0,299000,0.0,49840.0,-299000,-49840.0
2026-08-03,961F,富邦公益,08578U,2000,0,800.0,0.0,2000,800.0
2026-08-03,961F,富邦公益,703686,1000,0,29000.0,0.0,1000,29000.0
2026-08-03,961F,富邦公益,704590,10000,0,5900.0,0.0,10000,5900.0
2026-08-03,961F,富邦公益,704831,0,2000,0.0,9490.0,-2000,-9490.0
2026-08-03,961F,富邦公益,707765,30000,0,45600.0,0.0,30000,45600.0
2026-08-03,961F,富邦公益,707858,30000,0,22200.0,0.0,30000,22200.0
2026-08-03,961F,富邦公益,708571,10000,0,2500.0,0.0,10000,2500.0
2026-08-03,961F,富邦公益,708644,0,10000,0.0,2300.0,-10000,-2300.0
2026-08-03,961F,富邦公益,708655,0,3000,0.0,1800.0,-3000,-1800.0
2026-08-03,961F,富邦公益,709869,4000,0,13360.0,0.0,4000,13360.0
2026-08-03,961F,富邦公益,711022,50000,0,28500.0,0.0,50000,28500.0
2026-08-03,961F,富邦公益,711601,0,7000,0.0,4540.0,-7000,-4540.0
2026-08-03,961F,富邦公益,72814U,0,1000,0.0,910.0,-1000,-910.0
2026-08-03,9663,富邦敦南,03059T,40000,0,12200.0,0.0,40000,12200.0
2026-08-03,9663,富邦敦南,030996,0,1000,0.0,370.0,-1000,-370.0
2026-08-03,9663,富邦敦南,03149T,5000,0,5880.0,0.0,5000,5880.0
2026-08-03,9663,富邦敦南,03178T,7000,0,4810.0,0.0,7000,4810.0
2026-08-03,9663,富邦敦南,03188T,60000,0,68000.0,0.0,60000,68000.0
2026-08-03,9663,富邦敦南,03234T,90000,0,70200.0,0.0,90000,70200.0
2026-08-03,9663,富邦敦南,03245T,7000,0,5770.0,0.0,7000,5770.0
2026-08-03,9663,富邦敦南,03273T,10000,10000,4300.0,4100.0,0,200.0
2026-08-03,9663,富邦敦南,03331T,15000,0,9740.0,0.0,15000,9740.0
2026-08-03,9663,富邦敦南,03338T,5000,0,6420.0,0.0,5000,6420.0
2026-08-03,9663,富邦敦南,03351T,10000,7000,5800.0,4240.0,3000,1560.0
2026-08-03,9663,富邦敦南,03479T,2000,0,4990.0,0.0,2000,4990.0
2026-08-03,9663,富邦敦南,03551T,10000,0,13700.0,0.0,10000,13700.0
2026-08-03,9663,富邦敦南,03579T,9000,2000,8220.0,1880.0,7000,6340.0
2026-08-03,9663,富邦敦南,03581T,0,1000,0.0,910.0,-1000,-910.0
2026-08-03,9663,富邦敦南,03626T,6000,0,12820.0,0.0,6000,12820.0
2026-08-03,9663,富邦敦南,03797T,4000,0,9520.0,0.0,4000,9520.0
2026-08-03,9663,富邦敦南,04001T,1000,0,1130.0,0.0,1000,1130.0
2026-08-03,9663,富邦敦南,040609,0,10000,0.0,44350.0,-10000,-44350.0
2026-08-03,9663,富邦敦南,044171,1000,0,2960.0,0.0,1000,2960.0
2026-08-03,9663,富邦敦南,045631,0,1000,0.0,450.0,-1000,-450.0
2026-08-03,9663,富邦敦南,051248,0,1000,0.0,3610.0,-1000,-3610.0
2026-08-03,9663,富邦敦南,051665,3000,4000,1990.0,2640.0,-1000,-650.0
2026-08-03,9663,富邦敦南,051666,0,32000,0.0,60800.0,-32000,-60800.0
2026-08-03,9663,富邦敦南,051709,0,29000,0.0,73950.0,-29000,-73950.0
2026-08-03,9663,富邦敦南,052191,40000,0,30000.0,0.0,40000,30000.0
2026-08-03,9663,富邦敦南,053185,0,1000,0.0,2000.0,-1000,-2000.0
2026-08-03,9663,富邦敦南,054043,0,1000,0.0,1860.0,-1000,-1860.0
2026-08-03,9663,富邦敦南,055045,3000,0,910.0,0.0,3000,910.0
2026-08-03,9663,富邦敦南,055417,30000,0,9100.0,0.0,30000,9100.0
2026-08-03,9663,富邦敦南,055972,0,1000,0.0,790.0,-1000,-790.0
2026-08-03,9663,富邦敦南,056059,0,1000,0.0,840.0,-1000,-840.0
2026-08-03,9663,富邦敦南,057525,0,10000,0.0,29500.0,-10000,-29500.0
2026-08-03,9663,富邦敦南,057759,0,1000,0.0,230.0,-1000,-230.0
2026-08-03,9663,富邦敦南,057857,1000,0,2300.0,0.0,1000,2300.0
2026-08-03,9663,富邦敦南,057909,0,1000,0.0,290.0,-1000,-290.0
2026-08-03,9663,富邦敦南,059225,1000,0,2250.0,0.0,1000,2250.0
2026-08-03,9663,富邦敦南,060731,0,30000,0.0,29800.0,-30000,-29800.0
2026-08-03,9663,富邦敦南,061516,70000,0,159200.0,0.0,70000,159200.0
2026-08-03,9663,富邦敦南,063081,0,30000,0.0,21900.0,-30000,-21900.0
2026-08-03,9663,富邦敦南,063139,0,15000,0.0,10000.0,-15000,-10000.0
2026-08-03,9663,富邦敦南,065067,0,1000,0.0,450.0,-1000,-450.0
2026-08-03,9663,富邦敦南,065459,5000,0,11100.0,0.0,5000,11100.0
2026-08-03,9663,富邦敦南,065616,5000,0,2300.0,0.0,5000,2300.0
2026-08-03,9663,富邦敦南,065856,0,5000,0.0,13400.0,-5000,-13400.0
2026-08-03,9663,富邦敦南,066080,1000,0,1520.0,0.0,1000,1520.0
2026-08-03,9663,富邦敦南,066595,0,10000,0.0,4500.0,-10000,-4500.0
2026-08-03,9663,富邦敦南,066642,0,5000,0.0,3750.0,-5000,-3750.0
2026-08-03,9663,富邦敦南,067167,5000,0,10750.0,0.0,5000,10750.0
2026-08-03,9663,富邦敦南,067202,0,20000,0.0,28900.0,-20000,-28900.0
2026-08-03,9663,富邦敦南,067411,20000,0,15250.0,0.0,20000,15250.0
2026-08-03,9663,富邦敦南,067441,6000,0,6340.0,0.0,6000,6340.0
2026-08-03,9663,富邦敦南,067482,10000,0,19200.0,0.0,10000,19200.0
2026-08-03,9663,富邦敦南,067544,1000,0,1280.0,0.0,1000,1280.0
2026-08-03,9663,富邦敦南,067628,0,10000,0.0,10400.0,-10000,-10400.0
2026-08-03,9663,富邦敦南,067782,10000,0,10300.0,0.0,10000,10300.0
2026-08-03,9663,富邦敦南,067791,10000,0,12810.0,0.0,10000,12810.0
2026-08-03,9663,富邦敦南,067995,10000,0,11300.0,0.0,10000,11300.0
2026-08-03,9663,富邦敦南,068034,0,10000,0.0,7500.0,-10000,-7500.0
2026-08-03,9663,富邦敦南,068257,1000,0,1050.0,0.0,1000,1050.0
2026-08-03,9663,富邦敦南,068454,20000,0,23400.0,0.0,20000,23400.0
2026-08-03,9663,富邦敦南,068986,0,1000,0.0,160.0,-1000,-160.0
2026-08-03,9663,富邦敦南,069098,0,5000,0.0,2400.0,-5000,-2400.0
2026-08-03,9663,富邦敦南,069132,0,10000,0.0,11100.0,-10000,-11100.0
2026-08-03,9663,富邦敦南,069151,8000,2000,5940.0,1480.0,6000,4460.0
2026-08-03,9663,富邦敦南,069289,25000,0,10000.0,0.0,25000,10000.0
2026-08-03,9663,富邦敦南,069656,1000,0,930.0,0.0,1000,930.0
2026-08-03,9663,富邦敦南,070000,0,40000,0.0,58400.0,-40000,-58400.0
2026-08-03,9663,富邦敦南,070113,0,1000,0.0,2020.0,-1000,-2020.0
2026-08-03,9663,富邦敦南,070461,0,10000,0.0,6900.0,-10000,-6900.0
2026-08-03,9663,富邦敦南,070728,3000,0,2320.0,0.0,3000,2320.0
2026-08-03,9663,富邦敦南,071305,15000,10000,6900.0,5200.0,5000,1700.0
2026-08-03,9663,富邦敦南,072142,30000,0,40600.0,0.0,30000,40600.0
2026-08-03,9663,富邦敦南,072452,10000,0,12000.0,0.0,10000,12000.0
2026-08-03,9663,富邦敦南,072602,30000,0,27150.0,0.0,30000,27150.0
2026-08-03,9663,富邦敦南,072647,0,13000,0.0,10390.0,-13000,-10390.0
2026-08-03,9663,富邦敦南,072757,25000,0,10000.0,0.0,25000,10000.0
2026-08-03,9663,富邦敦南,073096,0,2000,0.0,2900.0,-2000,-2900.0
2026-08-03,9663,富邦敦南,074265,15000,0,8700.0,0.0,15000,8700.0
2026-08-03,9663,富邦敦南,074309,0,10000,0.0,6900.0,-10000,-6900.0
2026-08-03,9663,富邦敦南,075166,0,3000,0.0,3300.0,-3000,-3300.0
2026-08-03,9663,富邦敦南,075266,0,10000,0.0,5450.0,-10000,-5450.0
2026-08-03,9663,富邦敦南,075709,1000,1000,760.0,800.0,0,-40.0
2026-08-03,9663,富邦敦南,075717,0,20000,0.0,12400.0,-20000,-12400.0
2026-08-03,9663,富邦敦南,076445,0,50000,0.0,25250.0,-50000,-25250.0
2026-08-03,9663,富邦敦南,08695U,0,20000,0.0,3800.0,-20000,-3800.0
2026-08-03,9663,富邦敦南,702593,0,1000,0.0,780.0,-1000,-780.0
2026-08-03,9663,富邦敦南,704207,0,30000,0.0,75750.0,-30000,-75750.0
2026-08-03,9663,富邦敦南,704950,20000,0,1000.0,0.0,20000,1000.0
2026-08-03,9663,富邦敦南,706134,0,6000,0.0,6840.0,-6000,-6840.0
2026-08-03,9663,富邦敦南,706348,0,15000,0.0,13800.0,-15000,-13800.0
2026-08-03,9663,富邦敦南,707328,0,11000,0.0,17940.0,-11000,-17940.0
2026-08-03,9663,富邦敦南,708032,5000,0,15950.0,0.0,5000,15950.0
2026-08-03,9663,富邦敦南,708463,0,10000,0.0,9500.0,-10000,-9500.0
2026-08-03,9663,富邦敦南,708532,0,15000,0.0,23550.0,-15000,-23550.0
2026-08-03,9663,富邦敦南,708704,0,10000,0.0,5500.0,-10000,-5500.0
2026-08-03,9663,富邦敦南,708844,5000,0,4400.0,0.0,5000,4400.0
2026-08-03,9663,富邦敦南,708870,1000,0,750.0,0.0,1000,750.0
2026-08-03,9663,富邦敦南,709001,0,3000,0.0,2040.0,-3000,-2040.0
2026-08-03,9663,富邦敦南,710138,0,20000,0.0,14800.0,-20000,-14800.0
2026-08-03,9663,富邦敦南,710838,0,30000,0.0,9300.0,-30000,-9300.0
2026-08-03,9663,富邦敦南,711240,20000,0,8800.0,0.0,20000,8800.0
2026-08-03,9663,富邦敦南,711603,57000,0,23210.0,0.0,57000,23210.0
2026-08-03,9663,富邦敦南,72830U,0,25000,0.0,7750.0,-25000,-7750.0
2026-08-03,9663,富邦敦南,72875U,0,10000,0.0,5300.0,-10000,-5300.0
2026-08-03,9663,富邦敦南,72922U,0,10000,0.0,6300.0,-10000,-6300.0
2026-08-03,9676,富邦仁愛,03027T,2000,0,230.0,0.0,2000,230.0
2026-08-03,9676,富邦仁愛,03028T,1000,0,70.0,0.0,1000,70.0
2026-08-03,9676,富邦仁愛,03074T,18000,0,10800.0,0.0,18000,10800.0
2026-08-03,9676,富邦仁愛,03142T,2000,0,620.0,0.0,2000,620.0
2026-08-03,9676,富邦仁愛,03162T,2000,0,190.0,0.0,2000,190.0
2026-08-03,9676,富邦仁愛,03202T,0,50000,0.0,21000.0,-50000,-21000.0
2026-08-03,9676,富邦仁愛,033552,6000,0,10560.0,0.0,6000,10560.0
2026-08-03,9676,富邦仁愛,03661T,5000,0,8950.0,0.0,5000,8950.0
2026-08-03,9676,富邦仁愛,03703T,10000,0,16800.0,0.0,10000,16800.0
2026-08-03,9676,富邦仁愛,03732B,0,10000,0.0,8100.0,-10000,-8100.0
2026-08-03,9676,富邦仁愛,03856T,60000,0,111600.0,0.0,60000,111600.0
2026-08-03,9676,富邦仁愛,03888T,20000,30000,24600.0,41100.0,-10000,-16500.0
2026-08-03,9676,富邦仁愛,041165,5000,10000,24500.0,52750.0,-5000,-28250.0
2026-08-03,9676,富邦仁愛,043291,2000,0,520.0,0.0,2000,520.0
2026-08-03,9676,富邦仁愛,043898,9000,0,9360.0,0.0,9000,9360.0
2026-08-03,9676,富邦仁愛,045460,0,1000,0.0,4760.0,-1000,-4760.0
2026-08-03,9676,富邦仁愛,046786,0,1000,0.0,7450.0,-1000,-7450.0
2026-08-03,9676,富邦仁愛,047223,0,1000,0.0,7800.0,-1000,-7800.0
2026-08-03,9676,富邦仁愛,050278,0,1000,0.0,2470.0,-1000,-2470.0
2026-08-03,9676,富邦仁愛,052815,0,10000,0.0,2900.0,-10000,-2900.0
2026-08-03,9676,富邦仁愛,05336U,0,1000,0.0,50.0,-1000,-50.0
2026-08-03,9676,富邦仁愛,055305,0,6000,0.0,49800.0,-6000,-49800.0
2026-08-03,9676,富邦仁愛,056009,15000,0,28050.0,0.0,15000,28050.0
2026-08-03,9676,富邦仁愛,056060,0,10000,0.0,29300.0,-10000,-29300.0
2026-08-03,9676,富邦仁愛,056479,0,40000,0.0,24200.0,-40000,-24200.0
2026-08-03,9676,富邦仁愛,057289,51000,220000,90340.0,373200.0,-169000,-282860.0
2026-08-03,9676,富邦仁愛,057525,5000,32000,15600.0,95860.0,-27000,-80260.0
2026-08-03,9676,富邦仁愛,057857,0,5000,0.0,11300.0,-5000,-11300.0
2026-08-03,9676,富邦仁愛,058239,0,40000,0.0,1200.0,-40000,-1200.0
2026-08-03,9676,富邦仁愛,058308,0,10000,0.0,7600.0,-10000,-7600.0
2026-08-03,9676,富邦仁愛,059060,0,15000,0.0,15050.0,-15000,-15050.0
2026-08-03,9676,富邦仁愛,059065,1000,0,1680.0,0.0,1000,1680.0
2026-08-03,9676,富邦仁愛,059083,0,2000,0.0,2460.0,-2000,-2460.0
2026-08-03,9676,富邦仁愛,059121,1000,0,580.0,0.0,1000,580.0
2026-08-03,9676,富邦仁愛,059122,1000,0,1230.0,0.0,1000,1230.0
2026-08-03,9676,富邦仁愛,059238,0,97000,0.0,92150.0,-97000,-92150.0
2026-08-03,9676,富邦仁愛,059511,0,100000,0.0,209000.0,-100000,-209000.0
2026-08-03,9676,富邦仁愛,061018,20000,0,13880.0,0.0,20000,13880.0
2026-08-03,9676,富邦仁愛,061211,10000,0,4800.0,0.0,10000,4800.0
2026-08-03,9676,富邦仁愛,061260,50000,0,77500.0,0.0,50000,77500.0
2026-08-03,9676,富邦仁愛,063194,0,11000,0.0,2970.0,-11000,-2970.0
2026-08-03,9676,富邦仁愛,063365,0,28000,0.0,5880.0,-28000,-5880.0
2026-08-03,9676,富邦仁愛,063377,0,1000,0.0,310.0,-1000,-310.0
2026-08-03,9676,富邦仁愛,064328,250000,0,408040.0,0.0,250000,408040.0
2026-08-03,9676,富邦仁愛,064351,0,30000,0.0,43700.0,-30000,-43700.0
2026-08-03,9676,富邦仁愛,064825,14000,14000,3640.0,3640.0,0,0.0
2026-08-03,9676,富邦仁愛,064989,0,2000,0.0,690.0,-2000,-690.0
2026-08-03,9676,富邦仁愛,065350,5000,0,6050.0,0.0,5000,6050.0
2026-08-03,9676,富邦仁愛,065481,0,7000,0.0,17360.0,-7000,-17360.0
2026-08-03,9676,富邦仁愛,065894,0,5000,0.0,7550.0,-5000,-7550.0
2026-08-03,9676,富邦仁愛,066173,0,9000,0.0,23200.0,-9000,-23200.0
2026-08-03,9676,富邦仁愛,066183,5000,0,11050.0,0.0,5000,11050.0
2026-08-03,9676,富邦仁愛,066648,0,3000,0.0,1020.0,-3000,-1020.0
2026-08-03,9676,富邦仁愛,066875,20000,0,10800.0,0.0,20000,10800.0
2026-08-03,9676,富邦仁愛,066960,0,2000,0.0,1330.0,-2000,-1330.0
2026-08-03,9676,富邦仁愛,067324,9000,0,15150.0,0.0,9000,15150.0
2026-08-03,9676,富邦仁愛,067638,0,30000,0.0,21900.0,-30000,-21900.0
2026-08-03,9676,富邦仁愛,067680,50000,50000,30000.0,33000.0,0,-3000.0
2026-08-03,9676,富邦仁愛,068001,0,5000,0.0,4250.0,-5000,-4250.0
2026-08-03,9676,富邦仁愛,068003,0,20000,0.0,16800.0,-20000,-16800.0
2026-08-03,9676,富邦仁愛,068247,1000,0,570.0,0.0,1000,570.0
2026-08-03,9676,富邦仁愛,068771,50000,0,36000.0,0.0,50000,36000.0
2026-08-03,9676,富邦仁愛,068883,10000,0,5500.0,0.0,10000,5500.0
2026-08-03,9676,富邦仁愛,069301,20000,10000,91600.0,47800.0,10000,43800.0
2026-08-03,9676,富邦仁愛,069649,50000,0,9000.0,0.0,50000,9000.0
2026-08-03,9676,富邦仁愛,070217,15000,0,15000.0,0.0,15000,15000.0
2026-08-03,9676,富邦仁愛,070430,30000,0,11700.0,0.0,30000,11700.0
2026-08-03,9676,富邦仁愛,071285,10000,0,7000.0,0.0,10000,7000.0
2026-08-03,9676,富邦仁愛,071476,20000,0,20800.0,0.0,20000,20800.0
2026-08-03,9676,富邦仁愛,072180,5000,0,3400.0,0.0,5000,3400.0
2026-08-03,9676,富邦仁愛,072379,0,16000,0.0,24960.0,-16000,-24960.0
2026-08-03,9676,富邦仁愛,074671,10000,17000,9600.0,14890.0,-7000,-5290.0
2026-08-03,9676,富邦仁愛,074789,3000,0,4830.0,0.0,3000,4830.0
2026-08-03,9676,富邦仁愛,075029,5000,0,13250.0,0.0,5000,13250.0
2026-08-03,9676,富邦仁愛,075126,10000,0,17200.0,0.0,10000,17200.0
2026-08-03,9676,富邦仁愛,076261,0,1000,0.0,1200.0,-1000,-1200.0
2026-08-03,9676,富邦仁愛,07629U,1000,0,210.0,0.0,1000,210.0
2026-08-03,9676,富邦仁愛,076420,0,25000,0.0,34950.0,-25000,-34950.0
2026-08-03,9676,富邦仁愛,077464,2000,0,3940.0,0.0,2000,3940.0
2026-08-03,9676,富邦仁愛,077744,11000,0,26640.0,0.0,11000,26640.0
2026-08-03,9676,富邦仁愛,077911,3000,0,6060.0,0.0,3000,6060.0
2026-08-03,9676,富邦仁愛,07847U,1000,0,100.0,0.0,1000,100.0
2026-08-03,9676,富邦仁愛,08086U,2000,0,680.0,0.0,2000,680.0
2026-08-03,9676,富邦仁愛,08144U,1000,0,110.0,0.0,1000,110.0
2026-08-03,9676,富邦仁愛,08663U,0,57000,0.0,6840.0,-57000,-6840.0
2026-08-03,9676,富邦仁愛,702560,0,7000,0.0,29050.0,-7000,-29050.0
2026-08-03,9676,富邦仁愛,703606,0,2000,0.0,110000.0,-2000,-110000.0
2026-08-03,9676,富邦仁愛,703611,0,90000,0.0,900.0,-90000,-900.0
2026-08-03,9676,富邦仁愛,705186,0,1000,0.0,1810.0,-1000,-1810.0
2026-08-03,9676,富邦仁愛,705934,1000,0,220.0,0.0,1000,220.0
2026-08-03,9676,富邦仁愛,706393,0,1000,0.0,480.0,-1000,-480.0
2026-08-03,9676,富邦仁愛,707599,0,10000,0.0,11200.0,-10000,-11200.0
2026-08-03,9676,富邦仁愛,707852,2000,8000,4760.0,20640.0,-6000,-15880.0
2026-08-03,9676,富邦仁愛,707935,0,1000,0.0,260.0,-1000,-260.0
2026-08-03,9676,富邦仁愛,707936,0,1000,0.0,2620.0,-1000,-2620.0
2026-08-03,9676,富邦仁愛,709287,20000,20000,4400.0,4200.0,0,200.0
2026-08-03,9676,富邦仁愛,709905,0,1000,0.0,250.0,-1000,-250.0
2026-08-03,9676,富邦仁愛,710432,0,1000,0.0,590.0,-1000,-590.0
2026-08-03,9676,富邦仁愛,710476,0,1000,0.0,460.0,-1000,-460.0
2026-08-03,9676,富邦仁愛,710819,30000,0,50700.0,0.0,30000,50700.0
2026-08-03,9676,富邦仁愛,711573,2000,0,2220.0,0.0,2000,2220.0
2026-08-03,9676,富邦仁愛,711961,15000,0,16350.0,0.0,15000,16350.0
2026-08-03,9676,富邦仁愛,72794U,40000,50000,51800.0,65500.0,-10000,-13700.0
2026-08-03,9676,富邦仁愛,72862U,2000,0,660.0,0.0,2000,660.0
2026-08-03,980l,元大虎尾,03431T,0,400000,0.0,468000.0,-400000,-468000.0
2026-08-03,980l,元大虎尾,03432T,0,499000,0.0,698600.0,-499000,-698600.0
2026-08-03,980l,元大虎尾,041780,0,9000,0.0,20610.0,-9000,-20610.0
2026-08-03,980l,元大虎尾,049881,0,100000,0.0,1000.0,-100000,-1000.0
2026-08-03,980l,元大虎尾,056569,0,5000,0.0,10610.0,-5000,-10610.0
2026-08-03,980l,元大虎尾,060474,10000,0,1800.0,0.0,10000,1800.0
2026-08-03,980l,元大虎尾,060729,100000,0,48000.0,0.0,100000,48000.0
2026-08-03,980l,元大虎尾,061964,6000,0,3540.0,0.0,6000,3540.0
2026-08-03,980l,元大虎尾,064924,400000,0,361230.0,0.0,400000,361230.0
2026-08-03,980l,元大虎尾,066175,0,1000,0.0,2700.0,-1000,-2700.0
2026-08-03,980l,元大虎尾,067637,15000,0,600.0,0.0,15000,600.0
2026-08-03,980l,元大虎尾,068583,4000,0,24500.0,0.0,4000,24500.0
2026-08-03,980l,元大虎尾,069579,1000,0,660.0,0.0,1000,660.0
2026-08-03,980l,元大虎尾,069648,21000,0,2310.0,0.0,21000,2310.0
2026-08-03,980l,元大虎尾,069649,30000,0,5400.0,0.0,30000,5400.0
2026-08-03,980l,元大虎尾,069984,0,5000,0.0,4500.0,-5000,-4500.0
2026-08-03,980l,元大虎尾,070301,12000,0,10240.0,0.0,12000,10240.0
2026-08-03,980l,元大虎尾,070479,0,200000,0.0,52000.0,-200000,-52000.0
2026-08-03,980l,元大虎尾,070504,0,4000,0.0,6400.0,-4000,-6400.0
2026-08-03,980l,元大虎尾,070864,10000,0,10000.0,0.0,10000,10000.0
2026-08-03,980l,元大虎尾,074410,25000,0,65750.0,0.0,25000,65750.0
2026-08-03,980l,元大虎尾,075404,0,50000,0.0,24000.0,-50000,-24000.0
2026-08-03,980l,元大虎尾,077468,1000,0,980.0,0.0,1000,980.0
2026-08-03,980l,元大虎尾,077931,20000,0,37850.0,0.0,20000,37850.0
2026-08-03,980l,元大虎尾,709670,50000,0,18000.0,0.0,50000,18000.0
2026-08-03,9853,元大南屯,030573,0,2000,0.0,4580.0,-2000,-4580.0
2026-08-03,9853,元大南屯,03171T,5000,0,5350.0,0.0,5000,5350.0
2026-08-03,9853,元大南屯,03209T,2000,0,2630.0,0.0,2000,2630.0
2026-08-03,9853,元大南屯,03278T,20000,0,2800.0,0.0,20000,2800.0
2026-08-03,9853,元大南屯,03351T,4000,0,2370.0,0.0,4000,2370.0
2026-08-03,9853,元大南屯,03442T,12000,0,14400.0,0.0,12000,14400.0
2026-08-03,9853,元大南屯,03480T,0,2000,0.0,4820.0,-2000,-4820.0
2026-08-03,9853,元大南屯,03612T,0,6000,0.0,4650.0,-6000,-4650.0
2026-08-03,9853,元大南屯,03622T,0,6000,0.0,3600.0,-6000,-3600.0
2026-08-03,9853,元大南屯,03631T,0,3000,0.0,4620.0,-3000,-4620.0
2026-08-03,9853,元大南屯,03632T,0,2000,0.0,2100.0,-2000,-2100.0
2026-08-03,9853,元大南屯,03644T,0,6000,0.0,4200.0,-6000,-4200.0
2026-08-03,9853,元大南屯,03665T,6000,0,10180.0,0.0,6000,10180.0
2026-08-03,9853,元大南屯,03734B,1000,0,1150.0,0.0,1000,1150.0
2026-08-03,9853,元大南屯,03740T,6000,0,7380.0,0.0,6000,7380.0
2026-08-03,9853,元大南屯,03829T,2000,0,5780.0,0.0,2000,5780.0
2026-08-03,9853,元大南屯,03830T,3000,0,4660.0,0.0,3000,4660.0
2026-08-03,9853,元大南屯,03832T,0,2000,0.0,5020.0,-2000,-5020.0
2026-08-03,9853,元大南屯,03834T,2000,0,4060.0,0.0,2000,4060.0
2026-08-03,9853,元大南屯,03883T,0,3000,0.0,4860.0,-3000,-4860.0
2026-08-03,9853,元大南屯,03932T,0,3000,0.0,2250.0,-3000,-2250.0
2026-08-03,9853,元大南屯,03937T,1000,0,1240.0,0.0,1000,1240.0
2026-08-03,9853,元大南屯,039450,0,2000,0.0,8000.0,-2000,-8000.0
2026-08-03,9853,元大南屯,03999T,1000,0,1900.0,0.0,1000,1900.0
2026-08-03,9853,元大南屯,04016C,1000,0,2250.0,0.0,1000,2250.0
2026-08-03,9853,元大南屯,044616,2000,0,2060.0,0.0,2000,2060.0
2026-08-03,9853,元大南屯,047754,0,4000,0.0,5200.0,-4000,-5200.0
2026-08-03,9853,元大南屯,048099,0,1000,0.0,870.0,-1000,-870.0
2026-08-03,9853,元大南屯,048308,0,10000,0.0,10000.0,-10000,-10000.0
2026-08-03,9853,元大南屯,052796,0,2000,0.0,9000.0,-2000,-9000.0
2026-08-03,9853,元大南屯,052894,15000,0,38400.0,0.0,15000,38400.0
2026-08-03,9853,元大南屯,053267,0,1000,0.0,3600.0,-1000,-3600.0
2026-08-03,9853,元大南屯,054290,0,1000,0.0,1130.0,-1000,-1130.0
2026-08-03,9853,元大南屯,055204,0,1000,0.0,560.0,-1000,-560.0
2026-08-03,9853,元大南屯,055948,0,80000,0.0,142400.0,-80000,-142400.0
2026-08-03,9853,元大南屯,056500,0,2266000,0.0,10457200.0,-2266000,-10457200.0
2026-08-03,9853,元大南屯,056863,0,39000,0.0,51660.0,-39000,-51660.0
2026-08-03,9853,元大南屯,057018,0,1000,0.0,17200.0,-1000,-17200.0
2026-08-03,9853,元大南屯,057291,2000,0,6300.0,0.0,2000,6300.0
2026-08-03,9853,元大南屯,057824,300000,300000,132000.0,135000.0,0,-3000.0
2026-08-03,9853,元大南屯,058075,0,2000,0.0,2380.0,-2000,-2380.0
2026-08-03,9853,元大南屯,058227,0,1000,0.0,1600.0,-1000,-1600.0
2026-08-03,9853,元大南屯,058840,10000,0,13600.0,0.0,10000,13600.0
2026-08-03,9853,元大南屯,059007,3000,0,1560.0,0.0,3000,1560.0
2026-08-03,9853,元大南屯,059610,0,1000,0.0,2130.0,-1000,-2130.0
2026-08-03,9853,元大南屯,059707,0,10000,0.0,40300.0,-10000,-40300.0
2026-08-03,9853,元大南屯,059776,0,3000,0.0,4440.0,-3000,-4440.0
2026-08-03,9853,元大南屯,059881,0,2000,0.0,3900.0,-2000,-3900.0
2026-08-03,9853,元大南屯,059922,1000,0,1260.0,0.0,1000,1260.0
2026-08-03,9853,元大南屯,061944,20000,0,11800.0,0.0,20000,11800.0
2026-08-03,9853,元大南屯,062036,0,6000,0.0,3840.0,-6000,-3840.0
2026-08-03,9853,元大南屯,062635,0,3000,0.0,1800.0,-3000,-1800.0
2026-08-03,9853,元大南屯,063244,10000,0,8900.0,0.0,10000,8900.0
2026-08-03,9853,元大南屯,063286,11000,0,4730.0,0.0,11000,4730.0
2026-08-03,9853,元大南屯,063382,0,101000,0.0,515000.0,-101000,-515000.0
2026-08-03,9853,元大南屯,063554,12000,0,9360.0,0.0,12000,9360.0
2026-08-03,9853,元大南屯,063809,190000,48000,276400.0,70320.0,142000,206080.0
2026-08-03,9853,元大南屯,064154,0,1000,0.0,1840.0,-1000,-1840.0
2026-08-03,9853,元大南屯,064443,0,5000,0.0,5450.0,-5000,-5450.0
2026-08-03,9853,元大南屯,064691,0,1000,0.0,1420.0,-1000,-1420.0
2026-08-03,9853,元大南屯,065423,4000,5000,2480.0,3000.0,-1000,-520.0
2026-08-03,9853,元大南屯,065718,2000,0,10500.0,0.0,2000,10500.0
2026-08-03,9853,元大南屯,065912,0,5000,0.0,1350.0,-5000,-1350.0
2026-08-03,9853,元大南屯,066109,0,1000,0.0,670.0,-1000,-670.0
2026-08-03,9853,元大南屯,066180,3000,0,4350.0,0.0,3000,4350.0
2026-08-03,9853,元大南屯,066478,10000,0,5400.0,0.0,10000,5400.0
2026-08-03,9853,元大南屯,066591,2000,0,1420.0,0.0,2000,1420.0
2026-08-03,9853,元大南屯,066656,0,10000,0.0,5600.0,-10000,-5600.0
2026-08-03,9853,元大南屯,067142,6000,0,9480.0,0.0,6000,9480.0
2026-08-03,9853,元大南屯,067162,40000,0,60400.0,0.0,40000,60400.0
2026-08-03,9853,元大南屯,067249,6000,0,6840.0,0.0,6000,6840.0
2026-08-03,9853,元大南屯,067271,1000,0,1090.0,0.0,1000,1090.0
2026-08-03,9853,元大南屯,067282,0,1000,0.0,1700.0,-1000,-1700.0
2026-08-03,9853,元大南屯,067391,0,17000,0.0,22300.0,-17000,-22300.0
2026-08-03,9853,元大南屯,067607,0,35000,0.0,18670.0,-35000,-18670.0
2026-08-03,9853,元大南屯,067673,0,2000,0.0,1700.0,-2000,-1700.0
2026-08-03,9853,元大南屯,067782,0,11000,0.0,11330.0,-11000,-11330.0
2026-08-03,9853,元大南屯,067791,0,40000,0.0,52000.0,-40000,-52000.0
2026-08-03,9853,元大南屯,067943,2000,7000,3200.0,11490.0,-5000,-8290.0
2026-08-03,9853,元大南屯,067957,0,2000,0.0,1220.0,-2000,-1220.0
2026-08-03,9853,元大南屯,068002,0,60000,0.0,64850.0,-60000,-64850.0
2026-08-03,9853,元大南屯,068377,0,7000,0.0,32690.0,-7000,-32690.0
2026-08-03,9853,元大南屯,068796,0,20000,0.0,25960.0,-20000,-25960.0
2026-08-03,9853,元大南屯,068857,499000,0,523950.0,0.0,499000,523950.0
2026-08-03,9853,元大南屯,068873,0,5000,0.0,1650.0,-5000,-1650.0
2026-08-03,9853,元大南屯,069013,0,10000,0.0,9600.0,-10000,-9600.0
2026-08-03,9853,元大南屯,069015,10000,0,9700.0,0.0,10000,9700.0
2026-08-03,9853,元大南屯,069223,10000,0,4800.0,0.0,10000,4800.0
2026-08-03,9853,元大南屯,069257,9000,0,12810.0,0.0,9000,12810.0
2026-08-03,9853,元大南屯,069352,10000,0,5700.0,0.0,10000,5700.0
2026-08-03,9853,元大南屯,069379,2000,0,2260.0,0.0,2000,2260.0
2026-08-03,9853,元大南屯,069469,50000,0,64000.0,0.0,50000,64000.0
2026-08-03,9853,元大南屯,069760,0,2000,0.0,660.0,-2000,-660.0
2026-08-03,9853,元大南屯,069882,0,3000,0.0,2820.0,-3000,-2820.0
2026-08-03,9853,元大南屯,070004,0,10000,0.0,12120.0,-10000,-12120.0
2026-08-03,9853,元大南屯,070442,0,189000,0.0,128520.0,-189000,-128520.0
2026-08-03,9853,元大南屯,070493,14000,0,12460.0,0.0,14000,12460.0
2026-08-03,9853,元大南屯,070947,2000,0,1900.0,0.0,2000,1900.0
2026-08-03,9853,元大南屯,070962,5000,0,3750.0,0.0,5000,3750.0
2026-08-03,9853,元大南屯,070963,99000,0,66820.0,0.0,99000,66820.0
2026-08-03,9853,元大南屯,070977,0,20000,0.0,15000.0,-20000,-15000.0
2026-08-03,9853,元大南屯,07117U,3000,0,630.0,0.0,3000,630.0
2026-08-03,9853,元大南屯,071250,0,195000,0.0,158150.0,-195000,-158150.0
2026-08-03,9853,元大南屯,071383,0,30000,0.0,66000.0,-30000,-66000.0
2026-08-03,9853,元大南屯,071587,5000,0,3100.0,0.0,5000,3100.0
2026-08-03,9853,元大南屯,071651,0,124000,0.0,125480.0,-124000,-125480.0
2026-08-03,9853,元大南屯,072194,0,1000,0.0,900.0,-1000,-900.0
2026-08-03,9853,元大南屯,072365,4000,0,3230.0,0.0,4000,3230.0
2026-08-03,9853,元大南屯,072489,3000,0,5910.0,0.0,3000,5910.0
2026-08-03,9853,元大南屯,072529,0,5000,0.0,1500.0,-5000,-1500.0
2026-08-03,9853,元大南屯,072672,2000,0,2880.0,0.0,2000,2880.0
2026-08-03,9853,元大南屯,072826,0,10000,0.0,5500.0,-10000,-5500.0
2026-08-03,9853,元大南屯,074168,0,2000,0.0,1140.0,-2000,-1140.0
2026-08-03,9853,元大南屯,074397,0,40000,0.0,27200.0,-40000,-27200.0
2026-08-03,9853,元大南屯,074567,20000,1000,12400.0,590.0,19000,11810.0
2026-08-03,9853,元大南屯,074739,5000,0,5300.0,0.0,5000,5300.0
2026-08-03,9853,元大南屯,075596,0,3000,0.0,15600.0,-3000,-15600.0
2026-08-03,9853,元大南屯,075962,6000,0,5940.0,0.0,6000,5940.0
2026-08-03,9853,元大南屯,076213,0,1000,0.0,800.0,-1000,-800.0
2026-08-03,9853,元大南屯,076214,0,1000,0.0,900.0,-1000,-900.0
2026-08-03,9853,元大南屯,076215,0,1000,0.0,900.0,-1000,-900.0
2026-08-03,9853,元大南屯,076270,0,2000,0.0,1560.0,-2000,-1560.0
2026-08-03,9853,元大南屯,076282,0,2000,0.0,3800.0,-2000,-3800.0
2026-08-03,9853,元大南屯,076309,0,2000,0.0,1650.0,-2000,-1650.0
2026-08-03,9853,元大南屯,076370,8000,0,5520.0,0.0,8000,5520.0
2026-08-03,9853,元大南屯,076376,0,1000,0.0,700.0,-1000,-700.0
2026-08-03,9853,元大南屯,076623,0,5000,0.0,1850.0,-5000,-1850.0
2026-08-03,9853,元大南屯,076655,3000,0,4020.0,0.0,3000,4020.0
2026-08-03,9853,元大南屯,077426,0,1000,0.0,1200.0,-1000,-1200.0
2026-08-03,9853,元大南屯,077487,0,1000,0.0,800.0,-1000,-800.0
2026-08-03,9853,元大南屯,078209,2000,0,4000.0,0.0,2000,4000.0
2026-08-03,9853,元大南屯,08439U,0,6000,0.0,840.0,-6000,-840.0
2026-08-03,9853,元大南屯,08720U,5000,0,750.0,0.0,5000,750.0
2026-08-03,9853,元大南屯,700022,0,1000,0.0,2000.0,-1000,-2000.0
2026-08-03,9853,元大南屯,700904,0,58000,0.0,184440.0,-58000,-184440.0
2026-08-03,9853,元大南屯,705072,20000,40000,14400.0,23600.0,-20000,-9200.0
2026-08-03,9853,元大南屯,707306,0,1000,0.0,3580.0,-1000,-3580.0
2026-08-03,9853,元大南屯,707796,0,6000,0.0,18560.0,-6000,-18560.0
2026-08-03,9853,元大南屯,707992,6000,0,5940.0,0.0,6000,5940.0
2026-08-03,9853,元大南屯,708107,0,2000,0.0,1020.0,-2000,-1020.0
2026-08-03,9853,元大南屯,708142,0,1000,0.0,3200.0,-1000,-3200.0
2026-08-03,9853,元大南屯,708458,5000,0,900.0,0.0,5000,900.0
2026-08-03,9853,元大南屯,708473,6000,0,5880.0,0.0,6000,5880.0
2026-08-03,9853,元大南屯,708869,60000,0,61450.0,0.0,60000,61450.0
2026-08-03,9853,元大南屯,709355,0,5000,0.0,2050.0,-5000,-2050.0
2026-08-03,9853,元大南屯,709588,10000,0,2300.0,0.0,10000,2300.0
2026-08-03,9853,元大南屯,709833,30000,40000,20100.0,28600.0,-10000,-8500.0
2026-08-03,9853,元大南屯,709843,3000,0,7560.0,0.0,3000,7560.0
2026-08-03,9853,元大南屯,709971,6000,0,6660.0,0.0,6000,6660.0
2026-08-03,9853,元大南屯,709987,5000,0,1550.0,0.0,5000,1550.0
2026-08-03,9853,元大南屯,710837,5000,10000,1800.0,6600.0,-5000,-4800.0
2026-08-03,9853,元大南屯,711225,0,1000,0.0,670.0,-1000,-670.0
2026-08-03,9853,元大南屯,711607,0,1000,0.0,1940.0,-1000,-1940.0
2026-08-03,9853,元大南屯,711999,3000,0,4800.0,0.0,3000,4800.0
2026-08-03,9853,元大南屯,722731,0,50000,0.0,2500.0,-50000,-2500.0
2026-08-03,9853,元大南屯,72629U,20000,0,4000.0,0.0,20000,4000.0
2026-08-03,9853,元大南屯,72850U,20000,0,4850.0,0.0,20000,4850.0
2026-08-03,9853,元大南屯,72853U,11000,0,8160.0,0.0,11000,8160.0
2026-08-03,9853,元大南屯,72865U,2000,0,380.0,0.0,2000,380.0
2026-08-03,9853,元大南屯,72866U,0,6000,0.0,3960.0,-6000,-3960.0
2026-08-03,9853,元大南屯,72880U,0,1000,0.0,1160.0,-1000,-1160.0
2026-08-03,9853,元大南屯,72883U,15000,0,13680.0,0.0,15000,13680.0
2026-08-03,9853,元大南屯,72902U,3000,0,2070.0,0.0,3000,2070.0
2026-08-03,9853,元大南屯,72925U,2000,0,2220.0,0.0,2000,2220.0
2026-08-03,9853,元大南屯,72963U,3000,0,6310.0,0.0,3000,6310.0
2026-08-03,9867,元大民權,03074T,0,5000,0.0,2950.0,-5000,-2950.0
2026-08-03,9867,元大民權,03160T,0,1000,0.0,720.0,-1000,-720.0
2026-08-03,9867,元大民權,03427T,0,5000,0.0,9100.0,-5000,-9100.0
2026-08-03,9867,元大民權,03605T,0,1000,0.0,1150.0,-1000,-1150.0
2026-08-03,9867,元大民權,03678T,6000,0,9460.0,0.0,6000,9460.0
2026-08-03,9867,元大民權,03785T,2000,0,3180.0,0.0,2000,3180.0
2026-08-03,9867,元大民權,03797T,1000,0,2340.0,0.0,1000,2340.0
2026-08-03,9867,元大民權,041437,3000,0,1110.0,0.0,3000,1110.0
2026-08-03,9867,元大民權,041742,0,9000,0.0,9360.0,-9000,-9360.0
2026-08-03,9867,元大民權,045709,0,10000,0.0,63000.0,-10000,-63000.0
2026-08-03,9867,元大民權,051241,10000,25000,2000.0,8600.0,-15000,-6600.0
2026-08-03,9867,元大民權,056844,0,4000,0.0,4480.0,-4000,-4480.0
2026-08-03,9867,元大民權,057136,20000,0,61600.0,0.0,20000,61600.0
2026-08-03,9867,元大民權,057675,0,1000,0.0,530.0,-1000,-530.0
2026-08-03,9867,元大民權,058574,0,4000,0.0,13960.0,-4000,-13960.0
2026-08-03,9867,元大民權,058830,4000,0,3800.0,0.0,4000,3800.0
2026-08-03,9867,元大民權,058862,0,10000,0.0,5100.0,-10000,-5100.0
2026-08-03,9867,元大民權,059391,0,1000,0.0,1340.0,-1000,-1340.0
2026-08-03,9867,元大民權,059982,3000,0,2930.0,0.0,3000,2930.0
2026-08-03,9867,元大民權,061945,50000,0,18000.0,0.0,50000,18000.0
2026-08-03,9867,元大民權,062341,5000,0,4500.0,0.0,5000,4500.0
2026-08-03,9867,元大民權,063109,1000,0,390.0,0.0,1000,390.0
2026-08-03,9867,元大民權,063344,121000,0,42350.0,0.0,121000,42350.0
2026-08-03,9867,元大民權,064894,5000,0,1150.0,0.0,5000,1150.0
2026-08-03,9867,元大民權,065311,10000,0,8600.0,0.0,10000,8600.0
2026-08-03,9867,元大民權,065776,10000,0,5100.0,0.0,10000,5100.0
2026-08-03,9867,元大民權,066286,0,15000,0.0,53850.0,-15000,-53850.0
2026-08-03,9867,元大民權,067142,1000,0,1550.0,0.0,1000,1550.0
2026-08-03,9867,元大民權,067180,0,1000,0.0,2100.0,-1000,-2100.0
2026-08-03,9867,元大民權,067370,10000,0,14300.0,0.0,10000,14300.0
2026-08-03,9867,元大民權,067639,30000,0,40200.0,0.0,30000,40200.0
2026-08-03,9867,元大民權,067814,0,10000,0.0,15700.0,-10000,-15700.0
2026-08-03,9867,元大民權,067984,30000,0,17900.0,0.0,30000,17900.0
2026-08-03,9867,元大民權,067997,0,6000,0.0,4620.0,-6000,-4620.0
2026-08-03,9867,元大民權,068048,499000,0,239520.0,0.0,499000,239520.0
2026-08-03,9867,元大民權,068159,0,1000,0.0,1170.0,-1000,-1170.0
2026-08-03,9867,元大民權,068868,1000,0,1150.0,0.0,1000,1150.0
2026-08-03,9867,元大民權,069109,100000,0,28000.0,0.0,100000,28000.0
2026-08-03,9867,元大民權,069375,2000,0,1500.0,0.0,2000,1500.0
2026-08-03,9867,元大民權,069567,185000,0,92500.0,0.0,185000,92500.0
2026-08-03,9867,元大民權,069668,40000,0,17200.0,0.0,40000,17200.0
2026-08-03,9867,元大民權,070022,106000,40000,37100.0,14000.0,66000,23100.0
2026-08-03,9867,元大民權,070099,0,188000,0.0,141000.0,-188000,-141000.0
2026-08-03,9867,元大民權,070962,10000,0,7500.0,0.0,10000,7500.0
2026-08-03,9867,元大民權,072093,0,4000,0.0,6640.0,-4000,-6640.0
2026-08-03,9867,元大民權,072321,2000,0,2720.0,0.0,2000,2720.0
2026-08-03,9867,元大民權,072902,0,50000,0.0,34500.0,-50000,-34500.0
2026-08-03,9867,元大民權,073324,3000,0,7470.0,0.0,3000,7470.0
2026-08-03,9867,元大民權,075124,0,10000,0.0,12900.0,-10000,-12900.0
2026-08-03,9867,元大民權,075537,0,20000,0.0,23600.0,-20000,-23600.0
2026-08-03,9867,元大民權,076811,2000,0,3740.0,0.0,2000,3740.0
2026-08-03,9867,元大民權,077025,70000,0,88900.0,0.0,70000,88900.0
2026-08-03,9867,元大民權,078218,50000,0,69000.0,0.0,50000,69000.0
2026-08-03,9867,元大內湖民,704351,0,5000,0.0,1750.0,-5000,-1750.0
2026-08-03,9867,元大內湖民,704590,10000,0,5800.0,0.0,10000,5800.0
2026-08-03,9867,元大內湖民,705341,10000,0,1700.0,0.0,10000,1700.0
2026-08-03,9867,元大內湖民,707431,10000,0,12000.0,0.0,10000,12000.0
2026-08-03,9867,元大內湖民,709973,50000,0,24000.0,0.0,50000,24000.0
2026-08-03,9867,元大內湖民,710014,0,140000,0.0,118600.0,-140000,-118600.0
2026-08-03,9867,元大內湖民,710190,100000,0,51000.0,0.0,100000,51000.0
2026-08-03,9867,元大內湖民,710843,30000,0,10800.0,0.0,30000,10800.0
2026-08-03,9867,元大內湖民,711312,0,10000,0.0,13000.0,-10000,-13000.0
2026-08-03,9867,元大內湖民,72692U,101000,0,6060.0,0.0,101000,6060.0
2026-08-03,9867,元大內湖民,72855U,2000,0,1860.0,0.0,2000,1860.0
2026-08-03,989J,元大彰生,03265T,5000,0,2350.0,0.0,5000,2350.0
2026-08-03,989J,元大彰生,03396T,1000,0,980.0,0.0,1000,980.0
2026-08-03,989J,元大彰生,036124,0,1000,0.0,20.0,-1000,-20.0
2026-08-03,989J,元大彰生,036456,0,30000,0.0,63000.0,-30000,-63000.0
2026-08-03,989J,元大彰生,03732B,5000,0,3900.0,0.0,5000,3900.0
2026-08-03,989J,元大彰生,03740B,10000,0,3900.0,0.0,10000,3900.0
2026-08-03,989J,元大彰生,044122,0,20000,0.0,6600.0,-20000,-6600.0
2026-08-03,989J,元大彰生,047102,0,103000,0.0,133900.0,-103000,-133900.0
2026-08-03,989J,元大彰生,052640,1000,0,3070.0,0.0,1000,3070.0
2026-08-03,989J,元大彰生,057525,0,14000,0.0,43120.0,-14000,-43120.0
2026-08-03,989J,元大彰生,057757,150000,150000,285500.0,249000.0,0,36500.0
2026-08-03,989J,元大彰生,058038,150000,200000,294500.0,327500.0,-50000,-33000.0
2026-08-03,989J,元大彰生,058719,5000,0,4950.0,0.0,5000,4950.0
2026-08-03,989J,元大彰生,059183,139000,0,241520.0,0.0,139000,241520.0
2026-08-03,989J,元大彰生,059195,0,18000,0.0,7380.0,-18000,-7380.0
2026-08-03,989J,元大彰生,059848,6000,0,3990.0,0.0,6000,3990.0
2026-08-03,989J,元大彰生,060073,6000,0,21040.0,0.0,6000,21040.0
2026-08-03,989J,元大彰生,061158,3000,0,5100.0,0.0,3000,5100.0
2026-08-03,989J,元大彰生,061608,10000,0,9800.0,0.0,10000,9800.0
2026-08-03,989J,元大彰生,062318,0,5000,0.0,15700.0,-5000,-15700.0
2026-08-03,989J,元大彰生,062343,1000,0,1190.0,0.0,1000,1190.0
2026-08-03,989J,元大彰生,062620,4000,0,10000.0,0.0,4000,10000.0
2026-08-03,989J,元大彰生,063084,10000,0,19400.0,0.0,10000,19400.0
2026-08-03,989J,元大彰生,063607,0,10000,0.0,17700.0,-10000,-17700.0
2026-08-03,989J,元大彰生,063918,10000,0,600.0,0.0,10000,600.0
2026-08-03,989J,元大彰生,064156,0,30000,0.0,17400.0,-30000,-17400.0
2026-08-03,989J,元大彰生,065054,0,10000,0.0,6400.0,-10000,-6400.0
2026-08-03,989J,元大彰生,065057,0,20000,0.0,56800.0,-20000,-56800.0
2026-08-03,989J,元大彰生,065377,0,10000,0.0,9800.0,-10000,-9800.0
2026-08-03,989J,元大彰生,065432,0,1000,0.0,3770.0,-1000,-3770.0
2026-08-03,989J,元大彰生,065611,0,1000,0.0,1010.0,-1000,-1010.0
2026-08-03,989J,元大彰生,066422,0,20000,0.0,23600.0,-20000,-23600.0
2026-08-03,989J,元大彰生,066455,0,5000,0.0,3400.0,-5000,-3400.0
2026-08-03,989J,元大彰生,066713,0,2000,0.0,3340.0,-2000,-3340.0
2026-08-03,989J,元大彰生,066782,0,40000,0.0,35600.0,-40000,-35600.0
2026-08-03,989J,元大彰生,067390,0,5000,0.0,6300.0,-5000,-6300.0
2026-08-03,989J,元大彰生,067639,10000,0,13700.0,0.0,10000,13700.0
2026-08-03,989J,元大彰生,068000,1000,0,1070.0,0.0,1000,1070.0
2026-08-03,989J,元大彰生,068006,100000,0,67000.0,0.0,100000,67000.0
2026-08-03,989J,元大彰生,068043,31000,0,23170.0,0.0,31000,23170.0
2026-08-03,989J,元大彰生,068247,1000,0,570.0,0.0,1000,570.0
2026-08-03,989J,元大彰生,068347,0,15000,0.0,28200.0,-15000,-28200.0
2026-08-03,989J,元大彰生,068556,4000,0,4960.0,0.0,4000,4960.0
2026-08-03,989J,元大彰生,069021,100000,0,171000.0,0.0,100000,171000.0
2026-08-03,989J,元大彰生,069257,1000,0,1490.0,0.0,1000,1490.0
2026-08-03,989J,元大彰生,069680,0,3000,0.0,1170.0,-3000,-1170.0
2026-08-03,989J,元大彰生,069684,86000,0,104970.0,0.0,86000,104970.0
2026-08-03,989J,元大彰生,069763,0,20000,0.0,11400.0,-20000,-11400.0
2026-08-03,989J,元大彰生,070235,0,10000,0.0,11500.0,-10000,-11500.0
2026-08-03,989J,元大彰生,070267,80000,0,60500.0,0.0,80000,60500.0
2026-08-03,989J,元大彰生,070429,100000,0,177000.0,0.0,100000,177000.0
2026-08-03,989J,元大彰生,070796,4000,0,2680.0,0.0,4000,2680.0
2026-08-03,989J,元大彰生,071183,7000,0,5390.0,0.0,7000,5390.0
2026-08-03,989J,元大彰生,071779,0,5000,0.0,3700.0,-5000,-3700.0
2026-08-03,989J,元大彰生,071982,5000,0,1800.0,0.0,5000,1800.0
2026-08-03,989J,元大彰生,072223,12000,0,18760.0,0.0,12000,18760.0
2026-08-03,989J,元大彰生,072562,30000,0,186000.0,0.0,30000,186000.0
2026-08-03,989J,元大彰生,075270,25000,0,18550.0,0.0,25000,18550.0
2026-08-03,989J,元大彰生,076576,8000,0,26530.0,0.0,8000,26530.0
2026-08-03,989J,元大彰生,078217,42000,0,54220.0,0.0,42000,54220.0
2026-08-03,989J,元大彰生,084891,0,3000,0.0,21900.0,-3000,-21900.0
2026-08-03,989J,元大彰化,701097,1000,1000,650.0,650.0,0,0.0
2026-08-03,989J,元大彰化,705245,50000,50000,47000.0,48000.0,0,-1000.0
2026-08-03,989J,元大彰化,705871,0,27000,0.0,114210.0,-27000,-114210.0
2026-08-03,989J,元大彰化,706127,20000,0,16200.0,0.0,20000,16200.0
2026-08-03,989J,元大彰化,707601,0,10000,0.0,1500.0,-10000,-1500.0
2026-08-03,989J,元大彰化,708585,10000,0,1300.0,0.0,10000,1300.0
2026-08-03,989J,元大彰化,708644,0,30000,0.0,7200.0,-30000,-7200.0
2026-08-03,989J,元大彰化,709006,0,20000,0.0,31800.0,-20000,-31800.0
2026-08-03,989J,元大彰化,709347,0,20000,0.0,2000.0,-20000,-2000.0
2026-08-03,989J,元大彰化,710060,0,1000,0.0,860.0,-1000,-860.0
2026-08-03,989J,元大彰化,710073,1000,0,810.0,0.0,1000,810.0
2026-08-03,989J,元大彰化,710120,0,40000,0.0,10800.0,-40000,-10800.0
2026-08-03,989J,元大彰化,710669,80000,0,46400.0,0.0,80000,46400.0
2026-08-03,989J,元大彰化,711305,0,1000,0.0,1590.0,-1000,-1590.0
2026-08-03,989J,元大彰化,711860,9000,0,10890.0,0.0,9000,10890.0
2026-08-03,989J,元大彰化,724979,39000,0,780.0,0.0,39000,780.0
2026-08-03,989J,元大彰化,733471,1000,1000,1130.0,1100.0,0,30.0
2026-08-03,989J,元大彰化,738285,0,2000,0.0,8120.0,-2000,-8120.0
2026-08-03,989Q,元大汐止,031026,0,323000,0.0,4700.0,-323000,-4700.0
2026-08-03,989Q,元大汐止,03178T,0,5000,0.0,3400.0,-5000,-3400.0
2026-08-03,989Q,元大汐止,051666,10000,0,19000.0,0.0,10000,19000.0
2026-08-03,989Q,元大汐止,052191,20000,0,15000.0,0.0,20000,15000.0
2026-08-03,989Q,元大汐止,054705,50000,0,26500.0,0.0,50000,26500.0
2026-08-03,989Q,元大汐止,056232,20000,0,19000.0,0.0,20000,19000.0
2026-08-03,989Q,元大汐止,057513,1000,0,250.0,0.0,1000,250.0
2026-08-03,989Q,元大汐止,058657,10000,10000,18700.0,19800.0,0,-1100.0
2026-08-03,989Q,元大汐止,059679,1000,0,330.0,0.0,1000,330.0
2026-08-03,989Q,元大汐止,061043,20000,40000,16800.0,31600.0,-20000,-14800.0
2026-08-03,989Q,元大汐止,062832,0,9000,0.0,2160.0,-9000,-2160.0
2026-08-03,989Q,元大汐止,062930,3000,0,990.0,0.0,3000,990.0
2026-08-03,989Q,元大汐止,063219,13000,0,11440.0,0.0,13000,11440.0
2026-08-03,989Q,元大汐止,063444,1000,0,3780.0,0.0,1000,3780.0
2026-08-03,989Q,元大汐止,064542,1000,0,650.0,0.0,1000,650.0
2026-08-03,989Q,元大汐止,064636,0,30000,0.0,18600.0,-30000,-18600.0
2026-08-03,989Q,元大汐止,064689,1000,0,210.0,0.0,1000,210.0
2026-08-03,989Q,元大汐止,066186,11000,0,27400.0,0.0,11000,27400.0
2026-08-03,989Q,元大汐止,066302,0,60000,0.0,25500.0,-60000,-25500.0
2026-08-03,989Q,元大汐止,066382,10000,0,10300.0,0.0,10000,10300.0
2026-08-03,989Q,元大汐止,066729,2000,0,760.0,0.0,2000,760.0
2026-08-03,989Q,元大汐止,066925,0,21000,0.0,19320.0,-21000,-19320.0
2026-08-03,989Q,元大汐止,066930,0,5000,0.0,2050.0,-5000,-2050.0
2026-08-03,989Q,元大汐止,067092,0,1000,0.0,1430.0,-1000,-1430.0
2026-08-03,989Q,元大汐止,067370,2000,0,2840.0,0.0,2000,2840.0
2026-08-03,989Q,元大汐止,068747,0,10000,0.0,10500.0,-10000,-10500.0
2026-08-03,989Q,元大汐止,068812,0,300000,0.0,180000.0,-300000,-180000.0
2026-08-03,989Q,元大汐止,069289,30000,0,12300.0,0.0,30000,12300.0
2026-08-03,989Q,元大汐止,069290,10000,0,3000.0,0.0,10000,3000.0
2026-08-03,989Q,元大汐止,069374,0,7000,0.0,3850.0,-7000,-3850.0
2026-08-03,989Q,元大汐止,069402,0,180000,0.0,216000.0,-180000,-216000.0
2026-08-03,989Q,元大汐止,069413,0,20000,0.0,8800.0,-20000,-8800.0
2026-08-03,989Q,元大汐止,070050,0,10000,0.0,11400.0,-10000,-11400.0
2026-08-03,989Q,元大汐止,070137,100000,0,246000.0,0.0,100000,246000.0
2026-08-03,989Q,元大汐止,070272,10000,0,15200.0,0.0,10000,15200.0
2026-08-03,989Q,元大汐止,070318,10000,0,15000.0,0.0,10000,15000.0
2026-08-03,989Q,元大汐止,070322,0,20000,0.0,20800.0,-20000,-20800.0
2026-08-03,989Q,元大汐止,071254,2000,0,2020.0,0.0,2000,2020.0
2026-08-03,989Q,元大汐止,071405,50000,0,24500.0,0.0,50000,24500.0
2026-08-03,989Q,元大汐止,072293,0,200000,0.0,214000.0,-200000,-214000.0
2026-08-03,989Q,元大汐止,072756,5000,0,1850.0,0.0,5000,1850.0
2026-08-03,989Q,元大汐止,072757,1000,0,400.0,0.0,1000,400.0
2026-08-03,989Q,元大汐止,073361,0,1000,0.0,460.0,-1000,-460.0
2026-08-03,989Q,元大汐止,073664,0,499000,0.0,175160.0,-499000,-175160.0
2026-08-03,989Q,元大汐止,073915,0,35000,0.0,19950.0,-35000,-19950.0
2026-08-03,989Q,元大汐止,075602,200000,0,116000.0,0.0,200000,116000.0
2026-08-03,989Q,元大汐止,075716,2000,0,2440.0,0.0,2000,2440.0
2026-08-03,989Q,元大汐止,076025,0,10000,0.0,8100.0,-10000,-8100.0
2026-08-03,989Q,元大汐止,076623,0,1000,0.0,360.0,-1000,-360.0
2026-08-03,989Q,元大汐止,076767,11000,0,6620.0,0.0,11000,6620.0
2026-08-03,989Q,元大汐止,077481,10000,0,11400.0,0.0,10000,11400.0
2026-08-03,989Q,元大汐止,08826U,3000,0,4290.0,0.0,3000,4290.0
2026-08-03,989Q,元大汐止,705311,1000,0,190.0,0.0,1000,190.0
2026-08-03,989Q,元大汐止,705483,1000,0,370.0,0.0,1000,370.0
2026-08-03,989Q,元大汐止,707334,0,11000,0.0,15620.0,-11000,-15620.0
2026-08-03,989Q,元大汐止,707352,2000,0,1900.0,0.0,2000,1900.0
2026-08-03,989Q,元大汐止,707735,10000,0,6100.0,0.0,10000,6100.0
2026-08-03,989Q,元大汐止,708843,10000,0,17400.0,0.0,10000,17400.0
2026-08-03,989Q,元大汐止,709526,10000,0,3100.0,0.0,10000,3100.0
2026-08-03,989Q,元大汐止,709589,100000,0,30000.0,0.0,100000,30000.0
2026-08-03,989Q,元大汐止,72813U,30000,0,10500.0,0.0,30000,10500.0
2026-08-03,989a,元大苑裡,03236T,170000,0,107100.0,0.0,170000,107100.0
2026-08-03,989a,元大苑裡,03309T,200000,0,118000.0,0.0,200000,118000.0
2026-08-03,989a,元大苑裡,03410T,0,1000,0.0,1320.0,-1000,-1320.0
2026-08-03,989a,元大苑裡,040639,0,1000,0.0,2200.0,-1000,-2200.0
2026-08-03,989a,元大苑裡,057525,0,3000,0.0,9420.0,-3000,-9420.0
2026-08-03,989a,元大苑裡,062651,5000,0,3000.0,0.0,5000,3000.0
2026-08-03,989a,元大苑裡,063236,100000,0,25000.0,0.0,100000,25000.0
2026-08-03,989a,元大苑裡,063399,0,10000,0.0,4300.0,-10000,-4300.0
2026-08-03,989a,元大苑裡,065160,0,1000,0.0,2740.0,-1000,-2740.0
2026-08-03,989a,元大苑裡,066421,0,1000,0.0,1770.0,-1000,-1770.0
2026-08-03,989a,元大苑裡,067050,5000,0,6550.0,0.0,5000,6550.0
2026-08-03,989a,元大苑裡,067409,10000,0,4850.0,0.0,10000,4850.0
2026-08-03,989a,元大苑裡,067441,16000,84000,18400.0,95400.0,-68000,-77000.0
2026-08-03,989a,元大苑裡,067489,0,50000,0.0,50200.0,-50000,-50200.0
2026-08-03,989a,元大苑裡,067819,100000,0,78000.0,0.0,100000,78000.0
2026-08-03,989a,元大苑裡,068003,4000,0,3680.0,0.0,4000,3680.0
2026-08-03,989a,元大苑裡,068010,0,2000,0.0,1660.0,-2000,-1660.0
2026-08-03,989a,元大苑裡,068011,100000,0,93000.0,0.0,100000,93000.0
2026-08-03,989a,元大苑裡,070185,0,2000,0.0,2540.0,-2000,-2540.0
2026-08-03,989a,元大苑裡,070935,0,10000,0.0,8550.0,-10000,-8550.0
2026-08-03,989a,元大苑裡,070959,4000,0,3040.0,0.0,4000,3040.0
2026-08-03,989a,元大苑裡,071548,3000,0,1950.0,0.0,3000,1950.0
2026-08-03,989a,元大苑裡,073265,0,20000,0.0,14200.0,-20000,-14200.0
2026-08-03,989a,元大苑裡,073677,1000,0,1150.0,0.0,1000,1150.0
2026-08-03,989a,元大苑裡,074099,0,9000,0.0,7830.0,-9000,-7830.0
2026-08-03,989a,元大苑裡,076187,0,8000,0.0,6880.0,-8000,-6880.0
2026-08-03,989a,元大苑裡,076255,0,5000,0.0,4000.0,-5000,-4000.0
2026-08-03,989a,元大苑裡,077918,0,50000,0.0,62100.0,-50000,-62100.0
2026-08-03,989a,元大苑裡,078342,20000,0,40100.0,0.0,20000,40100.0
2026-08-03,989a,元大苑裡,078352,10000,0,15600.0,0.0,10000,15600.0
2026-08-03,989a,元大苑裡,703075,10000,0,300.0,0.0,10000,300.0
2026-08-03,989a,元大苑裡,704507,0,1000,0.0,1100.0,-1000,-1100.0
2026-08-03,989a,元大苑裡,706354,3000,0,2220.0,0.0,3000,2220.0
2026-08-03,989a,元大苑裡,706503,0,100000,0.0,89400.0,-100000,-89400.0
2026-08-03,989a,元大苑裡,708084,0,1000,0.0,760.0,-1000,-760.0
2026-08-03,989a,元大苑裡,708463,10000,0,10500.0,0.0,10000,10500.0
2026-08-03,989a,元大苑裡,708470,46000,30000,182260.0,117300.0,16000,64960.0
2026-08-03,989a,元大苑裡,708532,50000,0,78500.0,0.0,50000,78500.0
2026-08-03,989a,元大苑裡,708843,0,10000,0.0,16600.0,-10000,-16600.0
2026-08-03,989a,元大苑裡,709530,7000,0,11760.0,0.0,7000,11760.0
2026-08-03,989a,元大苑裡,709748,0,5000,0.0,2050.0,-5000,-2050.0
2026-08-03,989a,元大苑裡,711292,4000,0,2240.0,0.0,4000,2240.0
2026-08-03,989a,元大苑裡,711342,5000,0,2000.0,0.0,5000,2000.0
2026-08-03,989a,元大苑裡,711512,0,140000,0.0,146100.0,-140000,-146100.0
2026-08-03,989a,元大苑裡,711928,0,80000,0.0,96800.0,-80000,-96800.0
2026-08-03,989f,元大東港,052806,10000,0,5000.0,0.0,10000,5000.0
2026-08-03,989f,元大東港,053514,0,6000,0.0,3360.0,-6000,-3360.0
2026-08-03,989f,元大東港,055272,0,2000,0.0,4280.0,-2000,-4280.0
2026-08-03,989f,元大東港,059035,0,4000,0.0,3520.0,-4000,-3520.0
2026-08-03,989f,元大東港,059061,0,30000,0.0,27600.0,-30000,-27600.0
2026-08-03,989f,元大東港,059073,10000,0,1750.0,0.0,10000,1750.0
2026-08-03,989f,元大東港,059671,1000,0,770.0,0.0,1000,770.0
2026-08-03,989f,元大東港,061450,0,3000,0.0,3030.0,-3000,-3030.0
2026-08-03,989f,元大東港,063435,14000,0,19880.0,0.0,14000,19880.0
2026-08-03,989f,元大東港,063573,2000,0,2240.0,0.0,2000,2240.0
2026-08-03,989f,元大東港,064584,0,6000,0.0,42000.0,-6000,-42000.0
2026-08-03,989f,元大東港,065426,100000,0,34000.0,0.0,100000,34000.0
2026-08-03,989f,元大東港,065853,1000,0,2990.0,0.0,1000,2990.0
2026-08-03,989f,元大東港,066883,11000,0,24540.0,0.0,11000,24540.0
2026-08-03,989f,元大東港,066925,1000,0,920.0,0.0,1000,920.0
2026-08-03,989f,元大東港,066931,0,20000,0.0,6200.0,-20000,-6200.0
2026-08-03,989f,元大東港,067118,8000,0,11120.0,0.0,8000,11120.0
2026-08-03,989f,元大東港,067548,0,1000,0.0,3800.0,-1000,-3800.0
2026-08-03,989f,元大東港,067587,1000,0,1550.0,0.0,1000,1550.0
2026-08-03,989f,元大東港,067885,0,2000,0.0,4350.0,-2000,-4350.0
2026-08-03,989f,元大東港,067997,30000,0,23700.0,0.0,30000,23700.0
2026-08-03,989f,元大東港,068207,0,6000,0.0,10140.0,-6000,-10140.0
2026-08-03,989f,元大東港,070098,2000,0,980.0,0.0,2000,980.0
2026-08-03,989f,元大東港,070272,0,3000,0.0,4560.0,-3000,-4560.0
2026-08-03,989f,元大東港,070472,0,1000,0.0,990.0,-1000,-990.0
2026-08-03,989f,元大東港,071058,1000,0,2020.0,0.0,1000,2020.0
2026-08-03,989f,元大東港,072351,0,5000,0.0,3950.0,-5000,-3950.0
2026-08-03,989f,元大東港,074426,5000,0,4100.0,0.0,5000,4100.0
2026-08-03,989f,元大東港,075266,0,15000,0.0,8700.0,-15000,-8700.0
2026-08-03,989f,元大東港,076064,0,2000,0.0,6920.0,-2000,-6920.0
2026-08-03,989f,元大東港,076434,3000,0,3840.0,0.0,3000,3840.0
2026-08-03,989f,元大東港,076672,5000,0,10450.0,0.0,5000,10450.0
2026-08-03,989f,元大東港,077902,2000,0,2700.0,0.0,2000,2700.0
2026-08-03,989f,元大東港,078202,25000,0,41000.0,0.0,25000,41000.0
2026-08-03,989f,元大東港,704388,0,1000,0.0,2510.0,-1000,-2510.0
2026-08-03,989f,元大東港,705555,0,7000,0.0,14000.0,-7000,-14000.0
2026-08-03,989f,元大東港,705704,0,44000,0.0,440.0,-44000,-440.0
2026-08-03,989f,元大東港,708028,0,13000,0.0,6670.0,-13000,-6670.0
2026-08-03,989f,元大東港,709126,2000,0,2280.0,0.0,2000,2280.0
2026-08-03,989f,元大東港,734287,0,5000,0.0,8850.0,-5000,-8850.0
2026-08-03,989f,元大東港,736479,0,3000,0.0,2250.0,-3000,-2250.0
2026-08-03,9A9P,永豐竹北,03272T,209000,0,18910.0,0.0,209000,18910.0
2026-08-03,9A9P,永豐竹北,03339T,18000,0,11700.0,0.0,18000,11700.0
2026-08-03,9A9P,永豐竹北,03351T,0,5000,0.0,2850.0,-5000,-2850.0
2026-08-03,9A9P,永豐竹北,03396T,80000,0,77100.0,0.0,80000,77100.0
2026-08-03,9A9P,永豐竹北,03502T,30000,0,29400.0,0.0,30000,29400.0
2026-08-03,9A9P,永豐竹北,035852,5000,0,17900.0,0.0,5000,17900.0
2026-08-03,9A9P,永豐竹北,03734B,10000,0,11500.0,0.0,10000,11500.0
2026-08-03,9A9P,永豐竹北,038795,0,1000,0.0,1620.0,-1000,-1620.0
2026-08-03,9A9P,永豐竹北,042255,1000,1000,1160.0,1160.0,0,0.0
2026-08-03,9A9P,永豐竹北,043522,100000,0,12100.0,0.0,100000,12100.0
2026-08-03,9A9P,永豐竹北,044796,100000,93000,135000.0,124620.0,7000,10380.0
2026-08-03,9A9P,永豐竹北,049650,0,3000,0.0,450.0,-3000,-450.0
2026-08-03,9A9P,永豐竹北,049713,0,5000,0.0,7850.0,-5000,-7850.0
2026-08-03,9A9P,永豐竹北,049899,3000,0,7170.0,0.0,3000,7170.0
2026-08-03,9A9P,永豐竹北,051182,1000,1000,9150.0,9150.0,0,0.0
2026-08-03,9A9P,永豐竹北,051364,0,2000,0.0,13500.0,-2000,-13500.0
2026-08-03,9A9P,永豐竹北,054711,9000,0,46350.0,0.0,9000,46350.0
2026-08-03,9A9P,永豐竹北,055151,50000,0,237500.0,0.0,50000,237500.0
2026-08-03,9A9P,永豐竹北,055417,200000,0,63000.0,0.0,200000,63000.0
2026-08-03,9A9P,永豐竹北,055977,0,10000,0.0,21100.0,-10000,-21100.0
2026-08-03,9A9P,永豐竹北,056058,12000,0,13030.0,0.0,12000,13030.0
2026-08-03,9A9P,永豐竹北,057071,4000,0,27200.0,0.0,4000,27200.0
2026-08-03,9A9P,永豐竹北,057250,1000,1000,2740.0,2740.0,0,0.0
2026-08-03,9A9P,永豐竹北,057492,0,4000,0.0,30400.0,-4000,-30400.0
2026-08-03,9A9P,永豐竹北,057757,0,1000000,0.0,1883000.0,-1000000,-1883000.0
2026-08-03,9A9P,永豐竹北,057825,0,5000,0.0,7500.0,-5000,-7500.0
2026-08-03,9A9P,永豐竹北,058560,320000,0,687400.0,0.0,320000,687400.0
2026-08-03,9A9P,永豐竹北,058740,0,100000,0.0,8000.0,-100000,-8000.0
2026-08-03,9A9P,永豐竹北,059073,199000,0,35820.0,0.0,199000,35820.0
2026-08-03,9A9P,永豐竹北,059796,50000,0,17500.0,0.0,50000,17500.0
2026-08-03,9A9P,永豐竹北,059867,0,11000,0.0,15110.0,-11000,-15110.0
2026-08-03,9A9P,永豐竹北,060574,300000,0,129000.0,0.0,300000,129000.0
2026-08-03,9A9P,永豐竹北,060676,1000,0,210.0,0.0,1000,210.0
2026-08-03,9A9P,永豐竹北,061161,0,3000,0.0,5580.0,-3000,-5580.0
2026-08-03,9A9P,永豐竹北,061391,90000,0,55250.0,0.0,90000,55250.0
2026-08-03,9A9P,永豐竹北,061460,140000,0,42000.0,0.0,140000,42000.0
2026-08-03,9A9P,永豐竹北,061462,2000,0,2700.0,0.0,2000,2700.0
2026-08-03,9A9P,永豐竹北,061778,3000,0,510.0,0.0,3000,510.0
2026-08-03,9A9P,永豐竹北,062707,10000,0,15100.0,0.0,10000,15100.0
2026-08-03,9A9P,永豐竹北,063351,3000,0,1350.0,0.0,3000,1350.0
2026-08-03,9A9P,永豐竹北,063505,0,50000,0.0,35000.0,-50000,-35000.0
2026-08-03,9A9P,永豐竹北,063689,100000,0,19000.0,0.0,100000,19000.0
2026-08-03,9A9P,永豐竹北,064036,65000,0,43250.0,0.0,65000,43250.0
2026-08-03,9A9P,永豐竹北,064177,0,30000,0.0,25200.0,-30000,-25200.0
2026-08-03,9A9P,永豐竹北,064187,40000,0,28700.0,0.0,40000,28700.0
2026-08-03,9A9P,永豐竹北,065423,0,1000,0.0,580.0,-1000,-580.0
2026-08-03,9A9P,永豐竹北,065565,0,150000,0.0,120900.0,-150000,-120900.0
2026-08-03,9A9P,永豐竹北,066664,0,50000,0.0,63500.0,-50000,-63500.0
2026-08-03,9A9P,永豐竹北,066777,0,12000,0.0,28800.0,-12000,-28800.0
2026-08-03,9A9P,永豐竹北,066819,13000,0,34030.0,0.0,13000,34030.0
2026-08-03,9A9P,永豐竹北,067203,0,45000,0.0,116100.0,-45000,-116100.0
2026-08-03,9A9P,永豐竹北,067300,30000,30000,16500.0,17550.0,0,-1050.0
2026-08-03,9A9P,永豐竹北,067620,0,1000,0.0,1980.0,-1000,-1980.0
2026-08-03,9A9P,永豐竹北,067828,0,100000,0.0,33000.0,-100000,-33000.0
2026-08-03,9A9P,永豐竹北,068508,0,150000,0.0,109000.0,-150000,-109000.0
2026-08-03,9A9P,永豐竹北,068665,5000,0,10800.0,0.0,5000,10800.0
2026-08-03,9A9P,永豐竹北,069246,50000,0,24500.0,0.0,50000,24500.0
2026-08-03,9A9P,永豐竹北,069332,0,2000,0.0,1000.0,-2000,-1000.0
2026-08-03,9A9P,永豐竹北,069802,0,10000,0.0,2200.0,-10000,-2200.0
2026-08-03,9A9P,永豐竹北,071037,90000,0,73800.0,0.0,90000,73800.0
2026-08-03,9A9P,永豐竹北,073003,108000,0,56360.0,0.0,108000,56360.0
2026-08-03,9A9P,永豐竹北,074058,0,100000,0.0,70000.0,-100000,-70000.0
2026-08-03,9A9P,永豐竹北,074925,150000,0,128500.0,0.0,150000,128500.0
2026-08-03,9A9P,永豐竹北,075263,40000,0,49600.0,0.0,40000,49600.0
2026-08-03,9A9P,永豐竹北,075323,1610000,0,4269900.0,0.0,1610000,4269900.0
2026-08-03,9A9P,永豐竹北,075716,30000,0,37000.0,0.0,30000,37000.0
2026-08-03,9A9P,永豐竹北,077630,200000,0,144000.0,0.0,200000,144000.0
2026-08-03,9A9P,永豐竹北,077786,20000,0,17090.0,0.0,20000,17090.0
2026-08-03,9A9P,永豐竹北,077990,0,10000,0.0,5400.0,-10000,-5400.0
2026-08-03,9A9P,永豐竹北,08855U,100000,200000,64000.0,123000.0,-100000,-59000.0
2026-08-03,9A9P,永豐竹北,08886U,92000,0,31280.0,0.0,92000,31280.0
2026-08-03,9A9P,永豐竹北,08976U,30000,0,26700.0,0.0,30000,26700.0
2026-08-03,9A9P,永豐金竹北,701422,1000,0,250.0,0.0,1000,250.0
2026-08-03,9A9P,永豐金竹北,703767,141000,0,49770.0,0.0,141000,49770.0
2026-08-03,9A9P,永豐金竹北,704060,10000,0,10800.0,0.0,10000,10800.0
2026-08-03,9A9P,永豐金竹北,704207,10000,0,24470.0,0.0,10000,24470.0
2026-08-03,9A9P,永豐金竹北,704883,150000,0,6000.0,0.0,150000,6000.0
2026-08-03,9A9P,永豐金竹北,705649,1000,1000,7150.0,7150.0,0,0.0
2026-08-03,9A9P,永豐金竹北,705845,0,4000,0.0,38000.0,-4000,-38000.0
2026-08-03,9A9P,永豐金竹北,706207,0,44000,0.0,88070.0,-44000,-88070.0
2026-08-03,9A9P,永豐金竹北,706457,2000,0,80.0,0.0,2000,80.0
2026-08-03,9A9P,永豐金竹北,707028,0,10000,0.0,31000.0,-10000,-31000.0
2026-08-03,9A9P,永豐金竹北,707722,1000,0,2200.0,0.0,1000,2200.0
2026-08-03,9A9P,永豐金竹北,708023,120000,0,16800.0,0.0,120000,16800.0
2026-08-03,9A9P,永豐金竹北,708250,0,80000,0.0,27300.0,-80000,-27300.0
2026-08-03,9A9P,永豐金竹北,708294,11000,0,3520.0,0.0,11000,3520.0
2026-08-03,9A9P,永豐金竹北,708352,5000,0,2900.0,0.0,5000,2900.0
2026-08-03,9A9P,永豐金竹北,708517,5000,0,940.0,0.0,5000,940.0
2026-08-03,9A9P,永豐金竹北,708519,1000,0,240.0,0.0,1000,240.0
2026-08-03,9A9P,永豐金竹北,708857,5000,0,1650.0,0.0,5000,1650.0
2026-08-03,9A9P,永豐金竹北,709292,0,308000,0.0,224760.0,-308000,-224760.0
2026-08-03,9A9P,永豐金竹北,709443,1000,0,1050.0,0.0,1000,1050.0
2026-08-03,9A9P,永豐金竹北,710778,0,1000,0.0,1070.0,-1000,-1070.0
2026-08-03,9A9P,永豐金竹北,711834,100000,0,72000.0,0.0,100000,72000.0
2026-08-03,9A9P,永豐金竹北,711885,3000,0,3990.0,0.0,3000,3990.0
2026-08-03,9A9P,永豐金竹北,711924,40000,0,54800.0,0.0,40000,54800.0
2026-08-03,9A9P,永豐金竹北,72813U,100000,0,35000.0,0.0,100000,35000.0
2026-08-03,9A9P,永豐金竹北,72858U,40000,0,43700.0,0.0,40000,43700.0
2026-08-03,9A9P,永豐金竹北,72865U,130000,0,24700.0,0.0,130000,24700.0
2026-08-03,9A9R,永豐信義,03147T,0,30000,0.0,31200.0,-30000,-31200.0
2026-08-03,9A9R,永豐信義,03178T,0,20000,0.0,13600.0,-20000,-13600.0
2026-08-03,9A9R,永豐信義,032956,10000,0,32740.0,0.0,10000,32740.0
2026-08-03,9A9R,永豐信義,03452T,0,15000,0.0,59700.0,-15000,-59700.0
2026-08-03,9A9R,永豐信義,03665T,0,2000,0.0,3180.0,-2000,-3180.0
2026-08-03,9A9R,永豐信義,03777T,0,50000,0.0,74500.0,-50000,-74500.0
2026-08-03,9A9R,永豐信義,03789T,0,10000,0.0,44300.0,-10000,-44300.0
2026-08-03,9A9R,永豐信義,03833T,0,36000,0.0,76680.0,-36000,-76680.0
2026-08-03,9A9R,永豐信義,056492,20000,0,11000.0,0.0,20000,11000.0
2026-08-03,9A9R,永豐信義,059983,70000,0,31300.0,0.0,70000,31300.0
2026-08-03,9A9R,永豐信義,060354,0,1000,0.0,3800.0,-1000,-3800.0
2026-08-03,9A9R,永豐信義,061137,0,1000,0.0,270.0,-1000,-270.0
2026-08-03,9A9R,永豐信義,065183,1000,0,1900.0,0.0,1000,1900.0
2026-08-03,9A9R,永豐信義,067795,0,1000,0.0,1040.0,-1000,-1040.0
2026-08-03,9A9R,永豐信義,067943,1000,0,1670.0,0.0,1000,1670.0
2026-08-03,9A9R,永豐信義,068586,80000,0,20400.0,0.0,80000,20400.0
2026-08-03,9A9R,永豐信義,069782,0,74000,0.0,1930.0,-74000,-1930.0
2026-08-03,9A9R,永豐信義,070489,6000,0,5820.0,0.0,6000,5820.0
2026-08-03,9A9R,永豐信義,071548,98000,0,67440.0,0.0,98000,67440.0
2026-08-03,9A9R,永豐信義,072742,0,30000,0.0,26400.0,-30000,-26400.0
2026-08-03,9A9R,永豐信義,075608,5000,0,8750.0,0.0,5000,8750.0
2026-08-03,9A9R,永豐信義,077276,20000,0,46200.0,0.0,20000,46200.0
2026-08-03,9A9R,永豐信義,08618U,0,20000,0.0,5400.0,-20000,-5400.0
2026-08-03,9A9R,永豐金信義,707757,8000,0,5900.0,0.0,8000,5900.0
2026-08-03,9A9R,永豐金信義,711077,5000,0,3850.0,0.0,5000,3850.0
2026-08-03,9A9R,永豐金信義,72889U,0,35000,0.0,30450.0,-35000,-30450.0
2026-08-03,9A9W,永豐市政,03075T,0,6000,0.0,600.0,-6000,-600.0
2026-08-03,9A9W,永豐市政,03110T,20000,0,5600.0,0.0,20000,5600.0
2026-08-03,9A9W,永豐市政,03142T,1000,0,320.0,0.0,1000,320.0
2026-08-03,9A9W,永豐市政,031473,0,4000,0.0,8680.0,-4000,-8680.0
2026-08-03,9A9W,永豐市政,03188T,10000,0,11400.0,0.0,10000,11400.0
2026-08-03,9A9W,永豐市政,03272T,5000,7000,450.0,560.0,-2000,-110.0
2026-08-03,9A9W,永豐市政,032842,0,1000,0.0,18600.0,-1000,-18600.0
2026-08-03,9A9W,永豐市政,032942,0,50000,0.0,19500.0,-50000,-19500.0
2026-08-03,9A9W,永豐市政,033665,0,1000,0.0,200.0,-1000,-200.0
2026-08-03,9A9W,永豐市政,03397T,2000,0,1420.0,0.0,2000,1420.0
2026-08-03,9A9W,永豐市政,03448T,10000,0,8700.0,0.0,10000,8700.0
2026-08-03,9A9W,永豐市政,03499T,1000,0,1240.0,0.0,1000,1240.0
2026-08-03,9A9W,永豐市政,03537T,3000,0,2370.0,0.0,3000,2370.0
2026-08-03,9A9W,永豐市政,03605T,0,10000,0.0,11600.0,-10000,-11600.0
2026-08-03,9A9W,永豐市政,036299,0,4000,0.0,35400.0,-4000,-35400.0
2026-08-03,9A9W,永豐市政,03715T,10000,10000,15900.0,15900.0,0,0.0
2026-08-03,9A9W,永豐市政,03734B,9000,0,10570.0,0.0,9000,10570.0
2026-08-03,9A9W,永豐市政,03737B,3000,0,3450.0,0.0,3000,3450.0
2026-08-03,9A9W,永豐市政,038564,0,6000,0.0,120.0,-6000,-120.0
2026-08-03,9A9W,永豐市政,039009,0,2000,0.0,5280.0,-2000,-5280.0
2026-08-03,9A9W,永豐市政,043891,0,2000,0.0,6160.0,-2000,-6160.0
2026-08-03,9A9W,永豐市政,044402,40000,0,83400.0,0.0,40000,83400.0
2026-08-03,9A9W,永豐市政,044802,0,556000,0.0,313920.0,-556000,-313920.0
2026-08-03,9A9W,永豐市政,045885,3000,0,360.0,0.0,3000,360.0
2026-08-03,9A9W,永豐市政,046379,2000,0,1720.0,0.0,2000,1720.0
2026-08-03,9A9W,永豐市政,049075,20000,0,77400.0,0.0,20000,77400.0
2026-08-03,9A9W,永豐市政,051211,5000,0,350.0,0.0,5000,350.0
2026-08-03,9A9W,永豐市政,052547,0,4000,0.0,1240.0,-4000,-1240.0
2026-08-03,9A9W,永豐市政,053085,0,1000,0.0,800.0,-1000,-800.0
2026-08-03,9A9W,永豐市政,053533,0,1000,0.0,1800.0,-1000,-1800.0
2026-08-03,9A9W,永豐市政,053983,5000,0,1500.0,0.0,5000,1500.0
2026-08-03,9A9W,永豐市政,054245,1000,0,2380.0,0.0,1000,2380.0
2026-08-03,9A9W,永豐市政,054634,20000,0,66500.0,0.0,20000,66500.0
2026-08-03,9A9W,永豐市政,054886,0,3000,0.0,3490.0,-3000,-3490.0
2026-08-03,9A9W,永豐市政,055614,11000,0,3300.0,0.0,11000,3300.0
2026-08-03,9A9W,永豐市政,056043,5000,0,550.0,0.0,5000,550.0
2026-08-03,9A9W,永豐市政,056067,0,20000,0.0,13800.0,-20000,-13800.0
2026-08-03,9A9W,永豐市政,056272,5000,0,15650.0,0.0,5000,15650.0
2026-08-03,9A9W,永豐市政,056487,0,50000,0.0,45500.0,-50000,-45500.0
2026-08-03,9A9W,永豐市政,056578,10000,0,28500.0,0.0,10000,28500.0
2026-08-03,9A9W,永豐市政,056635,10000,0,21400.0,0.0,10000,21400.0
2026-08-03,9A9W,永豐市政,056892,1000,0,2810.0,0.0,1000,2810.0
2026-08-03,9A9W,永豐市政,057052,2000,0,2060.0,0.0,2000,2060.0
2026-08-03,9A9W,永豐市政,057078,0,10000,0.0,106000.0,-10000,-106000.0
2026-08-03,9A9W,永豐市政,057290,10000,0,16700.0,0.0,10000,16700.0
2026-08-03,9A9W,永豐市政,057557,0,15000,0.0,39600.0,-15000,-39600.0
2026-08-03,9A9W,永豐市政,057742,1000,0,1230.0,0.0,1000,1230.0
2026-08-03,9A9W,永豐市政,057889,0,2000,0.0,1480.0,-2000,-1480.0
2026-08-03,9A9W,永豐市政,057900,0,3000,0.0,18300.0,-3000,-18300.0
2026-08-03,9A9W,永豐市政,057916,2000,0,1140.0,0.0,2000,1140.0
2026-08-03,9A9W,永豐市政,058548,20000,0,21000.0,0.0,20000,21000.0
2026-08-03,9A9W,永豐市政,058605,0,1297000,0.0,843050.0,-1297000,-843050.0
2026-08-03,9A9W,永豐市政,058606,0,738000,0.0,961790.0,-738000,-961790.0
2026-08-03,9A9W,永豐市政,058607,0,387000,0.0,282510.0,-387000,-282510.0
2026-08-03,9A9W,永豐市政,058667,0,1000,0.0,7600.0,-1000,-7600.0
2026-08-03,9A9W,永豐市政,058742,0,5000,0.0,2650.0,-5000,-2650.0
2026-08-03,9A9W,永豐市政,058870,10000,0,8300.0,0.0,10000,8300.0
2026-08-03,9A9W,永豐市政,059195,0,75000,0.0,31550.0,-75000,-31550.0
2026-08-03,9A9W,永豐市政,059500,20000,0,32600.0,0.0,20000,32600.0
2026-08-03,9A9W,永豐市政,059664,0,5000,0.0,6800.0,-5000,-6800.0
2026-08-03,9A9W,永豐市政,059707,10000,0,42600.0,0.0,10000,42600.0
2026-08-03,9A9W,永豐市政,059835,10000,0,17300.0,0.0,10000,17300.0
2026-08-03,9A9W,永豐市政,060354,0,1000,0.0,3800.0,-1000,-3800.0
2026-08-03,9A9W,永豐市政,060458,20000,0,63600.0,0.0,20000,63600.0
2026-08-03,9A9W,永豐市政,060474,0,1000,0.0,190.0,-1000,-190.0
2026-08-03,9A9W,永豐市政,061075,10000,0,21200.0,0.0,10000,21200.0
2026-08-03,9A9W,永豐市政,061160,0,6000,0.0,5010.0,-6000,-5010.0
2026-08-03,9A9W,永豐市政,061877,0,10000,0.0,11300.0,-10000,-11300.0
2026-08-03,9A9W,永豐市政,061923,10000,0,27400.0,0.0,10000,27400.0
2026-08-03,9A9W,永豐市政,062014,20000,10000,55600.0,28200.0,10000,27400.0
2026-08-03,9A9W,永豐市政,062151,0,10000,0.0,23200.0,-10000,-23200.0
2026-08-03,9A9W,永豐市政,062647,0,2000,0.0,1500.0,-2000,-1500.0
2026-08-03,9A9W,永豐市政,063132,0,10000,0.0,31900.0,-10000,-31900.0
2026-08-03,9A9W,永豐市政,063135,20000,0,10300.0,0.0,20000,10300.0
2026-08-03,9A9W,永豐市政,063225,0,5000,0.0,6300.0,-5000,-6300.0
2026-08-03,9A9W,永豐市政,063302,10000,0,25200.0,0.0,10000,25200.0
2026-08-03,9A9W,永豐市政,063314,0,75000,0.0,62300.0,-75000,-62300.0
2026-08-03,9A9W,永豐市政,063442,3000,0,6460.0,0.0,3000,6460.0
2026-08-03,9A9W,永豐市政,063443,0,1000,0.0,3170.0,-1000,-3170.0
2026-08-03,9A9W,永豐市政,063757,50000,0,57500.0,0.0,50000,57500.0
2026-08-03,9A9W,永豐市政,063776,0,3000,0.0,5500.0,-3000,-5500.0
2026-08-03,9A9W,永豐市政,063926,10000,0,18000.0,0.0,10000,18000.0
2026-08-03,9A9W,永豐市政,064098,30000,0,16200.0,0.0,30000,16200.0
2026-08-03,9A9W,永豐市政,064146,0,126000,0.0,99540.0,-126000,-99540.0
2026-08-03,9A9W,永豐市政,064328,10000,0,17300.0,0.0,10000,17300.0
2026-08-03,9A9W,永豐市政,064418,0,200000,0.0,170000.0,-200000,-170000.0
2026-08-03,9A9W,永豐市政,064741,0,80000,0.0,8800.0,-80000,-8800.0
2026-08-03,9A9W,永豐市政,064922,0,2000,0.0,670.0,-2000,-670.0
2026-08-03,9A9W,永豐市政,064973,1000,0,100.0,0.0,1000,100.0
2026-08-03,9A9W,永豐市政,065058,0,10000,0.0,4000.0,-10000,-4000.0
2026-08-03,9A9W,永豐市政,065142,0,5000,0.0,33500.0,-5000,-33500.0
2026-08-03,9A9W,永豐市政,065392,1000,0,6950.0,0.0,1000,6950.0
2026-08-03,9A9W,永豐市政,065419,0,10000,0.0,10800.0,-10000,-10800.0
2026-08-03,9A9W,永豐市政,065452,39000,0,23820.0,0.0,39000,23820.0
2026-08-03,9A9W,永豐市政,065480,0,60000,0.0,144300.0,-60000,-144300.0
2026-08-03,9A9W,永豐市政,065609,15000,0,8850.0,0.0,15000,8850.0
2026-08-03,9A9W,永豐市政,065703,2000,0,1500.0,0.0,2000,1500.0
2026-08-03,9A9W,永豐市政,065992,30000,0,14000.0,0.0,30000,14000.0
2026-08-03,9A9W,永豐市政,066055,0,6000,0.0,11520.0,-6000,-11520.0
2026-08-03,9A9W,永豐市政,066145,50000,0,162480.0,0.0,50000,162480.0
2026-08-03,9A9W,永豐市政,066147,0,12000,0.0,19800.0,-12000,-19800.0
2026-08-03,9A9W,永豐市政,066321,10000,0,36850.0,0.0,10000,36850.0
2026-08-03,9A9W,永豐市政,066550,0,7000,0.0,5760.0,-7000,-5760.0
2026-08-03,9A9W,永豐市政,066612,0,80000,0.0,78400.0,-80000,-78400.0
2026-08-03,9A9W,永豐市政,066652,40000,40000,116000.0,120500.0,0,-4500.0
2026-08-03,9A9W,永豐市政,067081,16000,55000,11990.0,36850.0,-39000,-24860.0
2026-08-03,9A9W,永豐市政,067147,2000,0,520.0,0.0,2000,520.0
2026-08-03,9A9W,永豐市政,067181,0,50000,0.0,73000.0,-50000,-73000.0
2026-08-03,9A9W,永豐市政,067184,0,1000,0.0,240.0,-1000,-240.0
2026-08-03,9A9W,永豐市政,067260,2000,0,960.0,0.0,2000,960.0
2026-08-03,9A9W,永豐市政,067409,1000,0,490.0,0.0,1000,490.0
2026-08-03,9A9W,永豐市政,067418,2000,0,3700.0,0.0,2000,3700.0
2026-08-03,9A9W,永豐市政,067427,0,2000,0.0,4510.0,-2000,-4510.0
2026-08-03,9A9W,永豐市政,067482,5000,0,9600.0,0.0,5000,9600.0
2026-08-03,9A9W,永豐市政,067679,0,2000,0.0,2460.0,-2000,-2460.0
2026-08-03,9A9W,永豐市政,067782,1000,0,980.0,0.0,1000,980.0
2026-08-03,9A9W,永豐市政,067791,0,44000,0.0,56700.0,-44000,-56700.0
2026-08-03,9A9W,永豐市政,067832,0,22000,0.0,10120.0,-22000,-10120.0
2026-08-03,9A9W,永豐市政,067833,0,1000,0.0,240.0,-1000,-240.0
2026-08-03,9A9W,永豐市政,067950,10000,0,14000.0,0.0,10000,14000.0
2026-08-03,9A9W,永豐市政,067984,10000,0,6000.0,0.0,10000,6000.0
2026-08-03,9A9W,永豐市政,067986,1000,0,550.0,0.0,1000,550.0
2026-08-03,9A9W,永豐市政,068001,6000,0,5060.0,0.0,6000,5060.0
2026-08-03,9A9W,永豐市政,068002,0,15000,0.0,15600.0,-15000,-15600.0
2026-08-03,9A9W,永豐市政,068073,302000,0,205360.0,0.0,302000,205360.0
2026-08-03,9A9W,永豐市政,068114,1000,0,480.0,0.0,1000,480.0
2026-08-03,9A9W,永豐市政,068243,10000,0,5550.0,0.0,10000,5550.0
2026-08-03,9A9W,永豐市政,068252,0,10000,0.0,5600.0,-10000,-5600.0
2026-08-03,9A9W,永豐市政,068276,0,10000,0.0,6000.0,-10000,-6000.0
2026-08-03,9A9W,永豐市政,068386,0,15000,0.0,55000.0,-15000,-55000.0
2026-08-03,9A9W,永豐市政,068393,10000,0,9000.0,0.0,10000,9000.0
2026-08-03,9A9W,永豐市政,068425,0,6000,0.0,7150.0,-6000,-7150.0
2026-08-03,9A9W,永豐市政,068499,4000,0,2140.0,0.0,4000,2140.0
2026-08-03,9A9W,永豐市政,068583,5000,0,33000.0,0.0,5000,33000.0
2026-08-03,9A9W,永豐市政,068590,10000,0,26400.0,0.0,10000,26400.0
2026-08-03,9A9W,永豐市政,068608,20000,0,12200.0,0.0,20000,12200.0
2026-08-03,9A9W,永豐市政,068619,1000,26000,400.0,10140.0,-25000,-9740.0
2026-08-03,9A9W,永豐市政,068633,7000,0,7090.0,0.0,7000,7090.0
2026-08-03,9A9W,永豐市政,068665,0,16000,0.0,34020.0,-16000,-34020.0
2026-08-03,9A9W,永豐市政,068691,0,16000,0.0,12800.0,-16000,-12800.0
2026-08-03,9A9W,永豐市政,068706,20000,0,14000.0,0.0,20000,14000.0
2026-08-03,9A9W,永豐市政,068938,3000,0,3000.0,0.0,3000,3000.0
2026-08-03,9A9W,永豐市政,069018,0,15000,0.0,12450.0,-15000,-12450.0
2026-08-03,9A9W,永豐市政,069084,12000,2000,1800.0,600.0,10000,1200.0
2026-08-03,9A9W,永豐市政,069152,0,1000,0.0,180.0,-1000,-180.0
2026-08-03,9A9W,永豐市政,069157,6000,0,6420.0,0.0,6000,6420.0
2026-08-03,9A9W,永豐市政,069181,4000,0,3300.0,0.0,4000,3300.0
2026-08-03,9A9W,永豐市政,069257,20000,0,29200.0,0.0,20000,29200.0
2026-08-03,9A9W,永豐市政,069275,0,30000,0.0,5700.0,-30000,-5700.0
2026-08-03,9A9W,永豐市政,069289,5000,0,1900.0,0.0,5000,1900.0
2026-08-03,9A9W,永豐市政,069369,1000,0,2200.0,0.0,1000,2200.0
2026-08-03,9A9W,永豐市政,069453,0,3000,0.0,2070.0,-3000,-2070.0
2026-08-03,9A9W,永豐市政,069466,0,50000,0.0,50500.0,-50000,-50500.0
2026-08-03,9A9W,永豐市政,069899,30000,0,9900.0,0.0,30000,9900.0
2026-08-03,9A9W,永豐市政,070052,10000,0,4100.0,0.0,10000,4100.0
2026-08-03,9A9W,永豐市政,070256,2000,0,1400.0,0.0,2000,1400.0
2026-08-03,9A9W,永豐市政,070347,30000,0,22700.0,0.0,30000,22700.0
2026-08-03,9A9W,永豐市政,070432,1000,0,890.0,0.0,1000,890.0
2026-08-03,9A9W,永豐市政,070550,258000,0,394320.0,0.0,258000,394320.0
2026-08-03,9A9W,永豐市政,070754,0,6000,0.0,3420.0,-6000,-3420.0
2026-08-03,9A9W,永豐市政,070806,1000,0,1610.0,0.0,1000,1610.0
2026-08-03,9A9W,永豐市政,070850,20000,0,13000.0,0.0,20000,13000.0
2026-08-03,9A9W,永豐市政,070954,100000,0,88000.0,0.0,100000,88000.0
2026-08-03,9A9W,永豐市政,070962,2000,0,1500.0,0.0,2000,1500.0
2026-08-03,9A9W,永豐市政,071015,40000,0,19200.0,0.0,40000,19200.0
2026-08-03,9A9W,永豐市政,071017,410000,0,131100.0,0.0,410000,131100.0
2026-08-03,9A9W,永豐市政,071268,0,10000,0.0,5500.0,-10000,-5500.0
2026-08-03,9A9W,永豐市政,071285,10000,0,7000.0,0.0,10000,7000.0
2026-08-03,9A9W,永豐市政,071434,79000,0,13430.0,0.0,79000,13430.0
2026-08-03,9A9W,永豐市政,071442,20000,0,8850.0,0.0,20000,8850.0
2026-08-03,9A9W,永豐市政,071507,0,60000,0.0,56100.0,-60000,-56100.0
2026-08-03,9A9W,永豐市政,071530,8000,0,20320.0,0.0,8000,20320.0
2026-08-03,9A9W,永豐市政,071628,1000,0,990.0,0.0,1000,990.0
2026-08-03,9A9W,永豐市政,071763,0,125000,0.0,136250.0,-125000,-136250.0
2026-08-03,9A9W,永豐市政,071798,0,18000,0.0,9360.0,-18000,-9360.0
2026-08-03,9A9W,永豐市政,072111,0,75000,0.0,47750.0,-75000,-47750.0
2026-08-03,9A9W,永豐市政,072652,1000,0,1040.0,0.0,1000,1040.0
2026-08-03,9A9W,永豐市政,072834,1000,0,1520.0,0.0,1000,1520.0
2026-08-03,9A9W,永豐市政,072862,0,15000,0.0,5250.0,-15000,-5250.0
2026-08-03,9A9W,永豐市政,073069,3000,0,3240.0,0.0,3000,3240.0
2026-08-03,9A9W,永豐市政,073561,1000,0,840.0,0.0,1000,840.0
2026-08-03,9A9W,永豐市政,073828,10000,0,14600.0,0.0,10000,14600.0
2026-08-03,9A9W,永豐市政,074105,50000,0,42000.0,0.0,50000,42000.0
2026-08-03,9A9W,永豐市政,074196,3000,0,3210.0,0.0,3000,3210.0
2026-08-03,9A9W,永豐市政,074345,5000,0,2650.0,0.0,5000,2650.0
2026-08-03,9A9W,永豐市政,074422,10000,0,10600.0,0.0,10000,10600.0
2026-08-03,9A9W,永豐市政,074627,4000,0,5280.0,0.0,4000,5280.0
2026-08-03,9A9W,永豐市政,074875,450000,0,328500.0,0.0,450000,328500.0
2026-08-03,9A9W,永豐市政,074943,0,20000,0.0,8000.0,-20000,-8000.0
2026-08-03,9A9W,永豐市政,075071,5000,0,8150.0,0.0,5000,8150.0
2026-08-03,9A9W,永豐市政,075077,0,6000,0.0,4320.0,-6000,-4320.0
2026-08-03,9A9W,永豐市政,075098,0,2000,0.0,2540.0,-2000,-2540.0
2026-08-03,9A9W,永豐市政,075444,0,10000,0.0,7100.0,-10000,-7100.0
2026-08-03,9A9W,永豐市政,075640,0,700000,0.0,359980.0,-700000,-359980.0
2026-08-03,9A9W,永豐市政,075690,30000,0,95400.0,0.0,30000,95400.0
2026-08-03,9A9W,永豐市政,075712,7000,0,10080.0,0.0,7000,10080.0
2026-08-03,9A9W,永豐市政,076125,0,173000,0.0,86500.0,-173000,-86500.0
2026-08-03,9A9W,永豐市政,076147,0,2000,0.0,1060.0,-2000,-1060.0
2026-08-03,9A9W,永豐市政,076148,0,1133000,0.0,645810.0,-1133000,-645810.0
2026-08-03,9A9W,永豐市政,076250,0,9000,0.0,8240.0,-9000,-8240.0
2026-08-03,9A9W,永豐市政,076259,0,60000,0.0,184200.0,-60000,-184200.0
2026-08-03,9A9W,永豐市政,076282,10000,0,19000.0,0.0,10000,19000.0
2026-08-03,9A9W,永豐市政,076624,10000,0,3600.0,0.0,10000,3600.0
2026-08-03,9A9W,永豐市政,076659,2000,0,2740.0,0.0,2000,2740.0
2026-08-03,9A9W,永豐市政,076778,1000,0,1080.0,0.0,1000,1080.0
2026-08-03,9A9W,永豐市政,076836,8000,0,12040.0,0.0,8000,12040.0
2026-08-03,9A9W,永豐市政,077718,0,20000,0.0,28200.0,-20000,-28200.0
2026-08-03,9A9W,永豐市政,077734,1000,0,550.0,0.0,1000,550.0
2026-08-03,9A9W,永豐市政,078067,0,1000,0.0,2050.0,-1000,-2050.0
2026-08-03,9A9W,永豐市政,078096,4000,0,4840.0,0.0,4000,4840.0
2026-08-03,9A9W,永豐市政,08420P,0,2000,0.0,20.0,-2000,-20.0
2026-08-03,9A9W,永豐市政,08527U,101000,1000,25430.0,230.0,100000,25200.0
2026-08-03,9A9W,永豐市政,08580U,0,20000,0.0,7700.0,-20000,-7700.0
2026-08-03,9A9W,永豐市政,087694,0,26000,0.0,7800.0,-26000,-7800.0
2026-08-03,9A9W,永豐金市政,700113,1000,4000,470.0,1940.0,-3000,-1470.0
2026-08-03,9A9W,永豐金市政,700594,2000,0,1000.0,0.0,2000,1000.0
2026-08-03,9A9W,永豐金市政,700904,0,10000,0.0,31300.0,-10000,-31300.0
2026-08-03,9A9W,永豐金市政,701615,1000,0,2900.0,0.0,1000,2900.0
2026-08-03,9A9W,永豐金市政,702467,0,1000,0.0,1800.0,-1000,-1800.0
2026-08-03,9A9W,永豐金市政,702829,10000,0,7100.0,0.0,10000,7100.0
2026-08-03,9A9W,永豐金市政,703598,0,1000,0.0,13500.0,-1000,-13500.0
2026-08-03,9A9W,永豐金市政,703838,0,12000,0.0,24480.0,-12000,-24480.0
2026-08-03,9A9W,永豐金市政,704829,0,10000,0.0,53250.0,-10000,-53250.0
2026-08-03,9A9W,永豐金市政,705222,0,3000,0.0,1650.0,-3000,-1650.0
2026-08-03,9A9W,永豐金市政,705523,2000,0,2750.0,0.0,2000,2750.0
2026-08-03,9A9W,永豐金市政,705863,1000,1000,1320.0,1320.0,0,0.0
2026-08-03,9A9W,永豐金市政,705931,0,3000,0.0,6770.0,-3000,-6770.0
2026-08-03,9A9W,永豐金市政,706030,0,3000,0.0,1170.0,-3000,-1170.0
2026-08-03,9A9W,永豐金市政,706053,0,10000,0.0,16300.0,-10000,-16300.0
2026-08-03,9A9W,永豐金市政,706218,0,2000,0.0,200.0,-2000,-200.0
2026-08-03,9A9W,永豐金市政,706847,0,32000,0.0,13440.0,-32000,-13440.0
2026-08-03,9A9W,永豐金市政,706972,10000,0,34650.0,0.0,10000,34650.0
2026-08-03,9A9W,永豐金市政,707250,0,10000,0.0,52000.0,-10000,-52000.0
2026-08-03,9A9W,永豐金市政,707335,0,1000,0.0,1290.0,-1000,-1290.0
2026-08-03,9A9W,永豐金市政,707336,4000,0,4880.0,0.0,4000,4880.0
2026-08-03,9A9W,永豐金市政,707376,55000,0,55500.0,0.0,55000,55500.0
2026-08-03,9A9W,永豐金市政,707666,10000,0,25200.0,0.0,10000,25200.0
2026-08-03,9A9W,永豐金市政,707707,100000,0,18000.0,0.0,100000,18000.0
2026-08-03,9A9W,永豐金市政,707735,4000,0,2530.0,0.0,4000,2530.0
2026-08-03,9A9W,永豐金市政,707763,0,1000,0.0,1500.0,-1000,-1500.0
2026-08-03,9A9W,永豐金市政,707798,0,20000,0.0,50500.0,-20000,-50500.0
2026-08-03,9A9W,永豐金市政,707922,0,2000,0.0,3320.0,-2000,-3320.0
2026-08-03,9A9W,永豐金市政,707991,1000,0,1250.0,0.0,1000,1250.0
2026-08-03,9A9W,永豐金市政,708076,0,100000,0.0,97000.0,-100000,-97000.0
2026-08-03,9A9W,永豐金市政,708125,3000,0,2210.0,0.0,3000,2210.0
2026-08-03,9A9W,永豐金市政,708130,0,10000,0.0,12500.0,-10000,-12500.0
2026-08-03,9A9W,永豐金市政,708162,3000,0,1230.0,0.0,3000,1230.0
2026-08-03,9A9W,永豐金市政,708168,1000,0,1050.0,0.0,1000,1050.0
2026-08-03,9A9W,永豐金市政,708180,1000,0,1000.0,0.0,1000,1000.0
2026-08-03,9A9W,永豐金市政,708547,10000,0,5900.0,0.0,10000,5900.0
2026-08-03,9A9W,永豐金市政,708571,50000,0,12500.0,0.0,50000,12500.0
2026-08-03,9A9W,永豐金市政,708723,0,204000,0.0,22440.0,-204000,-22440.0
2026-08-03,9A9W,永豐金市政,708839,0,1000,0.0,280.0,-1000,-280.0
2026-08-03,9A9W,永豐金市政,709042,10000,0,11900.0,0.0,10000,11900.0
2026-08-03,9A9W,永豐金市政,709102,0,2000,0.0,770.0,-2000,-770.0
2026-08-03,9A9W,永豐金市政,709200,1000,0,240.0,0.0,1000,240.0
2026-08-03,9A9W,永豐金市政,709477,0,499000,0.0,174650.0,-499000,-174650.0
2026-08-03,9A9W,永豐金市政,709516,0,1000,0.0,390.0,-1000,-390.0
2026-08-03,9A9W,永豐金市政,709562,0,1000,0.0,240.0,-1000,-240.0
2026-08-03,9A9W,永豐金市政,709787,2000,0,940.0,0.0,2000,940.0
2026-08-03,9A9W,永豐金市政,709869,20000,0,65300.0,0.0,20000,65300.0
2026-08-03,9A9W,永豐金市政,709905,0,2000,0.0,500.0,-2000,-500.0
2026-08-03,9A9W,永豐金市政,709931,100000,0,82000.0,0.0,100000,82000.0
2026-08-03,9A9W,永豐金市政,711096,100000,0,67000.0,0.0,100000,67000.0
2026-08-03,9A9W,永豐金市政,711928,0,3000,0.0,3480.0,-3000,-3480.0
2026-08-03,9A9W,永豐金市政,72853U,3000,0,2250.0,0.0,3000,2250.0
2026-08-03,9A9W,永豐金市政,730635,0,11000,0.0,5100.0,-11000,-5100.0
2026-08-03,9A9W,永豐金市政,733460,8000,5000,6640.0,5350.0,3000,1290.0
2026-08-03,9A9W,永豐金市政,734209,0,1000,0.0,2000.0,-1000,-2000.0
2026-08-03,9A9X,永豐竹科,03046T,0,1000,0.0,200.0,-1000,-200.0
2026-08-03,9A9X,永豐竹科,03052T,1000,0,200.0,0.0,1000,200.0
2026-08-03,9A9X,永豐竹科,030573,10000,0,22800.0,0.0,10000,22800.0
2026-08-03,9A9X,永豐竹科,030591,0,5000,0.0,7750.0,-5000,-7750.0
2026-08-03,9A9X,永豐竹科,030592,15000,0,16950.0,0.0,15000,16950.0
2026-08-03,9A9X,永豐竹科,03125T,0,2000,0.0,1900.0,-2000,-1900.0
2026-08-03,9A9X,永豐竹科,03162T,1000,40000,100.0,3400.0,-39000,-3300.0
2026-08-03,9A9X,永豐竹科,03192T,40000,0,23200.0,0.0,40000,23200.0
2026-08-03,9A9X,永豐竹科,03227T,10000,0,8200.0,0.0,10000,8200.0
2026-08-03,9A9X,永豐竹科,03306T,150000,0,195000.0,0.0,150000,195000.0
2026-08-03,9A9X,永豐竹科,03449T,5000,0,4800.0,0.0,5000,4800.0
2026-08-03,9A9X,永豐竹科,034788,0,1000,0.0,3280.0,-1000,-3280.0
2026-08-03,9A9X,永豐竹科,03478T,25000,0,23690.0,0.0,25000,23690.0
2026-08-03,9A9X,永豐竹科,03564T,1000,0,380.0,0.0,1000,380.0
2026-08-03,9A9X,永豐竹科,036128,0,1000,0.0,3720.0,-1000,-3720.0
2026-08-03,9A9X,永豐竹科,036606,0,1000,0.0,14400.0,-1000,-14400.0
2026-08-03,9A9X,永豐竹科,037046,0,27000,0.0,167400.0,-27000,-167400.0
2026-08-03,9A9X,永豐竹科,03732B,0,1000,0.0,780.0,-1000,-780.0
2026-08-03,9A9X,永豐竹科,03737B,0,100000,0.0,114000.0,-100000,-114000.0
2026-08-03,9A9X,永豐竹科,037707,1000,0,960.0,0.0,1000,960.0
2026-08-03,9A9X,永豐竹科,038315,0,18000,0.0,116100.0,-18000,-116100.0
2026-08-03,9A9X,永豐竹科,038321,1000,0,4640.0,0.0,1000,4640.0
2026-08-03,9A9X,永豐竹科,039446,1000,0,1680.0,0.0,1000,1680.0
2026-08-03,9A9X,永豐竹科,039463,1000,0,110.0,0.0,1000,110.0
2026-08-03,9A9X,永豐竹科,04014C,8000,0,30850.0,0.0,8000,30850.0
2026-08-03,9A9X,永豐竹科,040688,0,2000,0.0,2560.0,-2000,-2560.0
2026-08-03,9A9X,永豐竹科,042555,10000,0,1000.0,0.0,10000,1000.0
2026-08-03,9A9X,永豐竹科,049454,0,2000,0.0,2100.0,-2000,-2100.0
2026-08-03,9A9X,永豐竹科,050170,15000,0,10800.0,0.0,15000,10800.0
2026-08-03,9A9X,永豐竹科,051259,4000,0,8920.0,0.0,4000,8920.0
2026-08-03,9A9X,永豐竹科,051694,0,174000,0.0,135940.0,-174000,-135940.0
2026-08-03,9A9X,永豐竹科,052214,0,900000,0.0,522000.0,-900000,-522000.0
2026-08-03,9A9X,永豐竹科,054390,0,1000,0.0,2400.0,-1000,-2400.0
2026-08-03,9A9X,永豐竹科,054462,18000,0,14400.0,0.0,18000,14400.0
2026-08-03,9A9X,永豐竹科,055124,0,1000,0.0,180.0,-1000,-180.0
2026-08-03,9A9X,永豐竹科,055345,10000,0,21300.0,0.0,10000,21300.0
2026-08-03,9A9X,永豐竹科,056058,0,1000,0.0,1090.0,-1000,-1090.0
2026-08-03,9A9X,永豐竹科,056134,0,2000,0.0,10200.0,-2000,-10200.0
2026-08-03,9A9X,永豐竹科,056677,1000,0,730.0,0.0,1000,730.0
2026-08-03,9A9X,永豐竹科,057601,0,1000,0.0,4000.0,-1000,-4000.0
2026-08-03,9A9X,永豐竹科,057631,0,1000,0.0,2290.0,-1000,-2290.0
2026-08-03,9A9X,永豐竹科,058451,3000,0,2340.0,0.0,3000,2340.0
2026-08-03,9A9X,永豐竹科,059213,0,2000,0.0,1660.0,-2000,-1660.0
2026-08-03,9A9X,永豐竹科,059295,0,1000,0.0,4600.0,-1000,-4600.0
2026-08-03,9A9X,永豐竹科,060196,0,2000,0.0,1100.0,-2000,-1100.0
2026-08-03,9A9X,永豐竹科,060973,0,100000,0.0,72000.0,-100000,-72000.0
2026-08-03,9A9X,永豐竹科,061393,3000,0,1260.0,0.0,3000,1260.0
2026-08-03,9A9X,永豐竹科,061448,20000,0,36200.0,0.0,20000,36200.0
2026-08-03,9A9X,永豐竹科,061709,0,90000,0.0,151200.0,-90000,-151200.0
2026-08-03,9A9X,永豐竹科,061976,0,201000,0.0,188940.0,-201000,-188940.0
2026-08-03,9A9X,永豐竹科,062713,4000,0,2310.0,0.0,4000,2310.0
2026-08-03,9A9X,永豐竹科,063288,0,100000,0.0,58000.0,-100000,-58000.0
2026-08-03,9A9X,永豐竹科,063344,100000,0,36000.0,0.0,100000,36000.0
2026-08-03,9A9X,永豐竹科,063399,50000,0,24430.0,0.0,50000,24430.0
2026-08-03,9A9X,永豐竹科,063740,3000,0,2520.0,0.0,3000,2520.0
2026-08-03,9A9X,永豐竹科,063790,0,19000,0.0,15010.0,-19000,-15010.0
2026-08-03,9A9X,永豐竹科,063817,0,10000,0.0,11200.0,-10000,-11200.0
2026-08-03,9A9X,永豐竹科,063830,0,1000,0.0,1580.0,-1000,-1580.0
2026-08-03,9A9X,永豐竹科,064147,1000,0,2300.0,0.0,1000,2300.0
2026-08-03,9A9X,永豐竹科,064238,0,202000,0.0,66660.0,-202000,-66660.0
2026-08-03,9A9X,永豐竹科,064423,10000,0,7400.0,0.0,10000,7400.0
2026-08-03,9A9X,永豐竹科,064425,80000,0,66200.0,0.0,80000,66200.0
2026-08-03,9A9X,永豐竹科,064487,4000,0,6800.0,0.0,4000,6800.0
2026-08-03,9A9X,永豐竹科,064604,0,1000,0.0,2320.0,-1000,-2320.0
2026-08-03,9A9X,永豐竹科,065423,2000,1000,1290.0,600.0,1000,690.0
2026-08-03,9A9X,永豐竹科,065459,0,30000,0.0,63000.0,-30000,-63000.0
2026-08-03,9A9X,永豐竹科,065609,0,4000,0.0,2680.0,-4000,-2680.0
2026-08-03,9A9X,永豐竹科,065658,30000,0,12600.0,0.0,30000,12600.0
2026-08-03,9A9X,永豐竹科,065661,0,4000,0.0,4360.0,-4000,-4360.0
2026-08-03,9A9X,永豐竹科,065734,1000,0,580.0,0.0,1000,580.0
2026-08-03,9A9X,永豐竹科,066145,0,3000,0.0,9900.0,-3000,-9900.0
2026-08-03,9A9X,永豐竹科,066305,1000,0,930.0,0.0,1000,930.0
2026-08-03,9A9X,永豐竹科,066530,0,1000,0.0,960.0,-1000,-960.0
2026-08-03,9A9X,永豐竹科,066556,0,2000,0.0,5640.0,-2000,-5640.0
2026-08-03,9A9X,永豐竹科,066612,10000,0,10500.0,0.0,10000,10500.0
2026-08-03,9A9X,永豐竹科,066724,3000,0,4920.0,0.0,3000,4920.0
2026-08-03,9A9X,永豐竹科,067142,0,1000,0.0,1420.0,-1000,-1420.0
2026-08-03,9A9X,永豐竹科,067147,30000,0,7700.0,0.0,30000,7700.0
2026-08-03,9A9X,永豐竹科,067431,0,5000,0.0,7350.0,-5000,-7350.0
2026-08-03,9A9X,永豐竹科,067620,2000,0,3800.0,0.0,2000,3800.0
2026-08-03,9A9X,永豐竹科,067638,160000,0,115600.0,0.0,160000,115600.0
2026-08-03,9A9X,永豐竹科,067814,0,20000,0.0,29460.0,-20000,-29460.0
2026-08-03,9A9X,永豐竹科,068002,0,200000,0.0,217950.0,-200000,-217950.0
2026-08-03,9A9X,永豐竹科,068080,10000,0,5800.0,0.0,10000,5800.0
2026-08-03,9A9X,永豐竹科,068223,0,20000,0.0,27200.0,-20000,-27200.0
2026-08-03,9A9X,永豐竹科,068725,60000,0,40100.0,0.0,60000,40100.0
2026-08-03,9A9X,永豐竹科,069157,30000,0,32020.0,0.0,30000,32020.0
2026-08-03,9A9X,永豐竹科,069334,10000,0,3400.0,0.0,10000,3400.0
2026-08-03,9A9X,永豐竹科,069440,5000,0,9650.0,0.0,5000,9650.0
2026-08-03,9A9X,永豐竹科,070615,30000,0,14500.0,0.0,30000,14500.0
2026-08-03,9A9X,永豐竹科,071215,1000,0,730.0,0.0,1000,730.0
2026-08-03,9A9X,永豐竹科,071466,0,25000,0.0,38250.0,-25000,-38250.0
2026-08-03,9A9X,永豐竹科,071507,30000,0,27900.0,0.0,30000,27900.0
2026-08-03,9A9X,永豐竹科,071555,20000,0,9160.0,0.0,20000,9160.0
2026-08-03,9A9X,永豐竹科,071650,0,5000,0.0,15500.0,-5000,-15500.0
2026-08-03,9A9X,永豐竹科,072278,40000,0,22600.0,0.0,40000,22600.0
2026-08-03,9A9X,永豐竹科,072753,0,5000,0.0,12180.0,-5000,-12180.0
2026-08-03,9A9X,永豐竹科,072987,2000,0,2300.0,0.0,2000,2300.0
2026-08-03,9A9X,永豐竹科,073027,50000,0,30500.0,0.0,50000,30500.0
2026-08-03,9A9X,永豐竹科,073325,0,1000,0.0,1170.0,-1000,-1170.0
2026-08-03,9A9X,永豐竹科,073604,100000,0,119000.0,0.0,100000,119000.0
2026-08-03,9A9X,永豐竹科,073691,60000,0,35200.0,0.0,60000,35200.0
2026-08-03,9A9X,永豐竹科,073929,60000,0,49400.0,0.0,60000,49400.0
2026-08-03,9A9X,永豐竹科,074084,0,1000,0.0,260.0,-1000,-260.0
2026-08-03,9A9X,永豐竹科,074540,108000,0,412720.0,0.0,108000,412720.0
2026-08-03,9A9X,永豐竹科,074949,770000,0,600600.0,0.0,770000,600600.0
2026-08-03,9A9X,永豐竹科,074995,11000,0,9100.0,0.0,11000,9100.0
2026-08-03,9A9X,永豐竹科,075291,0,40000,0.0,63600.0,-40000,-63600.0
2026-08-03,9A9X,永豐竹科,075686,10000,0,4900.0,0.0,10000,4900.0
2026-08-03,9A9X,永豐竹科,075840,0,2000,0.0,5700.0,-2000,-5700.0
2026-08-03,9A9X,永豐竹科,075948,9000,0,12670.0,0.0,9000,12670.0
2026-08-03,9A9X,永豐竹科,075989,9000,0,17630.0,0.0,9000,17630.0
2026-08-03,9A9X,永豐竹科,076267,10000,0,6700.0,0.0,10000,6700.0
2026-08-03,9A9X,永豐竹科,076431,40000,0,86300.0,0.0,40000,86300.0
2026-08-03,9A9X,永豐竹科,076804,0,1000,0.0,2830.0,-1000,-2830.0
2026-08-03,9A9X,永豐竹科,077533,1000,0,3080.0,0.0,1000,3080.0
2026-08-03,9A9X,永豐竹科,078299,5000,0,10400.0,0.0,5000,10400.0
2026-08-03,9A9X,永豐竹科,078306,1000,0,1990.0,0.0,1000,1990.0
2026-08-03,9A9X,永豐金竹科,700710,0,100000,0.0,33000.0,-100000,-33000.0
2026-08-03,9A9X,永豐金竹科,700904,2000,0,6080.0,0.0,2000,6080.0
2026-08-03,9A9X,永豐金竹科,702639,1000,0,3100.0,0.0,1000,3100.0
2026-08-03,9A9X,永豐金竹科,703075,34000,0,680.0,0.0,34000,680.0
2026-08-03,9A9X,永豐金竹科,703862,2000,0,1420.0,0.0,2000,1420.0
2026-08-03,9A9X,永豐金竹科,705072,10000,0,7400.0,0.0,10000,7400.0
2026-08-03,9A9X,永豐金竹科,706260,10000,0,3800.0,0.0,10000,3800.0
2026-08-03,9A9X,永豐金竹科,706422,2000,0,1880.0,0.0,2000,1880.0
2026-08-03,9A9X,永豐金竹科,706503,2000,0,1860.0,0.0,2000,1860.0
2026-08-03,9A9X,永豐金竹科,707144,20000,0,22700.0,0.0,20000,22700.0
2026-08-03,9A9X,永豐金竹科,707151,10000,0,11800.0,0.0,10000,11800.0
2026-08-03,9A9X,永豐金竹科,707215,4000,0,1640.0,0.0,4000,1640.0
2026-08-03,9A9X,永豐金竹科,707331,1000,0,1700.0,0.0,1000,1700.0
2026-08-03,9A9X,永豐金竹科,707342,41000,0,26030.0,0.0,41000,26030.0
2026-08-03,9A9X,永豐金竹科,707681,1000,2495000,750.0,1806380.0,-2494000,-1805630.0
2026-08-03,9A9X,永豐金竹科,707980,600000,0,42000.0,0.0,600000,42000.0
2026-08-03,9A9X,永豐金竹科,708023,10000,0,1400.0,0.0,10000,1400.0
2026-08-03,9A9X,永豐金竹科,708117,20000,0,9200.0,0.0,20000,9200.0
2026-08-03,9A9X,永豐金竹科,708141,0,1000,0.0,4100.0,-1000,-4100.0
2026-08-03,9A9X,永豐金竹科,708195,20000,0,14100.0,0.0,20000,14100.0
2026-08-03,9A9X,永豐金竹科,708238,0,258000,0.0,230730.0,-258000,-230730.0
2026-08-03,9A9X,永豐金竹科,708377,0,40000,0.0,22000.0,-40000,-22000.0
2026-08-03,9A9X,永豐金竹科,708499,0,5000,0.0,8750.0,-5000,-8750.0
2026-08-03,9A9X,永豐金竹科,708649,17000,0,8330.0,0.0,17000,8330.0
2026-08-03,9A9X,永豐金竹科,709131,2000,0,2660.0,0.0,2000,2660.0
2026-08-03,9A9X,永豐金竹科,709374,2000,0,1180.0,0.0,2000,1180.0
2026-08-03,9A9X,永豐金竹科,709792,326000,0,801540.0,0.0,326000,801540.0
2026-08-03,9A9X,永豐金竹科,710502,2000,0,1900.0,0.0,2000,1900.0
2026-08-03,9A9X,永豐金竹科,710888,0,40000,0.0,29550.0,-40000,-29550.0
2026-08-03,9A9X,永豐金竹科,711047,10000,0,5100.0,0.0,10000,5100.0
2026-08-03,9A9X,永豐金竹科,711131,2000,0,1240.0,0.0,2000,1240.0
2026-08-03,9A9X,永豐金竹科,711369,2000,0,1300.0,0.0,2000,1300.0
2026-08-03,9A9X,永豐金竹科,711715,50000,0,84200.0,0.0,50000,84200.0
2026-08-03,9A9X,永豐金竹科,711800,3000,0,2040.0,0.0,3000,2040.0
2026-08-03,9A9X,永豐金竹科,711856,65000,0,74800.0,0.0,65000,74800.0
2026-08-03,9A9X,永豐金竹科,711894,20000,0,10600.0,0.0,20000,10600.0
2026-08-03,9A9X,永豐金竹科,72749U,1000,0,1220.0,0.0,1000,1220.0
2026-08-03,9A9X,永豐金竹科,72932U,0,2000,0.0,3640.0,-2000,-3640.0
2026-08-03,9A9g,永豐內湖,03028T,0,55000,0.0,3300.0,-55000,-3300.0
2026-08-03,9A9g,永豐內湖,03980T,0,10000,0.0,11900.0,-10000,-11900.0
2026-08-03,9A9g,永豐內湖,040630,2000,0,4980.0,0.0,2000,4980.0
2026-08-03,9A9g,永豐內湖,041667,0,1000,0.0,3920.0,-1000,-3920.0
2026-08-03,9A9g,永豐內湖,043891,0,3000,0.0,8790.0,-3000,-8790.0
2026-08-03,9A9g,永豐內湖,044403,4000,1000,3600.0,1090.0,3000,2510.0
2026-08-03,9A9g,永豐內湖,044796,5000,0,6800.0,0.0,5000,6800.0
2026-08-03,9A9g,永豐內湖,051258,0,1000,0.0,3160.0,-1000,-3160.0
2026-08-03,9A9g,永豐內湖,052190,1000,0,1150.0,0.0,1000,1150.0
2026-08-03,9A9g,永豐內湖,055212,0,1000,0.0,18000.0,-1000,-18000.0
2026-08-03,9A9g,永豐內湖,056074,9000,0,18700.0,0.0,9000,18700.0
2026-08-03,9A9g,永豐內湖,056814,0,287000,0.0,51660.0,-287000,-51660.0
2026-08-03,9A9g,永豐內湖,057525,0,73000,0.0,219940.0,-73000,-219940.0
2026-08-03,9A9g,永豐內湖,058159,0,10000,0.0,3000.0,-10000,-3000.0
2026-08-03,9A9g,永豐內湖,059007,200000,0,104000.0,0.0,200000,104000.0
2026-08-03,9A9g,永豐內湖,060741,25000,0,36250.0,0.0,25000,36250.0
2026-08-03,9A9g,永豐內湖,061944,1822000,0,1104730.0,0.0,1822000,1104730.0
2026-08-03,9A9g,永豐內湖,062950,0,8000,0.0,11380.0,-8000,-11380.0
2026-08-03,9A9g,永豐內湖,063076,0,100000,0.0,42000.0,-100000,-42000.0
2026-08-03,9A9g,永豐內湖,063288,773000,0,448340.0,0.0,773000,448340.0
2026-08-03,9A9g,永豐內湖,063344,1113000,0,393550.0,0.0,1113000,393550.0
2026-08-03,9A9g,永豐內湖,064011,1000,0,2650.0,0.0,1000,2650.0
2026-08-03,9A9g,永豐內湖,064430,1000,0,1330.0,0.0,1000,1330.0
2026-08-03,9A9g,永豐內湖,064691,0,3000,0.0,4520.0,-3000,-4520.0
2026-08-03,9A9g,永豐內湖,065115,0,6000,0.0,600.0,-6000,-600.0
2026-08-03,9A9g,永豐內湖,065640,10000,0,7800.0,0.0,10000,7800.0
2026-08-03,9A9g,永豐內湖,066056,49000,0,126360.0,0.0,49000,126360.0
2026-08-03,9A9g,永豐內湖,066185,0,7000,0.0,20420.0,-7000,-20420.0
2026-08-03,9A9g,永豐內湖,066287,4000,0,18800.0,0.0,4000,18800.0
2026-08-03,9A9g,永豐內湖,066885,0,55000,0.0,164300.0,-55000,-164300.0
2026-08-03,9A9g,永豐內湖,067142,10000,0,15400.0,0.0,10000,15400.0
2026-08-03,9A9g,永豐內湖,067428,0,2000,0.0,2900.0,-2000,-2900.0
2026-08-03,9A9g,永豐內湖,067638,5000,0,3550.0,0.0,5000,3550.0
2026-08-03,9A9g,永豐內湖,067790,0,2000,0.0,2600.0,-2000,-2600.0
2026-08-03,9A9g,永豐內湖,068002,0,5000,0.0,5400.0,-5000,-5400.0
2026-08-03,9A9g,永豐內湖,068670,0,3000,0.0,390.0,-3000,-390.0
2026-08-03,9A9g,永豐內湖,071044,468000,0,101720.0,0.0,468000,101720.0
2026-08-03,9A9g,永豐內湖,071068,10000,0,6000.0,0.0,10000,6000.0
2026-08-03,9A9g,永豐內湖,071523,0,10000,0.0,11700.0,-10000,-11700.0
2026-08-03,9A9g,永豐內湖,073379,0,1000,0.0,660.0,-1000,-660.0
2026-08-03,9A9g,永豐內湖,073454,0,3992000,0.0,2914160.0,-3992000,-2914160.0
2026-08-03,9A9g,永豐內湖,076903,20000,0,30600.0,0.0,20000,30600.0
2026-08-03,9A9g,永豐內湖,077237,5000,0,6250.0,0.0,5000,6250.0
2026-08-03,9A9g,永豐內湖,077437,50000,0,53000.0,0.0,50000,53000.0
2026-08-03,9A9g,永豐內湖,077514,5000,0,3700.0,0.0,5000,3700.0
2026-08-03,9A9g,永豐內湖,08680U,0,10000,0.0,18400.0,-10000,-18400.0
2026-08-03,9A9g,永豐金內湖,704207,0,20000,0.0,49950.0,-20000,-49950.0
2026-08-03,9A9g,永豐金內湖,705081,3000,0,5070.0,0.0,3000,5070.0
2026-08-03,9A9g,永豐金內湖,705155,0,160000,0.0,378300.0,-160000,-378300.0
2026-08-03,9A9g,永豐金內湖,705186,4000,0,7220.0,0.0,4000,7220.0
2026-08-03,9A9g,永豐金內湖,705487,85000,0,46750.0,0.0,85000,46750.0
2026-08-03,9A9g,永豐金內湖,705664,6000,0,3000.0,0.0,6000,3000.0
2026-08-03,9A9g,永豐金內湖,705852,0,1000,0.0,310.0,-1000,-310.0
2026-08-03,9A9g,永豐金內湖,705874,10000,0,25200.0,0.0,10000,25200.0
2026-08-03,9A9g,永豐金內湖,706030,499000,0,214550.0,0.0,499000,214550.0
2026-08-03,9A9g,永豐金內湖,706701,2000,0,500.0,0.0,2000,500.0
2026-08-03,9A9g,永豐金內湖,707796,0,1000,0.0,3200.0,-1000,-3200.0
2026-08-03,9A9g,永豐金內湖,707810,0,1000,0.0,1460.0,-1000,-1460.0
2026-08-03,9A9g,永豐金內湖,709081,20000,25000,11600.0,13250.0,-5000,-1650.0
2026-08-03,9A9g,永豐金內湖,711292,100000,0,59000.0,0.0,100000,59000.0
2026-08-03,9A9g,永豐金內湖,711749,4000,0,22200.0,0.0,4000,22200.0
2026-08-03,9A9g,永豐金內湖,711990,10000,0,28800.0,0.0,10000,28800.0
