date,securities_trader_id,securities_trader,stock_id,buy_volume,sell_volume,buy_amount,sell_amount,net_volume,net_amount
2026-07-28,111B,台企建成,031805,60000,0,97200.0,0.0,60000,97200.0
2026-07-28,111B,台企建成,033549,80000,0,56000.0,0.0,80000,56000.0
2026-07-28,111B,台企建成,035337,23000,0,4830.0,0.0,23000,4830.0
2026-07-28,111B,台企建成,058125,529000,0,26450.0,0.0,529000,26450.0
2026-07-28,111B,台企建成,063041,13000,0,27560.0,0.0,13000,27560.0
2026-07-28,111B,台企建成,069237,20000,0,91600.0,0.0,20000,91600.0
2026-07-28,538Y,第一中壢,03351T,0,50000,0.0,32500.0,-50000,-32500.0
2026-07-28,538Y,第一中壢,033856,0,3000,0.0,420.0,-3000,-420.0
2026-07-28,538Y,第一中壢,03676T,0,7000,0.0,14140.0,-7000,-14140.0
2026-07-28,538Y,第一中壢,03774T,0,5000,0.0,11340.0,-5000,-11340.0
2026-07-28,538Y,第一中壢,03871T,0,319000,0.0,401940.0,-319000,-401940.0
2026-07-28,538Y,第一中壢,03951T,30000,0,30600.0,0.0,30000,30600.0
2026-07-28,538Y,第一中壢,051148,0,1000,0.0,20700.0,-1000,-20700.0
2026-07-28,538Y,第一中壢,055660,0,30000,0.0,13500.0,-30000,-13500.0
2026-07-28,538Y,第一中壢,057775,0,76000,0.0,178000.0,-76000,-178000.0
2026-07-28,538Y,第一中壢,058141,20000,0,8000.0,0.0,20000,8000.0
2026-07-28,538Y,第一中壢,060018,0,100000,0.0,28000.0,-100000,-28000.0
2026-07-28,538Y,第一中壢,060940,0,100000,0.0,5000.0,-100000,-5000.0
2026-07-28,538Y,第一中壢,061162,20000,0,8400.0,0.0,20000,8400.0
2026-07-28,538Y,第一中壢,061480,20000,0,7200.0,0.0,20000,7200.0
2026-07-28,538Y,第一中壢,061821,575000,0,274500.0,0.0,575000,274500.0
2026-07-28,538Y,第一中壢,061945,30000,0,10800.0,0.0,30000,10800.0
2026-07-28,538Y,第一中壢,063167,0,20000,0.0,70000.0,-20000,-70000.0
2026-07-28,538Y,第一中壢,063344,20000,0,7000.0,0.0,20000,7000.0
2026-07-28,538Y,第一中壢,064034,2000,13000,1260.0,7540.0,-11000,-6280.0
2026-07-28,538Y,第一中壢,064802,20000,0,5000.0,0.0,20000,5000.0
2026-07-28,538Y,第一中壢,064886,5000,0,700.0,0.0,5000,700.0
2026-07-28,538Y,第一中壢,066046,8000,0,5760.0,0.0,8000,5760.0
2026-07-28,538Y,第一中壢,066186,2000,0,4260.0,0.0,2000,4260.0
2026-07-28,538Y,第一中壢,066226,13000,0,12350.0,0.0,13000,12350.0
2026-07-28,538Y,第一中壢,066566,20000,0,8800.0,0.0,20000,8800.0
2026-07-28,538Y,第一中壢,068665,0,30000,0.0,77100.0,-30000,-77100.0
2026-07-28,538Y,第一中壢,069643,3000,0,1290.0,0.0,3000,1290.0
2026-07-28,538Y,第一中壢,069656,140000,0,114800.0,0.0,140000,114800.0
2026-07-28,538Y,第一中壢,071808,1000,0,370.0,0.0,1000,370.0
2026-07-28,538Y,第一中壢,08630U,0,10000,0.0,900.0,-10000,-900.0
2026-07-28,538Y,第一金中壢,705346,11000,0,770.0,0.0,11000,770.0
2026-07-28,538Y,第一金中壢,707371,0,50000,0.0,27000.0,-50000,-27000.0
2026-07-28,538Y,第一金中壢,707753,10000,0,4100.0,0.0,10000,4100.0
2026-07-28,538Y,第一金中壢,707944,60000,0,3000.0,0.0,60000,3000.0
2026-07-28,538Y,第一金中壢,708279,0,1000,0.0,280.0,-1000,-280.0
2026-07-28,538Y,第一金中壢,708532,10000,0,17400.0,0.0,10000,17400.0
2026-07-28,538Y,第一金中壢,72869U,8000,0,6960.0,0.0,8000,6960.0
2026-07-28,5853,統一中壢,03418T,20000,0,16200.0,0.0,20000,16200.0
2026-07-28,5853,統一中壢,052139,5000,0,6150.0,0.0,5000,6150.0
2026-07-28,5853,統一中壢,052806,10000,0,5600.0,0.0,10000,5600.0
2026-07-28,5853,統一中壢,057799,0,5000,0.0,3050.0,-5000,-3050.0
2026-07-28,5853,統一中壢,061094,1497000,0,89820.0,0.0,1497000,89820.0
2026-07-28,5853,統一中壢,064098,10000,0,6000.0,0.0,10000,6000.0
2026-07-28,5853,統一中壢,066236,50000,0,100500.0,0.0,50000,100500.0
2026-07-28,5853,統一中壢,066348,5000,0,2200.0,0.0,5000,2200.0
2026-07-28,5853,統一中壢,067620,12000,0,21120.0,0.0,12000,21120.0
2026-07-28,5853,統一中壢,067716,19000,0,14060.0,0.0,19000,14060.0
2026-07-28,5853,統一中壢,067943,12000,0,15120.0,0.0,12000,15120.0
2026-07-28,5853,統一中壢,070606,0,100000,0.0,104000.0,-100000,-104000.0
2026-07-28,5853,統一中壢,071469,0,100000,0.0,118000.0,-100000,-118000.0
2026-07-28,5853,統一中壢,072535,5000,0,2600.0,0.0,5000,2600.0
2026-07-28,5853,統一中壢,073314,0,80000,0.0,30400.0,-80000,-30400.0
2026-07-28,5853,統一中壢,075391,50000,0,38000.0,0.0,50000,38000.0
2026-07-28,5853,統一中壢,08720U,358000,0,62420.0,0.0,358000,62420.0
2026-07-28,5853,統一中壢,701697,5000,0,11400.0,0.0,5000,11400.0
2026-07-28,5853,統一中壢,707459,10000,0,8800.0,0.0,10000,8800.0
2026-07-28,5853,統一中壢,707721,5000,0,4150.0,0.0,5000,4150.0
2026-07-28,5853,統一中壢,708547,260000,0,101400.0,0.0,260000,101400.0
2026-07-28,5853,統一中壢,708843,0,6000,0.0,9120.0,-6000,-9120.0
2026-07-28,5853,統一中壢,709330,600000,0,99000.0,0.0,600000,99000.0
2026-07-28,5853,統一中壢,709702,30000,0,10500.0,0.0,30000,10500.0
2026-07-28,5853,統一中壢,710006,30000,0,30000.0,0.0,30000,30000.0
2026-07-28,5853,統一中壢,711506,2000,0,3720.0,0.0,2000,3720.0
2026-07-28,5853,統一中壢,72875U,0,118000,0.0,74240.0,-118000,-74240.0
2026-07-28,5853,統一中壢,72876U,40000,0,28700.0,0.0,40000,28700.0
2026-07-28,5853,統一中壢,738758,10000,0,5700.0,0.0,10000,5700.0
2026-07-28,585Q,統一三多,03148T,60000,0,45800.0,0.0,60000,45800.0
2026-07-28,585Q,統一三多,03188T,1000,0,1490.0,0.0,1000,1490.0
2026-07-28,585Q,統一三多,040982,0,2000,0.0,9520.0,-2000,-9520.0
2026-07-28,585Q,統一三多,054694,20000,0,7400.0,0.0,20000,7400.0
2026-07-28,585Q,統一三多,059264,0,110000,0.0,115800.0,-110000,-115800.0
2026-07-28,585Q,統一三多,059320,4000,0,5160.0,0.0,4000,5160.0
2026-07-28,585Q,統一三多,060542,5000,0,16150.0,0.0,5000,16150.0
2026-07-28,585Q,統一三多,062211,110000,0,473400.0,0.0,110000,473400.0
2026-07-28,585Q,統一三多,062752,0,67000,0.0,73700.0,-67000,-73700.0
2026-07-28,585Q,統一三多,063169,125000,0,593750.0,0.0,125000,593750.0
2026-07-28,585Q,統一三多,063302,20000,0,40000.0,0.0,20000,40000.0
2026-07-28,585Q,統一三多,064221,0,45000,0.0,71550.0,-45000,-71550.0
2026-07-28,585Q,統一三多,065350,30000,30000,27500.0,28800.0,0,-1300.0
2026-07-28,585Q,統一三多,066073,0,20000,0.0,31600.0,-20000,-31600.0
2026-07-28,585Q,統一三多,066145,6000,9000,12740.0,18790.0,-3000,-6050.0
2026-07-28,585Q,統一三多,067142,50000,0,73000.0,0.0,50000,73000.0
2026-07-28,585Q,統一三多,067148,10000,0,8400.0,0.0,10000,8400.0
2026-07-28,585Q,統一三多,067179,0,8000,0.0,4240.0,-8000,-4240.0
2026-07-28,585Q,統一三多,067411,2000,0,1380.0,0.0,2000,1380.0
2026-07-28,585Q,統一三多,067701,10000,0,19600.0,0.0,10000,19600.0
2026-07-28,585Q,統一三多,068032,20000,0,7200.0,0.0,20000,7200.0
2026-07-28,585Q,統一三多,071412,15000,5000,9550.0,3000.0,10000,6550.0
2026-07-28,585Q,統一三多,071589,10000,0,8000.0,0.0,10000,8000.0
2026-07-28,585Q,統一三多,072546,5000,15000,3300.0,9900.0,-10000,-6600.0
2026-07-28,585Q,統一三多,072663,0,10000,0.0,5500.0,-10000,-5500.0
2026-07-28,585Q,統一三多,074560,350000,0,411500.0,0.0,350000,411500.0
2026-07-28,585Q,統一三多,074984,10000,0,10770.0,0.0,10000,10770.0
2026-07-28,585Q,統一三多,075071,10000,10000,17900.0,16800.0,0,1100.0
2026-07-28,585Q,統一三多,075256,0,30000,0.0,32700.0,-30000,-32700.0
2026-07-28,585Q,統一三多,075257,80000,0,119400.0,0.0,80000,119400.0
2026-07-28,585Q,統一三多,075394,250000,311000,309500.0,410520.0,-61000,-101020.0
2026-07-28,585Q,統一三多,076044,0,4000,0.0,3960.0,-4000,-3960.0
2026-07-28,585Q,統一三多,076945,10000,0,23450.0,0.0,10000,23450.0
2026-07-28,585Q,統一三多,700201,13000,0,31330.0,0.0,13000,31330.0
2026-07-28,585Q,統一三多,705485,40000,0,114000.0,0.0,40000,114000.0
2026-07-28,585Q,統一三多,705527,13000,0,157100.0,0.0,13000,157100.0
2026-07-28,585Q,統一三多,708462,0,70000,0.0,14000.0,-70000,-14000.0
2026-07-28,585Q,統一三多,709006,3000,3000,4170.0,4380.0,0,-210.0
2026-07-28,585Q,統一三多,710086,0,40000,0.0,27600.0,-40000,-27600.0
2026-07-28,585Q,統一三多,733461,20000,0,9500.0,0.0,20000,9500.0
2026-07-28,585Y,統一土城,031289,20000,0,9000.0,0.0,20000,9000.0
2026-07-28,585Y,統一土城,046959,5000,0,17950.0,0.0,5000,17950.0
2026-07-28,585Y,統一土城,047421,10000,0,46000.0,0.0,10000,46000.0
2026-07-28,585Y,統一土城,052090,2000,0,7700.0,0.0,2000,7700.0
2026-07-28,585Y,統一土城,052796,0,5000,0.0,19600.0,-5000,-19600.0
2026-07-28,585Y,統一土城,053856,0,9000,0.0,11700.0,-9000,-11700.0
2026-07-28,585Y,統一土城,054766,6000,0,2580.0,0.0,6000,2580.0
2026-07-28,585Y,統一土城,056059,0,10000,0.0,6300.0,-10000,-6300.0
2026-07-28,585Y,統一土城,057540,0,30000,0.0,19200.0,-30000,-19200.0
2026-07-28,585Y,統一土城,062716,100000,10000,448900.0,45800.0,90000,403100.0
2026-07-28,585Y,統一土城,063603,10000,0,35100.0,0.0,10000,35100.0
2026-07-28,585Y,統一土城,064494,0,3000,0.0,5130.0,-3000,-5130.0
2026-07-28,585Y,統一土城,064524,5000,10000,4750.0,9300.0,-5000,-4550.0
2026-07-28,585Y,統一土城,068325,210000,0,170200.0,0.0,210000,170200.0
2026-07-28,585Y,統一土城,701623,0,24000,0.0,6960.0,-24000,-6960.0
2026-07-28,585Y,統一土城,704288,100000,0,10000.0,0.0,100000,10000.0
2026-07-28,585Y,統一土城,733460,0,9000,0.0,9000.0,-9000,-9000.0
2026-07-28,6114,中銀員林,030573,1000,0,2230.0,0.0,1000,2230.0
2026-07-28,6114,中銀員林,032944,50000,0,10000.0,0.0,50000,10000.0
2026-07-28,6114,中銀員林,03694T,0,100000,0.0,116000.0,-100000,-116000.0
2026-07-28,6114,中銀員林,03735B,0,30000,0.0,27900.0,-30000,-27900.0
2026-07-28,6114,中銀員林,047577,0,410000,0.0,8200.0,-410000,-8200.0
2026-07-28,6114,中銀員林,051243,25000,0,9750.0,0.0,25000,9750.0
2026-07-28,6114,中銀員林,051440,20000,0,5400.0,0.0,20000,5400.0
2026-07-28,6114,中銀員林,060926,20000,0,10200.0,0.0,20000,10200.0
2026-07-28,6114,中銀員林,062026,3000,0,4530.0,0.0,3000,4530.0
2026-07-28,6114,中銀員林,063988,0,8000,0.0,21120.0,-8000,-21120.0
2026-07-28,6114,中銀員林,068006,5000,0,3100.0,0.0,5000,3100.0
2026-07-28,6114,中銀員林,068371,30000,0,12600.0,0.0,30000,12600.0
2026-07-28,6114,中銀員林,069698,2000,0,2000.0,0.0,2000,2000.0
2026-07-28,6114,中銀員林,072750,10000,0,2100.0,0.0,10000,2100.0
2026-07-28,6114,中銀員林,074319,100000,0,157000.0,0.0,100000,157000.0
2026-07-28,6114,中銀員林,076581,400000,0,222000.0,0.0,400000,222000.0
2026-07-28,6114,台中銀員林,704685,0,15000,0.0,42850.0,-15000,-42850.0
2026-07-28,6114,台中銀員林,704883,0,160000,0.0,8000.0,-160000,-8000.0
2026-07-28,6114,台中銀員林,705346,0,210000,0.0,12600.0,-210000,-12600.0
2026-07-28,6114,台中銀員林,708164,20000,0,9200.0,0.0,20000,9200.0
2026-07-28,6114,台中銀員林,709890,10000,0,13500.0,0.0,10000,13500.0
2026-07-28,6114,台中銀員林,710342,1000,0,1920.0,0.0,1000,1920.0
2026-07-28,6114,台中銀員林,72921U,0,100000,0.0,183000.0,-100000,-183000.0
2026-07-28,6381,光和溪湖,03053T,0,21000,0.0,3870.0,-21000,-3870.0
2026-07-28,6381,光和溪湖,052965,10000,0,3500.0,0.0,10000,3500.0
2026-07-28,6381,光和溪湖,058117,10000,0,54500.0,0.0,10000,54500.0
2026-07-28,6381,光和溪湖,064013,0,4000,0.0,9480.0,-4000,-9480.0
2026-07-28,6381,光和溪湖,069697,15000,0,10250.0,0.0,15000,10250.0
2026-07-28,6381,光和溪湖,073943,15000,0,5850.0,0.0,15000,5850.0
2026-07-28,6381,光和溪湖,709082,7000,0,3080.0,0.0,7000,3080.0
2026-07-28,6381,光和溪湖,710600,11000,0,6600.0,0.0,11000,6600.0
2026-07-28,6480,福邦,03792T,998000,0,1142710.0,0.0,998000,1142710.0
2026-07-28,6480,福邦,049270,0,87000,0.0,748200.0,-87000,-748200.0
2026-07-28,6480,福邦,052243,0,102000,0.0,480420.0,-102000,-480420.0
2026-07-28,6480,福邦,066050,0,300000,0.0,105000.0,-300000,-105000.0
2026-07-28,6480,福邦,706121,500000,0,450000.0,0.0,500000,450000.0
2026-07-28,6480,福邦,707299,1000,0,1890.0,0.0,1000,1890.0
2026-07-28,6480,福邦,709804,599000,400000,325450.0,212000.0,199000,113450.0
2026-07-28,700B,兆豐板橋,03732B,300000,0,274550.0,0.0,300000,274550.0
2026-07-28,700B,兆豐板橋,057557,0,499000,0.0,1317360.0,-499000,-1317360.0
2026-07-28,700B,兆豐板橋,059021,0,998000,0.0,578840.0,-998000,-578840.0
2026-07-28,700B,兆豐板橋,060615,10000,10000,44000.0,43800.0,0,200.0
2026-07-28,700B,兆豐板橋,060735,40000,0,25400.0,0.0,40000,25400.0
2026-07-28,700B,兆豐板橋,063481,0,5000,0.0,2350.0,-5000,-2350.0
2026-07-28,700B,兆豐板橋,063651,2000,0,1000.0,0.0,2000,1000.0
2026-07-28,700B,兆豐板橋,065103,998000,0,394210.0,0.0,998000,394210.0
2026-07-28,700B,兆豐板橋,066531,0,89000,0.0,82280.0,-89000,-82280.0
2026-07-28,700B,兆豐板橋,066780,100000,200000,92000.0,178000.0,-100000,-86000.0
2026-07-28,700B,兆豐板橋,067140,0,10000,0.0,8400.0,-10000,-8400.0
2026-07-28,700B,兆豐板橋,067475,2000,0,1500.0,0.0,2000,1500.0
2026-07-28,700B,兆豐板橋,068711,30000,30000,21900.0,21850.0,0,50.0
2026-07-28,700B,兆豐板橋,069952,6000,0,11880.0,0.0,6000,11880.0
2026-07-28,700B,兆豐板橋,072573,0,40000,0.0,14400.0,-40000,-14400.0
2026-07-28,700B,兆豐板橋,074954,0,20000,0.0,40400.0,-20000,-40400.0
2026-07-28,700B,兆豐板橋,080341,0,60000,0.0,96000.0,-60000,-96000.0
2026-07-28,700B,兆豐板橋,707308,0,12000,0.0,37200.0,-12000,-37200.0
2026-07-28,700B,兆豐板橋,709459,5000,0,5200.0,0.0,5000,5200.0
2026-07-28,700B,兆豐板橋,709652,0,20000,0.0,16600.0,-20000,-16600.0
2026-07-28,700B,兆豐板橋,709783,1797000,0,782180.0,0.0,1797000,782180.0
2026-07-28,700B,兆豐板橋,709933,1497000,0,1539420.0,0.0,1497000,1539420.0
2026-07-28,700B,兆豐板橋,710701,998000,0,773450.0,0.0,998000,773450.0
2026-07-28,700B,兆豐板橋,733461,40000,0,18800.0,0.0,40000,18800.0
2026-07-28,779c,國票敦北,037497,5000,0,5750.0,0.0,5000,5750.0
2026-07-28,779c,國票敦北,044790,0,2305000,0.0,714550.0,-2305000,-714550.0
2026-07-28,779c,國票敦北,052173,0,10000,0.0,2300.0,-10000,-2300.0
2026-07-28,779c,國票敦北,052191,451000,0,311190.0,0.0,451000,311190.0
2026-07-28,779c,國票敦北,052786,499000,0,359280.0,0.0,499000,359280.0
2026-07-28,779c,國票敦北,057748,1000,0,470.0,0.0,1000,470.0
2026-07-28,779c,國票敦北,059007,0,1000,0.0,390.0,-1000,-390.0
2026-07-28,779c,國票敦北,060621,20000,0,7600.0,0.0,20000,7600.0
2026-07-28,779c,國票敦北,060678,1000,0,160.0,0.0,1000,160.0
2026-07-28,779c,國票敦北,061960,50000,0,10500.0,0.0,50000,10500.0
2026-07-28,779c,國票敦北,063559,5000,0,6250.0,0.0,5000,6250.0
2026-07-28,779c,國票敦北,064150,1000,0,830.0,0.0,1000,830.0
2026-07-28,779c,國票敦北,065776,700000,0,491980.0,0.0,700000,491980.0
2026-07-28,779c,國票敦北,066446,0,250000,0.0,12500.0,-250000,-12500.0
2026-07-28,779c,國票敦北,067056,0,1000,0.0,440.0,-1000,-440.0
2026-07-28,779c,國票敦北,067079,1000,1000,1020.0,1080.0,0,-60.0
2026-07-28,779c,國票敦北,067409,1000,1000,470.0,450.0,0,20.0
2026-07-28,779c,國票敦北,067428,0,100000,0.0,142000.0,-100000,-142000.0
2026-07-28,779c,國票敦北,067638,2000,2000,1620.0,1470.0,0,150.0
2026-07-28,779c,國票敦北,067729,0,1000,0.0,1000.0,-1000,-1000.0
2026-07-28,779c,國票敦北,067791,1000,1000,1160.0,1120.0,0,40.0
2026-07-28,779c,國票敦北,067828,1601000,0,763320.0,0.0,1601000,763320.0
2026-07-28,779c,國票敦北,068225,0,1000,0.0,1030.0,-1000,-1030.0
2026-07-28,779c,國票敦北,068242,0,10000000,0.0,4490380.0,-10000000,-4490380.0
2026-07-28,779c,國票敦北,068426,1200000,0,1210000.0,0.0,1200000,1210000.0
2026-07-28,779c,國票敦北,069507,0,1000,0.0,300.0,-1000,-300.0
2026-07-28,779c,國票敦北,070606,50000,0,50500.0,0.0,50000,50500.0
2026-07-28,779c,國票敦北,072000,0,20000,0.0,15000.0,-20000,-15000.0
2026-07-28,779c,國票敦北,072193,40000,40000,28000.0,28000.0,0,0.0
2026-07-28,779c,國票敦北,072573,2000,0,770.0,0.0,2000,770.0
2026-07-28,779c,國票敦北,076368,80000,0,61600.0,0.0,80000,61600.0
2026-07-28,779c,國票敦北,710794,31000,0,43000.0,0.0,31000,43000.0
2026-07-28,8560,新光,03012T,0,13000,0.0,2340.0,-13000,-2340.0
2026-07-28,8560,新光,03027T,0,88000,0.0,11560.0,-88000,-11560.0
2026-07-28,8560,新光,03028T,0,50000,0.0,4340.0,-50000,-4340.0
2026-07-28,8560,新光,03032T,0,170000,0.0,20600.0,-170000,-20600.0
2026-07-28,8560,新光,03046T,0,5000,0.0,1050.0,-5000,-1050.0
2026-07-28,8560,新光,030573,3000,0,6450.0,0.0,3000,6450.0
2026-07-28,8560,新光,030592,0,40000,0.0,33300.0,-40000,-33300.0
2026-07-28,8560,新光,03074T,0,2000,0.0,1260.0,-2000,-1260.0
2026-07-28,8560,新光,030793,0,1000,0.0,3510.0,-1000,-3510.0
2026-07-28,8560,新光,031273,1000,10000,750.0,7500.0,-9000,-6750.0
2026-07-28,8560,新光,03142T,0,100000,0.0,34000.0,-100000,-34000.0
2026-07-28,8560,新光,03146T,40000,0,48400.0,0.0,40000,48400.0
2026-07-28,8560,新光,031473,5000,0,4400.0,0.0,5000,4400.0
2026-07-28,8560,新光,03159T,300000,0,266000.0,0.0,300000,266000.0
2026-07-28,8560,新光,03160T,5000,0,3800.0,0.0,5000,3800.0
2026-07-28,8560,新光,03162T,50000,0,6300.0,0.0,50000,6300.0
2026-07-28,8560,新光,03164T,0,40000,0.0,7400.0,-40000,-7400.0
2026-07-28,8560,新光,03165T,25000,0,4930.0,0.0,25000,4930.0
2026-07-28,8560,新光,03172T,0,400000,0.0,596000.0,-400000,-596000.0
2026-07-28,8560,新光,03177T,450000,0,355500.0,0.0,450000,355500.0
2026-07-28,8560,新光,03180T,0,490000,0.0,617400.0,-490000,-617400.0
2026-07-28,8560,新光,03226T,0,4000,0.0,4360.0,-4000,-4360.0
2026-07-28,8560,新光,03247T,0,7000,0.0,4080.0,-7000,-4080.0
2026-07-28,8560,新光,03255T,0,5000,0.0,4550.0,-5000,-4550.0
2026-07-28,8560,新光,03265T,0,95000,0.0,51300.0,-95000,-51300.0
2026-07-28,8560,新光,03275T,0,5000,0.0,8100.0,-5000,-8100.0
2026-07-28,8560,新光,03279T,40000,0,14800.0,0.0,40000,14800.0
2026-07-28,8560,新光,03306T,20000,0,33200.0,0.0,20000,33200.0
2026-07-28,8560,新光,03326T,0,20000,0.0,11800.0,-20000,-11800.0
2026-07-28,8560,新光,03353T,0,25000,0.0,23250.0,-25000,-23250.0
2026-07-28,8560,新光,033969,4000,0,8320.0,0.0,4000,8320.0
2026-07-28,8560,新光,03410T,400000,0,584000.0,0.0,400000,584000.0
2026-07-28,8560,新光,03421T,30000,0,42000.0,0.0,30000,42000.0
2026-07-28,8560,新光,03431T,40000,0,56200.0,0.0,40000,56200.0
2026-07-28,8560,新光,03432T,9000,4000,14990.0,6600.0,5000,8390.0
2026-07-28,8560,新光,03457T,50000,50000,65600.0,64800.0,0,800.0
2026-07-28,8560,新光,03465T,1000,0,1900.0,0.0,1000,1900.0
2026-07-28,8560,新光,03466T,4000,4000,7440.0,7360.0,0,80.0
2026-07-28,8560,新光,03468T,499000,0,449100.0,0.0,499000,449100.0
2026-07-28,8560,新光,03470T,0,130000,0.0,117300.0,-130000,-117300.0
2026-07-28,8560,新光,03474T,0,5000,0.0,5200.0,-5000,-5200.0
2026-07-28,8560,新光,03478T,0,5000,0.0,5200.0,-5000,-5200.0
2026-07-28,8560,新光,03511T,10000,0,21300.0,0.0,10000,21300.0
2026-07-28,8560,新光,03517T,0,10000,0.0,21100.0,-10000,-21100.0
2026-07-28,8560,新光,03553T,3000,3000,7500.0,7350.0,0,150.0
2026-07-28,8560,新光,03564T,10000,5000,4800.0,2250.0,5000,2550.0
2026-07-28,8560,新光,035679,0,30000,0.0,2100.0,-30000,-2100.0
2026-07-28,8560,新光,03646T,2000,0,3420.0,0.0,2000,3420.0
2026-07-28,8560,新光,03670T,2000,0,2900.0,0.0,2000,2900.0
2026-07-28,8560,新光,036879,0,20000,0.0,10000.0,-20000,-10000.0
2026-07-28,8560,新光,03699T,0,30000,0.0,29400.0,-30000,-29400.0
2026-07-28,8560,新光,03703T,0,10000,0.0,14300.0,-10000,-14300.0
2026-07-28,8560,新光,037048,0,1000,0.0,190.0,-1000,-190.0
2026-07-28,8560,新光,03727T,20000,0,73890.0,0.0,20000,73890.0
2026-07-28,8560,新光,03732B,50000,10000,45000.0,8900.0,40000,36100.0
2026-07-28,8560,新光,03735B,0,14000,0.0,13080.0,-14000,-13080.0
2026-07-28,8560,新光,03738B,0,50000,0.0,44000.0,-50000,-44000.0
2026-07-28,8560,新光,03747T,10000,10000,30350.0,30500.0,0,-150.0
2026-07-28,8560,新光,03801T,0,10000,0.0,25700.0,-10000,-25700.0
2026-07-28,8560,新光,038318,0,31000,0.0,41850.0,-31000,-41850.0
2026-07-28,8560,新光,03846T,10000,0,21000.0,0.0,10000,21000.0
2026-07-28,8560,新光,03874T,0,23000,0.0,53360.0,-23000,-53360.0
2026-07-28,8560,新光,038844,0,9000,0.0,2970.0,-9000,-2970.0
2026-07-28,8560,新光,03889T,12000,0,22320.0,0.0,12000,22320.0
2026-07-28,8560,新光,039004,60000,100000,7800.0,13000.0,-40000,-5200.0
2026-07-28,8560,新光,039452,17000,0,6460.0,0.0,17000,6460.0
2026-07-28,8560,新光,04021C,11000,0,5580.0,0.0,11000,5580.0
2026-07-28,8560,新光,040638,0,5000,0.0,2500.0,-5000,-2500.0
2026-07-28,8560,新光,041059,1000,1000,2180.0,2180.0,0,0.0
2026-07-28,8560,新光,041434,0,120000,0.0,72800.0,-120000,-72800.0
2026-07-28,8560,新光,043301,0,8000,0.0,8400.0,-8000,-8400.0
2026-07-28,8560,新光,043355,0,27000,0.0,3510.0,-27000,-3510.0
2026-07-28,8560,新光,043891,1000,0,3210.0,0.0,1000,3210.0
2026-07-28,8560,新光,044122,10000,0,3500.0,0.0,10000,3500.0
2026-07-28,8560,新光,044707,0,200000,0.0,12000.0,-200000,-12000.0
2026-07-28,8560,新光,044796,13000,0,16250.0,0.0,13000,16250.0
2026-07-28,8560,新光,045189,10000,0,8500.0,0.0,10000,8500.0
2026-07-28,8560,新光,046307,21000,1000,5260.0,360.0,20000,4900.0
2026-07-28,8560,新光,047531,3000,0,5100.0,0.0,3000,5100.0
2026-07-28,8560,新光,048852,0,100000,0.0,83000.0,-100000,-83000.0
2026-07-28,8560,新光,049941,0,1000,0.0,1360.0,-1000,-1360.0
2026-07-28,8560,新光,050510,10000,0,19400.0,0.0,10000,19400.0
2026-07-28,8560,新光,050908,8000,0,12960.0,0.0,8000,12960.0
2026-07-28,8560,新光,051264,59000,5000,185160.0,16500.0,54000,168660.0
2026-07-28,8560,新光,051265,0,1000,0.0,440.0,-1000,-440.0
2026-07-28,8560,新光,051633,100000,50000,26000.0,14000.0,50000,12000.0
2026-07-28,8560,新光,051721,5000,0,34000.0,0.0,5000,34000.0
2026-07-28,8560,新光,051781,2000,0,2900.0,0.0,2000,2900.0
2026-07-28,8560,新光,052120,10000,0,1800.0,0.0,10000,1800.0
2026-07-28,8560,新光,052190,10000,0,10600.0,0.0,10000,10600.0
2026-07-28,8560,新光,052193,0,70000,0.0,55300.0,-70000,-55300.0
2026-07-28,8560,新光,052325,1000,0,640.0,0.0,1000,640.0
2026-07-28,8560,新光,052826,0,3000,0.0,7180.0,-3000,-7180.0
2026-07-28,8560,新光,052980,0,20000,0.0,46800.0,-20000,-46800.0
2026-07-28,8560,新光,053027,3000,0,8430.0,0.0,3000,8430.0
2026-07-28,8560,新光,053033,10000,0,18000.0,0.0,10000,18000.0
2026-07-28,8560,新光,053284,10000,0,4800.0,0.0,10000,4800.0
2026-07-28,8560,新光,054335,20000,45000,19800.0,39600.0,-25000,-19800.0
2026-07-28,8560,新光,054411,160000,0,110400.0,0.0,160000,110400.0
2026-07-28,8560,新光,054484,0,1000,0.0,3110.0,-1000,-3110.0
2026-07-28,8560,新光,054495,30000,0,15000.0,0.0,30000,15000.0
2026-07-28,8560,新光,054634,7000,0,20230.0,0.0,7000,20230.0
2026-07-28,8560,新光,054945,0,3000,0.0,3960.0,-3000,-3960.0
2026-07-28,8560,新光,055260,3000,0,3580.0,0.0,3000,3580.0
2026-07-28,8560,新光,055342,2000,2000,5500.0,5500.0,0,0.0
2026-07-28,8560,新光,055658,20000,0,8200.0,0.0,20000,8200.0
2026-07-28,8560,新光,055827,10000,5000,19200.0,9750.0,5000,9450.0
2026-07-28,8560,新光,055854,80000,0,44500.0,0.0,80000,44500.0
2026-07-28,8560,新光,055987,1000,0,1890.0,0.0,1000,1890.0
2026-07-28,8560,新光,056079,0,8000,0.0,7440.0,-8000,-7440.0
2026-07-28,8560,新光,056097,0,20000,0.0,9000.0,-20000,-9000.0
2026-07-28,8560,新光,056578,20000,0,61100.0,0.0,20000,61100.0
2026-07-28,8560,新光,057181,0,10000,0.0,8400.0,-10000,-8400.0
2026-07-28,8560,新光,057289,43000,0,80960.0,0.0,43000,80960.0
2026-07-28,8560,新光,057527,10000,0,5100.0,0.0,10000,5100.0
2026-07-28,8560,新光,057601,0,2000,0.0,6300.0,-2000,-6300.0
2026-07-28,8560,新光,057748,20000,0,9200.0,0.0,20000,9200.0
2026-07-28,8560,新光,057783,10000,0,17200.0,0.0,10000,17200.0
2026-07-28,8560,新光,058227,3000,0,5340.0,0.0,3000,5340.0
2026-07-28,8560,新光,058252,0,1000,0.0,1620.0,-1000,-1620.0
2026-07-28,8560,新光,058379,0,18000,0.0,39240.0,-18000,-39240.0
2026-07-28,8560,新光,058391,0,1000,0.0,2300.0,-1000,-2300.0
2026-07-28,8560,新光,058615,10000,0,9000.0,0.0,10000,9000.0
2026-07-28,8560,新光,058616,10000,0,8200.0,0.0,10000,8200.0
2026-07-28,8560,新光,058680,0,1000,0.0,1430.0,-1000,-1430.0
2026-07-28,8560,新光,059007,20000,0,7800.0,0.0,20000,7800.0
2026-07-28,8560,新光,059066,10000,0,12600.0,0.0,10000,12600.0
2026-07-28,8560,新光,059067,0,18000,0.0,29880.0,-18000,-29880.0
2026-07-28,8560,新光,059230,1000,1000,3460.0,3460.0,0,0.0
2026-07-28,8560,新光,059250,2000,0,920.0,0.0,2000,920.0
2026-07-28,8560,新光,059320,0,17000,0.0,21420.0,-17000,-21420.0
2026-07-28,8560,新光,059483,222000,0,19980.0,0.0,222000,19980.0
2026-07-28,8560,新光,059633,0,10000,0.0,4500.0,-10000,-4500.0
2026-07-28,8560,新光,059680,0,2000,0.0,3360.0,-2000,-3360.0
2026-07-28,8560,新光,060026,0,4000,0.0,4920.0,-4000,-4920.0
2026-07-28,8560,新光,060189,0,2000,0.0,16500.0,-2000,-16500.0
2026-07-28,8560,新光,060310,0,10000,0.0,17800.0,-10000,-17800.0
2026-07-28,8560,新光,060355,5000,0,13300.0,0.0,5000,13300.0
2026-07-28,8560,新光,060425,0,1000,0.0,250.0,-1000,-250.0
2026-07-28,8560,新光,060593,210000,0,124700.0,0.0,210000,124700.0
2026-07-28,8560,新光,060621,0,60000,0.0,22800.0,-60000,-22800.0
2026-07-28,8560,新光,061542,0,5000,0.0,10950.0,-5000,-10950.0
2026-07-28,8560,新光,061845,30000,0,6000.0,0.0,30000,6000.0
2026-07-28,8560,新光,061947,10000,0,2600.0,0.0,10000,2600.0
2026-07-28,8560,新光,061976,0,4000,0.0,3840.0,-4000,-3840.0
2026-07-28,8560,新光,061999,0,1000,0.0,380.0,-1000,-380.0
2026-07-28,8560,新光,062652,20000,0,3400.0,0.0,20000,3400.0
2026-07-28,8560,新光,062689,20000,0,12800.0,0.0,20000,12800.0
2026-07-28,8560,新光,062742,7000,0,11200.0,0.0,7000,11200.0
2026-07-28,8560,新光,062810,0,200000,0.0,180000.0,-200000,-180000.0
2026-07-28,8560,新光,062911,2000,0,1140.0,0.0,2000,1140.0
2026-07-28,8560,新光,063081,75000,0,55750.0,0.0,75000,55750.0
2026-07-28,8560,新光,063210,10000,0,30900.0,0.0,10000,30900.0
2026-07-28,8560,新光,063302,499000,0,903190.0,0.0,499000,903190.0
2026-07-28,8560,新光,063351,5000,0,2750.0,0.0,5000,2750.0
2026-07-28,8560,新光,063394,1000,0,180.0,0.0,1000,180.0
2026-07-28,8560,新光,063427,5000,0,15000.0,0.0,5000,15000.0
2026-07-28,8560,新光,063444,145000,0,294350.0,0.0,145000,294350.0
2026-07-28,8560,新光,063809,0,1000,0.0,1380.0,-1000,-1380.0
2026-07-28,8560,新光,063831,10000,0,10900.0,0.0,10000,10900.0
2026-07-28,8560,新光,063921,4000,0,4080.0,0.0,4000,4080.0
2026-07-28,8560,新光,063943,0,30000,0.0,115500.0,-30000,-115500.0
2026-07-28,8560,新光,064179,2000,0,1160.0,0.0,2000,1160.0
2026-07-28,8560,新光,064221,11000,0,17500.0,0.0,11000,17500.0
2026-07-28,8560,新光,064238,0,150000,0.0,48000.0,-150000,-48000.0
2026-07-28,8560,新光,064280,10000,0,10400.0,0.0,10000,10400.0
2026-07-28,8560,新光,064312,0,50000,0.0,7500.0,-50000,-7500.0
2026-07-28,8560,新光,064348,1000,2000,1400.0,2620.0,-1000,-1220.0
2026-07-28,8560,新光,064493,10000,0,29240.0,0.0,10000,29240.0
2026-07-28,8560,新光,064497,1000,0,4750.0,0.0,1000,4750.0
2026-07-28,8560,新光,064514,20000,0,14040.0,0.0,20000,14040.0
2026-07-28,8560,新光,064652,0,100000,0.0,18000.0,-100000,-18000.0
2026-07-28,8560,新光,064774,35000,25000,103150.0,79750.0,10000,23400.0
2026-07-28,8560,新光,064859,3000,0,1380.0,0.0,3000,1380.0
2026-07-28,8560,新光,064894,0,10000,0.0,2900.0,-10000,-2900.0
2026-07-28,8560,新光,064955,0,100000,0.0,115000.0,-100000,-115000.0
2026-07-28,8560,新光,064989,25000,0,7500.0,0.0,25000,7500.0
2026-07-28,8560,新光,065045,0,75000,0.0,9000.0,-75000,-9000.0
2026-07-28,8560,新光,065050,0,50000,0.0,45000.0,-50000,-45000.0
2026-07-28,8560,新光,065358,200000,0,64000.0,0.0,200000,64000.0
2026-07-28,8560,新光,065417,60000,10000,17700.0,2500.0,50000,15200.0
2026-07-28,8560,新光,065423,437000,400000,213390.0,208000.0,37000,5390.0
2026-07-28,8560,新光,065451,20000,0,11600.0,0.0,20000,11600.0
2026-07-28,8560,新光,065458,7000,0,12690.0,0.0,7000,12690.0
2026-07-28,8560,新光,065459,86000,0,126420.0,0.0,86000,126420.0
2026-07-28,8560,新光,065480,25000,0,32700.0,0.0,25000,32700.0
2026-07-28,8560,新光,065517,0,10000,0.0,52000.0,-10000,-52000.0
2026-07-28,8560,新光,065533,1000,0,1060.0,0.0,1000,1060.0
2026-07-28,8560,新光,065565,0,5000,0.0,4280.0,-5000,-4280.0
2026-07-28,8560,新光,065609,60000,0,29180.0,0.0,60000,29180.0
2026-07-28,8560,新光,065641,0,18000,0.0,18900.0,-18000,-18900.0
2026-07-28,8560,新光,065642,30000,0,42300.0,0.0,30000,42300.0
2026-07-28,8560,新光,065673,60000,0,76730.0,0.0,60000,76730.0
2026-07-28,8560,新光,065687,0,1000,0.0,700.0,-1000,-700.0
2026-07-28,8560,新光,065711,0,50000,0.0,32400.0,-50000,-32400.0
2026-07-28,8560,新光,065890,25000,0,7750.0,0.0,25000,7750.0
2026-07-28,8560,新光,065896,0,10000,0.0,11300.0,-10000,-11300.0
2026-07-28,8560,新光,065930,5000,0,4610.0,0.0,5000,4610.0
2026-07-28,8560,新光,065957,10000,0,14600.0,0.0,10000,14600.0
2026-07-28,8560,新光,066055,1000,1000,1460.0,1670.0,0,-210.0
2026-07-28,8560,新光,066075,31000,0,8520.0,0.0,31000,8520.0
2026-07-28,8560,新光,066226,10000,0,9500.0,0.0,10000,9500.0
2026-07-28,8560,新光,066278,10000,0,10600.0,0.0,10000,10600.0
2026-07-28,8560,新光,066286,1000,0,2130.0,0.0,1000,2130.0
2026-07-28,8560,新光,066336,0,10000,0.0,9500.0,-10000,-9500.0
2026-07-28,8560,新光,066422,10000,0,10200.0,0.0,10000,10200.0
2026-07-28,8560,新光,066529,350000,0,367500.0,0.0,350000,367500.0
2026-07-28,8560,新光,066555,0,1000,0.0,8000.0,-1000,-8000.0
2026-07-28,8560,新光,066572,0,29000,0.0,44080.0,-29000,-44080.0
2026-07-28,8560,新光,066573,0,1000,0.0,1850.0,-1000,-1850.0
2026-07-28,8560,新光,066591,3000,0,1800.0,0.0,3000,1800.0
2026-07-28,8560,新光,066782,24000,0,17160.0,0.0,24000,17160.0
2026-07-28,8560,新光,066784,66000,0,182720.0,0.0,66000,182720.0
2026-07-28,8560,新光,066796,5000,0,4750.0,0.0,5000,4750.0
2026-07-28,8560,新光,066804,0,330000,0.0,352100.0,-330000,-352100.0
2026-07-28,8560,新光,066988,45000,0,50550.0,0.0,45000,50550.0
2026-07-28,8560,新光,067078,26000,0,10000.0,0.0,26000,10000.0
2026-07-28,8560,新光,067079,20000,0,22800.0,0.0,20000,22800.0
2026-07-28,8560,新光,067085,0,5000,0.0,3500.0,-5000,-3500.0
2026-07-28,8560,新光,067119,3000,5000,3280.0,6060.0,-2000,-2780.0
2026-07-28,8560,新光,067167,0,4000,0.0,8330.0,-4000,-8330.0
2026-07-28,8560,新光,067298,5000,0,3050.0,0.0,5000,3050.0
2026-07-28,8560,新光,067409,16000,0,7600.0,0.0,16000,7600.0
2026-07-28,8560,新光,067418,0,16000,0.0,25150.0,-16000,-25150.0
2026-07-28,8560,新光,067449,0,100000,0.0,56000.0,-100000,-56000.0
2026-07-28,8560,新光,067544,1000,0,1100.0,0.0,1000,1100.0
2026-07-28,8560,新光,067588,0,1000,0.0,2100.0,-1000,-2100.0
2026-07-28,8560,新光,067590,5000,0,3400.0,0.0,5000,3400.0
2026-07-28,8560,新光,067599,7000,0,6840.0,0.0,7000,6840.0
2026-07-28,8560,新光,067605,6000,0,4080.0,0.0,6000,4080.0
2026-07-28,8560,新光,067620,2000,0,3580.0,0.0,2000,3580.0
2026-07-28,8560,新光,067638,10000,20000,7700.0,15400.0,-10000,-7700.0
2026-07-28,8560,新光,067639,50000,6000,73000.0,8460.0,44000,64540.0
2026-07-28,8560,新光,06763U,1000,0,80.0,0.0,1000,80.0
2026-07-28,8560,新光,067696,0,1000,0.0,1780.0,-1000,-1780.0
2026-07-28,8560,新光,067708,2000,0,1160.0,0.0,2000,1160.0
2026-07-28,8560,新光,067781,10000,0,7500.0,0.0,10000,7500.0
2026-07-28,8560,新光,067814,0,5000,0.0,8300.0,-5000,-8300.0
2026-07-28,8560,新光,067848,0,3000,0.0,3660.0,-3000,-3660.0
2026-07-28,8560,新光,067879,0,10000,0.0,11000.0,-10000,-11000.0
2026-07-28,8560,新光,067943,53000,0,66770.0,0.0,53000,66770.0
2026-07-28,8560,新光,067986,30000,0,15600.0,0.0,30000,15600.0
2026-07-28,8560,新光,067987,9000,0,4980.0,0.0,9000,4980.0
2026-07-28,8560,新光,067995,10000,0,10100.0,0.0,10000,10100.0
2026-07-28,8560,新光,068000,50000,0,37500.0,0.0,50000,37500.0
2026-07-28,8560,新光,068003,10000,0,8800.0,0.0,10000,8800.0
2026-07-28,8560,新光,068013,78000,0,49920.0,0.0,78000,49920.0
2026-07-28,8560,新光,068028,20000,0,15000.0,0.0,20000,15000.0
2026-07-28,8560,新光,068096,0,25000,0.0,12000.0,-25000,-12000.0
2026-07-28,8560,新光,068247,200000,0,104000.0,0.0,200000,104000.0
2026-07-28,8560,新光,068312,3000,0,3570.0,0.0,3000,3570.0
2026-07-28,8560,新光,068338,5000,15000,6500.0,19500.0,-10000,-13000.0
2026-07-28,8560,新光,068342,10000,0,30000.0,0.0,10000,30000.0
2026-07-28,8560,新光,068346,20000,50000,17000.0,40000.0,-30000,-23000.0
2026-07-28,8560,新光,068413,150000,0,63000.0,0.0,150000,63000.0
2026-07-28,8560,新光,068486,30000,30000,29600.0,28200.0,0,1400.0
2026-07-28,8560,新光,068551,0,10000,0.0,6800.0,-10000,-6800.0
2026-07-28,8560,新光,068677,0,311000,0.0,183490.0,-311000,-183490.0
2026-07-28,8560,新光,068781,0,5000,0.0,2200.0,-5000,-2200.0
2026-07-28,8560,新光,068944,0,136000,0.0,85680.0,-136000,-85680.0
2026-07-28,8560,新光,068945,0,249000,0.0,146910.0,-249000,-146910.0
2026-07-28,8560,新光,068971,19000,0,6270.0,0.0,19000,6270.0
2026-07-28,8560,新光,068977,40000,0,16000.0,0.0,40000,16000.0
2026-07-28,8560,新光,068980,260000,0,440600.0,0.0,260000,440600.0
2026-07-28,8560,新光,069018,59000,62000,44840.0,44640.0,-3000,200.0
2026-07-28,8560,新光,069052,0,40000,0.0,42000.0,-40000,-42000.0
2026-07-28,8560,新光,069083,1000,0,1310.0,0.0,1000,1310.0
2026-07-28,8560,新光,069156,30000,0,27000.0,0.0,30000,27000.0
2026-07-28,8560,新光,069236,10000,0,2000.0,0.0,10000,2000.0
2026-07-28,8560,新光,069257,0,10000,0.0,14800.0,-10000,-14800.0
2026-07-28,8560,新光,069282,30000,0,16900.0,0.0,30000,16900.0
2026-07-28,8560,新光,069342,1000,0,1710.0,0.0,1000,1710.0
2026-07-28,8560,新光,069372,10000,0,4200.0,0.0,10000,4200.0
2026-07-28,8560,新光,069434,1000,0,1270.0,0.0,1000,1270.0
2026-07-28,8560,新光,069475,0,50000,0.0,28000.0,-50000,-28000.0
2026-07-28,8560,新光,069500,0,23000,0.0,9660.0,-23000,-9660.0
2026-07-28,8560,新光,069509,2000,0,15700.0,0.0,2000,15700.0
2026-07-28,8560,新光,069625,10000,0,6200.0,0.0,10000,6200.0
2026-07-28,8560,新光,069680,0,100000,0.0,41000.0,-100000,-41000.0
2026-07-28,8560,新光,069810,120000,40000,68900.0,22000.0,80000,46900.0
2026-07-28,8560,新光,070062,20000,20000,14000.0,13800.0,0,200.0
2026-07-28,8560,新光,070221,146000,0,46570.0,0.0,146000,46570.0
2026-07-28,8560,新光,070313,2000,0,1420.0,0.0,2000,1420.0
2026-07-28,8560,新光,070348,300000,0,158000.0,0.0,300000,158000.0
2026-07-28,8560,新光,070453,3000,0,1500.0,0.0,3000,1500.0
2026-07-28,8560,新光,070624,0,200000,0.0,220000.0,-200000,-220000.0
2026-07-28,8560,新光,070800,10000,0,5900.0,0.0,10000,5900.0
2026-07-28,8560,新光,070878,10000,0,8500.0,0.0,10000,8500.0
2026-07-28,8560,新光,070899,0,11000,0.0,17880.0,-11000,-17880.0
2026-07-28,8560,新光,070908,30000,0,14100.0,0.0,30000,14100.0
2026-07-28,8560,新光,070962,100000,140000,67000.0,93800.0,-40000,-26800.0
2026-07-28,8560,新光,070963,15000,0,9000.0,0.0,15000,9000.0
2026-07-28,8560,新光,071016,0,1000,0.0,460.0,-1000,-460.0
2026-07-28,8560,新光,071140,0,30000,0.0,93100.0,-30000,-93100.0
2026-07-28,8560,新光,071218,15000,0,18600.0,0.0,15000,18600.0
2026-07-28,8560,新光,071341,20000,0,15400.0,0.0,20000,15400.0
2026-07-28,8560,新光,071352,5000,0,4250.0,0.0,5000,4250.0
2026-07-28,8560,新光,071364,0,7000,0.0,8050.0,-7000,-8050.0
2026-07-28,8560,新光,071435,2000,0,440.0,0.0,2000,440.0
2026-07-28,8560,新光,071459,0,50000,0.0,26500.0,-50000,-26500.0
2026-07-28,8560,新光,071526,10000,0,13400.0,0.0,10000,13400.0
2026-07-28,8560,新光,071543,0,3000,0.0,1410.0,-3000,-1410.0
2026-07-28,8560,新光,071564,2000,0,1680.0,0.0,2000,1680.0
2026-07-28,8560,新光,071589,55000,0,43250.0,0.0,55000,43250.0
2026-07-28,8560,新光,071615,2000,0,1880.0,0.0,2000,1880.0
2026-07-28,8560,新光,071646,4000,0,4960.0,0.0,4000,4960.0
2026-07-28,8560,新光,071649,60000,0,54000.0,0.0,60000,54000.0
2026-07-28,8560,新光,071655,1000,0,3740.0,0.0,1000,3740.0
2026-07-28,8560,新光,071779,2000,0,1400.0,0.0,2000,1400.0
2026-07-28,8560,新光,071865,0,2000,0.0,5580.0,-2000,-5580.0
2026-07-28,8560,新光,071910,200000,0,180000.0,0.0,200000,180000.0
2026-07-28,8560,新光,071979,0,1000,0.0,680.0,-1000,-680.0
2026-07-28,8560,新光,072188,10000,0,15200.0,0.0,10000,15200.0
2026-07-28,8560,新光,072221,30000,0,42380.0,0.0,30000,42380.0
2026-07-28,8560,新光,072291,200000,0,194000.0,0.0,200000,194000.0
2026-07-28,8560,新光,072334,1000,0,170.0,0.0,1000,170.0
2026-07-28,8560,新光,072419,2000,0,2000.0,0.0,2000,2000.0
2026-07-28,8560,新光,072420,10000,0,8100.0,0.0,10000,8100.0
2026-07-28,8560,新光,072461,15000,0,29300.0,0.0,15000,29300.0
2026-07-28,8560,新光,072463,10000,0,5500.0,0.0,10000,5500.0
2026-07-28,8560,新光,072468,10000,10000,14650.0,13800.0,0,850.0
2026-07-28,8560,新光,072522,2000,0,780.0,0.0,2000,780.0
2026-07-28,8560,新光,072525,0,50000,0.0,9800.0,-50000,-9800.0
2026-07-28,8560,新光,072546,0,55000,0.0,37950.0,-55000,-37950.0
2026-07-28,8560,新光,072569,80000,0,52000.0,0.0,80000,52000.0
2026-07-28,8560,新光,072663,0,70000,0.0,41300.0,-70000,-41300.0
2026-07-28,8560,新光,072750,30000,0,6600.0,0.0,30000,6600.0
2026-07-28,8560,新光,072929,10000,0,5710.0,0.0,10000,5710.0
2026-07-28,8560,新光,073182,0,200000,0.0,200000.0,-200000,-200000.0
2026-07-28,8560,新光,073767,0,5000,0.0,8800.0,-5000,-8800.0
2026-07-28,8560,新光,073860,0,29000,0.0,30740.0,-29000,-30740.0
2026-07-28,8560,新光,073978,10000,10000,13300.0,13100.0,0,200.0
2026-07-28,8560,新光,074230,0,500000,0.0,264000.0,-500000,-264000.0
2026-07-28,8560,新光,074314,25000,0,11000.0,0.0,25000,11000.0
2026-07-28,8560,新光,074380,0,40000,0.0,48800.0,-40000,-48800.0
2026-07-28,8560,新光,074385,0,3000,0.0,3750.0,-3000,-3750.0
2026-07-28,8560,新光,074463,2000,0,5340.0,0.0,2000,5340.0
2026-07-28,8560,新光,074710,0,5000,0.0,4000.0,-5000,-4000.0
2026-07-28,8560,新光,074742,0,3000,0.0,4560.0,-3000,-4560.0
2026-07-28,8560,新光,074946,30000,0,52700.0,0.0,30000,52700.0
2026-07-28,8560,新光,074994,23000,0,13080.0,0.0,23000,13080.0
2026-07-28,8560,新光,075221,1000,0,570.0,0.0,1000,570.0
2026-07-28,8560,新光,075704,15000,0,11800.0,0.0,15000,11800.0
2026-07-28,8560,新光,075819,120000,40000,71300.0,22400.0,80000,48900.0
2026-07-28,8560,新光,076025,10000,0,7400.0,0.0,10000,7400.0
2026-07-28,8560,新光,076213,0,1000,0.0,700.0,-1000,-700.0
2026-07-28,8560,新光,076561,24000,0,32160.0,0.0,24000,32160.0
2026-07-28,8560,新光,076616,20000,0,10400.0,0.0,20000,10400.0
2026-07-28,8560,新光,077141,5000,0,5350.0,0.0,5000,5350.0
2026-07-28,8560,新光,077176,4000,0,7000.0,0.0,4000,7000.0
2026-07-28,8560,新光,07847U,0,32000,0.0,3200.0,-32000,-3200.0
2026-07-28,8560,新光,08092U,0,24000,0.0,2400.0,-24000,-2400.0
2026-07-28,8560,新光,08258U,0,116000,0.0,10640.0,-116000,-10640.0
2026-07-28,8560,新光,083078,0,1000,0.0,60.0,-1000,-60.0
2026-07-28,8560,新光,08320U,0,6000,0.0,5880.0,-6000,-5880.0
2026-07-28,8560,新光,08345U,36000,36000,3600.0,3600.0,0,0.0
2026-07-28,8560,新光,08360U,0,90000,0.0,41300.0,-90000,-41300.0
2026-07-28,8560,新光,084891,2000,0,15400.0,0.0,2000,15400.0
2026-07-28,8560,新光,08519U,0,20000,0.0,4000.0,-20000,-4000.0
2026-07-28,8560,新光,08560U,499000,0,4990.0,0.0,499000,4990.0
2026-07-28,8560,新光,08609U,0,100000,0.0,33000.0,-100000,-33000.0
2026-07-28,8560,新光,08614U,0,36000,0.0,35640.0,-36000,-35640.0
2026-07-28,8560,新光,08720U,0,200000,0.0,36000.0,-200000,-36000.0
2026-07-28,8560,新光,087694,0,20000,0.0,4000.0,-20000,-4000.0
2026-07-28,8560,新光,08927U,0,5000,0.0,1100.0,-5000,-1100.0
2026-07-28,8560,新光,08929U,40000,2000,3200.0,200.0,38000,3000.0
2026-07-28,8560,新光,08948U,0,2000,0.0,400.0,-2000,-400.0
2026-07-28,8560,新光,08980U,0,600000,0.0,714000.0,-600000,-714000.0
2026-07-28,8560,新光,08993U,10000,0,500.0,0.0,10000,500.0
2026-07-28,8560,新光,700190,5000,0,17600.0,0.0,5000,17600.0
2026-07-28,8560,新光,700904,0,10000,0.0,33020.0,-10000,-33020.0
2026-07-28,8560,新光,702560,10000,0,33700.0,0.0,10000,33700.0
2026-07-28,8560,新光,703001,20000,0,19000.0,0.0,20000,19000.0
2026-07-28,8560,新光,703368,38000,0,104240.0,0.0,38000,104240.0
2026-07-28,8560,新光,704948,10000,0,2500.0,0.0,10000,2500.0
2026-07-28,8560,新光,705009,0,150000,0.0,223500.0,-150000,-223500.0
2026-07-28,8560,新光,705193,10000,0,12600.0,0.0,10000,12600.0
2026-07-28,8560,新光,705199,70000,0,35400.0,0.0,70000,35400.0
2026-07-28,8560,新光,705516,50000,0,13000.0,0.0,50000,13000.0
2026-07-28,8560,新光,705520,0,10000,0.0,29500.0,-10000,-29500.0
2026-07-28,8560,新光,705781,60000,0,44700.0,0.0,60000,44700.0
2026-07-28,8560,新光,705829,400000,1000000,196000.0,514950.0,-600000,-318950.0
2026-07-28,8560,新光,705832,0,2000,0.0,520.0,-2000,-520.0
2026-07-28,8560,新光,706121,30000,0,24900.0,0.0,30000,24900.0
2026-07-28,8560,新光,706135,0,1000,0.0,510.0,-1000,-510.0
2026-07-28,8560,新光,706137,15000,0,9000.0,0.0,15000,9000.0
2026-07-28,8560,新光,706182,10000,0,14400.0,0.0,10000,14400.0
2026-07-28,8560,新光,706245,0,40000,0.0,19000.0,-40000,-19000.0
2026-07-28,8560,新光,706259,50000,45000,25500.0,26750.0,5000,-1250.0
2026-07-28,8560,新光,706282,10000,0,3900.0,0.0,10000,3900.0
2026-07-28,8560,新光,706987,20000,0,13800.0,0.0,20000,13800.0
2026-07-28,8560,新光,707042,0,50000,0.0,63000.0,-50000,-63000.0
2026-07-28,8560,新光,707063,80000,0,212450.0,0.0,80000,212450.0
2026-07-28,8560,新光,707215,0,15000,0.0,7950.0,-15000,-7950.0
2026-07-28,8560,新光,707293,40000,0,28400.0,0.0,40000,28400.0
2026-07-28,8560,新光,707299,0,4000,0.0,5910.0,-4000,-5910.0
2026-07-28,8560,新光,707306,0,2000,0.0,4940.0,-2000,-4940.0
2026-07-28,8560,新光,707330,2000,0,6220.0,0.0,2000,6220.0
2026-07-28,8560,新光,707335,0,10000,0.0,10110.0,-10000,-10110.0
2026-07-28,8560,新光,707381,20000,0,29000.0,0.0,20000,29000.0
2026-07-28,8560,新光,707758,27000,0,18290.0,0.0,27000,18290.0
2026-07-28,8560,新光,707813,0,1000,0.0,1160.0,-1000,-1160.0
2026-07-28,8560,新光,707822,0,7000,0.0,6860.0,-7000,-6860.0
2026-07-28,8560,新光,708043,100000,0,17000.0,0.0,100000,17000.0
2026-07-28,8560,新光,708064,2000,0,2480.0,0.0,2000,2480.0
2026-07-28,8560,新光,708076,4000,0,3120.0,0.0,4000,3120.0
2026-07-28,8560,新光,708105,130000,0,48700.0,0.0,130000,48700.0
2026-07-28,8560,新光,708120,0,289000,0.0,121380.0,-289000,-121380.0
2026-07-28,8560,新光,708146,14000,0,8420.0,0.0,14000,8420.0
2026-07-28,8560,新光,708250,40000,0,9600.0,0.0,40000,9600.0
2026-07-28,8560,新光,708404,10000,0,10300.0,0.0,10000,10300.0
2026-07-28,8560,新光,708473,0,4000,0.0,5250.0,-4000,-5250.0
2026-07-28,8560,新光,708500,0,3000,0.0,2280.0,-3000,-2280.0
2026-07-28,8560,新光,708521,10000,0,12700.0,0.0,10000,12700.0
2026-07-28,8560,新光,708532,53000,0,102580.0,0.0,53000,102580.0
2026-07-28,8560,新光,708543,10000,0,3100.0,0.0,10000,3100.0
2026-07-28,8560,新光,708588,20000,0,2800.0,0.0,20000,2800.0
2026-07-28,8560,新光,708755,0,30000,0.0,103200.0,-30000,-103200.0
2026-07-28,8560,新光,708777,40000,0,53000.0,0.0,40000,53000.0
2026-07-28,8560,新光,708844,180000,0,136600.0,0.0,180000,136600.0
2026-07-28,8560,新光,708917,0,45000,0.0,22950.0,-45000,-22950.0
2026-07-28,8560,新光,709004,40000,0,31300.0,0.0,40000,31300.0
2026-07-28,8560,新光,709012,499000,0,144710.0,0.0,499000,144710.0
2026-07-28,8560,新光,709066,15000,0,7050.0,0.0,15000,7050.0
2026-07-28,8560,新光,709131,0,14000,0.0,21280.0,-14000,-21280.0
2026-07-28,8560,新光,709138,3000,0,660.0,0.0,3000,660.0
2026-07-28,8560,新光,709168,0,220000,0.0,44000.0,-220000,-44000.0
2026-07-28,8560,新光,709171,15000,0,5550.0,0.0,15000,5550.0
2026-07-28,8560,新光,709302,0,10000,0.0,3200.0,-10000,-3200.0
2026-07-28,8560,新光,709434,0,200000,0.0,58000.0,-200000,-58000.0
2026-07-28,8560,新光,709468,5000,0,550.0,0.0,5000,550.0
2026-07-28,8560,新光,709696,0,41000,0.0,22550.0,-41000,-22550.0
2026-07-28,8560,新光,709709,1000,1000,400.0,400.0,0,0.0
2026-07-28,8560,新光,709776,0,90000,0.0,49500.0,-90000,-49500.0
2026-07-28,8560,新光,709785,40000,20000,16000.0,8400.0,20000,7600.0
2026-07-28,8560,新光,709943,0,75000,0.0,49500.0,-75000,-49500.0
2026-07-28,8560,新光,710062,0,100000,0.0,70000.0,-100000,-70000.0
2026-07-28,8560,新光,710070,0,40000,0.0,15600.0,-40000,-15600.0
2026-07-28,8560,新光,710078,100000,0,68000.0,0.0,100000,68000.0
2026-07-28,8560,新光,710094,60000,0,19800.0,0.0,60000,19800.0
2026-07-28,8560,新光,710266,1000,0,110.0,0.0,1000,110.0
2026-07-28,8560,新光,710275,0,2000,0.0,440.0,-2000,-440.0
2026-07-28,8560,新光,710403,50000,0,18700.0,0.0,50000,18700.0
2026-07-28,8560,新光,710422,40000,0,46400.0,0.0,40000,46400.0
2026-07-28,8560,新光,710457,10000,0,12300.0,0.0,10000,12300.0
2026-07-28,8560,新光,710626,5000,0,1800.0,0.0,5000,1800.0
2026-07-28,8560,新光,710794,1000,0,1360.0,0.0,1000,1360.0
2026-07-28,8560,新光,710964,168000,0,99120.0,0.0,168000,99120.0
2026-07-28,8560,新光,711247,0,20000,0.0,19000.0,-20000,-19000.0
2026-07-28,8560,新光,711367,70000,0,32550.0,0.0,70000,32550.0
2026-07-28,8560,新光,711501,70000,0,117800.0,0.0,70000,117800.0
2026-07-28,8560,新光,72823U,0,30000,0.0,1800.0,-30000,-1800.0
2026-07-28,8560,新光,72826U,0,42000,0.0,3380.0,-42000,-3380.0
2026-07-28,8560,新光,72877U,0,1000,0.0,1720.0,-1000,-1720.0
2026-07-28,8560,新光,72898U,0,100000,0.0,85000.0,-100000,-85000.0
2026-07-28,8560,新光,72917U,45000,0,49950.0,0.0,45000,49950.0
2026-07-28,8560,新光,729186,0,20000,0.0,53200.0,-20000,-53200.0
2026-07-28,8560,新光,72932U,22000,0,44660.0,0.0,22000,44660.0
2026-07-28,8560,新光,72952U,0,40000,0.0,70000.0,-40000,-70000.0
2026-07-28,8560,新光,72978U,6000,0,7560.0,0.0,6000,7560.0
2026-07-28,8560,新光,730635,0,141000,0.0,91650.0,-141000,-91650.0
2026-07-28,8560,新光,733461,10000,20000,4800.0,9400.0,-10000,-4600.0
2026-07-28,8560,新光,736427,150000,0,16500.0,0.0,150000,16500.0
2026-07-28,8560,新光,736933,4000,0,2440.0,0.0,4000,2440.0
2026-07-28,8560,新光,738742,40000,0,16000.0,0.0,40000,16000.0
2026-07-28,9135,群益東大,03021T,0,5000,0.0,9750.0,-5000,-9750.0
2026-07-28,9135,群益東大,03118T,0,14000,0.0,16100.0,-14000,-16100.0
2026-07-28,9135,群益東大,03255T,10000,0,9400.0,0.0,10000,9400.0
2026-07-28,9135,群益東大,03371T,0,9000,0.0,4590.0,-9000,-4590.0
2026-07-28,9135,群益東大,03396T,0,14000,0.0,13370.0,-14000,-13370.0
2026-07-28,9135,群益東大,03643T,0,8000,0.0,15720.0,-8000,-15720.0
2026-07-28,9135,群益東大,03667T,0,9000,0.0,15210.0,-9000,-15210.0
2026-07-28,9135,群益東大,03688T,0,9000,0.0,14670.0,-9000,-14670.0
2026-07-28,9135,群益東大,03690T,6000,0,8940.0,0.0,6000,8940.0
2026-07-28,9135,群益東大,03772T,0,50000,0.0,82000.0,-50000,-82000.0
2026-07-28,9135,群益東大,03840T,0,25000,0.0,26750.0,-25000,-26750.0
2026-07-28,9135,群益東大,039472,3000,0,690.0,0.0,3000,690.0
2026-07-28,9135,群益東大,04021C,30000,0,15300.0,0.0,30000,15300.0
2026-07-28,9135,群益東大,040615,1000,0,1800.0,0.0,1000,1800.0
2026-07-28,9135,群益東大,040617,10000,0,21500.0,0.0,10000,21500.0
2026-07-28,9135,群益東大,048097,1000,0,360.0,0.0,1000,360.0
2026-07-28,9135,群益東大,050031,0,14000,0.0,7840.0,-14000,-7840.0
2026-07-28,9135,群益東大,050743,0,1000,0.0,6600.0,-1000,-6600.0
2026-07-28,9135,群益東大,051437,31000,0,2480.0,0.0,31000,2480.0
2026-07-28,9135,群益東大,052532,1000,0,4060.0,0.0,1000,4060.0
2026-07-28,9135,群益東大,052806,4000,0,2120.0,0.0,4000,2120.0
2026-07-28,9135,群益東大,053914,0,10000,0.0,1700.0,-10000,-1700.0
2026-07-28,9135,群益東大,056578,150000,0,472400.0,0.0,150000,472400.0
2026-07-28,9135,群益東大,057748,2000,0,1000.0,0.0,2000,1000.0
2026-07-28,9135,群益東大,057992,3000,0,11970.0,0.0,3000,11970.0
2026-07-28,9135,群益東大,058508,0,20000,0.0,21800.0,-20000,-21800.0
2026-07-28,9135,群益東大,058610,0,30000,0.0,8900.0,-30000,-8900.0
2026-07-28,9135,群益東大,058646,1000,0,330.0,0.0,1000,330.0
2026-07-28,9135,群益東大,059017,2000,0,2850.0,0.0,2000,2850.0
2026-07-28,9135,群益東大,059262,0,6000,0.0,9420.0,-6000,-9420.0
2026-07-28,9135,群益東大,060049,0,1000,0.0,2610.0,-1000,-2610.0
2026-07-28,9135,群益東大,060092,40000,0,12200.0,0.0,40000,12200.0
2026-07-28,9135,群益東大,061510,0,1000,0.0,870.0,-1000,-870.0
2026-07-28,9135,群益東大,061945,20000,0,7200.0,0.0,20000,7200.0
2026-07-28,9135,群益東大,062541,1000,0,490.0,0.0,1000,490.0
2026-07-28,9135,群益東大,062960,0,1000,0.0,1450.0,-1000,-1450.0
2026-07-28,9135,群益東大,063351,10000,0,5300.0,0.0,10000,5300.0
2026-07-28,9135,群益東大,063446,20000,0,9000.0,0.0,20000,9000.0
2026-07-28,9135,群益東大,064013,5000,0,11850.0,0.0,5000,11850.0
2026-07-28,9135,群益東大,064177,1000,0,850.0,0.0,1000,850.0
2026-07-28,9135,群益東大,064375,0,1000,0.0,3470.0,-1000,-3470.0
2026-07-28,9135,群益東大,064541,1000,0,600.0,0.0,1000,600.0
2026-07-28,9135,群益東大,064683,1000,0,800.0,0.0,1000,800.0
2026-07-28,9135,群益東大,065461,0,100000,0.0,14000.0,-100000,-14000.0
2026-07-28,9135,群益東大,065553,1000,0,800.0,0.0,1000,800.0
2026-07-28,9135,群益東大,066110,1000,30000,180.0,5100.0,-29000,-4920.0
2026-07-28,9135,群益東大,066662,0,15000,0.0,7500.0,-15000,-7500.0
2026-07-28,9135,群益東大,067080,1000,0,1290.0,0.0,1000,1290.0
2026-07-28,9135,群益東大,067149,1000,0,1000.0,0.0,1000,1000.0
2026-07-28,9135,群益東大,067257,1000,0,800.0,0.0,1000,800.0
2026-07-28,9135,群益東大,067599,1000,0,890.0,0.0,1000,890.0
2026-07-28,9135,群益東大,067656,1000,0,1000.0,0.0,1000,1000.0
2026-07-28,9135,群益東大,067694,10000,0,2100.0,0.0,10000,2100.0
2026-07-28,9135,群益東大,067696,1000,0,1650.0,0.0,1000,1650.0
2026-07-28,9135,群益東大,067782,10000,0,9400.0,0.0,10000,9400.0
2026-07-28,9135,群益東大,067828,0,32000,0.0,15890.0,-32000,-15890.0
2026-07-28,9135,群益東大,067956,2000,0,1200.0,0.0,2000,1200.0
2026-07-28,9135,群益東大,068001,0,10000,0.0,7600.0,-10000,-7600.0
2026-07-28,9135,群益東大,068014,10000,0,6160.0,0.0,10000,6160.0
2026-07-28,9135,群益東大,068160,1000,0,700.0,0.0,1000,700.0
2026-07-28,9135,群益東大,068247,40000,0,20800.0,0.0,40000,20800.0
2026-07-28,9135,群益東大,068676,0,8000,0.0,8640.0,-8000,-8640.0
2026-07-28,9135,群益東大,069648,30000,0,3600.0,0.0,30000,3600.0
2026-07-28,9135,群益東大,069652,1000,0,400.0,0.0,1000,400.0
2026-07-28,9135,群益東大,070256,10000,0,5200.0,0.0,10000,5200.0
2026-07-28,9135,群益東大,070945,20000,0,21000.0,0.0,20000,21000.0
2026-07-28,9135,群益東大,071780,20000,0,12400.0,0.0,20000,12400.0
2026-07-28,9135,群益東大,072040,50000,0,15000.0,0.0,50000,15000.0
2026-07-28,9135,群益東大,072452,1000,0,1000.0,0.0,1000,1000.0
2026-07-28,9135,群益東大,074560,10000,0,10900.0,0.0,10000,10900.0
2026-07-28,9135,群益東大,076748,0,5000,0.0,7500.0,-5000,-7500.0
2026-07-28,9135,群益東大,07932U,0,1000,0.0,420.0,-1000,-420.0
2026-07-28,9135,群益東大,08455U,0,305000,0.0,48800.0,-305000,-48800.0
2026-07-28,9135,群益東大,08465U,17000,0,870.0,0.0,17000,870.0
2026-07-28,9135,群益東大,08917U,0,100000,0.0,37000.0,-100000,-37000.0
2026-07-28,9135,群益東大,089294,0,20000,0.0,1400.0,-20000,-1400.0
2026-07-28,9135,群益東大,08951U,0,50000,0.0,15000.0,-50000,-15000.0
2026-07-28,9135,群益東大,08978U,0,75000,0.0,75750.0,-75000,-75750.0
2026-07-28,9135,群益東大,702884,1000,0,1000.0,0.0,1000,1000.0
2026-07-28,9135,群益東大,704353,225000,0,198000.0,0.0,225000,198000.0
2026-07-28,9135,群益東大,705445,0,20000,0.0,10000.0,-20000,-10000.0
2026-07-28,9135,群益東大,705555,1000,0,3000.0,0.0,1000,3000.0
2026-07-28,9135,群益東大,707764,20000,0,23200.0,0.0,20000,23200.0
2026-07-28,9135,群益東大,707858,27000,0,15460.0,0.0,27000,15460.0
2026-07-28,9135,群益東大,708088,1000,0,400.0,0.0,1000,400.0
2026-07-28,9135,群益東大,708408,50000,0,11500.0,0.0,50000,11500.0
2026-07-28,9135,群益東大,708588,60000,0,7800.0,0.0,60000,7800.0
2026-07-28,9135,群益東大,708917,0,20000,0.0,10200.0,-20000,-10200.0
2026-07-28,9135,群益東大,709430,2000,0,550.0,0.0,2000,550.0
2026-07-28,9135,群益東大,709603,10000,0,6200.0,0.0,10000,6200.0
2026-07-28,9135,群益東大,709776,10000,0,5500.0,0.0,10000,5500.0
2026-07-28,9135,群益東大,710141,10000,0,5500.0,0.0,10000,5500.0
2026-07-28,9135,群益東大,710420,20000,0,5600.0,0.0,20000,5600.0
2026-07-28,9135,群益東大,711164,0,17000,0.0,7820.0,-17000,-7820.0
2026-07-28,9135,群益東大,711196,20000,0,12200.0,0.0,20000,12200.0
2026-07-28,9135,群益東大,72724U,45000,0,2250.0,0.0,45000,2250.0
2026-07-28,9135,群益東大,72821U,0,5000,0.0,1650.0,-5000,-1650.0
2026-07-28,9135,群益東大,734287,5000,0,10100.0,0.0,5000,10100.0
2026-07-28,9186,群益新竹,03029T,0,30000,0.0,13200.0,-30000,-13200.0
2026-07-28,9186,群益新竹,030573,1000,0,2200.0,0.0,1000,2200.0
2026-07-28,9186,群益新竹,03146T,0,12000,0.0,14500.0,-12000,-14500.0
2026-07-28,9186,群益新竹,03266T,0,100000,0.0,85000.0,-100000,-85000.0
2026-07-28,9186,群益新竹,03278T,0,2000,0.0,560.0,-2000,-560.0
2026-07-28,9186,群益新竹,03296T,0,1000,0.0,700.0,-1000,-700.0
2026-07-28,9186,群益新竹,03345T,0,8000,0.0,12540.0,-8000,-12540.0
2026-07-28,9186,群益新竹,03399T,0,12000,0.0,18920.0,-12000,-18920.0
2026-07-28,9186,群益新竹,03462T,0,10000,0.0,23000.0,-10000,-23000.0
2026-07-28,9186,群益新竹,03465T,0,1000,0.0,1880.0,-1000,-1880.0
2026-07-28,9186,群益新竹,03466T,0,1000,0.0,1810.0,-1000,-1810.0
2026-07-28,9186,群益新竹,034994,0,45000,0.0,8660.0,-45000,-8660.0
2026-07-28,9186,群益新竹,050912,0,10000,0.0,400.0,-10000,-400.0
2026-07-28,9186,群益新竹,052547,10000,0,2600.0,0.0,10000,2600.0
2026-07-28,9186,群益新竹,052966,20000,0,10200.0,0.0,20000,10200.0
2026-07-28,9186,群益新竹,056493,8000,0,4310.0,0.0,8000,4310.0
2026-07-28,9186,群益新竹,057524,20000,0,44600.0,0.0,20000,44600.0
2026-07-28,9186,群益新竹,058665,0,5000,0.0,9100.0,-5000,-9100.0
2026-07-28,9186,群益新竹,059015,0,300000,0.0,424000.0,-300000,-424000.0
2026-07-28,9186,群益新竹,059640,2000,0,2920.0,0.0,2000,2920.0
2026-07-28,9186,群益新竹,059835,0,250000,0.0,355000.0,-250000,-355000.0
2026-07-28,9186,群益新竹,062609,2000,0,4850.0,0.0,2000,4850.0
2026-07-28,9186,群益新竹,062816,20000,0,10400.0,0.0,20000,10400.0
2026-07-28,9186,群益新竹,063599,10000,0,6900.0,0.0,10000,6900.0
2026-07-28,9186,群益新竹,063842,3000,0,4200.0,0.0,3000,4200.0
2026-07-28,9186,群益新竹,063961,5000,0,2000.0,0.0,5000,2000.0
2026-07-28,9186,群益新竹,064148,2000,0,3920.0,0.0,2000,3920.0
2026-07-28,9186,群益新竹,065235,3000,0,2010.0,0.0,3000,2010.0
2026-07-28,9186,群益新竹,065275,8000,0,2720.0,0.0,8000,2720.0
2026-07-28,9186,群益新竹,065423,300000,0,138000.0,0.0,300000,138000.0
2026-07-28,9186,群益新竹,065841,30000,0,35700.0,0.0,30000,35700.0
2026-07-28,9186,群益新竹,066147,1000,0,1380.0,0.0,1000,1380.0
2026-07-28,9186,群益新竹,066235,0,200000,0.0,288000.0,-200000,-288000.0
2026-07-28,9186,群益新竹,066633,10000,0,10860.0,0.0,10000,10860.0
2026-07-28,9186,群益新竹,066782,4000,0,2720.0,0.0,4000,2720.0
2026-07-28,9186,群益新竹,066910,0,3000,0.0,1800.0,-3000,-1800.0
2026-07-28,9186,群益新竹,067245,2000,0,4200.0,0.0,2000,4200.0
2026-07-28,9186,群益新竹,067814,200000,0,339000.0,0.0,200000,339000.0
2026-07-28,9186,群益新竹,068002,0,195000,0.0,206700.0,-195000,-206700.0
2026-07-28,9186,群益新竹,068455,1000,0,980.0,0.0,1000,980.0
2026-07-28,9186,群益新竹,068547,0,3000,0.0,3330.0,-3000,-3330.0
2026-07-28,9186,群益新竹,069656,14000,0,11810.0,0.0,14000,11810.0
2026-07-28,9186,群益新竹,069851,10000,0,9100.0,0.0,10000,9100.0
2026-07-28,9186,群益新竹,071935,1000,0,890.0,0.0,1000,890.0
2026-07-28,9186,群益新竹,072419,6000,0,6420.0,0.0,6000,6420.0
2026-07-28,9186,群益新竹,075283,1000,0,1470.0,0.0,1000,1470.0
2026-07-28,9186,群益新竹,076929,3000,0,3810.0,0.0,3000,3810.0
2026-07-28,9186,群益新竹,077251,0,10000,0.0,5700.0,-10000,-5700.0
2026-07-28,9186,群益新竹,08144U,0,22000,0.0,3080.0,-22000,-3080.0
2026-07-28,9186,群益新竹,08420P,0,1000,0.0,90.0,-1000,-90.0
2026-07-28,9186,群益新竹,08420U,8000,0,480.0,0.0,8000,480.0
2026-07-28,9186,群益新竹,08962U,0,90000,0.0,29700.0,-90000,-29700.0
2026-07-28,9186,群益新竹,704344,0,497000,0.0,9940.0,-497000,-9940.0
2026-07-28,9186,群益新竹,707336,0,9000,0.0,11250.0,-9000,-11250.0
2026-07-28,9186,群益新竹,707701,12000,0,9240.0,0.0,12000,9240.0
2026-07-28,9186,群益新竹,707757,10000,0,5400.0,0.0,10000,5400.0
2026-07-28,9186,群益新竹,708547,10000,0,4000.0,0.0,10000,4000.0
2026-07-28,9186,群益新竹,708684,10000,0,2600.0,0.0,10000,2600.0
2026-07-28,9186,群益新竹,708843,2000,0,3120.0,0.0,2000,3120.0
2026-07-28,9186,群益新竹,710420,6000,0,1620.0,0.0,6000,1620.0
2026-07-28,9186,群益新竹,711098,200000,0,182000.0,0.0,200000,182000.0
2026-07-28,9186,群益新竹,72665U,0,6000,0.0,60.0,-6000,-60.0
2026-07-28,918C,群益古亭,03262T,0,100000,0.0,113000.0,-100000,-113000.0
2026-07-28,918C,群益古亭,03305T,0,200000,0.0,134000.0,-200000,-134000.0
2026-07-28,918C,群益古亭,046914,5000,0,6850.0,0.0,5000,6850.0
2026-07-28,918C,群益古亭,048318,0,5000,0.0,450.0,-5000,-450.0
2026-07-28,918C,群益古亭,053999,0,60000,0.0,162000.0,-60000,-162000.0
2026-07-28,918C,群益古亭,055272,50000,0,109000.0,0.0,50000,109000.0
2026-07-28,918C,群益古亭,057013,20000,0,19000.0,0.0,20000,19000.0
2026-07-28,918C,群益古亭,057433,30000,0,63700.0,0.0,30000,63700.0
2026-07-28,918C,群益古亭,058140,0,3000,0.0,270.0,-3000,-270.0
2026-07-28,918C,群益古亭,058316,0,3000,0.0,540.0,-3000,-540.0
2026-07-28,918C,群益古亭,063121,10000,0,35200.0,0.0,10000,35200.0
2026-07-28,918C,群益古亭,063834,0,30000,0.0,90300.0,-30000,-90300.0
2026-07-28,918C,群益古亭,064154,7000,0,12930.0,0.0,7000,12930.0
2026-07-28,918C,群益古亭,064258,10000,0,16700.0,0.0,10000,16700.0
2026-07-28,918C,群益古亭,064444,110000,0,8300.0,0.0,110000,8300.0
2026-07-28,918C,群益古亭,065025,0,13000,0.0,3250.0,-13000,-3250.0
2026-07-28,918C,群益古亭,065328,1000,0,2640.0,0.0,1000,2640.0
2026-07-28,918C,群益古亭,065423,10000,0,4800.0,0.0,10000,4800.0
2026-07-28,918C,群益古亭,066918,90000,0,155700.0,0.0,90000,155700.0
2026-07-28,918C,群益古亭,067189,2000,0,4160.0,0.0,2000,4160.0
2026-07-28,918C,群益古亭,067998,1000,0,870.0,0.0,1000,870.0
2026-07-28,918C,群益古亭,068256,50000,50000,22000.0,20500.0,0,1500.0
2026-07-28,918C,群益古亭,068291,0,10000,0.0,4600.0,-10000,-4600.0
2026-07-28,918C,群益古亭,069197,30000,30000,24600.0,22500.0,0,2100.0
2026-07-28,918C,群益古亭,069295,5000,0,3900.0,0.0,5000,3900.0
2026-07-28,918C,群益古亭,069600,20000,0,21000.0,0.0,20000,21000.0
2026-07-28,918C,群益古亭,069946,0,12000,0.0,20040.0,-12000,-20040.0
2026-07-28,918C,群益古亭,070962,20000,0,13600.0,0.0,20000,13600.0
2026-07-28,918C,群益古亭,071197,40000,30000,22400.0,15600.0,10000,6800.0
2026-07-28,918C,群益古亭,072569,0,5000,0.0,3000.0,-5000,-3000.0
2026-07-28,918C,群益古亭,072753,5000,0,10350.0,0.0,5000,10350.0
2026-07-28,918C,群益古亭,072904,1000,0,430.0,0.0,1000,430.0
2026-07-28,918C,群益古亭,073575,40000,0,73400.0,0.0,40000,73400.0
2026-07-28,918C,群益古亭,073758,10000,0,30500.0,0.0,10000,30500.0
2026-07-28,918C,群益古亭,074230,150000,0,76500.0,0.0,150000,76500.0
2026-07-28,918C,群益古亭,074675,0,530000,0.0,413400.0,-530000,-413400.0
2026-07-28,918C,群益古亭,074875,0,10000,0.0,8000.0,-10000,-8000.0
2026-07-28,918C,群益古亭,075028,20000,0,37200.0,0.0,20000,37200.0
2026-07-28,918C,群益古亭,076368,10000,0,7800.0,0.0,10000,7800.0
2026-07-28,918C,群益古亭,076772,10000,0,14800.0,0.0,10000,14800.0
2026-07-28,918C,群益古亭,076903,90000,0,134300.0,0.0,90000,134300.0
2026-07-28,918C,群益古亭,076931,10000,0,22000.0,0.0,10000,22000.0
2026-07-28,918C,群益古亭,08876U,0,6000,0.0,780.0,-6000,-780.0
2026-07-28,918C,群益古亭,704539,10000,0,9400.0,0.0,10000,9400.0
2026-07-28,918C,群益古亭,708250,0,1000,0.0,290.0,-1000,-290.0
2026-07-28,918C,群益古亭,710500,1497000,0,1217560.0,0.0,1497000,1217560.0
2026-07-28,920H,凱基基隆,050407,0,20000,0.0,98000.0,-20000,-98000.0
2026-07-28,920H,凱基基隆,052153,0,8000,0.0,75200.0,-8000,-75200.0
2026-07-28,920H,凱基基隆,053892,0,100000,0.0,24000.0,-100000,-24000.0
2026-07-28,920H,凱基基隆,054066,10000,0,23700.0,0.0,10000,23700.0
2026-07-28,920H,凱基基隆,056111,0,63000,0.0,47880.0,-63000,-47880.0
2026-07-28,920H,凱基基隆,057748,10000,0,4700.0,0.0,10000,4700.0
2026-07-28,920H,凱基基隆,059565,0,100000,0.0,36000.0,-100000,-36000.0
2026-07-28,920H,凱基基隆,059671,0,200000,0.0,108000.0,-200000,-108000.0
2026-07-28,920H,凱基基隆,060146,100000,0,94100.0,0.0,100000,94100.0
2026-07-28,920H,凱基基隆,061124,0,10000,0.0,14800.0,-10000,-14800.0
2026-07-28,920H,凱基基隆,061492,1000,0,16300.0,0.0,1000,16300.0
2026-07-28,920H,凱基基隆,061915,0,10000,0.0,5750.0,-10000,-5750.0
2026-07-28,920H,凱基基隆,064326,5000,0,250.0,0.0,5000,250.0
2026-07-28,920H,凱基基隆,065458,1000,0,1700.0,0.0,1000,1700.0
2026-07-28,920H,凱基基隆,065480,1000,0,1360.0,0.0,1000,1360.0
2026-07-28,920H,凱基基隆,065675,0,30000,0.0,139800.0,-30000,-139800.0
2026-07-28,920H,凱基基隆,066056,0,4000,0.0,8880.0,-4000,-8880.0
2026-07-28,920H,凱基基隆,066100,0,2000,0.0,3720.0,-2000,-3720.0
2026-07-28,920H,凱基基隆,066101,0,11000,0.0,25520.0,-11000,-25520.0
2026-07-28,920H,凱基基隆,067599,10000,0,9300.0,0.0,10000,9300.0
2026-07-28,920H,凱基基隆,067708,10000,0,5600.0,0.0,10000,5600.0
2026-07-28,920H,凱基基隆,067956,5000,0,3050.0,0.0,5000,3050.0
2026-07-28,920H,凱基基隆,067995,0,3000,0.0,3000.0,-3000,-3000.0
2026-07-28,920H,凱基基隆,069358,1000,0,580.0,0.0,1000,580.0
2026-07-28,920H,凱基基隆,070256,0,9000,0.0,4320.0,-9000,-4320.0
2026-07-28,920H,凱基基隆,070395,0,3000,0.0,1590.0,-3000,-1590.0
2026-07-28,920H,凱基基隆,071070,100000,0,46000.0,0.0,100000,46000.0
2026-07-28,920H,凱基基隆,072166,0,50000,0.0,20000.0,-50000,-20000.0
2026-07-28,920H,凱基基隆,072677,0,12000,0.0,3600.0,-12000,-3600.0
2026-07-28,920H,凱基基隆,073396,30000,0,18600.0,0.0,30000,18600.0
2026-07-28,920H,凱基基隆,073804,1000,0,1880.0,0.0,1000,1880.0
2026-07-28,920H,凱基基隆,073848,30000,0,24300.0,0.0,30000,24300.0
2026-07-28,920H,凱基基隆,705537,0,5000,0.0,1950.0,-5000,-1950.0
2026-07-28,920H,凱基基隆,706072,5000,0,10900.0,0.0,5000,10900.0
2026-07-28,920H,凱基基隆,707046,16000,0,11490.0,0.0,16000,11490.0
2026-07-28,920H,凱基基隆,711607,60000,0,96500.0,0.0,60000,96500.0
2026-07-28,9211,凱基台南,03211T,20000,0,22150.0,0.0,20000,22150.0
2026-07-28,9211,凱基台南,03218T,0,10000,0.0,6000.0,-10000,-6000.0
2026-07-28,9211,凱基台南,03273T,0,70000,0.0,32200.0,-70000,-32200.0
2026-07-28,9211,凱基台南,03277T,0,30000,0.0,38100.0,-30000,-38100.0
2026-07-28,9211,凱基台南,03278T,0,50000,0.0,14000.0,-50000,-14000.0
2026-07-28,9211,凱基台南,03341T,0,10000,0.0,7600.0,-10000,-7600.0
2026-07-28,9211,凱基台南,03346T,0,30000,0.0,21600.0,-30000,-21600.0
2026-07-28,9211,凱基台南,03509T,0,20000,0.0,13800.0,-20000,-13800.0
2026-07-28,9211,凱基台南,03564T,100000,0,45100.0,0.0,100000,45100.0
2026-07-28,9211,凱基台南,035679,40000,0,2000.0,0.0,40000,2000.0
2026-07-28,9211,凱基台南,03585T,0,10000,0.0,8900.0,-10000,-8900.0
2026-07-28,9211,凱基台南,03792T,10000,0,11400.0,0.0,10000,11400.0
2026-07-28,9211,凱基台南,043992,1000,0,35600.0,0.0,1000,35600.0
2026-07-28,9211,凱基台南,044796,0,200000,0.0,250000.0,-200000,-250000.0
2026-07-28,9211,凱基台南,055836,200000,200000,60000.0,58000.0,0,2000.0
2026-07-28,9211,凱基台南,056120,0,80000,0.0,108800.0,-80000,-108800.0
2026-07-28,9211,凱基台南,057165,30000,0,9300.0,0.0,30000,9300.0
2026-07-28,9211,凱基台南,057525,10000,0,22000.0,0.0,10000,22000.0
2026-07-28,9211,凱基台南,057682,10000,0,14800.0,0.0,10000,14800.0
2026-07-28,9211,凱基台南,057878,100000,100000,270000.0,242000.0,0,28000.0
2026-07-28,9211,凱基台南,058345,0,72000,0.0,5040.0,-72000,-5040.0
2026-07-28,9211,凱基台南,059607,50000,0,4800.0,0.0,50000,4800.0
2026-07-28,9211,凱基台南,060355,5000,0,12350.0,0.0,5000,12350.0
2026-07-28,9211,凱基台南,060500,1000,0,360.0,0.0,1000,360.0
2026-07-28,9211,凱基台南,061762,4000,0,5760.0,0.0,4000,5760.0
2026-07-28,9211,凱基台南,061964,200000,200000,116000.0,102000.0,0,14000.0
2026-07-28,9211,凱基台南,062640,2000,0,4800.0,0.0,2000,4800.0
2026-07-28,9211,凱基台南,063580,50000,0,34000.0,0.0,50000,34000.0
2026-07-28,9211,凱基台南,065481,10000,0,14400.0,0.0,10000,14400.0
2026-07-28,9211,凱基台南,065499,10000,0,4300.0,0.0,10000,4300.0
2026-07-28,9211,凱基台南,066723,0,10000,0.0,19500.0,-10000,-19500.0
2026-07-28,9211,凱基台南,066731,10000,0,1800.0,0.0,10000,1800.0
2026-07-28,9211,凱基台南,066782,10000,0,7200.0,0.0,10000,7200.0
2026-07-28,9211,凱基台南,066784,0,3000,0.0,8160.0,-3000,-8160.0
2026-07-28,9211,凱基台南,066916,0,5000,0.0,1900.0,-5000,-1900.0
2026-07-28,9211,凱基台南,066988,12000,0,12980.0,0.0,12000,12980.0
2026-07-28,9211,凱基台南,067161,0,6000,0.0,9180.0,-6000,-9180.0
2026-07-28,9211,凱基台南,067297,12000,0,6000.0,0.0,12000,6000.0
2026-07-28,9211,凱基台南,067667,5000,0,4100.0,0.0,5000,4100.0
2026-07-28,9211,凱基台南,067735,10000,0,6300.0,0.0,10000,6300.0
2026-07-28,9211,凱基台南,068006,119000,0,73780.0,0.0,119000,73780.0
2026-07-28,9211,凱基台南,068596,10000,0,12600.0,0.0,10000,12600.0
2026-07-28,9211,凱基台南,068968,0,15000,0.0,10650.0,-15000,-10650.0
2026-07-28,9211,凱基台南,069461,9000,0,4050.0,0.0,9000,4050.0
2026-07-28,9211,凱基台南,069629,30000,0,11100.0,0.0,30000,11100.0
2026-07-28,9211,凱基台南,070215,0,10000,0.0,7600.0,-10000,-7600.0
2026-07-28,9211,凱基台南,071284,30000,0,21300.0,0.0,30000,21300.0
2026-07-28,9211,凱基台南,071589,10000,0,7900.0,0.0,10000,7900.0
2026-07-28,9211,凱基台南,071908,5000,0,8800.0,0.0,5000,8800.0
2026-07-28,9211,凱基台南,072668,45000,10000,21300.0,4800.0,35000,16500.0
2026-07-28,9211,凱基台南,072908,0,6000,0.0,1440.0,-6000,-1440.0
2026-07-28,9211,凱基台南,073380,20000,0,11400.0,0.0,20000,11400.0
2026-07-28,9211,凱基台南,073523,5000,0,1350.0,0.0,5000,1350.0
2026-07-28,9211,凱基台南,073658,10000,0,9100.0,0.0,10000,9100.0
2026-07-28,9211,凱基台南,074025,0,8000,0.0,8560.0,-8000,-8560.0
2026-07-28,9211,凱基台南,074294,0,5000,0.0,6750.0,-5000,-6750.0
2026-07-28,9211,凱基台南,075958,0,5000,0.0,4900.0,-5000,-4900.0
2026-07-28,9211,凱基台南,076041,0,10000,0.0,14600.0,-10000,-14600.0
2026-07-28,9211,凱基台南,076373,10000,0,15900.0,0.0,10000,15900.0
2026-07-28,9211,凱基台南,076483,151000,0,94720.0,0.0,151000,94720.0
2026-07-28,9211,凱基台南,076546,50000,150000,41500.0,121500.0,-100000,-80000.0
2026-07-28,9211,凱基台南,076725,20000,0,19600.0,0.0,20000,19600.0
2026-07-28,9211,凱基台南,08051P,9000,0,630.0,0.0,9000,630.0
2026-07-28,9211,凱基台南,08388U,0,30000,0.0,31200.0,-30000,-31200.0
2026-07-28,9211,凱基台南,08663U,0,30000,0.0,3600.0,-30000,-3600.0
2026-07-28,9211,凱基台南,08771U,0,5000,0.0,1900.0,-5000,-1900.0
2026-07-28,9211,凱基台南,08906U,0,60000,0.0,27600.0,-60000,-27600.0
2026-07-28,9211,凱基台南,08917U,0,30000,0.0,11100.0,-30000,-11100.0
2026-07-28,9211,凱基台南,700709,0,15000,0.0,1200.0,-15000,-1200.0
2026-07-28,9211,凱基台南,706245,0,10000,0.0,4200.0,-10000,-4200.0
2026-07-28,9211,凱基台南,707082,2000,0,1000.0,0.0,2000,1000.0
2026-07-28,9211,凱基台南,707822,2000,0,1600.0,0.0,2000,1600.0
2026-07-28,9211,凱基台南,708282,0,1000,0.0,1400.0,-1000,-1400.0
2026-07-28,9211,凱基台南,708521,0,8000,0.0,9200.0,-8000,-9200.0
2026-07-28,9211,凱基台南,708532,10000,0,19900.0,0.0,10000,19900.0
2026-07-28,9211,凱基台南,708594,5000,0,4250.0,0.0,5000,4250.0
2026-07-28,9211,凱基台南,708723,30000,0,5100.0,0.0,30000,5100.0
2026-07-28,9211,凱基台南,708843,0,10000,0.0,14900.0,-10000,-14900.0
2026-07-28,9211,凱基台南,708844,0,118000,0.0,88950.0,-118000,-88950.0
2026-07-28,9211,凱基台南,709209,30000,0,5100.0,0.0,30000,5100.0
2026-07-28,9211,凱基台南,709549,75000,0,62250.0,0.0,75000,62250.0
2026-07-28,9211,凱基台南,709776,100000,0,55500.0,0.0,100000,55500.0
2026-07-28,9211,凱基台南,709885,0,11000,0.0,7040.0,-11000,-7040.0
2026-07-28,9211,凱基台南,710352,0,107000,0.0,125190.0,-107000,-125190.0
2026-07-28,9211,凱基台南,710385,5000,0,2700.0,0.0,5000,2700.0
2026-07-28,9211,凱基台南,710788,0,1000,0.0,870.0,-1000,-870.0
2026-07-28,9211,凱基台南,72818U,0,11000,0.0,2090.0,-11000,-2090.0
2026-07-28,9211,凱基台南,72845U,6000,0,4380.0,0.0,6000,4380.0
2026-07-28,9211,凱基台南,72852U,0,50000,0.0,38300.0,-50000,-38300.0
2026-07-28,9211,凱基台南,72855U,0,30000,0.0,38100.0,-30000,-38100.0
2026-07-28,9229,凱基中山,03090T,0,4000,0.0,6800.0,-4000,-6800.0
2026-07-28,9229,凱基中山,03217T,0,4000,0.0,4400.0,-4000,-4400.0
2026-07-28,9229,凱基中山,03324T,0,3000,0.0,4950.0,-3000,-4950.0
2026-07-28,9229,凱基中山,03328T,0,4000,0.0,5720.0,-4000,-5720.0
2026-07-28,9229,凱基中山,03477T,0,4000,0.0,4600.0,-4000,-4600.0
2026-07-28,9229,凱基中山,03751T,3000,0,11550.0,0.0,3000,11550.0
2026-07-28,9229,凱基中山,03773T,0,5000,0.0,9450.0,-5000,-9450.0
2026-07-28,9229,凱基中山,042004,0,12000,0.0,16560.0,-12000,-16560.0
2026-07-28,9229,凱基中山,050143,0,30000,0.0,3600.0,-30000,-3600.0
2026-07-28,9229,凱基中山,056119,0,10000,0.0,8900.0,-10000,-8900.0
2026-07-28,9229,凱基中山,057566,70000,0,506500.0,0.0,70000,506500.0
2026-07-28,9229,凱基中山,062385,10000,0,10500.0,0.0,10000,10500.0
2026-07-28,9229,凱基中山,063351,62000,0,35340.0,0.0,62000,35340.0
2026-07-28,9229,凱基中山,064372,10000,0,20900.0,0.0,10000,20900.0
2026-07-28,9229,凱基中山,067550,50000,0,66500.0,0.0,50000,66500.0
2026-07-28,9229,凱基中山,068334,310000,0,219900.0,0.0,310000,219900.0
2026-07-28,9229,凱基中山,068512,102000,0,670500.0,0.0,102000,670500.0
2026-07-28,9229,凱基中山,068868,10000,0,10600.0,0.0,10000,10600.0
2026-07-28,9229,凱基中山,070374,3000,0,5490.0,0.0,3000,5490.0
2026-07-28,9229,凱基中山,071859,100000,0,104500.0,0.0,100000,104500.0
2026-07-28,9229,凱基中山,08998U,0,248000,0.0,238080.0,-248000,-238080.0
2026-07-28,9229,凱基中山,708064,10000,0,12500.0,0.0,10000,12500.0
2026-07-28,9229,凱基中山,710986,0,30000,0.0,16500.0,-30000,-16500.0
2026-07-28,9229,凱基中山,711047,10000,0,6000.0,0.0,10000,6000.0
2026-07-28,9229,凱基中山,72939U,9000,0,11070.0,0.0,9000,11070.0
2026-07-28,9229,凱基中山,730635,0,596000,0.0,387400.0,-596000,-387400.0
2026-07-28,9237,凱基敦北,03129T,0,15000,0.0,18100.0,-15000,-18100.0
2026-07-28,9237,凱基敦北,03360T,20000,0,17600.0,0.0,20000,17600.0
2026-07-28,9237,凱基敦北,060761,0,4000,0.0,8160.0,-4000,-8160.0
2026-07-28,9237,凱基敦北,063041,0,5000,0.0,10050.0,-5000,-10050.0
2026-07-28,9237,凱基敦北,063132,0,1000,0.0,2870.0,-1000,-2870.0
2026-07-28,9237,凱基敦北,063164,0,4000,0.0,8620.0,-4000,-8620.0
2026-07-28,9237,凱基敦北,063654,1000,0,1500.0,0.0,1000,1500.0
2026-07-28,9237,凱基敦北,065952,1000,0,2810.0,0.0,1000,2810.0
2026-07-28,9237,凱基敦北,067635,4000,0,2640.0,0.0,4000,2640.0
2026-07-28,9237,凱基敦北,067943,26000,0,36010.0,0.0,26000,36010.0
2026-07-28,9237,凱基敦北,069853,2000,0,540.0,0.0,2000,540.0
2026-07-28,9237,凱基敦北,072082,60000,0,59900.0,0.0,60000,59900.0
2026-07-28,9237,凱基敦北,072156,3000,0,1470.0,0.0,3000,1470.0
2026-07-28,9237,凱基敦北,073850,3000,0,2490.0,0.0,3000,2490.0
2026-07-28,9237,凱基敦北,076366,20000,0,20900.0,0.0,20000,20900.0
2026-07-28,9237,凱基敦北,709977,20000,0,10000.0,0.0,20000,10000.0
2026-07-28,9238,凱基士林,03215T,0,40000,0.0,111600.0,-40000,-111600.0
2026-07-28,9238,凱基士林,03291T,0,200000,0.0,126000.0,-200000,-126000.0
2026-07-28,9238,凱基士林,03342T,0,10000,0.0,13800.0,-10000,-13800.0
2026-07-28,9238,凱基士林,03427T,0,50000,0.0,113000.0,-50000,-113000.0
2026-07-28,9238,凱基士林,03476T,0,200000,0.0,258000.0,-200000,-258000.0
2026-07-28,9238,凱基士林,03518T,0,75000,0.0,180500.0,-75000,-180500.0
2026-07-28,9238,凱基士林,03554T,0,100000,0.0,140000.0,-100000,-140000.0
2026-07-28,9238,凱基士林,03732B,0,4000,0.0,3630.0,-4000,-3630.0
2026-07-28,9238,凱基士林,03737B,0,1000,0.0,1250.0,-1000,-1250.0
2026-07-28,9238,凱基士林,040393,1000,0,22300.0,0.0,1000,22300.0
2026-07-28,9238,凱基士林,041320,1000,6000,15000.0,89100.0,-5000,-74100.0
2026-07-28,9238,凱基士林,041613,100000,0,40000.0,0.0,100000,40000.0
2026-07-28,9238,凱基士林,043287,5000,0,1150.0,0.0,5000,1150.0
2026-07-28,9238,凱基士林,043525,0,35000,0.0,5600.0,-35000,-5600.0
2026-07-28,9238,凱基士林,043992,1000,0,36000.0,0.0,1000,36000.0
2026-07-28,9238,凱基士林,044187,0,1000,0.0,18000.0,-1000,-18000.0
2026-07-28,9238,凱基士林,044610,4000,0,12020.0,0.0,4000,12020.0
2026-07-28,9238,凱基士林,047767,2000,0,17500.0,0.0,2000,17500.0
2026-07-28,9238,凱基士林,049108,0,9000,0.0,32320.0,-9000,-32320.0
2026-07-28,9238,凱基士林,052703,0,9000,0.0,10170.0,-9000,-10170.0
2026-07-28,9238,凱基士林,053450,0,5000,0.0,5600.0,-5000,-5600.0
2026-07-28,9238,凱基士林,053983,0,8000,0.0,1810.0,-8000,-1810.0
2026-07-28,9238,凱基士林,054660,0,12000,0.0,3960.0,-12000,-3960.0
2026-07-28,9238,凱基士林,056630,10000,0,6500.0,0.0,10000,6500.0
2026-07-28,9238,凱基士林,056762,0,2000,0.0,520.0,-2000,-520.0
2026-07-28,9238,凱基士林,057566,0,2000,0.0,14200.0,-2000,-14200.0
2026-07-28,9238,凱基士林,057900,5000,0,25440.0,0.0,5000,25440.0
2026-07-28,9238,凱基士林,059652,0,10000,0.0,7200.0,-10000,-7200.0
2026-07-28,9238,凱基士林,059945,0,15000,0.0,5550.0,-15000,-5550.0
2026-07-28,9238,凱基士林,063851,50000,0,26500.0,0.0,50000,26500.0
2026-07-28,9238,凱基士林,063943,0,1000,0.0,3900.0,-1000,-3900.0
2026-07-28,9238,凱基士林,064930,10000,0,5100.0,0.0,10000,5100.0
2026-07-28,9238,凱基士林,065679,10000,0,46800.0,0.0,10000,46800.0
2026-07-28,9238,凱基士林,065868,1000,0,660.0,0.0,1000,660.0
2026-07-28,9238,凱基士林,066021,2000,0,6420.0,0.0,2000,6420.0
2026-07-28,9238,凱基士林,066162,0,6000,0.0,600.0,-6000,-600.0
2026-07-28,9238,凱基士林,066719,0,66000,0.0,27720.0,-66000,-27720.0
2026-07-28,9238,凱基士林,067368,0,50000,0.0,42000.0,-50000,-42000.0
2026-07-28,9238,凱基士林,067409,5000,0,2400.0,0.0,5000,2400.0
2026-07-28,9238,凱基士林,067885,1000,0,1150.0,0.0,1000,1150.0
2026-07-28,9238,凱基士林,068073,0,20000,0.0,13400.0,-20000,-13400.0
2026-07-28,9238,凱基士林,069699,60000,50000,85200.0,72500.0,10000,12700.0
2026-07-28,9238,凱基士林,070216,0,70000,0.0,62300.0,-70000,-62300.0
2026-07-28,9238,凱基士林,070664,0,50000,0.0,74500.0,-50000,-74500.0
2026-07-28,9238,凱基士林,071531,10000,0,3400.0,0.0,10000,3400.0
2026-07-28,9238,凱基士林,074348,0,200000,0.0,156000.0,-200000,-156000.0
2026-07-28,9238,凱基士林,703368,5000,0,13700.0,0.0,5000,13700.0
2026-07-28,9238,凱基士林,704846,0,123000,0.0,31980.0,-123000,-31980.0
2026-07-28,9238,凱基士林,708451,9000,5000,36090.0,20000.0,4000,16090.0
2026-07-28,9238,凱基士林,708559,0,120000,0.0,28800.0,-120000,-28800.0
2026-07-28,9238,凱基士林,709788,10000,0,3200.0,0.0,10000,3200.0
2026-07-28,9238,凱基士林,710447,0,41000,0.0,27060.0,-41000,-27060.0
2026-07-28,9238,凱基士林,711165,0,12000,0.0,5760.0,-12000,-5760.0
2026-07-28,9302,華南台中,03110T,0,1000,0.0,400.0,-1000,-400.0
2026-07-28,9302,華南台中,03272T,0,20000,0.0,3400.0,-20000,-3400.0
2026-07-28,9302,華南台中,03371T,0,1000,0.0,470.0,-1000,-470.0
2026-07-28,9302,華南台中,033968,0,18000,0.0,3600.0,-18000,-3600.0
2026-07-28,9302,華南台中,03396T,0,10000,0.0,9200.0,-10000,-9200.0
2026-07-28,9302,華南台中,03537T,89000,0,92560.0,0.0,89000,92560.0
2026-07-28,9302,華南台中,03632T,59000,0,93810.0,0.0,59000,93810.0
2026-07-28,9302,華南台中,03661T,0,1000,0.0,1910.0,-1000,-1910.0
2026-07-28,9302,華南台中,036845,1000,0,1000.0,0.0,1000,1000.0
2026-07-28,9302,華南台中,03732B,0,24000,0.0,21120.0,-24000,-21120.0
2026-07-28,9302,華南台中,037497,18000,0,19800.0,0.0,18000,19800.0
2026-07-28,9302,華南台中,038318,19000,0,25650.0,0.0,19000,25650.0
2026-07-28,9302,華南台中,04021C,4000,0,2080.0,0.0,4000,2080.0
2026-07-28,9302,華南台中,044712,3000,0,18800.0,0.0,3000,18800.0
2026-07-28,9302,華南台中,044798,1000,0,1070.0,0.0,1000,1070.0
2026-07-28,9302,華南台中,047519,0,6000,0.0,6000.0,-6000,-6000.0
2026-07-28,9302,華南台中,052120,16000,0,2330.0,0.0,16000,2330.0
2026-07-28,9302,華南台中,052205,1000,0,1160.0,0.0,1000,1160.0
2026-07-28,9302,華南台中,054457,1000,0,1630.0,0.0,1000,1630.0
2026-07-28,9302,華南台中,055822,1000,0,440.0,0.0,1000,440.0
2026-07-28,9302,華南台中,058830,5000,0,4850.0,0.0,5000,4850.0
2026-07-28,9302,華南台中,059659,0,1000,0.0,680.0,-1000,-680.0
2026-07-28,9302,華南台中,059850,10000,0,4600.0,0.0,10000,4600.0
2026-07-28,9302,華南台中,061128,10000,0,7300.0,0.0,10000,7300.0
2026-07-28,9302,華南台中,061625,1000,0,1500.0,0.0,1000,1500.0
2026-07-28,9302,華南台中,062041,0,2000,0.0,4920.0,-2000,-4920.0
2026-07-28,9302,華南台中,062159,5000,0,1950.0,0.0,5000,1950.0
2026-07-28,9302,華南台中,062161,2300000,0,130000.0,0.0,2300000,130000.0
2026-07-28,9302,華南台中,062649,5000,0,3650.0,0.0,5000,3650.0
2026-07-28,9302,華南台中,064154,10000,0,19600.0,0.0,10000,19600.0
2026-07-28,9302,華南台中,065271,0,2800000,0.0,672000.0,-2800000,-672000.0
2026-07-28,9302,華南台中,065357,20000,0,9400.0,0.0,20000,9400.0
2026-07-28,9302,華南台中,065442,0,50000,0.0,173000.0,-50000,-173000.0
2026-07-28,9302,華南台中,065609,23000,0,11070.0,0.0,23000,11070.0
2026-07-28,9302,華南台中,065658,0,12000,0.0,5640.0,-12000,-5640.0
2026-07-28,9302,華南台中,066102,1000,0,1250.0,0.0,1000,1250.0
2026-07-28,9302,華南台中,066110,0,1000000,0.0,170000.0,-1000000,-170000.0
2026-07-28,9302,華南台中,067080,0,5000,0.0,6500.0,-5000,-6500.0
2026-07-28,9302,華南台中,067579,1000,0,1540.0,0.0,1000,1540.0
2026-07-28,9302,華南台中,067649,1000,0,960.0,0.0,1000,960.0
2026-07-28,9302,華南台中,067892,1000,0,1300.0,0.0,1000,1300.0
2026-07-28,9302,華南台中,067981,0,2000,0.0,1160.0,-2000,-1160.0
2026-07-28,9302,華南台中,067996,0,11000,0.0,8800.0,-11000,-8800.0
2026-07-28,9302,華南台中,068003,0,1000,0.0,890.0,-1000,-890.0
2026-07-28,9302,華南台中,068631,1000,0,1250.0,0.0,1000,1250.0
2026-07-28,9302,華南台中,068792,3500000,0,385000.0,0.0,3500000,385000.0
2026-07-28,9302,華南台中,068911,0,6000,0.0,2280.0,-6000,-2280.0
2026-07-28,9302,華南台中,069152,1500000,0,199000.0,0.0,1500000,199000.0
2026-07-28,9302,華南台中,069281,0,3000,0.0,570.0,-3000,-570.0
2026-07-28,9302,華南台中,069830,20000,0,3200.0,0.0,20000,3200.0
2026-07-28,9302,華南台中,070168,1310000,0,287100.0,0.0,1310000,287100.0
2026-07-28,9302,華南台中,071212,0,8000,0.0,4920.0,-8000,-4920.0
2026-07-28,9302,華南台中,071282,4000,0,3480.0,0.0,4000,3480.0
2026-07-28,9302,華南台中,071300,0,5000,0.0,2250.0,-5000,-2250.0
2026-07-28,9302,華南台中,071705,2000,0,2380.0,0.0,2000,2380.0
2026-07-28,9302,華南台中,071976,2000,0,830.0,0.0,2000,830.0
2026-07-28,9302,華南台中,073324,0,1000,0.0,2440.0,-1000,-2440.0
2026-07-28,9302,華南台中,074016,2000,0,3440.0,0.0,2000,3440.0
2026-07-28,9302,華南台中,074495,1000,0,620.0,0.0,1000,620.0
2026-07-28,9302,華南台中,074569,0,1000,0.0,750.0,-1000,-750.0
2026-07-28,9302,華南台中,076515,1000,0,1090.0,0.0,1000,1090.0
2026-07-28,9302,華南台中,076517,0,4000,0.0,4520.0,-4000,-4520.0
2026-07-28,9302,華南台中,076648,2000,0,2260.0,0.0,2000,2260.0
2026-07-28,9302,華南台中,076901,70000,0,116400.0,0.0,70000,116400.0
2026-07-28,9302,華南台中,082620,0,2000,0.0,8420.0,-2000,-8420.0
2026-07-28,9302,華南台中,08276U,2000,0,3420.0,0.0,2000,3420.0
2026-07-28,9302,華南台中,08694U,100000,0,102220.0,0.0,100000,102220.0
2026-07-28,9302,華南台中,08836U,99000,0,180290.0,0.0,99000,180290.0
2026-07-28,9302,永昌台中,705539,0,24000,0.0,23040.0,-24000,-23040.0
2026-07-28,9302,永昌台中,706942,1000,0,510.0,0.0,1000,510.0
2026-07-28,9302,永昌台中,707071,2000,0,1360.0,0.0,2000,1360.0
2026-07-28,9302,永昌台中,707334,20000,0,23600.0,0.0,20000,23600.0
2026-07-28,9302,永昌台中,707758,20000,0,13800.0,0.0,20000,13800.0
2026-07-28,9302,永昌台中,707858,20000,0,12000.0,0.0,20000,12000.0
2026-07-28,9302,永昌台中,709532,10000,10000,2100.0,1800.0,0,300.0
2026-07-28,9302,永昌台中,709748,0,60000,0.0,16200.0,-60000,-16200.0
2026-07-28,9302,永昌台中,709905,1200000,0,230000.0,0.0,1200000,230000.0
2026-07-28,9302,永昌台中,710791,5000,0,7830.0,0.0,5000,7830.0
2026-07-28,9302,永昌台中,72856U,100000,0,33000.0,0.0,100000,33000.0
2026-07-28,9302,永昌台中,72867U,0,1000,0.0,930.0,-1000,-930.0
2026-07-28,9316,華南淡水,03387T,0,5000,0.0,5050.0,-5000,-5050.0
2026-07-28,9316,華南淡水,035325,4000,0,1760.0,0.0,4000,1760.0
2026-07-28,9316,華南淡水,036875,0,2000,0.0,2660.0,-2000,-2660.0
2026-07-28,9316,華南淡水,044796,30000,0,37500.0,0.0,30000,37500.0
2026-07-28,9316,華南淡水,051212,20000,0,400.0,0.0,20000,400.0
2026-07-28,9316,華南淡水,052246,50000,0,18000.0,0.0,50000,18000.0
2026-07-28,9316,華南淡水,056863,0,30000,0.0,39900.0,-30000,-39900.0
2026-07-28,9316,華南淡水,063144,0,2000,0.0,8880.0,-2000,-8880.0
2026-07-28,9316,華南淡水,064514,12000,0,9000.0,0.0,12000,9000.0
2026-07-28,9316,華南淡水,065459,8000,0,13080.0,0.0,8000,13080.0
2026-07-28,9316,華南淡水,067583,4000,0,3040.0,0.0,4000,3040.0
2026-07-28,9316,華南淡水,067802,0,100000,0.0,21000.0,-100000,-21000.0
2026-07-28,9316,華南淡水,067987,3000,0,1770.0,0.0,3000,1770.0
2026-07-28,9316,華南淡水,068003,10000,0,9050.0,0.0,10000,9050.0
2026-07-28,9316,華南淡水,069579,12000,0,5760.0,0.0,12000,5760.0
2026-07-28,9316,華南淡水,070089,5000,0,3800.0,0.0,5000,3800.0
2026-07-28,9316,華南淡水,072173,20000,0,10400.0,0.0,20000,10400.0
2026-07-28,9316,華南淡水,077288,5000,0,4050.0,0.0,5000,4050.0
2026-07-28,9316,華南淡水,08583U,14000,0,3080.0,0.0,14000,3080.0
2026-07-28,9316,華南淡水,08802U,3000,10000,600.0,1900.0,-7000,-1300.0
2026-07-28,9316,永昌淡水,704839,0,1000,0.0,2890.0,-1000,-2890.0
2026-07-28,9316,永昌淡水,708235,5000,0,2200.0,0.0,5000,2200.0
2026-07-28,9316,永昌淡水,710431,5000,0,3700.0,0.0,5000,3700.0
2026-07-28,9337,華南內壢,03148T,0,1000,0.0,740.0,-1000,-740.0
2026-07-28,9337,華南內壢,03228T,0,6000,0.0,10800.0,-6000,-10800.0
2026-07-28,9337,華南內壢,03564T,1000,0,480.0,0.0,1000,480.0
2026-07-28,9337,華南內壢,036860,0,2000,0.0,540.0,-2000,-540.0
2026-07-28,9337,華南內壢,03876T,1000,0,1610.0,0.0,1000,1610.0
2026-07-28,9337,華南內壢,047491,60000,0,24600.0,0.0,60000,24600.0
2026-07-28,9337,華南內壢,052947,0,10000,0.0,4900.0,-10000,-4900.0
2026-07-28,9337,華南內壢,053856,5000,0,6650.0,0.0,5000,6650.0
2026-07-28,9337,華南內壢,059021,5000,0,3000.0,0.0,5000,3000.0
2026-07-28,9337,華南內壢,059081,8000,0,6840.0,0.0,8000,6840.0
2026-07-28,9337,華南內壢,059082,8000,0,6560.0,0.0,8000,6560.0
2026-07-28,9337,華南內壢,059083,8000,0,6120.0,0.0,8000,6120.0
2026-07-28,9337,華南內壢,059121,8000,0,3280.0,0.0,8000,3280.0
2026-07-28,9337,華南內壢,059122,6000,0,5700.0,0.0,6000,5700.0
2026-07-28,9337,華南內壢,063572,9000,0,8290.0,0.0,9000,8290.0
2026-07-28,9337,華南內壢,063596,0,20000,0.0,11800.0,-20000,-11800.0
2026-07-28,9337,華南內壢,065659,10000,0,4500.0,0.0,10000,4500.0
2026-07-28,9337,華南內壢,066146,1000,0,3120.0,0.0,1000,3120.0
2026-07-28,9337,華南內壢,066516,27000,0,61510.0,0.0,27000,61510.0
2026-07-28,9337,華南內壢,066566,5000,0,2250.0,0.0,5000,2250.0
2026-07-28,9337,華南內壢,067791,145000,0,171900.0,0.0,145000,171900.0
2026-07-28,9337,華南內壢,067945,20000,0,22000.0,0.0,20000,22000.0
2026-07-28,9337,華南內壢,068003,10000,0,9000.0,0.0,10000,9000.0
2026-07-28,9337,華南內壢,068665,0,12000,0.0,30430.0,-12000,-30430.0
2026-07-28,9337,華南內壢,069179,0,5000,0.0,1750.0,-5000,-1750.0
2026-07-28,9337,華南內壢,069697,2000,0,1360.0,0.0,2000,1360.0
2026-07-28,9337,華南內壢,071173,45000,0,42750.0,0.0,45000,42750.0
2026-07-28,9337,華南內壢,071218,20000,0,24500.0,0.0,20000,24500.0
2026-07-28,9337,華南內壢,071415,0,10000,0.0,4500.0,-10000,-4500.0
2026-07-28,9337,華南內壢,071434,0,2000,0.0,340.0,-2000,-340.0
2026-07-28,9337,華南內壢,071682,1000,0,520.0,0.0,1000,520.0
2026-07-28,9337,華南內壢,071944,10000,10000,4500.0,4300.0,0,200.0
2026-07-28,9337,華南內壢,072002,2000,0,1780.0,0.0,2000,1780.0
2026-07-28,9337,華南內壢,073241,10000,11000,3600.0,3910.0,-1000,-310.0
2026-07-28,9337,華南內壢,073395,2000,0,1260.0,0.0,2000,1260.0
2026-07-28,9337,華南內壢,074806,3000,0,1440.0,0.0,3000,1440.0
2026-07-28,9337,華南內壢,075252,0,1000,0.0,610.0,-1000,-610.0
2026-07-28,9337,華南內壢,076459,3000,0,1170.0,0.0,3000,1170.0
2026-07-28,9337,華南內壢,08726U,1000,0,420.0,0.0,1000,420.0
2026-07-28,9337,永昌內壢,704211,3000,0,5280.0,0.0,3000,5280.0
2026-07-28,9337,永昌內壢,706137,2000,0,1200.0,0.0,2000,1200.0
2026-07-28,9337,永昌內壢,706819,100000,0,32300.0,0.0,100000,32300.0
2026-07-28,9337,永昌內壢,708335,30000,0,9300.0,0.0,30000,9300.0
2026-07-28,9337,永昌內壢,708473,5000,0,7470.0,0.0,5000,7470.0
2026-07-28,9337,永昌內壢,709783,15000,0,6750.0,0.0,15000,6750.0
2026-07-28,9337,永昌內壢,710818,40000,0,12300.0,0.0,40000,12300.0
2026-07-28,9337,永昌內壢,72733U,5000,0,2550.0,0.0,5000,2550.0
2026-07-28,9343,華南頭份,03734B,0,4000,0.0,5210.0,-4000,-5210.0
2026-07-28,9343,華南頭份,044611,1000,0,220.0,0.0,1000,220.0
2026-07-28,9343,華南頭份,044795,2000,0,5380.0,0.0,2000,5380.0
2026-07-28,9343,華南頭份,055204,130000,0,95100.0,0.0,130000,95100.0
2026-07-28,9343,華南頭份,064604,0,2000,0.0,3720.0,-2000,-3720.0
2026-07-28,9343,華南頭份,065565,1000,0,880.0,0.0,1000,880.0
2026-07-28,9343,華南頭份,065707,1000,0,2580.0,0.0,1000,2580.0
2026-07-28,9343,華南頭份,066758,12000,0,12960.0,0.0,12000,12960.0
2026-07-28,9343,華南頭份,067411,5000,0,3450.0,0.0,5000,3450.0
2026-07-28,9343,華南頭份,067995,0,4000,0.0,3890.0,-4000,-3890.0
2026-07-28,9343,華南頭份,067999,0,1000,0.0,950.0,-1000,-950.0
2026-07-28,9343,華南頭份,068566,10000,0,16790.0,0.0,10000,16790.0
2026-07-28,9343,華南頭份,068910,3000,0,2070.0,0.0,3000,2070.0
2026-07-28,9343,華南頭份,068912,2000,0,1800.0,0.0,2000,1800.0
2026-07-28,9343,華南頭份,069957,0,20000,0.0,20000.0,-20000,-20000.0
2026-07-28,9343,華南頭份,071140,10000,0,30400.0,0.0,10000,30400.0
2026-07-28,9343,華南頭份,075970,0,10000,0.0,15100.0,-10000,-15100.0
2026-07-28,9343,永昌頭份,704440,0,10000,0.0,900.0,-10000,-900.0
2026-07-28,9343,永昌頭份,708250,0,40000,0.0,9200.0,-40000,-9200.0
2026-07-28,9343,永昌頭份,711065,10000,0,8100.0,0.0,10000,8100.0
2026-07-28,961F,富邦公益,03278T,0,4000,0.0,1070.0,-4000,-1070.0
2026-07-28,961F,富邦公益,03330T,5000,0,9550.0,0.0,5000,9550.0
2026-07-28,961F,富邦公益,03396T,10000,0,9630.0,0.0,10000,9630.0
2026-07-28,961F,富邦公益,03518T,0,1000,0.0,2340.0,-1000,-2340.0
2026-07-28,961F,富邦公益,03537T,0,5000,0.0,5100.0,-5000,-5100.0
2026-07-28,961F,富邦公益,03554T,0,1000,0.0,1390.0,-1000,-1390.0
2026-07-28,961F,富邦公益,03679T,0,15000,0.0,27150.0,-15000,-27150.0
2026-07-28,961F,富邦公益,03700T,4000,0,8800.0,0.0,4000,8800.0
2026-07-28,961F,富邦公益,043355,0,1000,0.0,110.0,-1000,-110.0
2026-07-28,961F,富邦公益,047771,0,10000,0.0,13000.0,-10000,-13000.0
2026-07-28,961F,富邦公益,048631,20000,0,53000.0,0.0,20000,53000.0
2026-07-28,961F,富邦公益,051148,2000,0,42000.0,0.0,2000,42000.0
2026-07-28,961F,富邦公益,051828,30000,0,44400.0,0.0,30000,44400.0
2026-07-28,961F,富邦公益,052120,0,4000,0.0,720.0,-4000,-720.0
2026-07-28,961F,富邦公益,062319,80000,0,20800.0,0.0,80000,20800.0
2026-07-28,961F,富邦公益,062665,1000,0,650.0,0.0,1000,650.0
2026-07-28,961F,富邦公益,062716,20000,0,90100.0,0.0,20000,90100.0
2026-07-28,961F,富邦公益,062888,20000,0,11200.0,0.0,20000,11200.0
2026-07-28,961F,富邦公益,063766,0,40000,0.0,24400.0,-40000,-24400.0
2026-07-28,961F,富邦公益,066524,28000,0,5320.0,0.0,28000,5320.0
2026-07-28,961F,富邦公益,066895,0,40000,0.0,33600.0,-40000,-33600.0
2026-07-28,961F,富邦公益,067533,0,15000,0.0,9150.0,-15000,-9150.0
2026-07-28,961F,富邦公益,067605,20000,0,14600.0,0.0,20000,14600.0
2026-07-28,961F,富邦公益,067714,0,4000,0.0,3080.0,-4000,-3080.0
2026-07-28,961F,富邦公益,067819,30000,0,26500.0,0.0,30000,26500.0
2026-07-28,961F,富邦公益,068002,100000,0,104000.0,0.0,100000,104000.0
2026-07-28,961F,富邦公益,068003,18000,18000,15840.0,15840.0,0,0.0
2026-07-28,961F,富邦公益,068247,10000,0,5200.0,0.0,10000,5200.0
2026-07-28,961F,富邦公益,068980,20000,20000,34400.0,13000.0,0,21400.0
2026-07-28,961F,富邦公益,069717,0,6000,0.0,7500.0,-6000,-7500.0
2026-07-28,961F,富邦公益,070080,0,1000,0.0,1160.0,-1000,-1160.0
2026-07-28,961F,富邦公益,070086,0,25000,0.0,16500.0,-25000,-16500.0
2026-07-28,961F,富邦公益,071075,5000,0,3300.0,0.0,5000,3300.0
2026-07-28,961F,富邦公益,071272,5000,0,4500.0,0.0,5000,4500.0
2026-07-28,961F,富邦公益,071645,0,5000,0.0,9450.0,-5000,-9450.0
2026-07-28,961F,富邦公益,072446,0,30000,0.0,18900.0,-30000,-18900.0
2026-07-28,961F,富邦公益,072661,10000,0,2500.0,0.0,10000,2500.0
2026-07-28,961F,富邦公益,073048,10000,0,5000.0,0.0,10000,5000.0
2026-07-28,961F,富邦公益,073678,55000,0,17950.0,0.0,55000,17950.0
2026-07-28,961F,富邦公益,076602,34000,0,18700.0,0.0,34000,18700.0
2026-07-28,961F,富邦公益,078146,3000,1000,3730.0,1180.0,2000,2550.0
2026-07-28,961F,富邦公益,08461U,0,60000,0.0,92100.0,-60000,-92100.0
2026-07-28,961F,富邦公益,08720U,0,20000,0.0,3600.0,-20000,-3600.0
2026-07-28,961F,富邦公益,700022,0,5000,0.0,12500.0,-5000,-12500.0
2026-07-28,961F,富邦公益,704895,25000,0,14500.0,0.0,25000,14500.0
2026-07-28,961F,富邦公益,705536,200000,0,128000.0,0.0,200000,128000.0
2026-07-28,961F,富邦公益,706198,10000,0,1500.0,0.0,10000,1500.0
2026-07-28,961F,富邦公益,707488,0,60000,0.0,29400.0,-60000,-29400.0
2026-07-28,961F,富邦公益,707718,0,20000,0.0,18800.0,-20000,-18800.0
2026-07-28,961F,富邦公益,707985,0,2000,0.0,360.0,-2000,-360.0
2026-07-28,961F,富邦公益,707998,20000,10000,12200.0,6000.0,10000,6200.0
2026-07-28,961F,富邦公益,708268,0,36000,0.0,19240.0,-36000,-19240.0
2026-07-28,961F,富邦公益,708655,3000,0,1800.0,0.0,3000,1800.0
2026-07-28,961F,富邦公益,708870,5000,0,1050.0,0.0,5000,1050.0
2026-07-28,961F,富邦公益,709583,0,15000,0.0,14850.0,-15000,-14850.0
2026-07-28,961F,富邦公益,709833,0,38000,0.0,17860.0,-38000,-17860.0
2026-07-28,961F,富邦公益,711601,2000,0,1400.0,0.0,2000,1400.0
2026-07-28,961F,富邦公益,72785U,1000,0,60.0,0.0,1000,60.0
2026-07-28,961F,富邦公益,72806U,0,350000,0.0,294000.0,-350000,-294000.0
2026-07-28,961F,富邦公益,72814U,1000,0,1050.0,0.0,1000,1050.0
2026-07-28,961F,富邦公益,72949U,4000,0,9080.0,0.0,4000,9080.0
2026-07-28,9663,富邦敦南,03149T,0,13000,0.0,16610.0,-13000,-16610.0
2026-07-28,9663,富邦敦南,03192T,0,20000,0.0,13600.0,-20000,-13600.0
2026-07-28,9663,富邦敦南,03206T,10000,0,15200.0,0.0,10000,15200.0
2026-07-28,9663,富邦敦南,03245T,0,20000,0.0,18100.0,-20000,-18100.0
2026-07-28,9663,富邦敦南,03263T,0,10000,0.0,14400.0,-10000,-14400.0
2026-07-28,9663,富邦敦南,03273T,0,166000,0.0,74700.0,-166000,-74700.0
2026-07-28,9663,富邦敦南,03331T,20000,130000,16800.0,108300.0,-110000,-91500.0
2026-07-28,9663,富邦敦南,03351T,0,10000,0.0,6300.0,-10000,-6300.0
2026-07-28,9663,富邦敦南,03372T,0,75000,0.0,30750.0,-75000,-30750.0
2026-07-28,9663,富邦敦南,03374T,0,3000,0.0,1950.0,-3000,-1950.0
2026-07-28,9663,富邦敦南,03430T,0,15000,0.0,13950.0,-15000,-13950.0
2026-07-28,9663,富邦敦南,03529T,6000,0,10780.0,0.0,6000,10780.0
2026-07-28,9663,富邦敦南,03579T,1000,0,1030.0,0.0,1000,1030.0
2026-07-28,9663,富邦敦南,03670T,1000,0,1400.0,0.0,1000,1400.0
2026-07-28,9663,富邦敦南,03703T,6000,0,9360.0,0.0,6000,9360.0
2026-07-28,9663,富邦敦南,03732B,10000,20000,9200.0,17000.0,-10000,-7800.0
2026-07-28,9663,富邦敦南,03815T,1000,0,2010.0,0.0,1000,2010.0
2026-07-28,9663,富邦敦南,03830T,0,5000,0.0,7900.0,-5000,-7900.0
2026-07-28,9663,富邦敦南,03832T,0,5000,0.0,13750.0,-5000,-13750.0
2026-07-28,9663,富邦敦南,039446,1000,0,1560.0,0.0,1000,1560.0
2026-07-28,9663,富邦敦南,041449,30000,0,139200.0,0.0,30000,139200.0
2026-07-28,9663,富邦敦南,049108,50000,0,183000.0,0.0,50000,183000.0
2026-07-28,9663,富邦敦南,051666,37000,0,59200.0,0.0,37000,59200.0
2026-07-28,9663,富邦敦南,052191,10000,0,7000.0,0.0,10000,7000.0
2026-07-28,9663,富邦敦南,054481,5000,0,4450.0,0.0,5000,4450.0
2026-07-28,9663,富邦敦南,055837,0,417000,0.0,166800.0,-417000,-166800.0
2026-07-28,9663,富邦敦南,057742,0,6000,0.0,12480.0,-6000,-12480.0
2026-07-28,9663,富邦敦南,057748,15000,0,7050.0,0.0,15000,7050.0
2026-07-28,9663,富邦敦南,057916,0,30000,0.0,13500.0,-30000,-13500.0
2026-07-28,9663,富邦敦南,058602,3000,0,3990.0,0.0,3000,3990.0
2026-07-28,9663,富邦敦南,05962U,0,99000,0.0,4950.0,-99000,-4950.0
2026-07-28,9663,富邦敦南,060392,7000,0,3110.0,0.0,7000,3110.0
2026-07-28,9663,富邦敦南,060929,0,8000,0.0,18400.0,-8000,-18400.0
2026-07-28,9663,富邦敦南,062674,100000,0,63000.0,0.0,100000,63000.0
2026-07-28,9663,富邦敦南,063081,10000,0,7700.0,0.0,10000,7700.0
2026-07-28,9663,富邦敦南,063139,15000,0,10150.0,0.0,15000,10150.0
2026-07-28,9663,富邦敦南,063222,220000,0,135600.0,0.0,220000,135600.0
2026-07-28,9663,富邦敦南,065357,20000,0,9400.0,0.0,20000,9400.0
2026-07-28,9663,富邦敦南,065452,50000,0,25000.0,0.0,50000,25000.0
2026-07-28,9663,富邦敦南,065703,12000,0,8050.0,0.0,12000,8050.0
2026-07-28,9663,富邦敦南,065958,0,11000,0.0,18070.0,-11000,-18070.0
2026-07-28,9663,富邦敦南,066056,10000,0,21800.0,0.0,10000,21800.0
2026-07-28,9663,富邦敦南,066585,1000,0,1350.0,0.0,1000,1350.0
2026-07-28,9663,富邦敦南,066595,10000,0,3800.0,0.0,10000,3800.0
2026-07-28,9663,富邦敦南,066661,30000,0,26500.0,0.0,30000,26500.0
2026-07-28,9663,富邦敦南,066843,0,1000,0.0,920.0,-1000,-920.0
2026-07-28,9663,富邦敦南,066918,6000,0,10380.0,0.0,6000,10380.0
2026-07-28,9663,富邦敦南,067683,50000,0,36500.0,0.0,50000,36500.0
2026-07-28,9663,富邦敦南,067743,0,1000,0.0,1300.0,-1000,-1300.0
2026-07-28,9663,富邦敦南,067987,100000,0,54000.0,0.0,100000,54000.0
2026-07-28,9663,富邦敦南,068111,80000,0,41600.0,0.0,80000,41600.0
2026-07-28,9663,富邦敦南,068385,5000,0,14200.0,0.0,5000,14200.0
2026-07-28,9663,富邦敦南,068386,4000,0,10800.0,0.0,4000,10800.0
2026-07-28,9663,富邦敦南,068902,20000,0,23050.0,0.0,20000,23050.0
2026-07-28,9663,富邦敦南,069379,5000,0,5000.0,0.0,5000,5000.0
2026-07-28,9663,富邦敦南,069648,30000,0,3600.0,0.0,30000,3600.0
2026-07-28,9663,富邦敦南,070000,50000,0,67900.0,0.0,50000,67900.0
2026-07-28,9663,富邦敦南,070057,90000,0,57750.0,0.0,90000,57750.0
2026-07-28,9663,富邦敦南,070209,100000,0,49000.0,0.0,100000,49000.0
2026-07-28,9663,富邦敦南,070547,100000,0,36000.0,0.0,100000,36000.0
2026-07-28,9663,富邦敦南,070633,10000,0,6700.0,0.0,10000,6700.0
2026-07-28,9663,富邦敦南,070684,100000,0,67000.0,0.0,100000,67000.0
2026-07-28,9663,富邦敦南,070849,120000,0,80600.0,0.0,120000,80600.0
2026-07-28,9663,富邦敦南,071272,15000,0,12950.0,0.0,15000,12950.0
2026-07-28,9663,富邦敦南,071776,10000,0,3800.0,0.0,10000,3800.0
2026-07-28,9663,富邦敦南,071986,1000,0,1140.0,0.0,1000,1140.0
2026-07-28,9663,富邦敦南,072643,43000,0,98470.0,0.0,43000,98470.0
2026-07-28,9663,富邦敦南,072749,50000,0,21500.0,0.0,50000,21500.0
2026-07-28,9663,富邦敦南,074236,10000,0,8250.0,0.0,10000,8250.0
2026-07-28,9663,富邦敦南,074744,0,30000,0.0,60900.0,-30000,-60900.0
2026-07-28,9663,富邦敦南,074795,5000,0,2900.0,0.0,5000,2900.0
2026-07-28,9663,富邦敦南,074913,6000,0,6540.0,0.0,6000,6540.0
2026-07-28,9663,富邦敦南,075266,10000,0,4200.0,0.0,10000,4200.0
2026-07-28,9663,富邦敦南,075270,10000,0,7150.0,0.0,10000,7150.0
2026-07-28,9663,富邦敦南,075744,2000,0,1260.0,0.0,2000,1260.0
2026-07-28,9663,富邦敦南,076445,20000,0,12100.0,0.0,20000,12100.0
2026-07-28,9663,富邦敦南,076727,1000,0,1750.0,0.0,1000,1750.0
2026-07-28,9663,富邦敦南,08655U,30000,0,9600.0,0.0,30000,9600.0
2026-07-28,9663,富邦敦南,08797U,40000,0,15450.0,0.0,40000,15450.0
2026-07-28,9663,富邦敦南,700904,1000,0,3320.0,0.0,1000,3320.0
2026-07-28,9663,富邦敦南,705257,5000,0,3850.0,0.0,5000,3850.0
2026-07-28,9663,富邦敦南,705258,5000,0,4450.0,0.0,5000,4450.0
2026-07-28,9663,富邦敦南,707082,6000,0,3000.0,0.0,6000,3000.0
2026-07-28,9663,富邦敦南,707353,165000,0,154800.0,0.0,165000,154800.0
2026-07-28,9663,富邦敦南,707833,20000,0,7400.0,0.0,20000,7400.0
2026-07-28,9663,富邦敦南,708580,50000,0,6500.0,0.0,50000,6500.0
2026-07-28,9663,富邦敦南,709977,30000,0,14700.0,0.0,30000,14700.0
2026-07-28,9663,富邦敦南,710839,30000,0,13500.0,0.0,30000,13500.0
2026-07-28,9663,富邦敦南,710883,0,9000,0.0,5130.0,-9000,-5130.0
2026-07-28,9663,富邦敦南,72830U,0,30000,0.0,11400.0,-30000,-11400.0
2026-07-28,9663,富邦敦南,72981U,0,10000,0.0,13600.0,-10000,-13600.0
2026-07-28,9663,富邦敦南,735512,0,3000,0.0,6150.0,-3000,-6150.0
2026-07-28,9676,富邦仁愛,03027T,0,3000,0.0,450.0,-3000,-450.0
2026-07-28,9676,富邦仁愛,03051T,0,1000,0.0,330.0,-1000,-330.0
2026-07-28,9676,富邦仁愛,03074T,0,20000,0.0,12700.0,-20000,-12700.0
2026-07-28,9676,富邦仁愛,03080T,0,10000,0.0,11000.0,-10000,-11000.0
2026-07-28,9676,富邦仁愛,03202T,30000,0,23500.0,0.0,30000,23500.0
2026-07-28,9676,富邦仁愛,03278T,12000,0,3360.0,0.0,12000,3360.0
2026-07-28,9676,富邦仁愛,03330T,0,20000,0.0,36800.0,-20000,-36800.0
2026-07-28,9676,富邦仁愛,03338T,0,30000,0.0,45000.0,-30000,-45000.0
2026-07-28,9676,富邦仁愛,03343T,0,50000,0.0,43500.0,-50000,-43500.0
2026-07-28,9676,富邦仁愛,03354T,0,2000,0.0,1570.0,-2000,-1570.0
2026-07-28,9676,富邦仁愛,03418T,0,30000,0.0,22500.0,-30000,-22500.0
2026-07-28,9676,富邦仁愛,034458,0,183000,0.0,759440.0,-183000,-759440.0
2026-07-28,9676,富邦仁愛,03448T,0,10000,0.0,10300.0,-10000,-10300.0
2026-07-28,9676,富邦仁愛,03466T,0,10000,0.0,18300.0,-10000,-18300.0
2026-07-28,9676,富邦仁愛,035172,0,170000,0.0,780600.0,-170000,-780600.0
2026-07-28,9676,富邦仁愛,035306,0,70000,0.0,318300.0,-70000,-318300.0
2026-07-28,9676,富邦仁愛,03537T,48000,24000,50840.0,24720.0,24000,26120.0
2026-07-28,9676,富邦仁愛,035753,0,20000,0.0,30700.0,-20000,-30700.0
2026-07-28,9676,富邦仁愛,03644T,0,30000,0.0,23400.0,-30000,-23400.0
2026-07-28,9676,富邦仁愛,03703T,20000,0,32050.0,0.0,20000,32050.0
2026-07-28,9676,富邦仁愛,03732B,0,10000,0.0,8600.0,-10000,-8600.0
2026-07-28,9676,富邦仁愛,038318,10000,0,12800.0,0.0,10000,12800.0
2026-07-28,9676,富邦仁愛,03888T,15000,0,22500.0,0.0,15000,22500.0
2026-07-28,9676,富邦仁愛,03937T,10000,0,13200.0,0.0,10000,13200.0
2026-07-28,9676,富邦仁愛,041165,10000,0,44800.0,0.0,10000,44800.0
2026-07-28,9676,富邦仁愛,042661,0,20000,0.0,26600.0,-20000,-26600.0
2026-07-28,9676,富邦仁愛,043153,2000,0,1400.0,0.0,2000,1400.0
2026-07-28,9676,富邦仁愛,043889,0,5000,0.0,9500.0,-5000,-9500.0
2026-07-28,9676,富邦仁愛,049787,220000,0,629700.0,0.0,220000,629700.0
2026-07-28,9676,富邦仁愛,051252,20000,0,24400.0,0.0,20000,24400.0
2026-07-28,9676,富邦仁愛,052547,0,20000,0.0,5530.0,-20000,-5530.0
2026-07-28,9676,富邦仁愛,052649,100000,0,38000.0,0.0,100000,38000.0
2026-07-28,9676,富邦仁愛,052786,100000,0,72000.0,0.0,100000,72000.0
2026-07-28,9676,富邦仁愛,052815,10000,0,2700.0,0.0,10000,2700.0
2026-07-28,9676,富邦仁愛,053033,3000,0,5370.0,0.0,3000,5370.0
2026-07-28,9676,富邦仁愛,055606,0,105000,0.0,1050.0,-105000,-1050.0
2026-07-28,9676,富邦仁愛,056479,40000,0,22000.0,0.0,40000,22000.0
2026-07-28,9676,富邦仁愛,056535,50000,0,35600.0,0.0,50000,35600.0
2026-07-28,9676,富邦仁愛,057813,340000,0,1420500.0,0.0,340000,1420500.0
2026-07-28,9676,富邦仁愛,058342,2000,0,340.0,0.0,2000,340.0
2026-07-28,9676,富邦仁愛,059060,5000,0,4000.0,0.0,5000,4000.0
2026-07-28,9676,富邦仁愛,059237,20000,0,8800.0,0.0,20000,8800.0
2026-07-28,9676,富邦仁愛,059238,700000,0,588000.0,0.0,700000,588000.0
2026-07-28,9676,富邦仁愛,059540,2000,0,360.0,0.0,2000,360.0
2026-07-28,9676,富邦仁愛,059594,2000,0,2760.0,0.0,2000,2760.0
2026-07-28,9676,富邦仁愛,060067,20000,0,22300.0,0.0,20000,22300.0
2026-07-28,9676,富邦仁愛,060606,0,7000,0.0,10920.0,-7000,-10920.0
2026-07-28,9676,富邦仁愛,061016,25000,0,21700.0,0.0,25000,21700.0
2026-07-28,9676,富邦仁愛,061018,8000,0,5840.0,0.0,8000,5840.0
2026-07-28,9676,富邦仁愛,061151,434000,0,561250.0,0.0,434000,561250.0
2026-07-28,9676,富邦仁愛,061211,18000,0,8820.0,0.0,18000,8820.0
2026-07-28,9676,富邦仁愛,061260,0,325000,0.0,328250.0,-325000,-328250.0
2026-07-28,9676,富邦仁愛,061637,2000,0,720.0,0.0,2000,720.0
2026-07-28,9676,富邦仁愛,062295,35000,0,87100.0,0.0,35000,87100.0
2026-07-28,9676,富邦仁愛,062914,30000,0,22800.0,0.0,30000,22800.0
2026-07-28,9676,富邦仁愛,063291,0,14000,0.0,7420.0,-14000,-7420.0
2026-07-28,9676,富邦仁愛,063624,2000,2000,20000.0,20000.0,0,0.0
2026-07-28,9676,富邦仁愛,064161,0,70000,0.0,36400.0,-70000,-36400.0
2026-07-28,9676,富邦仁愛,064495,0,2000,0.0,3060.0,-2000,-3060.0
2026-07-28,9676,富邦仁愛,064862,0,8000,0.0,2800.0,-8000,-2800.0
2026-07-28,9676,富邦仁愛,064989,1000,0,350.0,0.0,1000,350.0
2026-07-28,9676,富邦仁愛,065275,1000,0,390.0,0.0,1000,390.0
2026-07-28,9676,富邦仁愛,065377,2000,0,1460.0,0.0,2000,1460.0
2026-07-28,9676,富邦仁愛,065427,0,10000,0.0,4000.0,-10000,-4000.0
2026-07-28,9676,富邦仁愛,065459,10000,0,15000.0,0.0,10000,15000.0
2026-07-28,9676,富邦仁愛,065482,30000,0,45600.0,0.0,30000,45600.0
2026-07-28,9676,富邦仁愛,065532,0,130000,0.0,111800.0,-130000,-111800.0
2026-07-28,9676,富邦仁愛,065609,10000,0,4800.0,0.0,10000,4800.0
2026-07-28,9676,富邦仁愛,06560U,10000,0,100.0,0.0,10000,100.0
2026-07-28,9676,富邦仁愛,065894,10000,0,11700.0,0.0,10000,11700.0
2026-07-28,9676,富邦仁愛,06599U,0,3000,0.0,360.0,-3000,-360.0
2026-07-28,9676,富邦仁愛,066173,2000,0,3880.0,0.0,2000,3880.0
2026-07-28,9676,富邦仁愛,066325,250000,0,182300.0,0.0,250000,182300.0
2026-07-28,9676,富邦仁愛,066516,5000,0,10100.0,0.0,5000,10100.0
2026-07-28,9676,富邦仁愛,066636,10000,0,4500.0,0.0,10000,4500.0
2026-07-28,9676,富邦仁愛,066669,68000,0,36040.0,0.0,68000,36040.0
2026-07-28,9676,富邦仁愛,066671,200000,0,176000.0,0.0,200000,176000.0
2026-07-28,9676,富邦仁愛,067222,30000,20000,21600.0,13400.0,10000,8200.0
2026-07-28,9676,富邦仁愛,067288,0,20000,0.0,16400.0,-20000,-16400.0
2026-07-28,9676,富邦仁愛,067323,6000,0,7620.0,0.0,6000,7620.0
2026-07-28,9676,富邦仁愛,067340,0,3000,0.0,3570.0,-3000,-3570.0
2026-07-28,9676,富邦仁愛,067638,0,50000,0.0,37000.0,-50000,-37000.0
2026-07-28,9676,富邦仁愛,068220,44000,0,69300.0,0.0,44000,69300.0
2026-07-28,9676,富邦仁愛,068358,1000,0,160.0,0.0,1000,160.0
2026-07-28,9676,富邦仁愛,068911,0,45000,0.0,17100.0,-45000,-17100.0
2026-07-28,9676,富邦仁愛,069237,1000,1000,4880.0,4370.0,0,510.0
2026-07-28,9676,富邦仁愛,069301,15000,5000,66450.0,21500.0,10000,44950.0
2026-07-28,9676,富邦仁愛,069439,20000,0,26600.0,0.0,20000,26600.0
2026-07-28,9676,富邦仁愛,069671,0,9000,0.0,5440.0,-9000,-5440.0
2026-07-28,9676,富邦仁愛,072634,0,20000,0.0,14220.0,-20000,-14220.0
2026-07-28,9676,富邦仁愛,073325,200000,0,218000.0,0.0,200000,218000.0
2026-07-28,9676,富邦仁愛,074027,60000,0,67200.0,0.0,60000,67200.0
2026-07-28,9676,富邦仁愛,074671,5000,0,4050.0,0.0,5000,4050.0
2026-07-28,9676,富邦仁愛,075029,15000,0,35150.0,0.0,15000,35150.0
2026-07-28,9676,富邦仁愛,075096,20000,0,15600.0,0.0,20000,15600.0
2026-07-28,9676,富邦仁愛,076134,0,10000,0.0,5800.0,-10000,-5800.0
2026-07-28,9676,富邦仁愛,07629U,0,1000,0.0,270.0,-1000,-270.0
2026-07-28,9676,富邦仁愛,076420,5000,0,6800.0,0.0,5000,6800.0
2026-07-28,9676,富邦仁愛,07661U,0,1000,0.0,150.0,-1000,-150.0
2026-07-28,9676,富邦仁愛,07874U,0,1000,0.0,270.0,-1000,-270.0
2026-07-28,9676,富邦仁愛,08089U,10000,0,2000.0,0.0,10000,2000.0
2026-07-28,9676,富邦仁愛,08144U,0,5000,0.0,650.0,-5000,-650.0
2026-07-28,9676,富邦仁愛,08519U,0,6000,0.0,1200.0,-6000,-1200.0
2026-07-28,9676,富邦仁愛,08663U,100000,0,13000.0,0.0,100000,13000.0
2026-07-28,9676,富邦仁愛,08797U,30000,50000,12800.0,18850.0,-20000,-6050.0
2026-07-28,9676,富邦仁愛,08883U,0,1000,0.0,280.0,-1000,-280.0
2026-07-28,9676,富邦仁愛,08902U,30000,60000,21900.0,39200.0,-30000,-17300.0
2026-07-28,9676,富邦仁愛,08910U,0,1000,0.0,330.0,-1000,-330.0
2026-07-28,9676,富邦仁愛,704793,3000,0,14880.0,0.0,3000,14880.0
2026-07-28,9676,富邦仁愛,705671,0,15000,0.0,10050.0,-15000,-10050.0
2026-07-28,9676,富邦仁愛,707299,3000,0,4410.0,0.0,3000,4410.0
2026-07-28,9676,富邦仁愛,707603,0,275000,0.0,125750.0,-275000,-125750.0
2026-07-28,9676,富邦仁愛,707753,0,170000,0.0,78700.0,-170000,-78700.0
2026-07-28,9676,富邦仁愛,707852,10000,0,16400.0,0.0,10000,16400.0
2026-07-28,9676,富邦仁愛,707879,0,5000,0.0,4650.0,-5000,-4650.0
2026-07-28,9676,富邦仁愛,708063,10000,0,2800.0,0.0,10000,2800.0
2026-07-28,9676,富邦仁愛,708085,10000,0,5700.0,0.0,10000,5700.0
2026-07-28,9676,富邦仁愛,708322,10000,0,10700.0,0.0,10000,10700.0
2026-07-28,9676,富邦仁愛,708547,200000,0,80000.0,0.0,200000,80000.0
2026-07-28,9676,富邦仁愛,708588,10000,0,1300.0,0.0,10000,1300.0
2026-07-28,9676,富邦仁愛,708590,400000,0,168000.0,0.0,400000,168000.0
2026-07-28,9676,富邦仁愛,708827,10000,0,6200.0,0.0,10000,6200.0
2026-07-28,9676,富邦仁愛,708904,100000,0,53800.0,0.0,100000,53800.0
2026-07-28,9676,富邦仁愛,709287,263000,0,99940.0,0.0,263000,99940.0
2026-07-28,9676,富邦仁愛,710068,10000,0,4900.0,0.0,10000,4900.0
2026-07-28,9676,富邦仁愛,710476,2000,0,1100.0,0.0,2000,1100.0
2026-07-28,9676,富邦仁愛,710513,15000,0,8250.0,0.0,15000,8250.0
2026-07-28,9676,富邦仁愛,710946,18000,0,10280.0,0.0,18000,10280.0
2026-07-28,9676,富邦仁愛,711096,33000,0,26070.0,0.0,33000,26070.0
2026-07-28,9676,富邦仁愛,711573,2000,0,2080.0,0.0,2000,2080.0
2026-07-28,9676,富邦仁愛,722675,0,1000,0.0,50.0,-1000,-50.0
2026-07-28,9676,富邦仁愛,72697U,0,4000,0.0,280.0,-4000,-280.0
2026-07-28,9676,富邦仁愛,72794U,30000,0,50400.0,0.0,30000,50400.0
2026-07-28,9676,富邦仁愛,72839U,0,2000,0.0,670.0,-2000,-670.0
2026-07-28,9676,富邦仁愛,72853U,0,3000,0.0,3270.0,-3000,-3270.0
2026-07-28,9676,富邦仁愛,739387,0,1000,0.0,1500.0,-1000,-1500.0
2026-07-28,980l,元大虎尾,03732B,1000,0,870.0,0.0,1000,870.0
2026-07-28,980l,元大虎尾,056074,6000,0,9780.0,0.0,6000,9780.0
2026-07-28,980l,元大虎尾,057678,5000,0,3350.0,0.0,5000,3350.0
2026-07-28,980l,元大虎尾,059698,20000,0,9800.0,0.0,20000,9800.0
2026-07-28,980l,元大虎尾,061102,5000,0,5600.0,0.0,5000,5600.0
2026-07-28,980l,元大虎尾,063003,0,2000,0.0,1860.0,-2000,-1860.0
2026-07-28,980l,元大虎尾,064514,8000,0,5740.0,0.0,8000,5740.0
2026-07-28,980l,元大虎尾,064591,5000,0,23150.0,0.0,5000,23150.0
2026-07-28,980l,元大虎尾,065613,0,1000,0.0,1200.0,-1000,-1200.0
2026-07-28,980l,元大虎尾,066055,5000,0,7350.0,0.0,5000,7350.0
2026-07-28,980l,元大虎尾,066457,40000,0,8400.0,0.0,40000,8400.0
2026-07-28,980l,元大虎尾,066556,1000,0,2810.0,0.0,1000,2810.0
2026-07-28,980l,元大虎尾,066734,60000,0,6600.0,0.0,60000,6600.0
2026-07-28,980l,元大虎尾,066797,12000,0,9120.0,0.0,12000,9120.0
2026-07-28,980l,元大虎尾,067324,1000,0,1550.0,0.0,1000,1550.0
2026-07-28,980l,元大虎尾,067384,1000,0,3740.0,0.0,1000,3740.0
2026-07-28,980l,元大虎尾,068583,1000,0,6450.0,0.0,1000,6450.0
2026-07-28,980l,元大虎尾,069303,1000,0,1840.0,0.0,1000,1840.0
2026-07-28,980l,元大虎尾,069515,0,300000,0.0,264000.0,-300000,-264000.0
2026-07-28,980l,元大虎尾,069579,12000,0,6000.0,0.0,12000,6000.0
2026-07-28,980l,元大虎尾,069625,1010000,0,670930.0,0.0,1010000,670930.0
2026-07-28,980l,元大虎尾,069648,50000,0,6000.0,0.0,50000,6000.0
2026-07-28,980l,元大虎尾,069709,50000,0,18000.0,0.0,50000,18000.0
2026-07-28,980l,元大虎尾,069984,5000,0,4250.0,0.0,5000,4250.0
2026-07-28,980l,元大虎尾,070290,50000,0,23500.0,0.0,50000,23500.0
2026-07-28,980l,元大虎尾,070504,4000,0,5160.0,0.0,4000,5160.0
2026-07-28,980l,元大虎尾,070787,0,411000,0.0,575400.0,-411000,-575400.0
2026-07-28,980l,元大虎尾,070967,25000,0,21000.0,0.0,25000,21000.0
2026-07-28,980l,元大虎尾,071254,14000,0,12460.0,0.0,14000,12460.0
2026-07-28,980l,元大虎尾,071270,0,100000,0.0,163000.0,-100000,-163000.0
2026-07-28,980l,元大虎尾,071326,10000,5000,19400.0,9450.0,5000,9950.0
2026-07-28,980l,元大虎尾,071664,0,220000,0.0,79200.0,-220000,-79200.0
2026-07-28,980l,元大虎尾,072142,6000,0,7140.0,0.0,6000,7140.0
2026-07-28,980l,元大虎尾,072562,0,300000,0.0,1471000.0,-300000,-1471000.0
2026-07-28,980l,元大虎尾,073132,0,5000,0.0,5200.0,-5000,-5200.0
2026-07-28,980l,元大虎尾,074954,1000,0,1900.0,0.0,1000,1900.0
2026-07-28,980l,元大虎尾,075453,51000,0,157080.0,0.0,51000,157080.0
2026-07-28,980l,元大虎尾,075843,0,7000,0.0,5460.0,-7000,-5460.0
2026-07-28,980l,元大虎尾,076617,1000,0,590.0,0.0,1000,590.0
2026-07-28,980l,元大虎尾,08720U,5000,0,800.0,0.0,5000,800.0
2026-07-28,980l,元大虎尾,08934U,25000,11000,2000.0,1320.0,14000,680.0
2026-07-28,980l,元大虎尾,700899,90000,0,38500.0,0.0,90000,38500.0
2026-07-28,980l,元大虎尾,707014,1000,0,980.0,0.0,1000,980.0
2026-07-28,980l,元大虎尾,708444,0,5000,0.0,3400.0,-5000,-3400.0
2026-07-28,980l,元大虎尾,708457,0,3000,0.0,2760.0,-3000,-2760.0
2026-07-28,980l,元大虎尾,708473,0,3000,0.0,3930.0,-3000,-3930.0
2026-07-28,980l,元大虎尾,709253,0,7000,0.0,7280.0,-7000,-7280.0
2026-07-28,9853,元大南屯,03001T,0,2000,0.0,2460.0,-2000,-2460.0
2026-07-28,9853,元大南屯,03010T,0,50000,0.0,9500.0,-50000,-9500.0
2026-07-28,9853,元大南屯,030573,155000,1000,333610.0,2190.0,154000,331420.0
2026-07-28,9853,元大南屯,03156T,4000,0,4800.0,0.0,4000,4800.0
2026-07-28,9853,元大南屯,03272T,0,5000,0.0,900.0,-5000,-900.0
2026-07-28,9853,元大南屯,03278T,50000,0,12900.0,0.0,50000,12900.0
2026-07-28,9853,元大南屯,03300T,0,2000,0.0,7070.0,-2000,-7070.0
2026-07-28,9853,元大南屯,03301T,0,4000,0.0,3940.0,-4000,-3940.0
2026-07-28,9853,元大南屯,033552,21000,0,35500.0,0.0,21000,35500.0
2026-07-28,9853,元大南屯,03383T,1000,0,1510.0,0.0,1000,1510.0
2026-07-28,9853,元大南屯,03402T,0,3000,0.0,5670.0,-3000,-5670.0
2026-07-28,9853,元大南屯,03418T,2000,0,1600.0,0.0,2000,1600.0
2026-07-28,9853,元大南屯,03420T,1000,0,2600.0,0.0,1000,2600.0
2026-07-28,9853,元大南屯,03427T,20000,6000,45000.0,13140.0,14000,31860.0
2026-07-28,9853,元大南屯,03442T,5000,0,7550.0,0.0,5000,7550.0
2026-07-28,9853,元大南屯,03487T,0,3000,0.0,5780.0,-3000,-5780.0
2026-07-28,9853,元大南屯,036855,2000,0,3340.0,0.0,2000,3340.0
2026-07-28,9853,元大南屯,03692T,1000,0,840.0,0.0,1000,840.0
2026-07-28,9853,元大南屯,03732B,0,20000,0.0,17400.0,-20000,-17400.0
2026-07-28,9853,元大南屯,03734B,1000,5000,1290.0,6500.0,-4000,-5210.0
2026-07-28,9853,元大南屯,03735B,0,16000,0.0,14720.0,-16000,-14720.0
2026-07-28,9853,元大南屯,03736B,0,5000,0.0,5700.0,-5000,-5700.0
2026-07-28,9853,元大南屯,03751T,1000,1000,3930.0,3910.0,0,20.0
2026-07-28,9853,元大南屯,03829T,3000,0,8530.0,0.0,3000,8530.0
2026-07-28,9853,元大南屯,03834T,2000,0,4280.0,0.0,2000,4280.0
2026-07-28,9853,元大南屯,03866T,11000,0,13670.0,0.0,11000,13670.0
2026-07-28,9853,元大南屯,038813,0,7000,0.0,1770.0,-7000,-1770.0
2026-07-28,9853,元大南屯,04016C,4000,0,7880.0,0.0,4000,7880.0
2026-07-28,9853,元大南屯,04018C,17000,0,24030.0,0.0,17000,24030.0
2026-07-28,9853,元大南屯,04019C,3000,0,3390.0,0.0,3000,3390.0
2026-07-28,9853,元大南屯,04021C,17000,0,8700.0,0.0,17000,8700.0
2026-07-28,9853,元大南屯,04022C,4000,0,3560.0,0.0,4000,3560.0
2026-07-28,9853,元大南屯,04023C,15000,0,9150.0,0.0,15000,9150.0
2026-07-28,9853,元大南屯,040982,0,1000,0.0,4780.0,-1000,-4780.0
2026-07-28,9853,元大南屯,048631,1000,0,2700.0,0.0,1000,2700.0
2026-07-28,9853,元大南屯,049939,1000,0,1630.0,0.0,1000,1630.0
2026-07-28,9853,元大南屯,050912,10000,0,400.0,0.0,10000,400.0
2026-07-28,9853,元大南屯,052223,3000,0,3800.0,0.0,3000,3800.0
2026-07-28,9853,元大南屯,052947,2000,0,1000.0,0.0,2000,1000.0
2026-07-28,9853,元大南屯,055948,156000,42000,249760.0,69960.0,114000,179800.0
2026-07-28,9853,元大南屯,056863,0,29000,0.0,38880.0,-29000,-38880.0
2026-07-28,9853,元大南屯,057018,300000,0,4820000.0,0.0,300000,4820000.0
2026-07-28,9853,元大南屯,057675,0,7000,0.0,3360.0,-7000,-3360.0
2026-07-28,9853,元大南屯,059365,0,1000,0.0,720.0,-1000,-720.0
2026-07-28,9853,元大南屯,059707,0,10000,0.0,30750.0,-10000,-30750.0
2026-07-28,9853,元大南屯,059837,0,27000,0.0,46440.0,-27000,-46440.0
2026-07-28,9853,元大南屯,060135,3000,0,3900.0,0.0,3000,3900.0
2026-07-28,9853,元大南屯,060461,1000,0,1170.0,0.0,1000,1170.0
2026-07-28,9853,元大南屯,060558,0,1000,0.0,900.0,-1000,-900.0
2026-07-28,9853,元大南屯,060990,120000,0,455000.0,0.0,120000,455000.0
2026-07-28,9853,元大南屯,061720,0,10000,0.0,18500.0,-10000,-18500.0
2026-07-28,9853,元大南屯,062635,4000,0,2640.0,0.0,4000,2640.0
2026-07-28,9853,元大南屯,063169,1199000,0,5130660.0,0.0,1199000,5130660.0
2026-07-28,9853,元大南屯,063344,0,9000,0.0,3330.0,-9000,-3330.0
2026-07-28,9853,元大南屯,063351,10000,0,5300.0,0.0,10000,5300.0
2026-07-28,9853,元大南屯,063621,2000,0,3440.0,0.0,2000,3440.0
2026-07-28,9853,元大南屯,063809,120000,0,176400.0,0.0,120000,176400.0
2026-07-28,9853,元大南屯,064348,0,9000,0.0,13050.0,-9000,-13050.0
2026-07-28,9853,元大南屯,064380,835000,0,1536000.0,0.0,835000,1536000.0
2026-07-28,9853,元大南屯,064421,135000,0,27050.0,0.0,135000,27050.0
2026-07-28,9853,元大南屯,064514,38000,0,28400.0,0.0,38000,28400.0
2026-07-28,9853,元大南屯,064745,100000,0,150000.0,0.0,100000,150000.0
2026-07-28,9853,元大南屯,065239,290000,0,559700.0,0.0,290000,559700.0
2026-07-28,9853,元大南屯,065609,0,4000,0.0,1960.0,-4000,-1960.0
2026-07-28,9853,元大南屯,065658,5000,9000,2350.0,4140.0,-4000,-1790.0
2026-07-28,9853,元大南屯,066125,345000,0,1110900.0,0.0,345000,1110900.0
2026-07-28,9853,元大南屯,066180,0,2000,0.0,2040.0,-2000,-2040.0
2026-07-28,9853,元大南屯,066235,100000,100000,145000.0,145000.0,0,0.0
2026-07-28,9853,元大南屯,066274,20000,0,70000.0,0.0,20000,70000.0
2026-07-28,9853,元大南屯,066314,10000,0,25000.0,0.0,10000,25000.0
2026-07-28,9853,元大南屯,066510,219000,0,395900.0,0.0,219000,395900.0
2026-07-28,9853,元大南屯,066591,0,31000,0.0,19090.0,-31000,-19090.0
2026-07-28,9853,元大南屯,066612,0,55000,0.0,40150.0,-55000,-40150.0
2026-07-28,9853,元大南屯,066669,0,1000,0.0,520.0,-1000,-520.0
2026-07-28,9853,元大南屯,066786,200000,0,516000.0,0.0,200000,516000.0
2026-07-28,9853,元大南屯,066855,201000,10000,366940.0,20900.0,191000,346040.0
2026-07-28,9853,元大南屯,066988,2000,0,2260.0,0.0,2000,2260.0
2026-07-28,9853,元大南屯,067050,10000,0,11400.0,0.0,10000,11400.0
2026-07-28,9853,元大南屯,067051,10000,0,15800.0,0.0,10000,15800.0
2026-07-28,9853,元大南屯,067162,5000,0,7700.0,0.0,5000,7700.0
2026-07-28,9853,元大南屯,067245,2000,0,4160.0,0.0,2000,4160.0
2026-07-28,9853,元大南屯,067278,37000,0,51800.0,0.0,37000,51800.0
2026-07-28,9853,元大南屯,067334,0,10000,0.0,9600.0,-10000,-9600.0
2026-07-28,9853,元大南屯,067607,21000,0,9310.0,0.0,21000,9310.0
2026-07-28,9853,元大南屯,067611,0,1000,0.0,630.0,-1000,-630.0
2026-07-28,9853,元大南屯,067638,0,10000,0.0,7500.0,-10000,-7500.0
2026-07-28,9853,元大南屯,067917,400000,0,816000.0,0.0,400000,816000.0
2026-07-28,9853,元大南屯,067918,100000,0,150000.0,0.0,100000,150000.0
2026-07-28,9853,元大南屯,067943,3000,0,3750.0,0.0,3000,3750.0
2026-07-28,9853,元大南屯,067995,0,1000,0.0,970.0,-1000,-970.0
2026-07-28,9853,元大南屯,068377,1000,0,4730.0,0.0,1000,4730.0
2026-07-28,9853,元大南屯,068426,1000,0,1010.0,0.0,1000,1010.0
2026-07-28,9853,元大南屯,068736,10000,0,10600.0,0.0,10000,10600.0
2026-07-28,9853,元大南屯,068747,1000,0,990.0,0.0,1000,990.0
2026-07-28,9853,元大南屯,068796,100000,0,118000.0,0.0,100000,118000.0
2026-07-28,9853,元大南屯,068873,0,2000,0.0,900.0,-2000,-900.0
2026-07-28,9853,元大南屯,068912,1000,0,930.0,0.0,1000,930.0
2026-07-28,9853,元大南屯,069051,0,10000,0.0,57500.0,-10000,-57500.0
2026-07-28,9853,元大南屯,069186,2000,0,1340.0,0.0,2000,1340.0
2026-07-28,9853,元大南屯,069283,1000,0,460.0,0.0,1000,460.0
2026-07-28,9853,元大南屯,069424,2000,0,1200.0,0.0,2000,1200.0
2026-07-28,9853,元大南屯,069666,5000,0,1200.0,0.0,5000,1200.0
2026-07-28,9853,元大南屯,070216,0,6000,0.0,5760.0,-6000,-5760.0
2026-07-28,9853,元大南屯,070348,2000,0,1000.0,0.0,2000,1000.0
2026-07-28,9853,元大南屯,070950,499000,0,503990.0,0.0,499000,503990.0
2026-07-28,9853,元大南屯,070962,5000,0,3350.0,0.0,5000,3350.0
2026-07-28,9853,元大南屯,070965,0,20000,0.0,10800.0,-20000,-10800.0
2026-07-28,9853,元大南屯,07117U,1000,0,250.0,0.0,1000,250.0
2026-07-28,9853,元大南屯,071254,0,100000,0.0,90000.0,-100000,-90000.0
2026-07-28,9853,元大南屯,071321,6000,0,12240.0,0.0,6000,12240.0
2026-07-28,9853,元大南屯,071646,0,105000,0.0,128400.0,-105000,-128400.0
2026-07-28,9853,元大南屯,071842,1000,0,1130.0,0.0,1000,1130.0
2026-07-28,9853,元大南屯,072002,0,6000,0.0,5280.0,-6000,-5280.0
2026-07-28,9853,元大南屯,072661,2000,0,460.0,0.0,2000,460.0
2026-07-28,9853,元大南屯,072996,499000,0,399200.0,0.0,499000,399200.0
2026-07-28,9853,元大南屯,073200,0,75000,0.0,101000.0,-75000,-101000.0
2026-07-28,9853,元大南屯,073201,499000,0,394210.0,0.0,499000,394210.0
2026-07-28,9853,元大南屯,073253,1000,0,730.0,0.0,1000,730.0
2026-07-28,9853,元大南屯,073412,26000,0,13520.0,0.0,26000,13520.0
2026-07-28,9853,元大南屯,074184,0,14000,0.0,10360.0,-14000,-10360.0
2026-07-28,9853,元大南屯,074422,0,20000,0.0,28600.0,-20000,-28600.0
2026-07-28,9853,元大南屯,074615,2000,0,3340.0,0.0,2000,3340.0
2026-07-28,9853,元大南屯,075075,499000,0,513970.0,0.0,499000,513970.0
2026-07-28,9853,元大南屯,075153,1996000,0,2470050.0,0.0,1996000,2470050.0
2026-07-28,9853,元大南屯,075596,8000,0,49200.0,0.0,8000,49200.0
2026-07-28,9853,元大南屯,075716,10000,0,10900.0,0.0,10000,10900.0
2026-07-28,9853,元大南屯,076030,0,4000,0.0,4600.0,-4000,-4600.0
2026-07-28,9853,元大南屯,076546,5000,0,4100.0,0.0,5000,4100.0
2026-07-28,9853,元大南屯,076861,499000,0,533930.0,0.0,499000,533930.0
2026-07-28,9853,元大南屯,076904,1000,0,1950.0,0.0,1000,1950.0
2026-07-28,9853,元大南屯,08992U,10000,0,27800.0,0.0,10000,27800.0
2026-07-28,9853,元大南屯,704108,0,4000,0.0,1200.0,-4000,-1200.0
2026-07-28,9853,元大南屯,704491,3000,0,630.0,0.0,3000,630.0
2026-07-28,9853,元大南屯,706705,1000,0,810.0,0.0,1000,810.0
2026-07-28,9853,元大南屯,707317,1000,0,1260.0,0.0,1000,1260.0
2026-07-28,9853,元大南屯,707329,20000,0,10000.0,0.0,20000,10000.0
2026-07-28,9853,元大南屯,707411,0,11000,0.0,5060.0,-11000,-5060.0
2026-07-28,9853,元大南屯,707449,1000,0,1360.0,0.0,1000,1360.0
2026-07-28,9853,元大南屯,707521,20000,0,4000.0,0.0,20000,4000.0
2026-07-28,9853,元大南屯,707676,0,1000,0.0,650.0,-1000,-650.0
2026-07-28,9853,元大南屯,707846,200000,0,26000.0,0.0,200000,26000.0
2026-07-28,9853,元大南屯,707881,1000,0,770.0,0.0,1000,770.0
2026-07-28,9853,元大南屯,708269,67000,0,60300.0,0.0,67000,60300.0
2026-07-28,9853,元大南屯,708473,0,1000,0.0,1470.0,-1000,-1470.0
2026-07-28,9853,元大南屯,708828,0,1000,0.0,520.0,-1000,-520.0
2026-07-28,9853,元大南屯,709011,0,1000,0.0,400.0,-1000,-400.0
2026-07-28,9853,元大南屯,709288,40000,0,12300.0,0.0,40000,12300.0
2026-07-28,9853,元大南屯,709345,1000,0,2920.0,0.0,1000,2920.0
2026-07-28,9853,元大南屯,709355,5000,0,2000.0,0.0,5000,2000.0
2026-07-28,9853,元大南屯,709507,0,4000,0.0,760.0,-4000,-760.0
2026-07-28,9853,元大南屯,710000,1000,0,2930.0,0.0,1000,2930.0
2026-07-28,9853,元大南屯,710296,1000,0,1520.0,0.0,1000,1520.0
2026-07-28,9853,元大南屯,710826,30000,30000,8100.0,9000.0,0,-900.0
2026-07-28,9853,元大南屯,710837,0,20000,0.0,7400.0,-20000,-7400.0
2026-07-28,9853,元大南屯,72850U,9000,0,3420.0,0.0,9000,3420.0
2026-07-28,9853,元大南屯,72853U,0,2000,0.0,2150.0,-2000,-2150.0
2026-07-28,9853,元大南屯,72865U,12000,0,3960.0,0.0,12000,3960.0
2026-07-28,9853,元大南屯,72904U,0,3000,0.0,6380.0,-3000,-6380.0
2026-07-28,9853,元大南屯,72952U,3000,0,5310.0,0.0,3000,5310.0
2026-07-28,9867,元大民權,03008T,10000,0,2500.0,0.0,10000,2500.0
2026-07-28,9867,元大民權,03051T,0,13000,0.0,4290.0,-13000,-4290.0
2026-07-28,9867,元大民權,030573,10000,0,21500.0,0.0,10000,21500.0
2026-07-28,9867,元大民權,03074T,1000,0,630.0,0.0,1000,630.0
2026-07-28,9867,元大民權,03605T,0,4000,0.0,4760.0,-4000,-4760.0
2026-07-28,9867,元大民權,03785T,27000,4000,46370.0,6720.0,23000,39650.0
2026-07-28,9867,元大民權,03797T,15000,8000,40110.0,21040.0,7000,19070.0
2026-07-28,9867,元大民權,03811T,13000,0,14840.0,0.0,13000,14840.0
2026-07-28,9867,元大民權,046795,0,8000,0.0,188800.0,-8000,-188800.0
2026-07-28,9867,元大民權,048356,0,1000,0.0,1960.0,-1000,-1960.0
2026-07-28,9867,元大民權,050721,23000,0,40250.0,0.0,23000,40250.0
2026-07-28,9867,元大民權,051241,10000,0,2200.0,0.0,10000,2200.0
2026-07-28,9867,元大民權,054353,0,3000,0.0,630.0,-3000,-630.0
2026-07-28,9867,元大民權,055634,5000,0,1950.0,0.0,5000,1950.0
2026-07-28,9867,元大民權,055818,5000,0,3050.0,0.0,5000,3050.0
2026-07-28,9867,元大民權,056945,10000,0,3300.0,0.0,10000,3300.0
2026-07-28,9867,元大民權,057580,20000,0,52000.0,0.0,20000,52000.0
2026-07-28,9867,元大民權,057808,0,1000,0.0,11400.0,-1000,-11400.0
2026-07-28,9867,元大民權,057903,5000,0,16250.0,0.0,5000,16250.0
2026-07-28,9867,元大民權,058604,4000,0,7040.0,0.0,4000,7040.0
2026-07-28,9867,元大民權,058875,0,50000,0.0,63500.0,-50000,-63500.0
2026-07-28,9867,元大民權,059036,0,499000,0.0,469060.0,-499000,-469060.0
2026-07-28,9867,元大民權,059838,1000,0,2300.0,0.0,1000,2300.0
2026-07-28,9867,元大民權,060735,43000,42000,29240.0,25620.0,1000,3620.0
2026-07-28,9867,元大民權,061153,0,10000,0.0,4800.0,-10000,-4800.0
2026-07-28,9867,元大民權,063109,7000,0,2800.0,0.0,7000,2800.0
2026-07-28,9867,元大民權,064372,0,10000,0.0,20800.0,-10000,-20800.0
2026-07-28,9867,元大民權,064514,40000,0,32650.0,0.0,40000,32650.0
2026-07-28,9867,元大民權,065058,3000,0,1050.0,0.0,3000,1050.0
2026-07-28,9867,元大民權,065422,20000,0,17600.0,0.0,20000,17600.0
2026-07-28,9867,元大民權,065426,1000,0,340.0,0.0,1000,340.0
2026-07-28,9867,元大民權,066056,5000,0,10950.0,0.0,5000,10950.0
2026-07-28,9867,元大民權,067142,0,1000,0.0,1650.0,-1000,-1650.0
2026-07-28,9867,元大民權,067300,7000,0,5110.0,0.0,7000,5110.0
2026-07-28,9867,元大民權,067800,46000,0,30100.0,0.0,46000,30100.0
2026-07-28,9867,元大民權,068868,1000,0,1030.0,0.0,1000,1030.0
2026-07-28,9867,元大民權,069290,0,40000,0.0,12800.0,-40000,-12800.0
2026-07-28,9867,元大民權,069372,60000,0,25200.0,0.0,60000,25200.0
2026-07-28,9867,元大民權,069450,28000,0,14000.0,0.0,28000,14000.0
2026-07-28,9867,元大民權,069668,110000,0,49400.0,0.0,110000,49400.0
2026-07-28,9867,元大民權,069944,0,4000,0.0,27800.0,-4000,-27800.0
2026-07-28,9867,元大民權,070850,1000,0,570.0,0.0,1000,570.0
2026-07-28,9867,元大民權,070869,10000,20000,10000.0,19400.0,-10000,-9400.0
2026-07-28,9867,元大民權,070962,60000,0,40200.0,0.0,60000,40200.0
2026-07-28,9867,元大民權,071268,100000,0,52000.0,0.0,100000,52000.0
2026-07-28,9867,元大民權,071284,100000,0,70000.0,0.0,100000,70000.0
2026-07-28,9867,元大民權,071538,0,100000,0.0,44000.0,-100000,-44000.0
2026-07-28,9867,元大民權,072498,50000,0,78000.0,0.0,50000,78000.0
2026-07-28,9867,元大民權,072902,40000,0,24800.0,0.0,40000,24800.0
2026-07-28,9867,元大民權,073547,54000,0,30240.0,0.0,54000,30240.0
2026-07-28,9867,元大民權,073701,47000,0,30080.0,0.0,47000,30080.0
2026-07-28,9867,元大民權,073879,45000,0,30600.0,0.0,45000,30600.0
2026-07-28,9867,元大民權,074322,25000,115000,28750.0,129950.0,-90000,-101200.0
2026-07-28,9867,元大民權,074347,640000,0,711160.0,0.0,640000,711160.0
2026-07-28,9867,元大民權,074475,30000,0,45300.0,0.0,30000,45300.0
2026-07-28,9867,元大民權,074995,10000,0,7300.0,0.0,10000,7300.0
2026-07-28,9867,元大民權,08630U,0,119000,0.0,10710.0,-119000,-10710.0
2026-07-28,9867,元大內湖民,703349,0,6000,0.0,88200.0,-6000,-88200.0
2026-07-28,9867,元大內湖民,704590,110000,0,69300.0,0.0,110000,69300.0
2026-07-28,9867,元大內湖民,707820,30000,0,26400.0,0.0,30000,26400.0
2026-07-28,9867,元大內湖民,709107,10000,0,11800.0,0.0,10000,11800.0
2026-07-28,9867,元大內湖民,709978,25000,0,22250.0,0.0,25000,22250.0
2026-07-28,9867,元大內湖民,710062,1000,0,850.0,0.0,1000,850.0
2026-07-28,9867,元大內湖民,710798,0,245000,0.0,156800.0,-245000,-156800.0
2026-07-28,9867,元大內湖民,711013,0,20000,0.0,16400.0,-20000,-16400.0
2026-07-28,9867,元大內湖民,711079,0,20000,0.0,15000.0,-20000,-15000.0
2026-07-28,9867,元大內湖民,711212,52000,0,58240.0,0.0,52000,58240.0
2026-07-28,9867,元大內湖民,72692U,229000,0,15530.0,0.0,229000,15530.0
2026-07-28,9867,元大內湖民,72855U,7000,26000,8660.0,33540.0,-19000,-24880.0
2026-07-28,989J,元大彰生,032944,5000,0,1100.0,0.0,5000,1100.0
2026-07-28,989J,元大彰生,03379T,0,1000,0.0,660.0,-1000,-660.0
2026-07-28,989J,元大彰生,035325,200000,0,88000.0,0.0,200000,88000.0
2026-07-28,989J,元大彰生,035369,0,10000,0.0,26700.0,-10000,-26700.0
2026-07-28,989J,元大彰生,03580T,0,3000,0.0,9390.0,-3000,-9390.0
2026-07-28,989J,元大彰生,03741T,0,1000,0.0,2850.0,-1000,-2850.0
2026-07-28,989J,元大彰生,040970,0,17000,0.0,46960.0,-17000,-46960.0
2026-07-28,989J,元大彰生,041511,30000,0,205500.0,0.0,30000,205500.0
2026-07-28,989J,元大彰生,043891,0,7000,0.0,22750.0,-7000,-22750.0
2026-07-28,989J,元大彰生,043992,2000,0,70800.0,0.0,2000,70800.0
2026-07-28,989J,元大彰生,044969,0,30000,0.0,9000.0,-30000,-9000.0
2026-07-28,989J,元大彰生,051272,0,3000,0.0,5550.0,-3000,-5550.0
2026-07-28,989J,元大彰生,052090,0,2000,0.0,7700.0,-2000,-7700.0
2026-07-28,989J,元大彰生,052205,0,20000,0.0,22400.0,-20000,-22400.0
2026-07-28,989J,元大彰生,053274,15000,0,3400.0,0.0,15000,3400.0
2026-07-28,989J,元大彰生,053653,0,10000,0.0,500.0,-10000,-500.0
2026-07-28,989J,元大彰生,057500,10000,0,900.0,0.0,10000,900.0
2026-07-28,989J,元大彰生,058161,0,35000,0.0,35350.0,-35000,-35350.0
2026-07-28,989J,元大彰生,058383,100000,0,153000.0,0.0,100000,153000.0
2026-07-28,989J,元大彰生,061003,10000,0,8100.0,0.0,10000,8100.0
2026-07-28,989J,元大彰生,062877,60000,60000,194400.0,181800.0,0,12600.0
2026-07-28,989J,元大彰生,065423,2000,0,1020.0,0.0,2000,1020.0
2026-07-28,989J,元大彰生,065426,5000,0,1650.0,0.0,5000,1650.0
2026-07-28,989J,元大彰生,065736,10000,0,5700.0,0.0,10000,5700.0
2026-07-28,989J,元大彰生,065880,0,40000,0.0,111200.0,-40000,-111200.0
2026-07-28,989J,元大彰生,066183,5000,0,7500.0,0.0,5000,7500.0
2026-07-28,989J,元大彰生,066505,5000,0,2950.0,0.0,5000,2950.0
2026-07-28,989J,元大彰生,067409,10000,0,4500.0,0.0,10000,4500.0
2026-07-28,989J,元大彰生,067538,0,10000,0.0,3600.0,-10000,-3600.0
2026-07-28,989J,元大彰生,067791,6000,0,6480.0,0.0,6000,6480.0
2026-07-28,989J,元大彰生,067803,0,10000,0.0,7300.0,-10000,-7300.0
2026-07-28,989J,元大彰生,067951,18000,0,20160.0,0.0,18000,20160.0
2026-07-28,989J,元大彰生,068365,6000,0,5760.0,0.0,6000,5760.0
2026-07-28,989J,元大彰生,068729,100000,0,148000.0,0.0,100000,148000.0
2026-07-28,989J,元大彰生,068980,4000,0,6440.0,0.0,4000,6440.0
2026-07-28,989J,元大彰生,069057,0,40000,0.0,24000.0,-40000,-24000.0
2026-07-28,989J,元大彰生,069085,0,30000,0.0,12000.0,-30000,-12000.0
2026-07-28,989J,元大彰生,070339,10000,0,8100.0,0.0,10000,8100.0
2026-07-28,989J,元大彰生,070356,0,22000,0.0,36520.0,-22000,-36520.0
2026-07-28,989J,元大彰生,070434,50000,0,90000.0,0.0,50000,90000.0
2026-07-28,989J,元大彰生,070683,41000,0,38130.0,0.0,41000,38130.0
2026-07-28,989J,元大彰生,070724,22000,0,9960.0,0.0,22000,9960.0
2026-07-28,989J,元大彰生,071088,0,20000,0.0,13200.0,-20000,-13200.0
2026-07-28,989J,元大彰生,071123,0,25000,0.0,20250.0,-25000,-20250.0
2026-07-28,989J,元大彰生,071467,1000,0,1240.0,0.0,1000,1240.0
2026-07-28,989J,元大彰生,071779,5000,0,3700.0,0.0,5000,3700.0
2026-07-28,989J,元大彰生,071986,0,5000,0.0,5800.0,-5000,-5800.0
2026-07-28,989J,元大彰生,072253,4000,0,1400.0,0.0,4000,1400.0
2026-07-28,989J,元大彰生,072331,0,20000,0.0,7400.0,-20000,-7400.0
2026-07-28,989J,元大彰生,072559,0,150000,0.0,286500.0,-150000,-286500.0
2026-07-28,989J,元大彰生,072562,24000,40000,128400.0,197200.0,-16000,-68800.0
2026-07-28,989J,元大彰生,073102,3000,0,2160.0,0.0,3000,2160.0
2026-07-28,989J,元大彰生,073244,0,10000,0.0,2800.0,-10000,-2800.0
2026-07-28,989J,元大彰生,073251,8000,0,8640.0,0.0,8000,8640.0
2026-07-28,989J,元大彰生,073554,100000,0,135000.0,0.0,100000,135000.0
2026-07-28,989J,元大彰生,074673,10000,0,13900.0,0.0,10000,13900.0
2026-07-28,989J,元大彰生,075793,10000,0,11400.0,0.0,10000,11400.0
2026-07-28,989J,元大彰生,076405,0,30000,0.0,26400.0,-30000,-26400.0
2026-07-28,989J,元大彰生,076576,2000,0,7050.0,0.0,2000,7050.0
2026-07-28,989J,元大彰生,076632,50000,0,54500.0,0.0,50000,54500.0
2026-07-28,989J,元大彰化,705845,50000,63000,353000.0,371700.0,-13000,-18700.0
2026-07-28,989J,元大彰化,705947,60000,0,35400.0,0.0,60000,35400.0
2026-07-28,989J,元大彰化,706031,0,14000,0.0,5740.0,-14000,-5740.0
2026-07-28,989J,元大彰化,706700,10000,0,9400.0,0.0,10000,9400.0
2026-07-28,989J,元大彰化,706894,0,10000,0.0,31500.0,-10000,-31500.0
2026-07-28,989J,元大彰化,707041,10000,0,11700.0,0.0,10000,11700.0
2026-07-28,989J,元大彰化,707331,0,269000,0.0,390050.0,-269000,-390050.0
2026-07-28,989J,元大彰化,707341,0,20000,0.0,23000.0,-20000,-23000.0
2026-07-28,989J,元大彰化,707735,0,300000,0.0,150280.0,-300000,-150280.0
2026-07-28,989J,元大彰化,707858,0,774000,0.0,434190.0,-774000,-434190.0
2026-07-28,989J,元大彰化,708015,0,11000,0.0,55000.0,-11000,-55000.0
2026-07-28,989J,元大彰化,709167,5000,0,1000.0,0.0,5000,1000.0
2026-07-28,989J,元大彰化,711084,50000,0,34000.0,0.0,50000,34000.0
2026-07-28,989J,元大彰化,72936U,0,1000,0.0,2490.0,-1000,-2490.0
2026-07-28,989Q,元大汐止,03594T,0,10000,0.0,12500.0,-10000,-12500.0
2026-07-28,989Q,元大汐止,03735B,0,200000,0.0,182000.0,-200000,-182000.0
2026-07-28,989Q,元大汐止,051286,40000,0,41400.0,0.0,40000,41400.0
2026-07-28,989Q,元大汐止,054694,6000,0,2280.0,0.0,6000,2280.0
2026-07-28,989Q,元大汐止,058441,1000,0,970.0,0.0,1000,970.0
2026-07-28,989Q,元大汐止,061432,0,10000,0.0,3000.0,-10000,-3000.0
2026-07-28,989Q,元大汐止,061624,20000,10000,34200.0,16900.0,10000,17300.0
2026-07-28,989Q,元大汐止,062832,4000,0,930.0,0.0,4000,930.0
2026-07-28,989Q,元大汐止,063344,2000,0,750.0,0.0,2000,750.0
2026-07-28,989Q,元大汐止,064689,1000,0,230.0,0.0,1000,230.0
2026-07-28,989Q,元大汐止,064703,70000,0,32300.0,0.0,70000,32300.0
2026-07-28,989Q,元大汐止,064727,0,3000,0.0,2010.0,-3000,-2010.0
2026-07-28,989Q,元大汐止,065115,10000,0,1000.0,0.0,10000,1000.0
2026-07-28,989Q,元大汐止,065129,0,1000,0.0,110.0,-1000,-110.0
2026-07-28,989Q,元大汐止,065271,0,1000,0.0,260.0,-1000,-260.0
2026-07-28,989Q,元大汐止,065423,50000,0,26000.0,0.0,50000,26000.0
2026-07-28,989Q,元大汐止,065426,0,58000,0.0,19140.0,-58000,-19140.0
2026-07-28,989Q,元大汐止,066056,2000,0,4380.0,0.0,2000,4380.0
2026-07-28,989Q,元大汐止,066147,5000,0,6550.0,0.0,5000,6550.0
2026-07-28,989Q,元大汐止,066186,1000,0,2200.0,0.0,1000,2200.0
2026-07-28,989Q,元大汐止,066302,10000,0,4900.0,0.0,10000,4900.0
2026-07-28,989Q,元大汐止,066382,2000,0,2280.0,0.0,2000,2280.0
2026-07-28,989Q,元大汐止,066479,10000,0,16300.0,0.0,10000,16300.0
2026-07-28,989Q,元大汐止,066595,20000,0,7000.0,0.0,20000,7000.0
2026-07-28,989Q,元大汐止,066729,1000,0,410.0,0.0,1000,410.0
2026-07-28,989Q,元大汐止,067050,2000,0,2340.0,0.0,2000,2340.0
2026-07-28,989Q,元大汐止,067122,0,2000,0.0,840.0,-2000,-840.0
2026-07-28,989Q,元大汐止,067216,1000,0,450.0,0.0,1000,450.0
2026-07-28,989Q,元大汐止,067390,28000,0,22680.0,0.0,28000,22680.0
2026-07-28,989Q,元大汐止,067482,0,20000,0.0,34800.0,-20000,-34800.0
2026-07-28,989Q,元大汐止,068109,500000,0,275000.0,0.0,500000,275000.0
2026-07-28,989Q,元大汐止,069282,20000,0,11800.0,0.0,20000,11800.0
2026-07-28,989Q,元大汐止,069370,50000,10000,35000.0,7200.0,40000,27800.0
2026-07-28,989Q,元大汐止,069413,10000,0,5900.0,0.0,10000,5900.0
2026-07-28,989Q,元大汐止,070339,0,5000,0.0,4050.0,-5000,-4050.0
2026-07-28,989Q,元大汐止,071254,4000,0,3620.0,0.0,4000,3620.0
2026-07-28,989Q,元大汐止,071884,100000,0,122000.0,0.0,100000,122000.0
2026-07-28,989Q,元大汐止,071889,20000,0,24500.0,0.0,20000,24500.0
2026-07-28,989Q,元大汐止,071997,30000,0,44600.0,0.0,30000,44600.0
2026-07-28,989Q,元大汐止,072251,10000,0,4600.0,0.0,10000,4600.0
2026-07-28,989Q,元大汐止,072757,2000,0,710.0,0.0,2000,710.0
2026-07-28,989Q,元大汐止,073915,20000,0,10600.0,0.0,20000,10600.0
2026-07-28,989Q,元大汐止,075829,350000,0,167500.0,0.0,350000,167500.0
2026-07-28,989Q,元大汐止,076767,5000,28000,3200.0,18530.0,-23000,-15330.0
2026-07-28,989Q,元大汐止,077285,0,100000,0.0,61000.0,-100000,-61000.0
2026-07-28,989Q,元大汐止,08809U,3000,0,2790.0,0.0,3000,2790.0
2026-07-28,989Q,元大汐止,08826U,10000,10000,13440.0,13740.0,0,-300.0
2026-07-28,989Q,元大汐止,705483,3000,0,720.0,0.0,3000,720.0
2026-07-28,989Q,元大汐止,705553,10000,0,17400.0,0.0,10000,17400.0
2026-07-28,989Q,元大汐止,705880,1000,0,210.0,0.0,1000,210.0
2026-07-28,989Q,元大汐止,706957,20000,0,18600.0,0.0,20000,18600.0
2026-07-28,989Q,元大汐止,707050,0,1000,0.0,1380.0,-1000,-1380.0
2026-07-28,989Q,元大汐止,707797,15000,0,24750.0,0.0,15000,24750.0
2026-07-28,989Q,元大汐止,708176,0,20000,0.0,19000.0,-20000,-19000.0
2026-07-28,989Q,元大汐止,708843,10000,0,15100.0,0.0,10000,15100.0
2026-07-28,989Q,元大汐止,709151,1000,0,240.0,0.0,1000,240.0
2026-07-28,989Q,元大汐止,709390,10000,0,3000.0,0.0,10000,3000.0
2026-07-28,989Q,元大汐止,710802,1000,0,360.0,0.0,1000,360.0
2026-07-28,989Q,元大汐止,72858U,0,1000,0.0,1100.0,-1000,-1100.0
2026-07-28,989a,元大苑裡,031273,1000,0,770.0,0.0,1000,770.0
2026-07-28,989a,元大苑裡,03410T,0,5000,0.0,7200.0,-5000,-7200.0
2026-07-28,989a,元大苑裡,03599T,0,30000,0.0,48900.0,-30000,-48900.0
2026-07-28,989a,元大苑裡,03605T,0,6000,0.0,7200.0,-6000,-7200.0
2026-07-28,989a,元大苑裡,040639,1000,0,1670.0,0.0,1000,1670.0
2026-07-28,989a,元大苑裡,053262,10000,0,8200.0,0.0,10000,8200.0
2026-07-28,989a,元大苑裡,057783,10000,0,17400.0,0.0,10000,17400.0
2026-07-28,989a,元大苑裡,058610,0,7000,0.0,2030.0,-7000,-2030.0
2026-07-28,989a,元大苑裡,061954,2000,0,1560.0,0.0,2000,1560.0
2026-07-28,989a,元大苑裡,062650,3000,0,1830.0,0.0,3000,1830.0
2026-07-28,989a,元大苑裡,063155,0,1000,0.0,1700.0,-1000,-1700.0
2026-07-28,989a,元大苑裡,065424,2000,0,1780.0,0.0,2000,1780.0
2026-07-28,989a,元大苑裡,066055,2000,0,2920.0,0.0,2000,2920.0
2026-07-28,989a,元大苑裡,066056,2000,0,4380.0,0.0,2000,4380.0
2026-07-28,989a,元大苑裡,066185,5000,0,12800.0,0.0,5000,12800.0
2026-07-28,989a,元大苑裡,066529,1000,0,1040.0,0.0,1000,1040.0
2026-07-28,989a,元大苑裡,067945,0,5000,0.0,5500.0,-5000,-5500.0
2026-07-28,989a,元大苑裡,068003,13000,0,11400.0,0.0,13000,11400.0
2026-07-28,989a,元大苑裡,068091,0,30000,0.0,16500.0,-30000,-16500.0
2026-07-28,989a,元大苑裡,068111,10000,0,5100.0,0.0,10000,5100.0
2026-07-28,989a,元大苑裡,068979,1000,0,2170.0,0.0,1000,2170.0
2026-07-28,989a,元大苑裡,069625,3000,0,1890.0,0.0,3000,1890.0
2026-07-28,989a,元大苑裡,070841,200000,0,22000.0,0.0,200000,22000.0
2026-07-28,989a,元大苑裡,070935,10000,0,11000.0,0.0,10000,11000.0
2026-07-28,989a,元大苑裡,071130,0,9000,0.0,7470.0,-9000,-7470.0
2026-07-28,989a,元大苑裡,071240,0,16000,0.0,22720.0,-16000,-22720.0
2026-07-28,989a,元大苑裡,071467,0,6000,0.0,7440.0,-6000,-7440.0
2026-07-28,989a,元大苑裡,071987,0,40000,0.0,32000.0,-40000,-32000.0
2026-07-28,989a,元大苑裡,072388,66000,0,174240.0,0.0,66000,174240.0
2026-07-28,989a,元大苑裡,076041,9000,0,13230.0,0.0,9000,13230.0
2026-07-28,989a,元大苑裡,076269,0,10000,0.0,9500.0,-10000,-9500.0
2026-07-28,989a,元大苑裡,077275,9000,0,10440.0,0.0,9000,10440.0
2026-07-28,989a,元大苑裡,08462U,0,1000,0.0,1470.0,-1000,-1470.0
2026-07-28,989a,元大苑裡,700843,2000,0,1460.0,0.0,2000,1460.0
2026-07-28,989a,元大苑裡,701438,2000,0,3900.0,0.0,2000,3900.0
2026-07-28,989a,元大苑裡,704507,2000,0,2140.0,0.0,2000,2140.0
2026-07-28,989a,元大苑裡,709550,8000,0,1120.0,0.0,8000,1120.0
2026-07-28,989a,元大苑裡,709656,0,8000,0.0,4240.0,-8000,-4240.0
2026-07-28,989a,元大苑裡,709665,2000,0,4260.0,0.0,2000,4260.0
2026-07-28,989a,元大苑裡,709748,5000,0,1350.0,0.0,5000,1350.0
2026-07-28,989a,元大苑裡,710965,0,4000,0.0,6240.0,-4000,-6240.0
2026-07-28,989a,元大苑裡,711561,10000,0,9700.0,0.0,10000,9700.0
2026-07-28,989f,元大東港,03013T,0,1000,0.0,100.0,-1000,-100.0
2026-07-28,989f,元大東港,030251,15000,0,1350.0,0.0,15000,1350.0
2026-07-28,989f,元大東港,038985,0,20000,0.0,2200.0,-20000,-2200.0
2026-07-28,989f,元大東港,052806,0,20000,0.0,10400.0,-20000,-10400.0
2026-07-28,989f,元大東港,059035,15000,0,9050.0,0.0,15000,9050.0
2026-07-28,989f,元大東港,059061,0,10000,0.0,7300.0,-10000,-7300.0
2026-07-28,989f,元大東港,059073,5000,0,1200.0,0.0,5000,1200.0
2026-07-28,989f,元大東港,059671,70000,0,38500.0,0.0,70000,38500.0
2026-07-28,989f,元大東港,062273,30000,0,38400.0,0.0,30000,38400.0
2026-07-28,989f,元大東港,063821,10000,0,5800.0,0.0,10000,5800.0
2026-07-28,989f,元大東港,064149,4000,0,4320.0,0.0,4000,4320.0
2026-07-28,989f,元大東港,064418,4000,0,3720.0,0.0,4000,3720.0
2026-07-28,989f,元大東港,064524,5000,0,4650.0,0.0,5000,4650.0
2026-07-28,989f,元大東港,064584,10000,0,46000.0,0.0,10000,46000.0
2026-07-28,989f,元大東港,065423,10000,0,5500.0,0.0,10000,5500.0
2026-07-28,989f,元大東港,065426,89000,0,31150.0,0.0,89000,31150.0
2026-07-28,989f,元大東港,065451,187000,0,112000.0,0.0,187000,112000.0
2026-07-28,989f,元大東港,065480,20000,0,26000.0,0.0,20000,26000.0
2026-07-28,989f,元大東港,065549,2000,0,6800.0,0.0,2000,6800.0
2026-07-28,989f,元大東港,065743,8000,0,9120.0,0.0,8000,9120.0
2026-07-28,989f,元大東港,066425,5000,0,5400.0,0.0,5000,5400.0
2026-07-28,989f,元大東港,066472,1000,0,2130.0,0.0,1000,2130.0
2026-07-28,989f,元大東港,066544,50000,0,9000.0,0.0,50000,9000.0
2026-07-28,989f,元大東港,067394,20000,0,2800.0,0.0,20000,2800.0
2026-07-28,989f,元大東港,067564,100000,0,4000.0,0.0,100000,4000.0
2026-07-28,989f,元大東港,067587,30000,0,51000.0,0.0,30000,51000.0
2026-07-28,989f,元大東港,067627,100000,0,96000.0,0.0,100000,96000.0
2026-07-28,989f,元大東港,068386,0,9000,0.0,27540.0,-9000,-27540.0
2026-07-28,989f,元大東港,069154,0,4304000,0.0,660570.0,-4304000,-660570.0
2026-07-28,989f,元大東港,070194,25000,0,21250.0,0.0,25000,21250.0
2026-07-28,989f,元大東港,070339,5000,0,3750.0,0.0,5000,3750.0
2026-07-28,989f,元大東港,070438,10000,0,5000.0,0.0,10000,5000.0
2026-07-28,989f,元大東港,070947,150000,0,124000.0,0.0,150000,124000.0
2026-07-28,989f,元大東港,073049,50000,0,5500.0,0.0,50000,5500.0
2026-07-28,989f,元大東港,073915,6000,0,3180.0,0.0,6000,3180.0
2026-07-28,989f,元大東港,075266,3000,0,1230.0,0.0,3000,1230.0
2026-07-28,989f,元大東港,076649,1000,0,1100.0,0.0,1000,1100.0
2026-07-28,989f,元大東港,707006,0,10000,0.0,8300.0,-10000,-8300.0
2026-07-28,989f,元大東港,707735,10000,0,5000.0,0.0,10000,5000.0
2026-07-28,989f,元大東港,709487,0,1000000,0.0,530000.0,-1000000,-530000.0
2026-07-28,989f,元大東港,709978,0,4000,0.0,3840.0,-4000,-3840.0
2026-07-28,9A9P,永豐竹北,03457T,5000,0,6650.0,0.0,5000,6650.0
2026-07-28,9A9P,永豐竹北,03502T,0,60000,0.0,64800.0,-60000,-64800.0
2026-07-28,9A9P,永豐竹北,03555T,0,120000,0.0,254400.0,-120000,-254400.0
2026-07-28,9A9P,永豐竹北,037648,0,21000,0.0,105200.0,-21000,-105200.0
2026-07-28,9A9P,永豐竹北,03873T,0,14000,0.0,21980.0,-14000,-21980.0
2026-07-28,9A9P,永豐竹北,038795,15000,0,18900.0,0.0,15000,18900.0
2026-07-28,9A9P,永豐竹北,048474,0,45000,0.0,31350.0,-45000,-31350.0
2026-07-28,9A9P,永豐竹北,049676,46000,0,116250.0,0.0,46000,116250.0
2026-07-28,9A9P,永豐竹北,049911,20000,0,37200.0,0.0,20000,37200.0
2026-07-28,9A9P,永豐竹北,052188,20000,0,11300.0,0.0,20000,11300.0
2026-07-28,9A9P,永豐竹北,052191,2000,0,1400.0,0.0,2000,1400.0
2026-07-28,9A9P,永豐竹北,053648,4000,0,16190.0,0.0,4000,16190.0
2026-07-28,9A9P,永豐竹北,054694,0,14000,0.0,5460.0,-14000,-5460.0
2026-07-28,9A9P,永豐竹北,055124,0,100000,0.0,19000.0,-100000,-19000.0
2026-07-28,9A9P,永豐竹北,055785,2000,0,14300.0,0.0,2000,14300.0
2026-07-28,9A9P,永豐竹北,056058,6000,0,5580.0,0.0,6000,5580.0
2026-07-28,9A9P,永豐竹北,056683,1000,0,8750.0,0.0,1000,8750.0
2026-07-28,9A9P,永豐竹北,057009,0,20000,0.0,26600.0,-20000,-26600.0
2026-07-28,9A9P,永豐竹北,057491,0,5000,0.0,19100.0,-5000,-19100.0
2026-07-28,9A9P,永豐竹北,057492,10000,0,60000.0,0.0,10000,60000.0
2026-07-28,9A9P,永豐竹北,057896,18000,0,720.0,0.0,18000,720.0
2026-07-28,9A9P,永豐竹北,059867,14000,0,16460.0,0.0,14000,16460.0
2026-07-28,9A9P,永豐竹北,060496,2000,0,7150.0,0.0,2000,7150.0
2026-07-28,9A9P,永豐竹北,060525,0,20000,0.0,15400.0,-20000,-15400.0
2026-07-28,9A9P,永豐竹北,060574,180000,100000,109200.0,61000.0,80000,48200.0
2026-07-28,9A9P,永豐竹北,061566,10000,0,39200.0,0.0,10000,39200.0
2026-07-28,9A9P,永豐竹北,062038,0,1000,0.0,1170.0,-1000,-1170.0
2026-07-28,9A9P,永豐竹北,062339,20000,0,19900.0,0.0,20000,19900.0
2026-07-28,9A9P,永豐竹北,062449,10000,0,43800.0,0.0,10000,43800.0
2026-07-28,9A9P,永豐竹北,063485,0,5000,0.0,19000.0,-5000,-19000.0
2026-07-28,9A9P,永豐竹北,063703,100000,0,191000.0,0.0,100000,191000.0
2026-07-28,9A9P,永豐竹北,064207,0,130000,0.0,104000.0,-130000,-104000.0
2026-07-28,9A9P,永豐竹北,064825,0,200000,0.0,52000.0,-200000,-52000.0
2026-07-28,9A9P,永豐竹北,065424,60000,0,54300.0,0.0,60000,54300.0
2026-07-28,9A9P,永豐竹北,065480,0,43000,0.0,55560.0,-43000,-55560.0
2026-07-28,9A9P,永豐竹北,065565,100000,50000,89000.0,45500.0,50000,43500.0
2026-07-28,9A9P,永豐竹北,066043,0,710000,0.0,1555160.0,-710000,-1555160.0
2026-07-28,9A9P,永豐竹北,066073,9000,2000,14390.0,3280.0,7000,11110.0
2026-07-28,9A9P,永豐竹北,066110,15000,0,2550.0,0.0,15000,2550.0
2026-07-28,9A9P,永豐竹北,066145,1000,0,2240.0,0.0,1000,2240.0
2026-07-28,9A9P,永豐竹北,066146,40000,0,126100.0,0.0,40000,126100.0
2026-07-28,9A9P,永豐竹北,066173,20000,0,37100.0,0.0,20000,37100.0
2026-07-28,9A9P,永豐竹北,066175,20000,0,37600.0,0.0,20000,37600.0
2026-07-28,9A9P,永豐竹北,066467,20000,0,32600.0,0.0,20000,32600.0
2026-07-28,9A9P,永豐竹北,066694,0,350000,0.0,127500.0,-350000,-127500.0
2026-07-28,9A9P,永豐竹北,066782,50000,0,36500.0,0.0,50000,36500.0
2026-07-28,9A9P,永豐竹北,067105,11000,0,10320.0,0.0,11000,10320.0
2026-07-28,9A9P,永豐竹北,067203,12000,0,32160.0,0.0,12000,32160.0
2026-07-28,9A9P,永豐竹北,067299,25000,0,23500.0,0.0,25000,23500.0
2026-07-28,9A9P,永豐竹北,067697,0,50000,0.0,27500.0,-50000,-27500.0
2026-07-28,9A9P,永豐竹北,067960,0,200000,0.0,94000.0,-200000,-94000.0
2026-07-28,9A9P,永豐竹北,068002,2000,0,2160.0,0.0,2000,2160.0
2026-07-28,9A9P,永豐竹北,068427,6000,6000,9120.0,9060.0,0,60.0
2026-07-28,9A9P,永豐竹北,068508,0,150000,0.0,116500.0,-150000,-116500.0
2026-07-28,9A9P,永豐竹北,068665,5000,0,13300.0,0.0,5000,13300.0
2026-07-28,9A9P,永豐竹北,068812,21000,0,11980.0,0.0,21000,11980.0
2026-07-28,9A9P,永豐竹北,069012,50000,0,30500.0,0.0,50000,30500.0
2026-07-28,9A9P,永豐竹北,069110,100000,0,73000.0,0.0,100000,73000.0
2026-07-28,9A9P,永豐竹北,069461,0,190000,0.0,80450.0,-190000,-80450.0
2026-07-28,9A9P,永豐竹北,069523,0,120000,0.0,80400.0,-120000,-80400.0
2026-07-28,9A9P,永豐竹北,070192,20000,0,8400.0,0.0,20000,8400.0
2026-07-28,9A9P,永豐竹北,070323,0,50000,0.0,32500.0,-50000,-32500.0
2026-07-28,9A9P,永豐竹北,070347,10000,0,9120.0,0.0,10000,9120.0
2026-07-28,9A9P,永豐竹北,071321,25000,0,50600.0,0.0,25000,50600.0
2026-07-28,9A9P,永豐竹北,071672,10000,10000,17800.0,17500.0,0,300.0
2026-07-28,9A9P,永豐竹北,073003,80000,0,40800.0,0.0,80000,40800.0
2026-07-28,9A9P,永豐竹北,074542,50000,0,42600.0,0.0,50000,42600.0
2026-07-28,9A9P,永豐竹北,075166,100000,0,107000.0,0.0,100000,107000.0
2026-07-28,9A9P,永豐竹北,075263,310000,0,339900.0,0.0,310000,339900.0
2026-07-28,9A9P,永豐竹北,075382,24000,0,28120.0,0.0,24000,28120.0
2026-07-28,9A9P,永豐竹北,075716,310000,0,339900.0,0.0,310000,339900.0
2026-07-28,9A9P,永豐竹北,076620,70000,0,62800.0,0.0,70000,62800.0
2026-07-28,9A9P,永豐竹北,077727,0,2000,0.0,5480.0,-2000,-5480.0
2026-07-28,9A9P,永豐竹北,08975U,0,10000,0.0,3000.0,-10000,-3000.0
2026-07-28,9A9P,永豐金竹北,700264,0,20000,0.0,5400.0,-20000,-5400.0
2026-07-28,9A9P,永豐金竹北,702185,10000,0,32500.0,0.0,10000,32500.0
2026-07-28,9A9P,永豐金竹北,705489,0,90000,0.0,86500.0,-90000,-86500.0
2026-07-28,9A9P,永豐金竹北,705845,3000,0,19500.0,0.0,3000,19500.0
2026-07-28,9A9P,永豐金竹北,707792,0,16000,0.0,14240.0,-16000,-14240.0
2026-07-28,9A9P,永豐金竹北,708870,0,30000,0.0,6300.0,-30000,-6300.0
2026-07-28,9A9P,永豐金竹北,709001,1000,0,800.0,0.0,1000,800.0
2026-07-28,9A9P,永豐金竹北,709192,20000,0,13200.0,0.0,20000,13200.0
2026-07-28,9A9P,永豐金竹北,709312,10000,0,2300.0,0.0,10000,2300.0
2026-07-28,9A9P,永豐金竹北,709809,100000,0,99000.0,0.0,100000,99000.0
2026-07-28,9A9P,永豐金竹北,710062,20000,0,16000.0,0.0,20000,16000.0
2026-07-28,9A9P,永豐金竹北,711812,100000,0,83000.0,0.0,100000,83000.0
2026-07-28,9A9P,永豐金竹北,726927,50000,0,5000.0,0.0,50000,5000.0
2026-07-28,9A9P,永豐金竹北,72818U,0,140000,0.0,23800.0,-140000,-23800.0
2026-07-28,9A9P,永豐金竹北,72854U,0,150000,0.0,43500.0,-150000,-43500.0
2026-07-28,9A9P,永豐金竹北,72858U,0,4000,0.0,4480.0,-4000,-4480.0
2026-07-28,9A9P,永豐金竹北,72865U,0,340000,0.0,115200.0,-340000,-115200.0
2026-07-28,9A9P,永豐金竹北,72936U,0,6000,0.0,14760.0,-6000,-14760.0
2026-07-28,9A9P,永豐金竹北,733760,0,9000,0.0,2790.0,-9000,-2790.0
2026-07-28,9A9R,永豐信義,03035T,0,2000,0.0,960.0,-2000,-960.0
2026-07-28,9A9R,永豐信義,03502T,0,500000,0.0,540000.0,-500000,-540000.0
2026-07-28,9A9R,永豐信義,03665T,10000,0,18200.0,0.0,10000,18200.0
2026-07-28,9A9R,永豐信義,03670T,30000,10000,42000.0,13200.0,20000,28800.0
2026-07-28,9A9R,永豐信義,03742T,0,40000,0.0,46800.0,-40000,-46800.0
2026-07-28,9A9R,永豐信義,03789T,10000,5000,45800.0,21700.0,5000,24100.0
2026-07-28,9A9R,永豐信義,03835T,10000,0,22800.0,0.0,10000,22800.0
2026-07-28,9A9R,永豐信義,03876T,0,20000,0.0,31600.0,-20000,-31600.0
2026-07-28,9A9R,永豐信義,040982,0,1000,0.0,4760.0,-1000,-4760.0
2026-07-28,9A9R,永豐信義,052213,10000,0,7900.0,0.0,10000,7900.0
2026-07-28,9A9R,永豐信義,05366U,0,60000,0.0,29200.0,-60000,-29200.0
2026-07-28,9A9R,永豐信義,056779,10000,0,1400.0,0.0,10000,1400.0
2026-07-28,9A9R,永豐信義,058071,20000,0,4200.0,0.0,20000,4200.0
2026-07-28,9A9R,永豐信義,060354,0,5000,0.0,14720.0,-5000,-14720.0
2026-07-28,9A9R,永豐信義,065494,82000,0,51500.0,0.0,82000,51500.0
2026-07-28,9A9R,永豐信義,065991,7000,0,5880.0,0.0,7000,5880.0
2026-07-28,9A9R,永豐信義,066286,10000,0,20800.0,0.0,10000,20800.0
2026-07-28,9A9R,永豐信義,069852,10000,0,2500.0,0.0,10000,2500.0
2026-07-28,9A9R,永豐信義,071459,20000,0,10500.0,0.0,20000,10500.0
2026-07-28,9A9R,永豐信義,072665,40000,0,7400.0,0.0,40000,7400.0
2026-07-28,9A9R,永豐信義,075810,30000,0,26250.0,0.0,30000,26250.0
2026-07-28,9A9R,永豐金信義,72760U,0,100000,0.0,15000.0,-100000,-15000.0
2026-07-28,9A9R,永豐金信義,72889U,30000,0,29000.0,0.0,30000,29000.0
2026-07-28,9A9R,永豐金信義,72891U,20000,0,42200.0,0.0,20000,42200.0
2026-07-28,9A9W,永豐市政,03035T,0,5000,0.0,2350.0,-5000,-2350.0
2026-07-28,9A9W,永豐市政,03120T,0,18000,0.0,18150.0,-18000,-18150.0
2026-07-28,9A9W,永豐市政,03129T,0,3000,0.0,3860.0,-3000,-3860.0
2026-07-28,9A9W,永豐市政,03142T,1000,0,340.0,0.0,1000,340.0
2026-07-28,9A9W,永豐市政,031473,4000,1000,3750.0,1000.0,3000,2750.0
2026-07-28,9A9W,永豐市政,03159T,0,25000,0.0,22000.0,-25000,-22000.0
2026-07-28,9A9W,永豐市政,03194T,20000,0,14400.0,0.0,20000,14400.0
2026-07-28,9A9W,永豐市政,03204T,0,1000,0.0,980.0,-1000,-980.0
2026-07-28,9A9W,永豐市政,03241T,0,11000,0.0,7390.0,-11000,-7390.0
2026-07-28,9A9W,永豐市政,03248T,20000,0,19400.0,0.0,20000,19400.0
2026-07-28,9A9W,永豐市政,03255T,0,30000,0.0,27900.0,-30000,-27900.0
2026-07-28,9A9W,永豐市政,03257T,0,3000,0.0,4440.0,-3000,-4440.0
2026-07-28,9A9W,永豐市政,03264T,0,10000,0.0,7650.0,-10000,-7650.0
2026-07-28,9A9W,永豐市政,03272T,0,1000,0.0,140.0,-1000,-140.0
2026-07-28,9A9W,永豐市政,03281T,0,1000,0.0,1260.0,-1000,-1260.0
2026-07-28,9A9W,永豐市政,03288T,0,2000,0.0,1460.0,-2000,-1460.0
2026-07-28,9A9W,永豐市政,03291T,0,20000,0.0,12400.0,-20000,-12400.0
2026-07-28,9A9W,永豐市政,03293T,0,1000,0.0,1170.0,-1000,-1170.0
2026-07-28,9A9W,永豐市政,03306T,20000,0,33300.0,0.0,20000,33300.0
2026-07-28,9A9W,永豐市政,03319T,0,7000,0.0,4810.0,-7000,-4810.0
2026-07-28,9A9W,永豐市政,03320T,0,2000,0.0,2600.0,-2000,-2600.0
2026-07-28,9A9W,永豐市政,03338T,200000,30000,308000.0,45100.0,170000,262900.0
2026-07-28,9A9W,永豐市政,03348T,0,2000,0.0,3510.0,-2000,-3510.0
2026-07-28,9A9W,永豐市政,033552,10000,0,16900.0,0.0,10000,16900.0
2026-07-28,9A9W,永豐市政,03431T,17000,0,22780.0,0.0,17000,22780.0
2026-07-28,9A9W,永豐市政,03465T,10000,0,19000.0,0.0,10000,19000.0
2026-07-28,9A9W,永豐市政,03466T,6000,0,10680.0,0.0,6000,10680.0
2026-07-28,9A9W,永豐市政,03474T,6000,0,6300.0,0.0,6000,6300.0
2026-07-28,9A9W,永豐市政,03537T,4000,1000,4220.0,1080.0,3000,3140.0
2026-07-28,9A9W,永豐市政,03599T,40000,0,66000.0,0.0,40000,66000.0
2026-07-28,9A9W,永豐市政,03679T,10000,0,18100.0,0.0,10000,18100.0
2026-07-28,9A9W,永豐市政,03687T,0,30000,0.0,72000.0,-30000,-72000.0
2026-07-28,9A9W,永豐市政,03690T,45000,0,65700.0,0.0,45000,65700.0
2026-07-28,9A9W,永豐市政,03732B,1000,0,880.0,0.0,1000,880.0
2026-07-28,9A9W,永豐市政,03734B,17000,0,21930.0,0.0,17000,21930.0
2026-07-28,9A9W,永豐市政,038321,15000,0,52300.0,0.0,15000,52300.0
2026-07-28,9A9W,永豐市政,038851,21000,0,75760.0,0.0,21000,75760.0
2026-07-28,9A9W,永豐市政,039446,20000,25000,31200.0,38100.0,-5000,-6900.0
2026-07-28,9A9W,永豐市政,04015C,1000,0,1330.0,0.0,1000,1330.0
2026-07-28,9A9W,永豐市政,04016C,0,6000,0.0,12000.0,-6000,-12000.0
2026-07-28,9A9W,永豐市政,04018C,2000,0,2800.0,0.0,2000,2800.0
2026-07-28,9A9W,永豐市政,04021C,15000,68000,7850.0,35360.0,-53000,-27510.0
2026-07-28,9A9W,永豐市政,040985,0,42000,0.0,7560.0,-42000,-7560.0
2026-07-28,9A9W,永豐市政,043891,1000,0,3200.0,0.0,1000,3200.0
2026-07-28,9A9W,永豐市政,044171,1000,0,3500.0,0.0,1000,3500.0
2026-07-28,9A9W,永豐市政,045132,0,10000,0.0,26000.0,-10000,-26000.0
2026-07-28,9A9W,永豐市政,045450,2000,0,1600.0,0.0,2000,1600.0
2026-07-28,9A9W,永豐市政,050721,5000,0,8750.0,0.0,5000,8750.0
2026-07-28,9A9W,永豐市政,051259,5000,0,8600.0,0.0,5000,8600.0
2026-07-28,9A9W,永豐市政,051262,1000,0,3170.0,0.0,1000,3170.0
2026-07-28,9A9W,永豐市政,051263,20000,0,57200.0,0.0,20000,57200.0
2026-07-28,9A9W,永豐市政,052325,0,6000,0.0,4260.0,-6000,-4260.0
2026-07-28,9A9W,永豐市政,052547,15000,0,4330.0,0.0,15000,4330.0
2026-07-28,9A9W,永豐市政,052676,10000,0,1800.0,0.0,10000,1800.0
2026-07-28,9A9W,永豐市政,053085,3000,0,2950.0,0.0,3000,2950.0
2026-07-28,9A9W,永豐市政,053648,26000,0,104300.0,0.0,26000,104300.0
2026-07-28,9A9W,永豐市政,053881,0,4000,0.0,62000.0,-4000,-62000.0
2026-07-28,9A9W,永豐市政,054483,18000,0,34560.0,0.0,18000,34560.0
2026-07-28,9A9W,永豐市政,054886,1000,0,1250.0,0.0,1000,1250.0
2026-07-28,9A9W,永豐市政,055405,10000,0,46900.0,0.0,10000,46900.0
2026-07-28,9A9W,永豐市政,055406,4000,0,15640.0,0.0,4000,15640.0
2026-07-28,9A9W,永豐市政,056635,10000,0,21900.0,0.0,10000,21900.0
2026-07-28,9A9W,永豐市政,057254,0,110000,0.0,73700.0,-110000,-73700.0
2026-07-28,9A9W,永豐市政,057477,0,40000,0.0,60000.0,-40000,-60000.0
2026-07-28,9A9W,永豐市政,057742,0,5000,0.0,10350.0,-5000,-10350.0
2026-07-28,9A9W,永豐市政,057898,18000,0,29200.0,0.0,18000,29200.0
2026-07-28,9A9W,永豐市政,058329,15000,0,9810.0,0.0,15000,9810.0
2026-07-28,9A9W,永豐市政,058379,1000,0,2480.0,0.0,1000,2480.0
2026-07-28,9A9W,永豐市政,058390,0,30000,0.0,32700.0,-30000,-32700.0
2026-07-28,9A9W,永豐市政,058394,0,2000,0.0,9200.0,-2000,-9200.0
2026-07-28,9A9W,永豐市政,058870,10000,0,8600.0,0.0,10000,8600.0
2026-07-28,9A9W,永豐市政,059438,1000,0,5650.0,0.0,1000,5650.0
2026-07-28,9A9W,永豐市政,059500,0,10000,0.0,14500.0,-10000,-14500.0
2026-07-28,9A9W,永豐市政,059566,0,5000,0.0,14300.0,-5000,-14300.0
2026-07-28,9A9W,永豐市政,059653,1000,0,1080.0,0.0,1000,1080.0
2026-07-28,9A9W,永豐市政,059707,5000,0,15500.0,0.0,5000,15500.0
2026-07-28,9A9W,永豐市政,059875,0,100000,0.0,208000.0,-100000,-208000.0
2026-07-28,9A9W,永豐市政,060073,1000,0,3100.0,0.0,1000,3100.0
2026-07-28,9A9W,永豐市政,060354,1000,0,2560.0,0.0,1000,2560.0
2026-07-28,9A9W,永豐市政,060612,0,50000,0.0,10500.0,-50000,-10500.0
2026-07-28,9A9W,永豐市政,060985,5000,0,10800.0,0.0,5000,10800.0
2026-07-28,9A9W,永豐市政,061274,10000,0,3300.0,0.0,10000,3300.0
2026-07-28,9A9W,永豐市政,061558,0,20000,0.0,24000.0,-20000,-24000.0
2026-07-28,9A9W,永豐市政,061923,0,20000,0.0,50400.0,-20000,-50400.0
2026-07-28,9A9W,永豐市政,061943,1000,0,4820.0,0.0,1000,4820.0
2026-07-28,9A9W,永豐市政,061945,5000,34000,1850.0,12210.0,-29000,-10360.0
2026-07-28,9A9W,永豐市政,061956,1000,0,250.0,0.0,1000,250.0
2026-07-28,9A9W,永豐市政,062014,10000,0,25600.0,0.0,10000,25600.0
2026-07-28,9A9W,永豐市政,063053,0,8000,0.0,16400.0,-8000,-16400.0
2026-07-28,9A9W,永豐市政,063225,1000,0,1300.0,0.0,1000,1300.0
2026-07-28,9A9W,永豐市政,063341,2000,0,2160.0,0.0,2000,2160.0
2026-07-28,9A9W,永豐市政,063344,1000,0,360.0,0.0,1000,360.0
2026-07-28,9A9W,永豐市政,063442,11000,0,14800.0,0.0,11000,14800.0
2026-07-28,9A9W,永豐市政,063496,5000,0,650.0,0.0,5000,650.0
2026-07-28,9A9W,永豐市政,063776,1000,0,2400.0,0.0,1000,2400.0
2026-07-28,9A9W,永豐市政,063943,1000,0,3900.0,0.0,1000,3900.0
2026-07-28,9A9W,永豐市政,064517,0,10000,0.0,3400.0,-10000,-3400.0
2026-07-28,9A9W,永豐市政,064654,0,1000,0.0,6500.0,-1000,-6500.0
2026-07-28,9A9W,永豐市政,064932,10000,0,61000.0,0.0,10000,61000.0
2026-07-28,9A9W,永豐市政,065050,20000,0,17160.0,0.0,20000,17160.0
2026-07-28,9A9W,永豐市政,065058,5000,0,1660.0,0.0,5000,1660.0
2026-07-28,9A9W,永豐市政,065459,110000,0,167300.0,0.0,110000,167300.0
2026-07-28,9A9W,永豐市政,065467,1000,0,2000.0,0.0,1000,2000.0
2026-07-28,9A9W,永豐市政,065480,70000,0,89800.0,0.0,70000,89800.0
2026-07-28,9A9W,永豐市政,065609,200000,0,98000.0,0.0,200000,98000.0
2026-07-28,9A9W,永豐市政,065887,22000,0,7600.0,0.0,22000,7600.0
2026-07-28,9A9W,永豐市政,066055,0,2000,0.0,2960.0,-2000,-2960.0
2026-07-28,9A9W,永豐市政,066147,30000,0,40500.0,0.0,30000,40500.0
2026-07-28,9A9W,永豐市政,066180,3000,0,2640.0,0.0,3000,2640.0
2026-07-28,9A9W,永豐市政,066250,0,1000000,0.0,190000.0,-1000000,-190000.0
2026-07-28,9A9W,永豐市政,066280,100000,0,78000.0,0.0,100000,78000.0
2026-07-28,9A9W,永豐市政,066283,10000,0,5800.0,0.0,10000,5800.0
2026-07-28,9A9W,永豐市政,066373,1000,0,3650.0,0.0,1000,3650.0
2026-07-28,9A9W,永豐市政,066517,2000,0,520.0,0.0,2000,520.0
2026-07-28,9A9W,永豐市政,066523,50000,50000,9000.0,10000.0,0,-1000.0
2026-07-28,9A9W,永豐市政,066529,20000,0,20600.0,0.0,20000,20600.0
2026-07-28,9A9W,永豐市政,066530,50000,0,41500.0,0.0,50000,41500.0
2026-07-28,9A9W,永豐市政,066550,4000,0,4610.0,0.0,4000,4610.0
2026-07-28,9A9W,永豐市政,066591,95000,0,57000.0,0.0,95000,57000.0
2026-07-28,9A9W,永豐市政,066612,10000,0,8300.0,0.0,10000,8300.0
2026-07-28,9A9W,永豐市政,066634,0,20000,0.0,8600.0,-20000,-8600.0
2026-07-28,9A9W,永豐市政,066652,70000,45000,192100.0,127900.0,25000,64200.0
2026-07-28,9A9W,永豐市政,066653,20000,0,70300.0,0.0,20000,70300.0
2026-07-28,9A9W,永豐市政,066758,2000,0,2300.0,0.0,2000,2300.0
2026-07-28,9A9W,永豐市政,066780,2000,0,1880.0,0.0,2000,1880.0
2026-07-28,9A9W,永豐市政,066881,2000,0,7840.0,0.0,2000,7840.0
2026-07-28,9A9W,永豐市政,066941,7000,0,4680.0,0.0,7000,4680.0
2026-07-28,9A9W,永豐市政,066988,0,14000,0.0,15260.0,-14000,-15260.0
2026-07-28,9A9W,永豐市政,067078,0,50000,0.0,20000.0,-50000,-20000.0
2026-07-28,9A9W,永豐市政,067081,1000,0,730.0,0.0,1000,730.0
2026-07-28,9A9W,永豐市政,067147,2000,0,660.0,0.0,2000,660.0
2026-07-28,9A9W,永豐市政,067365,0,1000,0.0,1070.0,-1000,-1070.0
2026-07-28,9A9W,永豐市政,067411,30000,0,20700.0,0.0,30000,20700.0
2026-07-28,9A9W,永豐市政,067475,5000,0,3650.0,0.0,5000,3650.0
2026-07-28,9A9W,永豐市政,067482,10000,0,16800.0,0.0,10000,16800.0
2026-07-28,9A9W,永豐市政,067587,4000,3000,7210.0,5070.0,1000,2140.0
2026-07-28,9A9W,永豐市政,067639,0,30000,0.0,43200.0,-30000,-43200.0
2026-07-28,9A9W,永豐市政,067644,6000,0,6240.0,0.0,6000,6240.0
2026-07-28,9A9W,永豐市政,067714,3000,0,2340.0,0.0,3000,2340.0
2026-07-28,9A9W,永豐市政,067782,1000,0,940.0,0.0,1000,940.0
2026-07-28,9A9W,永豐市政,067791,0,7000,0.0,7770.0,-7000,-7770.0
2026-07-28,9A9W,永豐市政,067900,0,2000,0.0,1760.0,-2000,-1760.0
2026-07-28,9A9W,永豐市政,067942,0,10000,0.0,20580.0,-10000,-20580.0
2026-07-28,9A9W,永豐市政,067943,1000,0,1500.0,0.0,1000,1500.0
2026-07-28,9A9W,永豐市政,067986,20000,0,10200.0,0.0,20000,10200.0
2026-07-28,9A9W,永豐市政,067998,25000,0,22300.0,0.0,25000,22300.0
2026-07-28,9A9W,永豐市政,068003,0,14000,0.0,12460.0,-14000,-12460.0
2026-07-28,9A9W,永豐市政,068101,1000,0,650.0,0.0,1000,650.0
2026-07-28,9A9W,永豐市政,068136,5000,0,39000.0,0.0,5000,39000.0
2026-07-28,9A9W,永豐市政,068386,20000,0,59600.0,0.0,20000,59600.0
2026-07-28,9A9W,永豐市政,068425,5000,0,4800.0,0.0,5000,4800.0
2026-07-28,9A9W,永豐市政,068583,0,6000,0.0,36950.0,-6000,-36950.0
2026-07-28,9A9W,永豐市政,068590,0,5000,0.0,15350.0,-5000,-15350.0
2026-07-28,9A9W,永豐市政,068633,50000,0,47500.0,0.0,50000,47500.0
2026-07-28,9A9W,永豐市政,068665,8000,0,20440.0,0.0,8000,20440.0
2026-07-28,9A9W,永豐市政,068691,10000,6000,7500.0,4740.0,4000,2760.0
2026-07-28,9A9W,永豐市政,068809,1000,0,490.0,0.0,1000,490.0
2026-07-28,9A9W,永豐市政,068897,1000,0,380.0,0.0,1000,380.0
2026-07-28,9A9W,永豐市政,069105,3000,0,1180.0,0.0,3000,1180.0
2026-07-28,9A9W,永豐市政,069157,6000,0,5820.0,0.0,6000,5820.0
2026-07-28,9A9W,永豐市政,06915U,7000,0,11200.0,0.0,7000,11200.0
2026-07-28,9A9W,永豐市政,069275,0,40000,0.0,8400.0,-40000,-8400.0
2026-07-28,9A9W,永豐市政,069290,1000,0,330.0,0.0,1000,330.0
2026-07-28,9A9W,永豐市政,069372,2000,0,780.0,0.0,2000,780.0
2026-07-28,9A9W,永豐市政,069438,0,27000,0.0,28350.0,-27000,-28350.0
2026-07-28,9A9W,永豐市政,069450,0,23000,0.0,11500.0,-23000,-11500.0
2026-07-28,9A9W,永豐市政,069523,3000,0,2040.0,0.0,3000,2040.0
2026-07-28,9A9W,永豐市政,069899,0,40000,0.0,14400.0,-40000,-14400.0
2026-07-28,9A9W,永豐市政,069944,0,2000,0.0,13600.0,-2000,-13600.0
2026-07-28,9A9W,永豐市政,070052,20000,0,6200.0,0.0,20000,6200.0
2026-07-28,9A9W,永豐市政,070452,2000,0,780.0,0.0,2000,780.0
2026-07-28,9A9W,永豐市政,070616,27000,10000,12720.0,4500.0,17000,8220.0
2026-07-28,9A9W,永豐市政,070799,0,109000,0.0,132980.0,-109000,-132980.0
2026-07-28,9A9W,永豐市政,070813,200000,0,122000.0,0.0,200000,122000.0
2026-07-28,9A9W,永豐市政,070850,15000,0,9140.0,0.0,15000,9140.0
2026-07-28,9A9W,永豐市政,071044,1000,0,200.0,0.0,1000,200.0
2026-07-28,9A9W,永豐市政,071190,10000,0,11200.0,0.0,10000,11200.0
2026-07-28,9A9W,永豐市政,071218,10000,0,12000.0,0.0,10000,12000.0
2026-07-28,9A9W,永豐市政,071326,0,10000,0.0,21200.0,-10000,-21200.0
2026-07-28,9A9W,永豐市政,071434,25000,0,4380.0,0.0,25000,4380.0
2026-07-28,9A9W,永豐市政,071436,154000,0,32340.0,0.0,154000,32340.0
2026-07-28,9A9W,永豐市政,071442,4000,0,1840.0,0.0,4000,1840.0
2026-07-28,9A9W,永豐市政,071628,0,18000,0.0,15480.0,-18000,-15480.0
2026-07-28,9A9W,永豐市政,071647,1000,0,1290.0,0.0,1000,1290.0
2026-07-28,9A9W,永豐市政,072082,10000,0,10400.0,0.0,10000,10400.0
2026-07-28,9A9W,永豐市政,072105,0,52000,0.0,37440.0,-52000,-37440.0
2026-07-28,9A9W,永豐市政,072289,10000,0,14000.0,0.0,10000,14000.0
2026-07-28,9A9W,永豐市政,072320,0,10000,0.0,14900.0,-10000,-14900.0
2026-07-28,9A9W,永豐市政,072352,0,20000,0.0,15600.0,-20000,-15600.0
2026-07-28,9A9W,永豐市政,072569,4000,0,2520.0,0.0,4000,2520.0
2026-07-28,9A9W,永豐市政,072647,6000,0,4440.0,0.0,6000,4440.0
2026-07-28,9A9W,永豐市政,073069,9000,0,9080.0,0.0,9000,9080.0
2026-07-28,9A9W,永豐市政,073079,0,20000,0.0,45800.0,-20000,-45800.0
2026-07-28,9A9W,永豐市政,073509,0,10000,0.0,21100.0,-10000,-21100.0
2026-07-28,9A9W,永豐市政,073583,1000,0,1750.0,0.0,1000,1750.0
2026-07-28,9A9W,永豐市政,073804,85000,0,133900.0,0.0,85000,133900.0
2026-07-28,9A9W,永豐市政,073870,2000,0,3280.0,0.0,2000,3280.0
2026-07-28,9A9W,永豐市政,074024,0,10000,0.0,12200.0,-10000,-12200.0
2026-07-28,9A9W,永豐市政,074622,10000,0,1500.0,0.0,10000,1500.0
2026-07-28,9A9W,永豐市政,074671,0,5000,0.0,3900.0,-5000,-3900.0
2026-07-28,9A9W,永豐市政,074672,0,6000,0.0,12000.0,-6000,-12000.0
2026-07-28,9A9W,永豐市政,074787,0,1000,0.0,1100.0,-1000,-1100.0
2026-07-28,9A9W,永豐市政,074943,0,30000,0.0,13200.0,-30000,-13200.0
2026-07-28,9A9W,永豐市政,074994,5000,0,2850.0,0.0,5000,2850.0
2026-07-28,9A9W,永豐市政,075071,0,6000,0.0,10800.0,-6000,-10800.0
2026-07-28,9A9W,永豐市政,075122,3000,0,2460.0,0.0,3000,2460.0
2026-07-28,9A9W,永豐市政,076659,1000,2000,1430.0,2700.0,-1000,-1270.0
2026-07-28,9A9W,永豐市政,076778,1000,0,930.0,0.0,1000,930.0
2026-07-28,9A9W,永豐市政,076880,2000,0,3860.0,0.0,2000,3860.0
2026-07-28,9A9W,永豐市政,08163U,0,1000,0.0,450.0,-1000,-450.0
2026-07-28,9A9W,永豐市政,08420P,2000,0,200.0,0.0,2000,200.0
2026-07-28,9A9W,永豐市政,08527U,59000,104000,16320.0,29640.0,-45000,-13320.0
2026-07-28,9A9W,永豐市政,08618U,0,5000,0.0,2400.0,-5000,-2400.0
2026-07-28,9A9W,永豐市政,08630U,1000,16000,130.0,1630.0,-15000,-1500.0
2026-07-28,9A9W,永豐市政,08654U,0,150000,0.0,40500.0,-150000,-40500.0
2026-07-28,9A9W,永豐金市政,700113,2000,0,750.0,0.0,2000,750.0
2026-07-28,9A9W,永豐金市政,700192,0,30000,0.0,12600.0,-30000,-12600.0
2026-07-28,9A9W,永豐金市政,701615,1000,0,2900.0,0.0,1000,2900.0
2026-07-28,9A9W,永豐金市政,703224,0,30000,0.0,5700.0,-30000,-5700.0
2026-07-28,9A9W,永豐金市政,703602,0,1000,0.0,2280.0,-1000,-2280.0
2026-07-28,9A9W,永豐金市政,703619,10000,0,6000.0,0.0,10000,6000.0
2026-07-28,9A9W,永豐金市政,703684,0,10000,0.0,9600.0,-10000,-9600.0
2026-07-28,9A9W,永豐金市政,704094,0,60000,0.0,16800.0,-60000,-16800.0
2026-07-28,9A9W,永豐金市政,704312,2000,0,400.0,0.0,2000,400.0
2026-07-28,9A9W,永豐金市政,704829,5000,0,20400.0,0.0,5000,20400.0
2026-07-28,9A9W,永豐金市政,705399,0,20000,0.0,12800.0,-20000,-12800.0
2026-07-28,9A9W,永豐金市政,705633,0,1000,0.0,2400.0,-1000,-2400.0
2026-07-28,9A9W,永豐金市政,706030,3000,0,1360.0,0.0,3000,1360.0
2026-07-28,9A9W,永豐金市政,706120,300000,0,240000.0,0.0,300000,240000.0
2026-07-28,9A9W,永豐金市政,706662,20000,0,8400.0,0.0,20000,8400.0
2026-07-28,9A9W,永豐金市政,706740,1000,0,500.0,0.0,1000,500.0
2026-07-28,9A9W,永豐金市政,706847,10000,0,3300.0,0.0,10000,3300.0
2026-07-28,9A9W,永豐金市政,707028,0,20000,0.0,36400.0,-20000,-36400.0
2026-07-28,9A9W,永豐金市政,707335,99000,0,113130.0,0.0,99000,113130.0
2026-07-28,9A9W,永豐金市政,707422,30000,0,33500.0,0.0,30000,33500.0
2026-07-28,9A9W,永豐金市政,707572,1000,0,360.0,0.0,1000,360.0
2026-07-28,9A9W,永豐金市政,707721,20000,0,16600.0,0.0,20000,16600.0
2026-07-28,9A9W,永豐金市政,707735,7000,0,4050.0,0.0,7000,4050.0
2026-07-28,9A9W,永豐金市政,707798,140000,0,228500.0,0.0,140000,228500.0
2026-07-28,9A9W,永豐金市政,707848,20000,0,20000.0,0.0,20000,20000.0
2026-07-28,9A9W,永豐金市政,707991,4000,0,4000.0,0.0,4000,4000.0
2026-07-28,9A9W,永豐金市政,708076,300000,0,234000.0,0.0,300000,234000.0
2026-07-28,9A9W,永豐金市政,708126,0,200000,0.0,74000.0,-200000,-74000.0
2026-07-28,9A9W,永豐金市政,708130,14000,0,15640.0,0.0,14000,15640.0
2026-07-28,9A9W,永豐金市政,708235,0,220000,0.0,94600.0,-220000,-94600.0
2026-07-28,9A9W,永豐金市政,708250,3000,0,900.0,0.0,3000,900.0
2026-07-28,9A9W,永豐金市政,708252,0,60000,0.0,18000.0,-60000,-18000.0
2026-07-28,9A9W,永豐金市政,708343,0,20000,0.0,43000.0,-20000,-43000.0
2026-07-28,9A9W,永豐金市政,708344,170000,0,117200.0,0.0,170000,117200.0
2026-07-28,9A9W,永豐金市政,708588,80000,0,10400.0,0.0,80000,10400.0
2026-07-28,9A9W,永豐金市政,708590,10000,0,4200.0,0.0,10000,4200.0
2026-07-28,9A9W,永豐金市政,708682,3000,0,1320.0,0.0,3000,1320.0
2026-07-28,9A9W,永豐金市政,708778,20000,0,7800.0,0.0,20000,7800.0
2026-07-28,9A9W,永豐金市政,708889,20000,0,12200.0,0.0,20000,12200.0
2026-07-28,9A9W,永豐金市政,709043,10000,0,23300.0,0.0,10000,23300.0
2026-07-28,9A9W,永豐金市政,709081,20000,0,12400.0,0.0,20000,12400.0
2026-07-28,9A9W,永豐金市政,709679,0,15000,0.0,8250.0,-15000,-8250.0
2026-07-28,9A9W,永豐金市政,709933,0,2000,0.0,2040.0,-2000,-2040.0
2026-07-28,9A9W,永豐金市政,710176,200000,0,42000.0,0.0,200000,42000.0
2026-07-28,9A9W,永豐金市政,710555,400000,0,270000.0,0.0,400000,270000.0
2026-07-28,9A9W,永豐金市政,710794,0,5000,0.0,6700.0,-5000,-6700.0
2026-07-28,9A9W,永豐金市政,710922,0,30000,0.0,8100.0,-30000,-8100.0
2026-07-28,9A9W,永豐金市政,711239,0,2000,0.0,1800.0,-2000,-1800.0
2026-07-28,9A9W,永豐金市政,711591,2000,0,3120.0,0.0,2000,3120.0
2026-07-28,9A9W,永豐金市政,711603,0,50000,0.0,21500.0,-50000,-21500.0
2026-07-28,9A9W,永豐金市政,733460,0,10000,0.0,10200.0,-10000,-10200.0
2026-07-28,9A9W,永豐金市政,734209,1000,0,2200.0,0.0,1000,2200.0
2026-07-28,9A9W,永豐金市政,738079,0,2000,0.0,20.0,-2000,-20.0
2026-07-28,9A9X,永豐竹科,03035T,0,5000,0.0,2340.0,-5000,-2340.0
2026-07-28,9A9X,永豐竹科,03038T,0,5000,0.0,850.0,-5000,-850.0
2026-07-28,9A9X,永豐竹科,03076T,0,4000,0.0,1050.0,-4000,-1050.0
2026-07-28,9A9X,永豐竹科,03118T,0,2000,0.0,2240.0,-2000,-2240.0
2026-07-28,9A9X,永豐竹科,03162T,1000,1000,140.0,120.0,0,20.0
2026-07-28,9A9X,永豐竹科,03165T,1000,0,120.0,0.0,1000,120.0
2026-07-28,9A9X,永豐竹科,03226T,18000,0,20520.0,0.0,18000,20520.0
2026-07-28,9A9X,永豐竹科,03247T,0,30000,0.0,17400.0,-30000,-17400.0
2026-07-28,9A9X,永豐竹科,03279T,1000,0,330.0,0.0,1000,330.0
2026-07-28,9A9X,永豐竹科,03296T,0,15000,0.0,10450.0,-15000,-10450.0
2026-07-28,9A9X,永豐竹科,03331T,5000,11000,4140.0,9130.0,-6000,-4990.0
2026-07-28,9A9X,永豐竹科,03478T,48000,8000,50470.0,8350.0,40000,42120.0
2026-07-28,9A9X,永豐竹科,03554T,50000,0,69000.0,0.0,50000,69000.0
2026-07-28,9A9X,永豐竹科,03732B,8000,11000,7120.0,8970.0,-3000,-1850.0
2026-07-28,9A9X,永豐竹科,03734B,0,15000,0.0,19400.0,-15000,-19400.0
2026-07-28,9A9X,永豐竹科,039195,4000,0,1520.0,0.0,4000,1520.0
2026-07-28,9A9X,永豐竹科,039454,0,1000,0.0,3620.0,-1000,-3620.0
2026-07-28,9A9X,永豐竹科,04014C,0,15000,0.0,52200.0,-15000,-52200.0
2026-07-28,9A9X,永豐竹科,04016C,2000,0,3960.0,0.0,2000,3960.0
2026-07-28,9A9X,永豐竹科,04021C,52000,0,26030.0,0.0,52000,26030.0
2026-07-28,9A9X,永豐竹科,044145,8000,0,1200.0,0.0,8000,1200.0
2026-07-28,9A9X,永豐竹科,044403,10000,0,9000.0,0.0,10000,9000.0
2026-07-28,9A9X,永豐竹科,044791,0,50000,0.0,14000.0,-50000,-14000.0
2026-07-28,9A9X,永豐竹科,046573,3000,0,1200.0,0.0,3000,1200.0
2026-07-28,9A9X,永豐竹科,049133,2000,0,2300.0,0.0,2000,2300.0
2026-07-28,9A9X,永豐竹科,050721,1000,0,1760.0,0.0,1000,1760.0
2026-07-28,9A9X,永豐竹科,052563,1000,0,32600.0,0.0,1000,32600.0
2026-07-28,9A9X,永豐竹科,052899,15000,0,40000.0,0.0,15000,40000.0
2026-07-28,9A9X,永豐竹科,054882,2000,0,3600.0,0.0,2000,3600.0
2026-07-28,9A9X,永豐竹科,055167,0,18000,0.0,4500.0,-18000,-4500.0
2026-07-28,9A9X,永豐竹科,055345,20000,20000,42300.0,40800.0,0,1500.0
2026-07-28,9A9X,永豐竹科,056638,1000,0,3100.0,0.0,1000,3100.0
2026-07-28,9A9X,永豐竹科,057136,1000,0,3030.0,0.0,1000,3030.0
2026-07-28,9A9X,永豐竹科,057851,1000,0,2600.0,0.0,1000,2600.0
2026-07-28,9A9X,永豐竹科,057990,1000,0,3410.0,0.0,1000,3410.0
2026-07-28,9A9X,永豐竹科,059021,3000,0,1890.0,0.0,3000,1890.0
2026-07-28,9A9X,永豐竹科,059213,2000,0,1520.0,0.0,2000,1520.0
2026-07-28,9A9X,永豐竹科,059461,2000,0,5640.0,0.0,2000,5640.0
2026-07-28,9A9X,永豐竹科,059476,5000,0,1150.0,0.0,5000,1150.0
2026-07-28,9A9X,永豐竹科,059502,26000,0,28860.0,0.0,26000,28860.0
2026-07-28,9A9X,永豐竹科,059680,0,30000,0.0,51300.0,-30000,-51300.0
2026-07-28,9A9X,永豐竹科,060073,0,9000,0.0,27900.0,-9000,-27900.0
2026-07-28,9A9X,永豐竹科,060519,1000,0,3630.0,0.0,1000,3630.0
2026-07-28,9A9X,永豐竹科,061448,10000,10000,18800.0,19100.0,0,-300.0
2026-07-28,9A9X,永豐竹科,061653,2000,0,1900.0,0.0,2000,1900.0
2026-07-28,9A9X,永豐竹科,062338,0,50000,0.0,43000.0,-50000,-43000.0
2026-07-28,9A9X,永豐竹科,063023,10000,0,10500.0,0.0,10000,10500.0
2026-07-28,9A9X,永豐竹科,063248,10000,0,33350.0,0.0,10000,33350.0
2026-07-28,9A9X,永豐竹科,063288,10000,0,5700.0,0.0,10000,5700.0
2026-07-28,9A9X,永豐竹科,063353,2000,0,2820.0,0.0,2000,2820.0
2026-07-28,9A9X,永豐竹科,063396,3000,0,2550.0,0.0,3000,2550.0
2026-07-28,9A9X,永豐竹科,063438,150000,0,117000.0,0.0,150000,117000.0
2026-07-28,9A9X,永豐竹科,063442,2000,0,2600.0,0.0,2000,2600.0
2026-07-28,9A9X,永豐竹科,063512,0,50000,0.0,104500.0,-50000,-104500.0
2026-07-28,9A9X,永豐竹科,064156,10000,0,5100.0,0.0,10000,5100.0
2026-07-28,9A9X,永豐竹科,064158,10000,0,8600.0,0.0,10000,8600.0
2026-07-28,9A9X,永豐竹科,064162,0,61000,0.0,45750.0,-61000,-45750.0
2026-07-28,9A9X,永豐竹科,064238,200000,201000,68000.0,66330.0,-1000,1670.0
2026-07-28,9A9X,永豐竹科,064243,8000,0,1360.0,0.0,8000,1360.0
2026-07-28,9A9X,永豐竹科,064497,5000,0,23800.0,0.0,5000,23800.0
2026-07-28,9A9X,永豐竹科,064526,0,30000,0.0,115800.0,-30000,-115800.0
2026-07-28,9A9X,永豐竹科,064859,5000,0,2350.0,0.0,5000,2350.0
2026-07-28,9A9X,永豐竹科,065067,0,1000,0.0,300.0,-1000,-300.0
2026-07-28,9A9X,永豐竹科,065229,60000,0,85000.0,0.0,60000,85000.0
2026-07-28,9A9X,永豐竹科,065423,7000,0,3820.0,0.0,7000,3820.0
2026-07-28,9A9X,永豐竹科,065609,100000,0,48000.0,0.0,100000,48000.0
2026-07-28,9A9X,永豐竹科,065660,4000,0,3320.0,0.0,4000,3320.0
2026-07-28,9A9X,永豐竹科,065661,4000,0,3920.0,0.0,4000,3920.0
2026-07-28,9A9X,永豐竹科,065734,3000,0,2100.0,0.0,3000,2100.0
2026-07-28,9A9X,永豐竹科,066183,7000,0,10500.0,0.0,7000,10500.0
2026-07-28,9A9X,永豐竹科,066311,0,1000,0.0,170.0,-1000,-170.0
2026-07-28,9A9X,永豐竹科,066454,10000,0,7300.0,0.0,10000,7300.0
2026-07-28,9A9X,永豐竹科,066556,10000,0,28400.0,0.0,10000,28400.0
2026-07-28,9A9X,永豐竹科,066573,200000,0,372000.0,0.0,200000,372000.0
2026-07-28,9A9X,永豐竹科,067140,0,40000,0.0,33600.0,-40000,-33600.0
2026-07-28,9A9X,永豐竹科,067221,0,100000,0.0,51000.0,-100000,-51000.0
2026-07-28,9A9X,永豐竹科,067263,15000,0,44100.0,0.0,15000,44100.0
2026-07-28,9A9X,永豐竹科,067278,0,16000,0.0,22400.0,-16000,-22400.0
2026-07-28,9A9X,永豐竹科,067431,5000,0,7800.0,0.0,5000,7800.0
2026-07-28,9A9X,永豐竹科,067638,450000,400000,335000.0,310000.0,50000,25000.0
2026-07-28,9A9X,永豐竹科,067639,1000,0,1390.0,0.0,1000,1390.0
2026-07-28,9A9X,永豐竹科,067714,3000,0,2340.0,0.0,3000,2340.0
2026-07-28,9A9X,永豐竹科,067870,2000,0,4880.0,0.0,2000,4880.0
2026-07-28,9A9X,永豐竹科,067979,5000,0,2950.0,0.0,5000,2950.0
2026-07-28,9A9X,永豐竹科,067995,5000,0,4900.0,0.0,5000,4900.0
2026-07-28,9A9X,永豐竹科,067999,0,65000,0.0,64300.0,-65000,-64300.0
2026-07-28,9A9X,永豐竹科,068002,57000,150000,58210.0,160500.0,-93000,-102290.0
2026-07-28,9A9X,永豐竹科,068015,2000,0,1240.0,0.0,2000,1240.0
2026-07-28,9A9X,永豐竹科,068115,5000,0,2150.0,0.0,5000,2150.0
2026-07-28,9A9X,永豐竹科,068260,0,100000,0.0,96000.0,-100000,-96000.0
2026-07-28,9A9X,永豐竹科,068444,3000,0,2550.0,0.0,3000,2550.0
2026-07-28,9A9X,永豐竹科,068607,1000,0,1760.0,0.0,1000,1760.0
2026-07-28,9A9X,永豐竹科,068655,0,111000,0.0,105450.0,-111000,-105450.0
2026-07-28,9A9X,永豐竹科,068932,0,12000,0.0,6480.0,-12000,-6480.0
2026-07-28,9A9X,永豐竹科,069092,0,260000,0.0,150800.0,-260000,-150800.0
2026-07-28,9A9X,永豐竹科,069157,50000,0,48300.0,0.0,50000,48300.0
2026-07-28,9A9X,永豐竹科,069371,20000,0,16800.0,0.0,20000,16800.0
2026-07-28,9A9X,永豐竹科,069372,5000,0,2400.0,0.0,5000,2400.0
2026-07-28,9A9X,永豐竹科,069618,2000,0,1720.0,0.0,2000,1720.0
2026-07-28,9A9X,永豐竹科,069625,0,50000,0.0,32100.0,-50000,-32100.0
2026-07-28,9A9X,永豐竹科,069777,10000,0,21100.0,0.0,10000,21100.0
2026-07-28,9A9X,永豐竹科,070080,1000,0,1160.0,0.0,1000,1160.0
2026-07-28,9A9X,永豐竹科,070426,0,50000,0.0,66500.0,-50000,-66500.0
2026-07-28,9A9X,永豐竹科,070849,6000,0,4180.0,0.0,6000,4180.0
2026-07-28,9A9X,永豐竹科,070963,20000,0,11900.0,0.0,20000,11900.0
2026-07-28,9A9X,永豐竹科,070996,0,130000,0.0,205400.0,-130000,-205400.0
2026-07-28,9A9X,永豐竹科,071015,2000,0,900.0,0.0,2000,900.0
2026-07-28,9A9X,永豐竹科,071104,0,17000,0.0,9450.0,-17000,-9450.0
2026-07-28,9A9X,永豐竹科,071405,0,60000,0.0,25200.0,-60000,-25200.0
2026-07-28,9A9X,永豐竹科,071419,0,140000,0.0,106400.0,-140000,-106400.0
2026-07-28,9A9X,永豐竹科,071745,0,20000,0.0,27600.0,-20000,-27600.0
2026-07-28,9A9X,永豐竹科,072068,0,40000,0.0,30400.0,-40000,-30400.0
2026-07-28,9A9X,永豐竹科,072429,0,85000,0.0,127950.0,-85000,-127950.0
2026-07-28,9A9X,永豐竹科,072670,1000,0,570.0,0.0,1000,570.0
2026-07-28,9A9X,永豐竹科,072878,0,13000,0.0,3380.0,-13000,-3380.0
2026-07-28,9A9X,永豐竹科,072930,3000,0,2340.0,0.0,3000,2340.0
2026-07-28,9A9X,永豐竹科,073027,13000,0,12480.0,0.0,13000,12480.0
2026-07-28,9A9X,永豐竹科,073101,5000,0,5250.0,0.0,5000,5250.0
2026-07-28,9A9X,永豐竹科,073208,15000,0,3300.0,0.0,15000,3300.0
2026-07-28,9A9X,永豐竹科,073325,1000,0,1090.0,0.0,1000,1090.0
2026-07-28,9A9X,永豐竹科,073573,0,100000,0.0,83000.0,-100000,-83000.0
2026-07-28,9A9X,永豐竹科,073604,10000,0,11900.0,0.0,10000,11900.0
2026-07-28,9A9X,永豐竹科,073715,0,49000,0.0,31850.0,-49000,-31850.0
2026-07-28,9A9X,永豐竹科,073909,0,50000,0.0,38500.0,-50000,-38500.0
2026-07-28,9A9X,永豐竹科,074540,30000,37000,96400.0,118030.0,-7000,-21630.0
2026-07-28,9A9X,永豐竹科,074949,130000,0,98250.0,0.0,130000,98250.0
2026-07-28,9A9X,永豐竹科,074995,10000,0,7000.0,0.0,10000,7000.0
2026-07-28,9A9X,永豐竹科,075150,10000,0,9100.0,0.0,10000,9100.0
2026-07-28,9A9X,永豐竹科,075363,0,40000,0.0,72400.0,-40000,-72400.0
2026-07-28,9A9X,永豐竹科,075686,0,5000,0.0,3000.0,-5000,-3000.0
2026-07-28,9A9X,永豐竹科,075713,10000,0,12400.0,0.0,10000,12400.0
2026-07-28,9A9X,永豐竹科,075739,20000,0,25400.0,0.0,20000,25400.0
2026-07-28,9A9X,永豐竹科,075840,2000,0,5420.0,0.0,2000,5420.0
2026-07-28,9A9X,永豐竹科,076269,0,10000,0.0,9200.0,-10000,-9200.0
2026-07-28,9A9X,永豐竹科,076407,0,30000,0.0,55500.0,-30000,-55500.0
2026-07-28,9A9X,永豐竹科,079920,1000,0,4000.0,0.0,1000,4000.0
2026-07-28,9A9X,永豐竹科,080848,1000,0,3910.0,0.0,1000,3910.0
2026-07-28,9A9X,永豐竹科,08184U,0,1000,0.0,80.0,-1000,-80.0
2026-07-28,9A9X,永豐金竹科,700904,1000,0,3270.0,0.0,1000,3270.0
2026-07-28,9A9X,永豐金竹科,702592,4000,0,2560.0,0.0,4000,2560.0
2026-07-28,9A9X,永豐金竹科,703371,10000,0,1300.0,0.0,10000,1300.0
2026-07-28,9A9X,永豐金竹科,705072,0,43000,0.0,29140.0,-43000,-29140.0
2026-07-28,9A9X,永豐金竹科,705267,10000,0,8500.0,0.0,10000,8500.0
2026-07-28,9A9X,永豐金竹科,705700,0,10000,0.0,31700.0,-10000,-31700.0
2026-07-28,9A9X,永豐金竹科,706283,0,1000,0.0,350.0,-1000,-350.0
2026-07-28,9A9X,永豐金竹科,706331,2000,0,2200.0,0.0,2000,2200.0
2026-07-28,9A9X,永豐金竹科,706481,0,5000,0.0,7000.0,-5000,-7000.0
2026-07-28,9A9X,永豐金竹科,707123,0,2000,0.0,780.0,-2000,-780.0
2026-07-28,9A9X,永豐金竹科,707151,0,20000,0.0,21200.0,-20000,-21200.0
2026-07-28,9A9X,永豐金竹科,707314,0,1000,0.0,1720.0,-1000,-1720.0
2026-07-28,9A9X,永豐金竹科,707326,0,21000,0.0,25540.0,-21000,-25540.0
2026-07-28,9A9X,永豐金竹科,707335,30000,0,32700.0,0.0,30000,32700.0
2026-07-28,9A9X,永豐金竹科,707342,10000,0,6200.0,0.0,10000,6200.0
2026-07-28,9A9X,永豐金竹科,707364,2000,0,4420.0,0.0,2000,4420.0
2026-07-28,9A9X,永豐金竹科,707577,6000,0,5820.0,0.0,6000,5820.0
2026-07-28,9A9X,永豐金竹科,707600,2000,0,5440.0,0.0,2000,5440.0
2026-07-28,9A9X,永豐金竹科,707935,8000,0,2400.0,0.0,8000,2400.0
2026-07-28,9A9X,永豐金竹科,708023,20000,0,3300.0,0.0,20000,3300.0
2026-07-28,9A9X,永豐金竹科,708028,4000,0,2360.0,0.0,4000,2360.0
2026-07-28,9A9X,永豐金竹科,708152,2000,0,860.0,0.0,2000,860.0
2026-07-28,9A9X,永豐金竹科,708164,0,10000,0.0,4350.0,-10000,-4350.0
2026-07-28,9A9X,永豐金竹科,708238,70000,0,94500.0,0.0,70000,94500.0
2026-07-28,9A9X,永豐金竹科,708413,2000,0,3320.0,0.0,2000,3320.0
2026-07-28,9A9X,永豐金竹科,708607,3000,0,6300.0,0.0,3000,6300.0
2026-07-28,9A9X,永豐金竹科,708823,4000,0,2440.0,0.0,4000,2440.0
2026-07-28,9A9X,永豐金竹科,708886,2000,0,4000.0,0.0,2000,4000.0
2026-07-28,9A9X,永豐金竹科,709029,2000,0,2300.0,0.0,2000,2300.0
2026-07-28,9A9X,永豐金竹科,709131,2000,0,2980.0,0.0,2000,2980.0
2026-07-28,9A9X,永豐金竹科,709139,0,20000,0.0,21000.0,-20000,-21000.0
2026-07-28,9A9X,永豐金竹科,710014,10000,0,10550.0,0.0,10000,10550.0
2026-07-28,9A9X,永豐金竹科,710354,0,60000,0.0,36600.0,-60000,-36600.0
2026-07-28,9A9X,永豐金竹科,710597,0,35000,0.0,60550.0,-35000,-60550.0
2026-07-28,9A9X,永豐金竹科,710635,0,10000,0.0,18500.0,-10000,-18500.0
2026-07-28,9A9X,永豐金竹科,710888,15000,0,12100.0,0.0,15000,12100.0
2026-07-28,9A9X,永豐金竹科,710979,72000,0,96000.0,0.0,72000,96000.0
2026-07-28,9A9X,永豐金竹科,711047,10000,0,6000.0,0.0,10000,6000.0
2026-07-28,9A9X,永豐金竹科,711596,4000,0,4920.0,0.0,4000,4920.0
2026-07-28,9A9X,永豐金竹科,72853U,15000,8000,17870.0,8950.0,7000,8920.0
2026-07-28,9A9X,永豐金竹科,734209,1000,0,2250.0,0.0,1000,2250.0
2026-07-28,9A9g,永豐內湖,030573,9000,0,19980.0,0.0,9000,19980.0
2026-07-28,9A9g,永豐內湖,03275T,0,60000,0.0,96600.0,-60000,-96600.0
2026-07-28,9A9g,永豐內湖,03353T,10000,0,9950.0,0.0,10000,9950.0
2026-07-28,9A9g,永豐內湖,033552,8000,0,13470.0,0.0,8000,13470.0
2026-07-28,9A9g,永豐內湖,034345,0,20000,0.0,12800.0,-20000,-12800.0
2026-07-28,9A9g,永豐內湖,03446T,0,10000,0.0,19100.0,-10000,-19100.0
2026-07-28,9A9g,永豐內湖,03502T,0,3000,0.0,3240.0,-3000,-3240.0
2026-07-28,9A9g,永豐內湖,03597T,0,2000,0.0,2620.0,-2000,-2620.0
2026-07-28,9A9g,永豐內湖,03703T,10000,0,16500.0,0.0,10000,16500.0
2026-07-28,9A9g,永豐內湖,043891,3000,0,9660.0,0.0,3000,9660.0
2026-07-28,9A9g,永豐內湖,044403,3000,0,2460.0,0.0,3000,2460.0
2026-07-28,9A9g,永豐內湖,044804,100000,0,10000.0,0.0,100000,10000.0
2026-07-28,9A9g,永豐內湖,051439,2000,0,2500.0,0.0,2000,2500.0
2026-07-28,9A9g,永豐內湖,054694,57000,0,25080.0,0.0,57000,25080.0
2026-07-28,9A9g,永豐內湖,056691,10000,0,37200.0,0.0,10000,37200.0
2026-07-28,9A9g,永豐內湖,057372,10000,0,16200.0,0.0,10000,16200.0
2026-07-28,9A9g,永豐內湖,059122,300000,0,288000.0,0.0,300000,288000.0
2026-07-28,9A9g,永豐內湖,059160,10000,0,22400.0,0.0,10000,22400.0
2026-07-28,9A9g,永豐內湖,061087,0,15000,0.0,19050.0,-15000,-19050.0
2026-07-28,9A9g,永豐內湖,061215,6000,0,3510.0,0.0,6000,3510.0
2026-07-28,9A9g,永豐內湖,061271,0,10000,0.0,9100.0,-10000,-9100.0
2026-07-28,9A9g,永豐內湖,063817,80000,0,106400.0,0.0,80000,106400.0
2026-07-28,9A9g,永豐內湖,064156,1070000,0,545700.0,0.0,1070000,545700.0
2026-07-28,9A9g,永豐內湖,065115,2000,0,190.0,0.0,2000,190.0
2026-07-28,9A9g,永豐內湖,066180,0,64000,0.0,56520.0,-64000,-56520.0
2026-07-28,9A9g,永豐內湖,066235,47000,0,67680.0,0.0,47000,67680.0
2026-07-28,9A9g,永豐內湖,066287,0,13000,0.0,35360.0,-13000,-35360.0
2026-07-28,9A9g,永豐內湖,066637,0,19000,0.0,15200.0,-19000,-15200.0
2026-07-28,9A9g,永豐內湖,067425,0,4000,0.0,11440.0,-4000,-11440.0
2026-07-28,9A9g,永豐內湖,067440,0,30000,0.0,25550.0,-30000,-25550.0
2026-07-28,9A9g,永豐內湖,067556,0,8000,0.0,9440.0,-8000,-9440.0
2026-07-28,9A9g,永豐內湖,067635,994000,0,656040.0,0.0,994000,656040.0
2026-07-28,9A9g,永豐內湖,067994,0,50000,0.0,64800.0,-50000,-64800.0
2026-07-28,9A9g,永豐內湖,067997,10000,0,7400.0,0.0,10000,7400.0
2026-07-28,9A9g,永豐內湖,068001,17000,0,13090.0,0.0,17000,13090.0
2026-07-28,9A9g,永豐內湖,068003,0,49000,0.0,42780.0,-49000,-42780.0
2026-07-28,9A9g,永豐內湖,068364,0,34000,0.0,26520.0,-34000,-26520.0
2026-07-28,9A9g,永豐內湖,068670,3000,0,350.0,0.0,3000,350.0
2026-07-28,9A9g,永豐內湖,068980,4000,0,6800.0,0.0,4000,6800.0
2026-07-28,9A9g,永豐內湖,069227,0,9000,0.0,9720.0,-9000,-9720.0
2026-07-28,9A9g,永豐內湖,069290,1398000,0,514250.0,0.0,1398000,514250.0
2026-07-28,9A9g,永豐內湖,069382,30000,25000,23400.0,21250.0,5000,2150.0
2026-07-28,9A9g,永豐內湖,069595,0,14000,0.0,3420.0,-14000,-3420.0
2026-07-28,9A9g,永豐內湖,069949,0,30000,0.0,9300.0,-30000,-9300.0
2026-07-28,9A9g,永豐內湖,070615,0,2000,0.0,1260.0,-2000,-1260.0
2026-07-28,9A9g,永豐內湖,070860,0,17000,0.0,6970.0,-17000,-6970.0
2026-07-28,9A9g,永豐內湖,071468,0,20000,0.0,25800.0,-20000,-25800.0
2026-07-28,9A9g,永豐內湖,071469,0,20000,0.0,21800.0,-20000,-21800.0
2026-07-28,9A9g,永豐內湖,072543,2000,2000,3000.0,3140.0,0,-140.0
2026-07-28,9A9g,永豐內湖,072619,15000,0,10050.0,0.0,15000,10050.0
2026-07-28,9A9g,永豐內湖,072685,0,10000,0.0,4700.0,-10000,-4700.0
2026-07-28,9A9g,永豐內湖,072716,0,10000,0.0,2800.0,-10000,-2800.0
2026-07-28,9A9g,永豐內湖,072771,0,25000,0.0,78000.0,-25000,-78000.0
2026-07-28,9A9g,永豐內湖,072825,1200000,0,740000.0,0.0,1200000,740000.0
2026-07-28,9A9g,永豐內湖,073044,0,23000,0.0,5060.0,-23000,-5060.0
2026-07-28,9A9g,永豐內湖,08613U,50000,0,35000.0,0.0,50000,35000.0
2026-07-28,9A9g,永豐內湖,08680U,0,10000,0.0,18700.0,-10000,-18700.0
2026-07-28,9A9g,永豐內湖,08902U,10000,0,7100.0,0.0,10000,7100.0
2026-07-28,9A9g,永豐金內湖,705193,9000,0,11070.0,0.0,9000,11070.0
2026-07-28,9A9g,永豐金內湖,706136,0,20000,0.0,12000.0,-20000,-12000.0
2026-07-28,9A9g,永豐金內湖,706545,40000,0,48800.0,0.0,40000,48800.0
2026-07-28,9A9g,永豐金內湖,707796,4000,0,6720.0,0.0,4000,6720.0
2026-07-28,9A9g,永豐金內湖,708064,20000,0,24400.0,0.0,20000,24400.0
2026-07-28,9A9g,永豐金內湖,708165,50000,0,16500.0,0.0,50000,16500.0
2026-07-28,9A9g,永豐金內湖,708729,0,14000,0.0,5880.0,-14000,-5880.0
2026-07-28,9A9g,永豐金內湖,708762,0,6000,0.0,4260.0,-6000,-4260.0
2026-07-28,9A9g,永豐金內湖,708966,2000,0,180.0,0.0,2000,180.0
2026-07-28,9A9g,永豐金內湖,709014,0,7000,0.0,2590.0,-7000,-2590.0
2026-07-28,9A9g,永豐金內湖,709029,0,2000,0.0,2300.0,-2000,-2300.0
2026-07-28,9A9g,永豐金內湖,709310,0,5000,0.0,2600.0,-5000,-2600.0
2026-07-28,9A9g,永豐金內湖,709334,0,7000,0.0,4130.0,-7000,-4130.0
2026-07-28,9A9g,永豐金內湖,710277,0,5000,0.0,1300.0,-5000,-1300.0
2026-07-28,9A9g,永豐金內湖,733656,1000,0,80.0,0.0,1000,80.0
