date,securities_trader_id,securities_trader,stock_id,buy_volume,sell_volume,buy_amount,sell_amount,net_volume,net_amount
2026-07-29,111B,台企建成,031319,10000,0,19000.0,0.0,10000,19000.0
2026-07-29,111B,台企建成,03143T,0,100000,0.0,103000.0,-100000,-103000.0
2026-07-29,111B,台企銀建成,737930,0,30000,0.0,37800.0,-30000,-37800.0
2026-07-29,538Y,第一中壢,03046T,0,7000,0.0,1680.0,-7000,-1680.0
2026-07-29,538Y,第一中壢,03148T,30000,0,25800.0,0.0,30000,25800.0
2026-07-29,538Y,第一中壢,03304T,20000,0,25400.0,0.0,20000,25400.0
2026-07-29,538Y,第一中壢,03351T,33000,0,25140.0,0.0,33000,25140.0
2026-07-29,538Y,第一中壢,03474T,100000,150000,108000.0,168500.0,-50000,-60500.0
2026-07-29,538Y,第一中壢,03571T,3000,0,5370.0,0.0,3000,5370.0
2026-07-29,538Y,第一中壢,03951T,0,30000,0.0,31650.0,-30000,-31650.0
2026-07-29,538Y,第一中壢,060936,20000,0,3400.0,0.0,20000,3400.0
2026-07-29,538Y,第一中壢,061431,0,1000,0.0,10500.0,-1000,-10500.0
2026-07-29,538Y,第一中壢,061821,300000,0,95000.0,0.0,300000,95000.0
2026-07-29,538Y,第一中壢,063108,0,30000,0.0,12600.0,-30000,-12600.0
2026-07-29,538Y,第一中壢,063344,15000,0,3900.0,0.0,15000,3900.0
2026-07-29,538Y,第一中壢,064741,16000,0,1440.0,0.0,16000,1440.0
2026-07-29,538Y,第一中壢,064886,14000,0,980.0,0.0,14000,980.0
2026-07-29,538Y,第一中壢,065984,7000,0,11760.0,0.0,7000,11760.0
2026-07-29,538Y,第一中壢,066046,0,11000,0.0,7810.0,-11000,-7810.0
2026-07-29,538Y,第一中壢,066186,3000,0,5670.0,0.0,3000,5670.0
2026-07-29,538Y,第一中壢,066383,36000,0,16400.0,0.0,36000,16400.0
2026-07-29,538Y,第一中壢,066642,10000,0,6100.0,0.0,10000,6100.0
2026-07-29,538Y,第一中壢,068003,10000,0,7900.0,0.0,10000,7900.0
2026-07-29,538Y,第一中壢,069656,10000,0,6800.0,0.0,10000,6800.0
2026-07-29,538Y,第一中壢,069684,0,10000,0.0,9900.0,-10000,-9900.0
2026-07-29,538Y,第一中壢,070156,100000,0,25000.0,0.0,100000,25000.0
2026-07-29,538Y,第一中壢,071010,30000,0,9300.0,0.0,30000,9300.0
2026-07-29,538Y,第一中壢,071427,20000,0,7200.0,0.0,20000,7200.0
2026-07-29,538Y,第一中壢,071507,0,120000,0.0,79200.0,-120000,-79200.0
2026-07-29,538Y,第一中壢,08752U,10000,0,7100.0,0.0,10000,7100.0
2026-07-29,538Y,第一金中壢,705346,10000,0,400.0,0.0,10000,400.0
2026-07-29,538Y,第一金中壢,707753,0,16000,0.0,4160.0,-16000,-4160.0
2026-07-29,538Y,第一金中壢,708267,200000,0,82000.0,0.0,200000,82000.0
2026-07-29,538Y,第一金中壢,708428,5000,0,1000.0,0.0,5000,1000.0
2026-07-29,538Y,第一金中壢,710736,0,2000,0.0,2000.0,-2000,-2000.0
2026-07-29,538Y,第一金中壢,72867U,0,90000,0.0,99000.0,-90000,-99000.0
2026-07-29,538Y,第一金中壢,72869U,0,8000,0.0,7040.0,-8000,-7040.0
2026-07-29,538Y,第一金中壢,72900U,5000,0,8180.0,0.0,5000,8180.0
2026-07-29,538Y,第一金中壢,72919U,5000,0,8000.0,0.0,5000,8000.0
2026-07-29,5853,統一中壢,03099T,97000,0,23050.0,0.0,97000,23050.0
2026-07-29,5853,統一中壢,03211T,0,15000,0.0,19050.0,-15000,-19050.0
2026-07-29,5853,統一中壢,03418T,0,20000,0.0,18400.0,-20000,-18400.0
2026-07-29,5853,統一中壢,051252,0,5000,0.0,6150.0,-5000,-6150.0
2026-07-29,5853,統一中壢,053505,10000,0,16500.0,0.0,10000,16500.0
2026-07-29,5853,統一中壢,056075,0,10000,0.0,14240.0,-10000,-14240.0
2026-07-29,5853,統一中壢,058618,0,5000,0.0,5650.0,-5000,-5650.0
2026-07-29,5853,統一中壢,066236,50000,0,97000.0,0.0,50000,97000.0
2026-07-29,5853,統一中壢,066669,158000,0,73020.0,0.0,158000,73020.0
2026-07-29,5853,統一中壢,067105,5000,0,3550.0,0.0,5000,3550.0
2026-07-29,5853,統一中壢,067714,0,10000,0.0,6500.0,-10000,-6500.0
2026-07-29,5853,統一中壢,067995,5000,0,3750.0,0.0,5000,3750.0
2026-07-29,5853,統一中壢,070256,400000,0,164000.0,0.0,400000,164000.0
2026-07-29,5853,統一中壢,071545,17000,0,10030.0,0.0,17000,10030.0
2026-07-29,5853,統一中壢,072535,5000,0,2000.0,0.0,5000,2000.0
2026-07-29,5853,統一中壢,072654,400000,0,140000.0,0.0,400000,140000.0
2026-07-29,5853,統一中壢,073314,0,66000,0.0,17180.0,-66000,-17180.0
2026-07-29,5853,統一中壢,08431U,0,41000,0.0,7080.0,-41000,-7080.0
2026-07-29,5853,統一中壢,08720U,0,15000,0.0,4400.0,-15000,-4400.0
2026-07-29,5853,統一中壢,707721,5000,0,2750.0,0.0,5000,2750.0
2026-07-29,5853,統一中壢,707757,10000,0,4000.0,0.0,10000,4000.0
2026-07-29,5853,統一中壢,708179,100000,0,44000.0,0.0,100000,44000.0
2026-07-29,5853,統一中壢,708523,0,100000,0.0,19000.0,-100000,-19000.0
2026-07-29,585Q,統一三多,03039T,10000,0,6500.0,0.0,10000,6500.0
2026-07-29,585Q,統一三多,03148T,115000,0,94050.0,0.0,115000,94050.0
2026-07-29,585Q,統一三多,03188T,0,1000,0.0,1680.0,-1000,-1680.0
2026-07-29,585Q,統一三多,034345,5000,10000,3300.0,6700.0,-5000,-3400.0
2026-07-29,585Q,統一三多,03615T,10000,0,17200.0,0.0,10000,17200.0
2026-07-29,585Q,統一三多,038848,30000,0,14100.0,0.0,30000,14100.0
2026-07-29,585Q,統一三多,061706,30000,0,62700.0,0.0,30000,62700.0
2026-07-29,585Q,統一三多,062211,220000,0,679000.0,0.0,220000,679000.0
2026-07-29,585Q,統一三多,062375,0,99000,0.0,89100.0,-99000,-89100.0
2026-07-29,585Q,統一三多,062639,34000,0,42840.0,0.0,34000,42840.0
2026-07-29,585Q,統一三多,062752,0,20000,0.0,16500.0,-20000,-16500.0
2026-07-29,585Q,統一三多,063169,120000,0,361380.0,0.0,120000,361380.0
2026-07-29,585Q,統一三多,064221,51000,0,79740.0,0.0,51000,79740.0
2026-07-29,585Q,統一三多,064894,15000,0,2700.0,0.0,15000,2700.0
2026-07-29,585Q,統一三多,065119,0,10000,0.0,8500.0,-10000,-8500.0
2026-07-29,585Q,統一三多,065350,0,110000,0.0,121400.0,-110000,-121400.0
2026-07-29,585Q,統一三多,065459,15000,0,20050.0,0.0,15000,20050.0
2026-07-29,585Q,統一三多,066145,5000,5000,9210.0,9500.0,0,-290.0
2026-07-29,585Q,統一三多,066625,10000,35000,1200.0,3150.0,-25000,-1950.0
2026-07-29,585Q,統一三多,067142,50000,49000,54000.0,55860.0,1000,-1860.0
2026-07-29,585Q,統一三多,067179,10000,0,3900.0,0.0,10000,3900.0
2026-07-29,585Q,統一三多,067425,1000,0,2430.0,0.0,1000,2430.0
2026-07-29,585Q,統一三多,067806,200000,0,491400.0,0.0,200000,491400.0
2026-07-29,585Q,統一三多,068192,340000,0,119000.0,0.0,340000,119000.0
2026-07-29,585Q,統一三多,068797,0,20000,0.0,14400.0,-20000,-14400.0
2026-07-29,585Q,統一三多,070547,300000,0,89100.0,0.0,300000,89100.0
2026-07-29,585Q,統一三多,071311,40000,0,30500.0,0.0,40000,30500.0
2026-07-29,585Q,統一三多,071412,5000,30000,2550.0,15450.0,-25000,-12900.0
2026-07-29,585Q,統一三多,071589,15000,0,11250.0,0.0,15000,11250.0
2026-07-29,585Q,統一三多,073673,0,5000,0.0,4500.0,-5000,-4500.0
2026-07-29,585Q,統一三多,074560,398000,0,368140.0,0.0,398000,368140.0
2026-07-29,585Q,統一三多,074984,8000,18000,7810.0,19120.0,-10000,-11310.0
2026-07-29,585Q,統一三多,075030,5000,0,8350.0,0.0,5000,8350.0
2026-07-29,585Q,統一三多,075124,5000,0,8250.0,0.0,5000,8250.0
2026-07-29,585Q,統一三多,075257,60000,10000,80400.0,13700.0,50000,66700.0
2026-07-29,585Q,統一三多,075388,40000,0,81150.0,0.0,40000,81150.0
2026-07-29,585Q,統一三多,075394,200000,0,227000.0,0.0,200000,227000.0
2026-07-29,585Q,統一三多,075413,26000,50000,20080.0,35300.0,-24000,-15220.0
2026-07-29,585Q,統一三多,075510,0,7000,0.0,12040.0,-7000,-12040.0
2026-07-29,585Q,統一三多,075603,40000,0,25750.0,0.0,40000,25750.0
2026-07-29,585Q,統一三多,075970,51000,0,68720.0,0.0,51000,68720.0
2026-07-29,585Q,統一三多,076945,10000,10000,19350.0,18950.0,0,400.0
2026-07-29,585Q,統一三多,700201,33000,0,71280.0,0.0,33000,71280.0
2026-07-29,585Q,統一三多,705392,293000,0,721110.0,0.0,293000,721110.0
2026-07-29,585Q,統一三多,705448,187000,0,1269400.0,0.0,187000,1269400.0
2026-07-29,585Q,統一三多,705485,10000,0,24500.0,0.0,10000,24500.0
2026-07-29,585Q,統一三多,705527,131000,0,1225600.0,0.0,131000,1225600.0
2026-07-29,585Q,統一三多,708220,250000,0,483500.0,0.0,250000,483500.0
2026-07-29,585Q,統一三多,708462,1000,1000,400.0,400.0,0,0.0
2026-07-29,585Q,統一三多,709006,10000,10000,13000.0,9400.0,0,3600.0
2026-07-29,585Q,統一三多,709718,0,18000,0.0,32040.0,-18000,-32040.0
2026-07-29,585Q,統一三多,711347,50000,0,40000.0,0.0,50000,40000.0
2026-07-29,585Q,統一三多,711653,320000,0,222400.0,0.0,320000,222400.0
2026-07-29,585Q,統一三多,733461,0,190000,0.0,98800.0,-190000,-98800.0
2026-07-29,585Q,統一三多,734785,10000,0,25400.0,0.0,10000,25400.0
2026-07-29,585Y,統一土城,03051T,0,499000,0.0,219560.0,-499000,-219560.0
2026-07-29,585Y,統一土城,031289,20000,0,7900.0,0.0,20000,7900.0
2026-07-29,585Y,統一土城,035335,0,10000,0.0,13700.0,-10000,-13700.0
2026-07-29,585Y,統一土城,038318,22000,0,26920.0,0.0,22000,26920.0
2026-07-29,585Y,統一土城,043893,0,20000,0.0,7000.0,-20000,-7000.0
2026-07-29,585Y,統一土城,047421,10000,0,38500.0,0.0,10000,38500.0
2026-07-29,585Y,統一土城,047619,10000,0,62500.0,0.0,10000,62500.0
2026-07-29,585Y,統一土城,050315,6000,0,14160.0,0.0,6000,14160.0
2026-07-29,585Y,統一土城,051265,10000,7000,2600.0,1820.0,3000,780.0
2026-07-29,585Y,統一土城,052090,7000,0,24500.0,0.0,7000,24500.0
2026-07-29,585Y,統一土城,052180,5000,0,4850.0,0.0,5000,4850.0
2026-07-29,585Y,統一土城,052806,10000,0,4400.0,0.0,10000,4400.0
2026-07-29,585Y,統一土城,053228,10000,0,21300.0,0.0,10000,21300.0
2026-07-29,585Y,統一土城,053521,20000,0,17400.0,0.0,20000,17400.0
2026-07-29,585Y,統一土城,054056,0,3000,0.0,12000.0,-3000,-12000.0
2026-07-29,585Y,統一土城,054766,10000,0,3700.0,0.0,10000,3700.0
2026-07-29,585Y,統一土城,056067,0,20000,0.0,10400.0,-20000,-10400.0
2026-07-29,585Y,統一土城,056194,3000,0,210.0,0.0,3000,210.0
2026-07-29,585Y,統一土城,057009,5000,0,6200.0,0.0,5000,6200.0
2026-07-29,585Y,統一土城,057433,5000,0,10500.0,0.0,5000,10500.0
2026-07-29,585Y,統一土城,057540,0,10000,0.0,4800.0,-10000,-4800.0
2026-07-29,585Y,統一土城,059639,0,2000,0.0,3220.0,-2000,-3220.0
2026-07-29,585Y,統一土城,061784,99000,0,14850.0,0.0,99000,14850.0
2026-07-29,585Y,統一土城,062716,80000,0,315300.0,0.0,80000,315300.0
2026-07-29,585Y,統一土城,063010,0,8000,0.0,23440.0,-8000,-23440.0
2026-07-29,585Y,統一土城,063233,10000,0,27500.0,0.0,10000,27500.0
2026-07-29,585Y,統一土城,064691,5000,0,6050.0,0.0,5000,6050.0
2026-07-29,585Y,統一土城,065452,200000,0,90000.0,0.0,200000,90000.0
2026-07-29,585Y,統一土城,065777,10000,0,2500.0,0.0,10000,2500.0
2026-07-29,585Y,統一土城,068325,150000,160000,95500.0,146000.0,-10000,-50500.0
2026-07-29,585Y,統一土城,068656,0,4000,0.0,2080.0,-4000,-2080.0
2026-07-29,585Y,統一土城,073914,10000,0,9000.0,0.0,10000,9000.0
2026-07-29,585Y,統一土城,704901,0,11000,0.0,5610.0,-11000,-5610.0
2026-07-29,585Y,統一土城,707352,20000,0,16600.0,0.0,20000,16600.0
2026-07-29,585Y,統一土城,707413,0,10000,0.0,6600.0,-10000,-6600.0
2026-07-29,585Y,統一土城,708044,20000,0,10000.0,0.0,20000,10000.0
2026-07-29,585Y,統一土城,709755,0,10000,0.0,2400.0,-10000,-2400.0
2026-07-29,585Y,統一土城,734209,0,6000,0.0,10740.0,-6000,-10740.0
2026-07-29,6114,中銀員林,03679T,10000,10000,21400.0,20300.0,0,1100.0
2026-07-29,6114,中銀員林,051445,4000,0,1040.0,0.0,4000,1040.0
2026-07-29,6114,中銀員林,054459,0,7000,0.0,8750.0,-7000,-8750.0
2026-07-29,6114,中銀員林,054478,1000,0,1700.0,0.0,1000,1700.0
2026-07-29,6114,中銀員林,058879,0,10000,0.0,900.0,-10000,-900.0
2026-07-29,6114,中銀員林,060210,100000,0,54000.0,0.0,100000,54000.0
2026-07-29,6114,中銀員林,062417,15000,0,41850.0,0.0,15000,41850.0
2026-07-29,6114,中銀員林,065318,5000,0,25190.0,0.0,5000,25190.0
2026-07-29,6114,中銀員林,065455,50000,0,9000.0,0.0,50000,9000.0
2026-07-29,6114,中銀員林,066046,20000,0,11000.0,0.0,20000,11000.0
2026-07-29,6114,中銀員林,066379,0,2000,0.0,620.0,-2000,-620.0
2026-07-29,6114,中銀員林,066776,0,15000,0.0,17700.0,-15000,-17700.0
2026-07-29,6114,中銀員林,068003,0,7000,0.0,5740.0,-7000,-5740.0
2026-07-29,6114,中銀員林,068006,5000,0,2900.0,0.0,5000,2900.0
2026-07-29,6114,中銀員林,068043,8000,0,3600.0,0.0,8000,3600.0
2026-07-29,6114,中銀員林,068393,11000,0,7290.0,0.0,11000,7290.0
2026-07-29,6114,中銀員林,069018,5000,0,2400.0,0.0,5000,2400.0
2026-07-29,6114,中銀員林,069358,0,130000,0.0,49400.0,-130000,-49400.0
2026-07-29,6114,中銀員林,069372,5000,0,1750.0,0.0,5000,1750.0
2026-07-29,6114,中銀員林,071436,10000,0,1600.0,0.0,10000,1600.0
2026-07-29,6114,中銀員林,071994,0,50000,0.0,17000.0,-50000,-17000.0
2026-07-29,6114,中銀員林,072570,0,30000,0.0,8400.0,-30000,-8400.0
2026-07-29,6114,中銀員林,076581,800000,0,382000.0,0.0,800000,382000.0
2026-07-29,6114,中銀員林,08144U,200000,0,30000.0,0.0,200000,30000.0
2026-07-29,6114,中銀員林,082517,0,250000,0.0,15000.0,-250000,-15000.0
2026-07-29,6114,台中銀員林,709890,0,10000,0.0,15000.0,-10000,-15000.0
2026-07-29,6114,台中銀員林,72889U,200000,0,208000.0,0.0,200000,208000.0
2026-07-29,6381,光和溪湖,031289,18000,0,8180.0,0.0,18000,8180.0
2026-07-29,6381,光和溪湖,051441,5000,0,900.0,0.0,5000,900.0
2026-07-29,6381,光和溪湖,056176,0,25000,0.0,10750.0,-25000,-10750.0
2026-07-29,6381,光和溪湖,057794,20000,0,36000.0,0.0,20000,36000.0
2026-07-29,6381,光和溪湖,058117,0,10000,0.0,56500.0,-10000,-56500.0
2026-07-29,6381,光和溪湖,063441,15000,0,17100.0,0.0,15000,17100.0
2026-07-29,6381,光和溪湖,064160,15000,0,6000.0,0.0,15000,6000.0
2026-07-29,6381,光和溪湖,069697,16000,0,9840.0,0.0,16000,9840.0
2026-07-29,6381,光和溪湖,073943,25000,0,8750.0,0.0,25000,8750.0
2026-07-29,6381,光和溪湖,08911U,0,291000,0.0,43650.0,-291000,-43650.0
2026-07-29,6381,光和溪湖,701472,10000,0,700.0,0.0,10000,700.0
2026-07-29,6381,光和溪湖,709082,10000,0,4100.0,0.0,10000,4100.0
2026-07-29,6381,光和溪湖,710600,7000,0,3850.0,0.0,7000,3850.0
2026-07-29,6480,福邦,03792T,303000,0,402990.0,0.0,303000,402990.0
2026-07-29,6480,福邦,070497,30000,0,13500.0,0.0,30000,13500.0
2026-07-29,6480,福邦,076303,25000,0,15240.0,0.0,25000,15240.0
2026-07-29,700B,兆豐板橋,03399T,5000,0,10250.0,0.0,5000,10250.0
2026-07-29,700B,兆豐板橋,03585T,10000,0,11100.0,0.0,10000,11100.0
2026-07-29,700B,兆豐板橋,03732B,0,300000,0.0,312000.0,-300000,-312000.0
2026-07-29,700B,兆豐板橋,057188,0,3000,0.0,1920.0,-3000,-1920.0
2026-07-29,700B,兆豐板橋,057201,0,529000,0.0,2386510.0,-529000,-2386510.0
2026-07-29,700B,兆豐板橋,057557,200000,0,506000.0,0.0,200000,506000.0
2026-07-29,700B,兆豐板橋,059021,0,160000,0.0,94400.0,-160000,-94400.0
2026-07-29,700B,兆豐板橋,060615,10000,0,36600.0,0.0,10000,36600.0
2026-07-29,700B,兆豐板橋,060735,50000,10000,26800.0,5750.0,40000,21050.0
2026-07-29,700B,兆豐板橋,062077,8000,0,1600.0,0.0,8000,1600.0
2026-07-29,700B,兆豐板橋,062113,20000,0,3090.0,0.0,20000,3090.0
2026-07-29,700B,兆豐板橋,063601,2000,0,840.0,0.0,2000,840.0
2026-07-29,700B,兆豐板橋,063651,5000,0,2400.0,0.0,5000,2400.0
2026-07-29,700B,兆豐板橋,065103,0,998000,0.0,445860.0,-998000,-445860.0
2026-07-29,700B,兆豐板橋,066780,0,100000,0.0,100000.0,-100000,-100000.0
2026-07-29,700B,兆豐板橋,067411,0,512000,0.0,271630.0,-512000,-271630.0
2026-07-29,700B,兆豐板橋,067475,2000,0,1130.0,0.0,2000,1130.0
2026-07-29,700B,兆豐板橋,067814,0,74000,0.0,85060.0,-74000,-85060.0
2026-07-29,700B,兆豐板橋,068212,1522000,0,948880.0,0.0,1522000,948880.0
2026-07-29,700B,兆豐板橋,068711,30000,5000,20100.0,3400.0,25000,16700.0
2026-07-29,700B,兆豐板橋,069148,0,20000,0.0,8400.0,-20000,-8400.0
2026-07-29,700B,兆豐板橋,069461,5000,0,1800.0,0.0,5000,1800.0
2026-07-29,700B,兆豐板橋,071432,20000,0,12800.0,0.0,20000,12800.0
2026-07-29,700B,兆豐板橋,071985,15000,0,9850.0,0.0,15000,9850.0
2026-07-29,700B,兆豐板橋,073313,7000,0,2100.0,0.0,7000,2100.0
2026-07-29,700B,兆豐板橋,706441,0,20000,0.0,26600.0,-20000,-26600.0
2026-07-29,700B,兆豐板橋,708873,0,749000,0.0,254660.0,-749000,-254660.0
2026-07-29,700B,兆豐板橋,709459,5000,0,4350.0,0.0,5000,4350.0
2026-07-29,700B,兆豐板橋,709783,698000,0,260270.0,0.0,698000,260270.0
2026-07-29,700B,兆豐板橋,709933,0,1996000,0.0,1796280.0,-1996000,-1796280.0
2026-07-29,700B,兆豐板橋,710701,0,998000,0.0,636720.0,-998000,-636720.0
2026-07-29,700B,兆豐板橋,72665U,0,5000,0.0,50.0,-5000,-50.0
2026-07-29,779c,國票敦北,037497,2000,0,1880.0,0.0,2000,1880.0
2026-07-29,779c,國票敦北,044790,0,971000,0.0,281590.0,-971000,-281590.0
2026-07-29,779c,國票敦北,048051,0,2000,0.0,1480.0,-2000,-1480.0
2026-07-29,779c,國票敦北,049899,7000,0,14230.0,0.0,7000,14230.0
2026-07-29,779c,國票敦北,051666,0,10000,0.0,13100.0,-10000,-13100.0
2026-07-29,779c,國票敦北,052684,20000,0,9100.0,0.0,20000,9100.0
2026-07-29,779c,國票敦北,053514,0,40000,0.0,17200.0,-40000,-17200.0
2026-07-29,779c,國票敦北,053515,0,3000,0.0,890.0,-3000,-890.0
2026-07-29,779c,國票敦北,059007,1000,0,420.0,0.0,1000,420.0
2026-07-29,779c,國票敦北,059108,40000,0,112800.0,0.0,40000,112800.0
2026-07-29,779c,國票敦北,060620,0,2000,0.0,1040.0,-2000,-1040.0
2026-07-29,779c,國票敦北,060621,0,50000,0.0,23250.0,-50000,-23250.0
2026-07-29,779c,國票敦北,060678,1000,0,110.0,0.0,1000,110.0
2026-07-29,779c,國票敦北,061107,3000,0,7980.0,0.0,3000,7980.0
2026-07-29,779c,國票敦北,061960,0,50000,0.0,12000.0,-50000,-12000.0
2026-07-29,779c,國票敦北,063836,3000,0,8400.0,0.0,3000,8400.0
2026-07-29,779c,國票敦北,064150,0,1000,0.0,830.0,-1000,-830.0
2026-07-29,779c,國票敦北,065356,1000,0,1270.0,0.0,1000,1270.0
2026-07-29,779c,國票敦北,065776,0,700000,0.0,546000.0,-700000,-546000.0
2026-07-29,779c,國票敦北,065931,1000,0,630.0,0.0,1000,630.0
2026-07-29,779c,國票敦北,066368,2000,0,9000.0,0.0,2000,9000.0
2026-07-29,779c,國票敦北,067079,1000,0,880.0,0.0,1000,880.0
2026-07-29,779c,國票敦北,067456,1399000,0,1784140.0,0.0,1399000,1784140.0
2026-07-29,779c,國票敦北,067638,0,2000,0.0,1400.0,-2000,-1400.0
2026-07-29,779c,國票敦北,067729,1000,0,850.0,0.0,1000,850.0
2026-07-29,779c,國票敦北,067828,0,1601000,0.0,864540.0,-1601000,-864540.0
2026-07-29,779c,國票敦北,067942,1000,0,1690.0,0.0,1000,1690.0
2026-07-29,779c,國票敦北,067953,1000,0,1780.0,0.0,1000,1780.0
2026-07-29,779c,國票敦北,069782,20000,0,4500.0,0.0,20000,4500.0
2026-07-29,779c,國票敦北,069836,0,1000,0.0,440.0,-1000,-440.0
2026-07-29,779c,國票敦北,070032,0,1000,0.0,520.0,-1000,-520.0
2026-07-29,779c,國票敦北,070606,30000,0,36600.0,0.0,30000,36600.0
2026-07-29,779c,國票敦北,072193,43000,40000,28470.0,24400.0,3000,4070.0
2026-07-29,779c,國票敦北,073143,0,1000,0.0,510.0,-1000,-510.0
2026-07-29,779c,國票敦北,074567,10000,0,4700.0,0.0,10000,4700.0
2026-07-29,779c,國票敦北,076925,5000,0,9300.0,0.0,5000,9300.0
2026-07-29,779c,國票敦北,705816,0,80000,0.0,220300.0,-80000,-220300.0
2026-07-29,779c,國票敦北,707844,10000,0,5500.0,0.0,10000,5500.0
2026-07-29,779c,國票敦北,708923,1000,0,450.0,0.0,1000,450.0
2026-07-29,779c,國票敦北,709277,3000,0,7800.0,0.0,3000,7800.0
2026-07-29,779c,國票敦北,709648,2000,0,720.0,0.0,2000,720.0
2026-07-29,779c,國票敦北,709869,5000,0,13500.0,0.0,5000,13500.0
2026-07-29,779c,國票敦北,733460,26000,0,26930.0,0.0,26000,26930.0
2026-07-29,8560,新光,03012T,3000,0,450.0,0.0,3000,450.0
2026-07-29,8560,新光,03014T,0,5000,0.0,1800.0,-5000,-1800.0
2026-07-29,8560,新光,03019T,0,2000,0.0,2040.0,-2000,-2040.0
2026-07-29,8560,新光,03027T,0,49000,0.0,9900.0,-49000,-9900.0
2026-07-29,8560,新光,03032T,0,143000,0.0,29150.0,-143000,-29150.0
2026-07-29,8560,新光,03046T,3000,0,570.0,0.0,3000,570.0
2026-07-29,8560,新光,03051T,1000,0,400.0,0.0,1000,400.0
2026-07-29,8560,新光,030571,0,5000,0.0,23950.0,-5000,-23950.0
2026-07-29,8560,新光,030592,0,17000,0.0,15950.0,-17000,-15950.0
2026-07-29,8560,新光,03069T,0,20000,0.0,24000.0,-20000,-24000.0
2026-07-29,8560,新光,03074T,0,15000,0.0,9810.0,-15000,-9810.0
2026-07-29,8560,新光,03083T,0,34000,0.0,6460.0,-34000,-6460.0
2026-07-29,8560,新光,03099T,0,100000,0.0,19000.0,-100000,-19000.0
2026-07-29,8560,新光,03120T,30000,0,33600.0,0.0,30000,33600.0
2026-07-29,8560,新光,03133T,40000,0,13100.0,0.0,40000,13100.0
2026-07-29,8560,新光,03146T,0,40000,0.0,58800.0,-40000,-58800.0
2026-07-29,8560,新光,03162T,0,50000,0.0,9000.0,-50000,-9000.0
2026-07-29,8560,新光,03164T,0,42000,0.0,12130.0,-42000,-12130.0
2026-07-29,8560,新光,03165T,20000,0,3400.0,0.0,20000,3400.0
2026-07-29,8560,新光,03177T,450000,450000,400500.0,360000.0,0,40500.0
2026-07-29,8560,新光,031815,20000,0,1600.0,0.0,20000,1600.0
2026-07-29,8560,新光,03184T,0,13000,0.0,7540.0,-13000,-7540.0
2026-07-29,8560,新光,03204T,12000,0,14270.0,0.0,12000,14270.0
2026-07-29,8560,新光,03226T,0,4000,0.0,5040.0,-4000,-5040.0
2026-07-29,8560,新光,03237T,0,10000,0.0,7800.0,-10000,-7800.0
2026-07-29,8560,新光,03257T,20000,0,33000.0,0.0,20000,33000.0
2026-07-29,8560,新光,03275T,2000,1000,3920.0,1880.0,1000,2040.0
2026-07-29,8560,新光,03278T,100000,0,29000.0,0.0,100000,29000.0
2026-07-29,8560,新光,03293T,10000,0,13900.0,0.0,10000,13900.0
2026-07-29,8560,新光,032942,80000,10000,29700.0,4000.0,70000,25700.0
2026-07-29,8560,新光,032944,10000,0,2200.0,0.0,10000,2200.0
2026-07-29,8560,新光,03304T,15000,0,20100.0,0.0,15000,20100.0
2026-07-29,8560,新光,03306T,0,470000,0.0,869500.0,-470000,-869500.0
2026-07-29,8560,新光,03326T,24000,0,18950.0,0.0,24000,18950.0
2026-07-29,8560,新光,03351T,30000,0,26020.0,0.0,30000,26020.0
2026-07-29,8560,新光,033567,20000,0,6800.0,0.0,20000,6800.0
2026-07-29,8560,新光,03389T,0,4000,0.0,1640.0,-4000,-1640.0
2026-07-29,8560,新光,033954,0,15000,0.0,13400.0,-15000,-13400.0
2026-07-29,8560,新光,03421T,40000,30000,64400.0,46800.0,10000,17600.0
2026-07-29,8560,新光,03431T,20000,60000,31700.0,98300.0,-40000,-66600.0
2026-07-29,8560,新光,03432T,3000,9000,5760.0,14850.0,-6000,-9090.0
2026-07-29,8560,新光,03455T,0,98000,0.0,105840.0,-98000,-105840.0
2026-07-29,8560,新光,03457T,0,100000,0.0,148500.0,-100000,-148500.0
2026-07-29,8560,新光,03466T,2000,4000,4240.0,7800.0,-2000,-3560.0
2026-07-29,8560,新光,03470T,0,370000,0.0,351500.0,-370000,-351500.0
2026-07-29,8560,新光,03473T,1000,0,970.0,0.0,1000,970.0
2026-07-29,8560,新光,03490T,0,9000,0.0,20160.0,-9000,-20160.0
2026-07-29,8560,新光,03511T,0,33000,0.0,74610.0,-33000,-74610.0
2026-07-29,8560,新光,03534T,100000,0,109000.0,0.0,100000,109000.0
2026-07-29,8560,新光,03553T,2000,3000,5680.0,7800.0,-1000,-2120.0
2026-07-29,8560,新光,03562T,30000,0,57900.0,0.0,30000,57900.0
2026-07-29,8560,新光,03564T,0,15000,0.0,7850.0,-15000,-7850.0
2026-07-29,8560,新光,03586T,2000,0,1780.0,0.0,2000,1780.0
2026-07-29,8560,新光,03599T,0,20000,0.0,34800.0,-20000,-34800.0
2026-07-29,8560,新光,03603T,10000,0,13100.0,0.0,10000,13100.0
2026-07-29,8560,新光,03619T,0,100000,0.0,150000.0,-100000,-150000.0
2026-07-29,8560,新光,03632T,0,40000,0.0,71240.0,-40000,-71240.0
2026-07-29,8560,新光,03646T,0,4000,0.0,7500.0,-4000,-7500.0
2026-07-29,8560,新光,03657T,0,10000,0.0,23100.0,-10000,-23100.0
2026-07-29,8560,新光,03670T,0,2000,0.0,3180.0,-2000,-3180.0
2026-07-29,8560,新光,03710T,0,60000,0.0,36100.0,-60000,-36100.0
2026-07-29,8560,新光,03727T,0,20000,0.0,75000.0,-20000,-75000.0
2026-07-29,8560,新光,03732B,70000,17000,67700.0,17310.0,53000,50390.0
2026-07-29,8560,新光,03734B,15000,0,22650.0,0.0,15000,22650.0
2026-07-29,8560,新光,03735B,10000,24000,9800.0,28030.0,-14000,-18230.0
2026-07-29,8560,新光,03736B,0,43000,0.0,60200.0,-43000,-60200.0
2026-07-29,8560,新光,03747T,30000,30000,100500.0,102200.0,0,-1700.0
2026-07-29,8560,新光,037497,1000,0,920.0,0.0,1000,920.0
2026-07-29,8560,新光,03765T,0,20000,0.0,50800.0,-20000,-50800.0
2026-07-29,8560,新光,03815T,10000,0,22700.0,0.0,10000,22700.0
2026-07-29,8560,新光,03830T,0,12000,0.0,21000.0,-12000,-21000.0
2026-07-29,8560,新光,03846T,0,10000,0.0,21800.0,-10000,-21800.0
2026-07-29,8560,新光,03889T,0,12000,0.0,22680.0,-12000,-22680.0
2026-07-29,8560,新光,039004,100000,0,12000.0,0.0,100000,12000.0
2026-07-29,8560,新光,03901T,2000,0,5480.0,0.0,2000,5480.0
2026-07-29,8560,新光,03931T,20000,0,22200.0,0.0,20000,22200.0
2026-07-29,8560,新光,040648,10000,0,13100.0,0.0,10000,13100.0
2026-07-29,8560,新光,041434,0,527000,0.0,229650.0,-527000,-229650.0
2026-07-29,8560,新光,043891,1000,0,2800.0,0.0,1000,2800.0
2026-07-29,8560,新光,044274,200000,0,38000.0,0.0,200000,38000.0
2026-07-29,8560,新光,044791,200000,0,54000.0,0.0,200000,54000.0
2026-07-29,8560,新光,044796,9000,0,10640.0,0.0,9000,10640.0
2026-07-29,8560,新光,045087,5000,5000,850.0,1000.0,0,-150.0
2026-07-29,8560,新光,049264,10000,0,30500.0,0.0,10000,30500.0
2026-07-29,8560,新光,049787,20000,0,50750.0,0.0,20000,50750.0
2026-07-29,8560,新光,050002,10000,0,7900.0,0.0,10000,7900.0
2026-07-29,8560,新光,050198,0,1000,0.0,2100.0,-1000,-2100.0
2026-07-29,8560,新光,050510,40000,0,25200.0,0.0,40000,25200.0
2026-07-29,8560,新光,051148,0,1000,0.0,18100.0,-1000,-18100.0
2026-07-29,8560,新光,051250,10000,0,15000.0,0.0,10000,15000.0
2026-07-29,8560,新光,051264,15000,22000,41000.0,64100.0,-7000,-23100.0
2026-07-29,8560,新光,051393,0,2000,0.0,24000.0,-2000,-24000.0
2026-07-29,8560,新光,051633,50000,0,16500.0,0.0,50000,16500.0
2026-07-29,8560,新光,052190,20000,0,19900.0,0.0,20000,19900.0
2026-07-29,8560,新光,052325,0,1000,0.0,790.0,-1000,-790.0
2026-07-29,8560,新光,052783,20000,0,27900.0,0.0,20000,27900.0
2026-07-29,8560,新光,052792,0,10000,0.0,3500.0,-10000,-3500.0
2026-07-29,8560,新光,052826,3000,0,4950.0,0.0,3000,4950.0
2026-07-29,8560,新光,052949,0,98000,0.0,20580.0,-98000,-20580.0
2026-07-29,8560,新光,053267,0,5000,0.0,12000.0,-5000,-12000.0
2026-07-29,8560,新光,053320,200000,0,30000.0,0.0,200000,30000.0
2026-07-29,8560,新光,053424,0,3000,0.0,27000.0,-3000,-27000.0
2026-07-29,8560,新光,053515,1000,1000,310.0,370.0,0,-60.0
2026-07-29,8560,新光,053669,10000,0,37300.0,0.0,10000,37300.0
2026-07-29,8560,新光,054056,3000,0,12000.0,0.0,3000,12000.0
2026-07-29,8560,新光,054160,1000,0,260.0,0.0,1000,260.0
2026-07-29,8560,新光,054291,20000,0,6400.0,0.0,20000,6400.0
2026-07-29,8560,新光,054335,0,20000,0.0,13000.0,-20000,-13000.0
2026-07-29,8560,新光,054411,168000,0,100480.0,0.0,168000,100480.0
2026-07-29,8560,新光,054463,15000,0,2700.0,0.0,15000,2700.0
2026-07-29,8560,新光,054473,40000,0,24400.0,0.0,40000,24400.0
2026-07-29,8560,新光,054495,30000,0,9900.0,0.0,30000,9900.0
2026-07-29,8560,新光,054592,0,1000,0.0,150.0,-1000,-150.0
2026-07-29,8560,新光,054658,1000,0,350.0,0.0,1000,350.0
2026-07-29,8560,新光,054694,0,14000,0.0,4210.0,-14000,-4210.0
2026-07-29,8560,新光,054711,10000,0,26000.0,0.0,10000,26000.0
2026-07-29,8560,新光,055081,1000,0,1490.0,0.0,1000,1490.0
2026-07-29,8560,新光,055145,0,9000,0.0,90.0,-9000,-90.0
2026-07-29,8560,新光,055260,0,1000,0.0,1340.0,-1000,-1340.0
2026-07-29,8560,新光,055342,1000,1000,2960.0,2960.0,0,0.0
2026-07-29,8560,新光,055406,2000,0,6520.0,0.0,2000,6520.0
2026-07-29,8560,新光,055655,0,1000,0.0,240.0,-1000,-240.0
2026-07-29,8560,新光,055658,10000,0,3000.0,0.0,10000,3000.0
2026-07-29,8560,新光,056053,0,28000,0.0,27490.0,-28000,-27490.0
2026-07-29,8560,新光,056075,100000,0,146000.0,0.0,100000,146000.0
2026-07-29,8560,新光,056276,10000,0,200.0,0.0,10000,200.0
2026-07-29,8560,新光,056630,10000,0,5900.0,0.0,10000,5900.0
2026-07-29,8560,新光,056633,3000,0,5250.0,0.0,3000,5250.0
2026-07-29,8560,新光,056682,11000,0,40840.0,0.0,11000,40840.0
2026-07-29,8560,新光,056974,0,3000,0.0,4530.0,-3000,-4530.0
2026-07-29,8560,新光,057157,10000,0,8400.0,0.0,10000,8400.0
2026-07-29,8560,新光,057343,1000,0,970.0,0.0,1000,970.0
2026-07-29,8560,新光,057458,0,3000,0.0,7830.0,-3000,-7830.0
2026-07-29,8560,新光,057459,0,3000,0.0,8340.0,-3000,-8340.0
2026-07-29,8560,新光,057524,0,10000,0.0,20650.0,-10000,-20650.0
2026-07-29,8560,新光,057525,200000,0,340000.0,0.0,200000,340000.0
2026-07-29,8560,新光,057544,20000,0,29200.0,0.0,20000,29200.0
2026-07-29,8560,新光,057555,10000,0,10500.0,0.0,10000,10500.0
2026-07-29,8560,新光,057748,30000,0,10200.0,0.0,30000,10200.0
2026-07-29,8560,新光,057764,5000,0,4400.0,0.0,5000,4400.0
2026-07-29,8560,新光,057783,3000,0,4260.0,0.0,3000,4260.0
2026-07-29,8560,新光,057854,8000,0,15200.0,0.0,8000,15200.0
2026-07-29,8560,新光,058200,0,1000,0.0,2790.0,-1000,-2790.0
2026-07-29,8560,新光,058210,3000,0,16650.0,0.0,3000,16650.0
2026-07-29,8560,新光,058395,21000,0,76530.0,0.0,21000,76530.0
2026-07-29,8560,新光,058602,0,2000,0.0,2680.0,-2000,-2680.0
2026-07-29,8560,新光,058615,10000,0,8300.0,0.0,10000,8300.0
2026-07-29,8560,新光,058639,0,2000,0.0,260.0,-2000,-260.0
2026-07-29,8560,新光,058676,20000,0,28600.0,0.0,20000,28600.0
2026-07-29,8560,新光,058828,0,40000,0.0,8800.0,-40000,-8800.0
2026-07-29,8560,新光,059067,6000,12000,9300.0,19620.0,-6000,-10320.0
2026-07-29,8560,新光,059230,1000,1000,3450.0,3450.0,0,0.0
2026-07-29,8560,新光,059250,4000,0,1080.0,0.0,4000,1080.0
2026-07-29,8560,新光,059648,0,9000,0.0,10260.0,-9000,-10260.0
2026-07-29,8560,新光,059740,10000,0,12800.0,0.0,10000,12800.0
2026-07-29,8560,新光,059837,10000,0,20000.0,0.0,10000,20000.0
2026-07-29,8560,新光,059881,18000,0,32760.0,0.0,18000,32760.0
2026-07-29,8560,新光,059926,10000,0,14500.0,0.0,10000,14500.0
2026-07-29,8560,新光,059965,2000,0,3100.0,0.0,2000,3100.0
2026-07-29,8560,新光,060057,0,5000,0.0,12500.0,-5000,-12500.0
2026-07-29,8560,新光,060067,0,2000,0.0,2040.0,-2000,-2040.0
2026-07-29,8560,新光,060221,100000,0,17000.0,0.0,100000,17000.0
2026-07-29,8560,新光,060310,0,8000,0.0,12240.0,-8000,-12240.0
2026-07-29,8560,新光,060355,5000,0,9150.0,0.0,5000,9150.0
2026-07-29,8560,新光,060593,200000,0,84000.0,0.0,200000,84000.0
2026-07-29,8560,新光,060615,11000,0,29700.0,0.0,11000,29700.0
2026-07-29,8560,新光,060676,0,215000,0.0,34400.0,-215000,-34400.0
2026-07-29,8560,新光,061013,0,50000,0.0,10500.0,-50000,-10500.0
2026-07-29,8560,新光,061145,3000,0,5460.0,0.0,3000,5460.0
2026-07-29,8560,新光,061160,0,90000,0.0,70200.0,-90000,-70200.0
2026-07-29,8560,新光,061260,0,5000,0.0,4250.0,-5000,-4250.0
2026-07-29,8560,新光,061383,0,5000,0.0,7850.0,-5000,-7850.0
2026-07-29,8560,新光,061542,0,5000,0.0,10150.0,-5000,-10150.0
2026-07-29,8560,新光,061678,10000,0,7000.0,0.0,10000,7000.0
2026-07-29,8560,新光,061777,7000,0,3290.0,0.0,7000,3290.0
2026-07-29,8560,新光,061846,2000,0,940.0,0.0,2000,940.0
2026-07-29,8560,新光,061947,10000,0,1700.0,0.0,10000,1700.0
2026-07-29,8560,新光,061958,180000,0,3600.0,0.0,180000,3600.0
2026-07-29,8560,新光,062064,0,15000,0.0,1500.0,-15000,-1500.0
2026-07-29,8560,新光,062161,5000,0,150.0,0.0,5000,150.0
2026-07-29,8560,新光,062200,10000,0,37500.0,0.0,10000,37500.0
2026-07-29,8560,新光,062342,150000,0,73000.0,0.0,150000,73000.0
2026-07-29,8560,新光,062378,2000,0,7880.0,0.0,2000,7880.0
2026-07-29,8560,新光,062503,150000,0,111000.0,0.0,150000,111000.0
2026-07-29,8560,新光,062689,20000,0,12800.0,0.0,20000,12800.0
2026-07-29,8560,新光,062913,2000,0,2400.0,0.0,2000,2400.0
2026-07-29,8560,新光,062914,2000,0,1420.0,0.0,2000,1420.0
2026-07-29,8560,新光,062994,1000,0,1320.0,0.0,1000,1320.0
2026-07-29,8560,新光,063022,0,8000,0.0,9520.0,-8000,-9520.0
2026-07-29,8560,新光,063081,0,75000,0.0,43500.0,-75000,-43500.0
2026-07-29,8560,新光,063233,2000,0,4920.0,0.0,2000,4920.0
2026-07-29,8560,新光,063344,40000,0,11700.0,0.0,40000,11700.0
2026-07-29,8560,新光,063479,0,5000,0.0,6650.0,-5000,-6650.0
2026-07-29,8560,新光,063766,0,13000,0.0,6370.0,-13000,-6370.0
2026-07-29,8560,新光,063819,1000,0,280.0,0.0,1000,280.0
2026-07-29,8560,新光,063901,0,1000,0.0,7000.0,-1000,-7000.0
2026-07-29,8560,新光,063908,15000,0,5250.0,0.0,15000,5250.0
2026-07-29,8560,新光,064179,4000,0,1680.0,0.0,4000,1680.0
2026-07-29,8560,新光,064221,2000,0,2550.0,0.0,2000,2550.0
2026-07-29,8560,新光,064280,10000,10000,10700.0,10500.0,0,200.0
2026-07-29,8560,新光,064348,6000,0,6520.0,0.0,6000,6520.0
2026-07-29,8560,新光,064427,1000,1000,1110.0,1230.0,0,-120.0
2026-07-29,8560,新光,064481,1000,0,4040.0,0.0,1000,4040.0
2026-07-29,8560,新光,064493,5000,0,11200.0,0.0,5000,11200.0
2026-07-29,8560,新光,064497,1000,0,3210.0,0.0,1000,3210.0
2026-07-29,8560,新光,064502,3000,0,9650.0,0.0,3000,9650.0
2026-07-29,8560,新光,064514,5000,0,2250.0,0.0,5000,2250.0
2026-07-29,8560,新光,064535,5000,0,12500.0,0.0,5000,12500.0
2026-07-29,8560,新光,064679,2000,0,1300.0,0.0,2000,1300.0
2026-07-29,8560,新光,064774,70000,10000,177200.0,26550.0,60000,150650.0
2026-07-29,8560,新光,064775,75000,0,29400.0,0.0,75000,29400.0
2026-07-29,8560,新光,064829,10000,0,3600.0,0.0,10000,3600.0
2026-07-29,8560,新光,064995,100000,0,18000.0,0.0,100000,18000.0
2026-07-29,8560,新光,065121,0,12000,0.0,1320.0,-12000,-1320.0
2026-07-29,8560,新光,065130,0,3000,0.0,3360.0,-3000,-3360.0
2026-07-29,8560,新光,065204,0,2000,0.0,1600.0,-2000,-1600.0
2026-07-29,8560,新光,065350,0,5000,0.0,5600.0,-5000,-5600.0
2026-07-29,8560,新光,065360,0,1000,0.0,2250.0,-1000,-2250.0
2026-07-29,8560,新光,065417,50000,0,11000.0,0.0,50000,11000.0
2026-07-29,8560,新光,065423,1159000,0,436940.0,0.0,1159000,436940.0
2026-07-29,8560,新光,065426,10000,0,2600.0,0.0,10000,2600.0
2026-07-29,8560,新光,065451,10000,0,4700.0,0.0,10000,4700.0
2026-07-29,8560,新光,065458,0,30000,0.0,33690.0,-30000,-33690.0
2026-07-29,8560,新光,065469,0,130000,0.0,45800.0,-130000,-45800.0
2026-07-29,8560,新光,065480,30000,10000,30440.0,7600.0,20000,22840.0
2026-07-29,8560,新光,065483,2000,0,3340.0,0.0,2000,3340.0
2026-07-29,8560,新光,065517,8000,0,37930.0,0.0,8000,37930.0
2026-07-29,8560,新光,065541,100000,0,60000.0,0.0,100000,60000.0
2026-07-29,8560,新光,065591,1000,0,2890.0,0.0,1000,2890.0
2026-07-29,8560,新光,065609,0,89000,0.0,40050.0,-89000,-40050.0
2026-07-29,8560,新光,065673,140000,0,118800.0,0.0,140000,118800.0
2026-07-29,8560,新光,065690,0,14000,0.0,16800.0,-14000,-16800.0
2026-07-29,8560,新光,065949,900000,0,238000.0,0.0,900000,238000.0
2026-07-29,8560,新光,066041,7000,0,4440.0,0.0,7000,4440.0
2026-07-29,8560,新光,066055,1000,0,1340.0,0.0,1000,1340.0
2026-07-29,8560,新光,066063,10000,0,13000.0,0.0,10000,13000.0
2026-07-29,8560,新光,066073,10000,0,10900.0,0.0,10000,10900.0
2026-07-29,8560,新光,066075,55000,0,13350.0,0.0,55000,13350.0
2026-07-29,8560,新光,066147,1000,0,1080.0,0.0,1000,1080.0
2026-07-29,8560,新光,066182,2000,0,1340.0,0.0,2000,1340.0
2026-07-29,8560,新光,066189,0,45000,0.0,21900.0,-45000,-21900.0
2026-07-29,8560,新光,066286,3000,0,5230.0,0.0,3000,5230.0
2026-07-29,8560,新光,066287,0,1000,0.0,2290.0,-1000,-2290.0
2026-07-29,8560,新光,066308,0,5000,0.0,5050.0,-5000,-5050.0
2026-07-29,8560,新光,066378,10000,0,6500.0,0.0,10000,6500.0
2026-07-29,8560,新光,066444,10000,0,11600.0,0.0,10000,11600.0
2026-07-29,8560,新光,066524,499000,0,64870.0,0.0,499000,64870.0
2026-07-29,8560,新光,066525,998000,0,199600.0,0.0,998000,199600.0
2026-07-29,8560,新光,066529,3000,0,2290.0,0.0,3000,2290.0
2026-07-29,8560,新光,066544,120000,0,19000.0,0.0,120000,19000.0
2026-07-29,8560,新光,066555,3000,0,21300.0,0.0,3000,21300.0
2026-07-29,8560,新光,066565,0,65000,0.0,11700.0,-65000,-11700.0
2026-07-29,8560,新光,066572,10000,0,11500.0,0.0,10000,11500.0
2026-07-29,8560,新光,066591,15000,0,7570.0,0.0,15000,7570.0
2026-07-29,8560,新光,066653,4000,0,11530.0,0.0,4000,11530.0
2026-07-29,8560,新光,066670,10000,0,8800.0,0.0,10000,8800.0
2026-07-29,8560,新光,066784,80000,0,175880.0,0.0,80000,175880.0
2026-07-29,8560,新光,066915,0,2000,0.0,680.0,-2000,-680.0
2026-07-29,8560,新光,066971,0,34000,0.0,29000.0,-34000,-29000.0
2026-07-29,8560,新光,067010,2000,0,5240.0,0.0,2000,5240.0
2026-07-29,8560,新光,067079,8000,0,6900.0,0.0,8000,6900.0
2026-07-29,8560,新光,067080,5000,0,5750.0,0.0,5000,5750.0
2026-07-29,8560,新光,067105,20000,0,13760.0,0.0,20000,13760.0
2026-07-29,8560,新光,067119,0,17000,0.0,15850.0,-17000,-15850.0
2026-07-29,8560,新光,067167,0,1000,0.0,1730.0,-1000,-1730.0
2026-07-29,8560,新光,067184,0,320000,0.0,42600.0,-320000,-42600.0
2026-07-29,8560,新光,067409,23000,0,7750.0,0.0,23000,7750.0
2026-07-29,8560,新光,067476,2000,2000,4960.0,4960.0,0,0.0
2026-07-29,8560,新光,067544,3000,0,2790.0,0.0,3000,2790.0
2026-07-29,8560,新光,067599,24000,0,17700.0,0.0,24000,17700.0
2026-07-29,8560,新光,067605,10000,0,5000.0,0.0,10000,5000.0
2026-07-29,8560,新光,067620,10000,0,14200.0,0.0,10000,14200.0
2026-07-29,8560,新光,067639,250000,0,315000.0,0.0,250000,315000.0
2026-07-29,8560,新光,067645,30000,0,10500.0,0.0,30000,10500.0
2026-07-29,8560,新光,067648,20000,0,12000.0,0.0,20000,12000.0
2026-07-29,8560,新光,067665,0,14000,0.0,8260.0,-14000,-8260.0
2026-07-29,8560,新光,067680,8000,0,3280.0,0.0,8000,3280.0
2026-07-29,8560,新光,067728,0,2000,0.0,2440.0,-2000,-2440.0
2026-07-29,8560,新光,067791,30000,0,28400.0,0.0,30000,28400.0
2026-07-29,8560,新光,067814,40000,0,44000.0,0.0,40000,44000.0
2026-07-29,8560,新光,067888,0,5000,0.0,4500.0,-5000,-4500.0
2026-07-29,8560,新光,067943,21000,0,16170.0,0.0,21000,16170.0
2026-07-29,8560,新光,067944,2000,0,3120.0,0.0,2000,3120.0
2026-07-29,8560,新光,067986,62000,0,29300.0,0.0,62000,29300.0
2026-07-29,8560,新光,067997,100000,0,68000.0,0.0,100000,68000.0
2026-07-29,8560,新光,068000,70000,0,46900.0,0.0,70000,46900.0
2026-07-29,8560,新光,068001,100000,0,65000.0,0.0,100000,65000.0
2026-07-29,8560,新光,068003,10000,0,7500.0,0.0,10000,7500.0
2026-07-29,8560,新光,068006,10000,0,5700.0,0.0,10000,5700.0
2026-07-29,8560,新光,068013,48000,0,24960.0,0.0,48000,24960.0
2026-07-29,8560,新光,068028,0,20000,0.0,12800.0,-20000,-12800.0
2026-07-29,8560,新光,068128,0,12000,0.0,1920.0,-12000,-1920.0
2026-07-29,8560,新光,068247,201000,0,97500.0,0.0,201000,97500.0
2026-07-29,8560,新光,068271,0,4000,0.0,960.0,-4000,-960.0
2026-07-29,8560,新光,068313,0,25000,0.0,20000.0,-25000,-20000.0
2026-07-29,8560,新光,068338,0,5000,0.0,6050.0,-5000,-6050.0
2026-07-29,8560,新光,068342,20000,0,53200.0,0.0,20000,53200.0
2026-07-29,8560,新光,068346,10000,20000,7400.0,14000.0,-10000,-6600.0
2026-07-29,8560,新光,068413,150000,0,38500.0,0.0,150000,38500.0
2026-07-29,8560,新光,068451,10000,0,8900.0,0.0,10000,8900.0
2026-07-29,8560,新光,068458,100000,0,66890.0,0.0,100000,66890.0
2026-07-29,8560,新光,068464,40000,0,35200.0,0.0,40000,35200.0
2026-07-29,8560,新光,068465,10000,0,9400.0,0.0,10000,9400.0
2026-07-29,8560,新光,068486,20000,0,15700.0,0.0,20000,15700.0
2026-07-29,8560,新光,068590,4000,0,11400.0,0.0,4000,11400.0
2026-07-29,8560,新光,068596,40000,0,41200.0,0.0,40000,41200.0
2026-07-29,8560,新光,068635,0,84000,0.0,51350.0,-84000,-51350.0
2026-07-29,8560,新光,068754,0,35000,0.0,4900.0,-35000,-4900.0
2026-07-29,8560,新光,068764,14000,0,7000.0,0.0,14000,7000.0
2026-07-29,8560,新光,068930,2000,0,2280.0,0.0,2000,2280.0
2026-07-29,8560,新光,068961,30000,0,9300.0,0.0,30000,9300.0
2026-07-29,8560,新光,068977,150000,0,42600.0,0.0,150000,42600.0
2026-07-29,8560,新光,068980,120000,420000,165300.0,470740.0,-300000,-305440.0
2026-07-29,8560,新光,069018,50000,59000,31000.0,33000.0,-9000,-2000.0
2026-07-29,8560,新光,069053,0,10000,0.0,3200.0,-10000,-3200.0
2026-07-29,8560,新光,069083,2000,2000,2480.0,2430.0,0,50.0
2026-07-29,8560,新光,069089,10000,0,4200.0,0.0,10000,4200.0
2026-07-29,8560,新光,069123,5000,0,600.0,0.0,5000,600.0
2026-07-29,8560,新光,069147,3000,0,2220.0,0.0,3000,2220.0
2026-07-29,8560,新光,06916U,0,15000,0.0,1050.0,-15000,-1050.0
2026-07-29,8560,新光,069236,10000,0,1300.0,0.0,10000,1300.0
2026-07-29,8560,新光,069243,10000,0,4000.0,0.0,10000,4000.0
2026-07-29,8560,新光,069245,0,1000,0.0,290.0,-1000,-290.0
2026-07-29,8560,新光,069246,0,1000,0.0,320.0,-1000,-320.0
2026-07-29,8560,新光,069257,40000,0,39200.0,0.0,40000,39200.0
2026-07-29,8560,新光,069282,10000,0,4600.0,0.0,10000,4600.0
2026-07-29,8560,新光,069289,0,100000,0.0,30000.0,-100000,-30000.0
2026-07-29,8560,新光,069342,0,1000,0.0,1530.0,-1000,-1530.0
2026-07-29,8560,新光,069372,5000,0,1600.0,0.0,5000,1600.0
2026-07-29,8560,新光,069448,15000,0,2400.0,0.0,15000,2400.0
2026-07-29,8560,新光,069449,0,80000,0.0,12000.0,-80000,-12000.0
2026-07-29,8560,新光,069451,100000,0,43000.0,0.0,100000,43000.0
2026-07-29,8560,新光,069454,0,2000,0.0,1060.0,-2000,-1060.0
2026-07-29,8560,新光,069523,10000,0,5300.0,0.0,10000,5300.0
2026-07-29,8560,新光,069585,21000,0,54750.0,0.0,21000,54750.0
2026-07-29,8560,新光,069656,5000,0,3500.0,0.0,5000,3500.0
2026-07-29,8560,新光,069738,0,5000,0.0,2500.0,-5000,-2500.0
2026-07-29,8560,新光,069776,0,7000,0.0,4200.0,-7000,-4200.0
2026-07-29,8560,新光,069807,2000,0,1700.0,0.0,2000,1700.0
2026-07-29,8560,新光,069871,0,107000,0.0,73440.0,-107000,-73440.0
2026-07-29,8560,新光,069913,10000,0,2600.0,0.0,10000,2600.0
2026-07-29,8560,新光,069919,0,2000,0.0,300.0,-2000,-300.0
2026-07-29,8560,新光,069944,10000,0,49600.0,0.0,10000,49600.0
2026-07-29,8560,新光,070062,20000,0,13400.0,0.0,20000,13400.0
2026-07-29,8560,新光,070111,30000,0,10500.0,0.0,30000,10500.0
2026-07-29,8560,新光,070217,10000,0,7000.0,0.0,10000,7000.0
2026-07-29,8560,新光,070221,50000,0,12900.0,0.0,50000,12900.0
2026-07-29,8560,新光,070235,40000,0,24400.0,0.0,40000,24400.0
2026-07-29,8560,新光,070285,0,10000,0.0,3500.0,-10000,-3500.0
2026-07-29,8560,新光,070348,700000,0,282000.0,0.0,700000,282000.0
2026-07-29,8560,新光,070433,0,5000,0.0,3100.0,-5000,-3100.0
2026-07-29,8560,新光,070455,20000,0,10200.0,0.0,20000,10200.0
2026-07-29,8560,新光,070797,60000,0,19200.0,0.0,60000,19200.0
2026-07-29,8560,新光,070899,0,70000,0.0,108500.0,-70000,-108500.0
2026-07-29,8560,新光,070900,590000,0,778800.0,0.0,590000,778800.0
2026-07-29,8560,新光,070962,200000,0,121000.0,0.0,200000,121000.0
2026-07-29,8560,新光,070963,3000,0,1680.0,0.0,3000,1680.0
2026-07-29,8560,新光,071007,20000,0,11000.0,0.0,20000,11000.0
2026-07-29,8560,新光,071218,10000,0,10300.0,0.0,10000,10300.0
2026-07-29,8560,新光,071341,0,20000,0.0,15600.0,-20000,-15600.0
2026-07-29,8560,新光,071429,5000,0,3000.0,0.0,5000,3000.0
2026-07-29,8560,新光,071463,0,100000,0.0,57000.0,-100000,-57000.0
2026-07-29,8560,新光,071506,50000,0,23500.0,0.0,50000,23500.0
2026-07-29,8560,新光,071582,1000,1000,1420.0,1420.0,0,0.0
2026-07-29,8560,新光,071615,1000,0,670.0,0.0,1000,670.0
2026-07-29,8560,新光,071646,2000,0,2380.0,0.0,2000,2380.0
2026-07-29,8560,新光,071649,60000,0,51600.0,0.0,60000,51600.0
2026-07-29,8560,新光,071910,0,200000,0.0,174000.0,-200000,-174000.0
2026-07-29,8560,新光,072221,0,30000,0.0,42300.0,-30000,-42300.0
2026-07-29,8560,新光,072222,7000,0,9240.0,0.0,7000,9240.0
2026-07-29,8560,新光,072284,1000,0,870.0,0.0,1000,870.0
2026-07-29,8560,新光,072291,0,200000,0.0,172000.0,-200000,-172000.0
2026-07-29,8560,新光,072461,5000,15000,8100.0,23350.0,-10000,-15250.0
2026-07-29,8560,新光,072463,20000,10000,11200.0,5900.0,10000,5300.0
2026-07-29,8560,新光,072468,0,10000,0.0,14500.0,-10000,-14500.0
2026-07-29,8560,新光,072522,3000,0,840.0,0.0,3000,840.0
2026-07-29,8560,新光,072647,3000,0,1580.0,0.0,3000,1580.0
2026-07-29,8560,新光,072702,0,11000,0.0,5940.0,-11000,-5940.0
2026-07-29,8560,新光,072900,0,1000,0.0,360.0,-1000,-360.0
2026-07-29,8560,新光,073678,0,5000,0.0,1100.0,-5000,-1100.0
2026-07-29,8560,新光,073949,20000,0,14200.0,0.0,20000,14200.0
2026-07-29,8560,新光,073978,55000,0,67950.0,0.0,55000,67950.0
2026-07-29,8560,新光,074314,0,25000,0.0,8750.0,-25000,-8750.0
2026-07-29,8560,新光,074404,3000,0,1260.0,0.0,3000,1260.0
2026-07-29,8560,新光,074535,0,30000,0.0,33900.0,-30000,-33900.0
2026-07-29,8560,新光,074795,5000,0,2600.0,0.0,5000,2600.0
2026-07-29,8560,新光,074946,0,30000,0.0,39000.0,-30000,-39000.0
2026-07-29,8560,新光,075003,2000,0,1020.0,0.0,2000,1020.0
2026-07-29,8560,新光,075270,0,120000,0.0,79300.0,-120000,-79300.0
2026-07-29,8560,新光,075375,20000,0,26500.0,0.0,20000,26500.0
2026-07-29,8560,新光,07543U,0,10000,0.0,800.0,-10000,-800.0
2026-07-29,8560,新光,075561,0,9000,0.0,5330.0,-9000,-5330.0
2026-07-29,8560,新光,075639,10000,0,7500.0,0.0,10000,7500.0
2026-07-29,8560,新光,075704,20000,0,11600.0,0.0,20000,11600.0
2026-07-29,8560,新光,076024,10000,0,34700.0,0.0,10000,34700.0
2026-07-29,8560,新光,076025,10000,0,6400.0,0.0,10000,6400.0
2026-07-29,8560,新光,076286,10000,0,3800.0,0.0,10000,3800.0
2026-07-29,8560,新光,076399,10000,0,4600.0,0.0,10000,4600.0
2026-07-29,8560,新光,076616,20000,0,9200.0,0.0,20000,9200.0
2026-07-29,8560,新光,076626,30000,0,33900.0,0.0,30000,33900.0
2026-07-29,8560,新光,076631,2000,1000,1900.0,1000.0,1000,900.0
2026-07-29,8560,新光,077141,10000,0,8200.0,0.0,10000,8200.0
2026-07-29,8560,新光,077176,0,4000,0.0,7600.0,-4000,-7600.0
2026-07-29,8560,新光,07918U,0,5000,0.0,500.0,-5000,-500.0
2026-07-29,8560,新光,07919U,0,37000,0.0,12500.0,-37000,-12500.0
2026-07-29,8560,新光,08092U,0,60000,0.0,6640.0,-60000,-6640.0
2026-07-29,8560,新光,08144U,70000,29000,9700.0,3480.0,41000,6220.0
2026-07-29,8560,新光,08258U,0,72000,0.0,10440.0,-72000,-10440.0
2026-07-29,8560,新光,08345U,134000,305000,21920.0,55750.0,-171000,-33830.0
2026-07-29,8560,新光,08360U,0,70000,0.0,48830.0,-70000,-48830.0
2026-07-29,8560,新光,08492U,401000,0,20050.0,0.0,401000,20050.0
2026-07-29,8560,新光,08499U,20000,0,800.0,0.0,20000,800.0
2026-07-29,8560,新光,08519U,0,60000,0.0,14800.0,-60000,-14800.0
2026-07-29,8560,新光,08612U,0,3000,0.0,1020.0,-3000,-1020.0
2026-07-29,8560,新光,08663U,0,3000,0.0,510.0,-3000,-510.0
2026-07-29,8560,新光,086907,10000,0,35200.0,0.0,10000,35200.0
2026-07-29,8560,新光,08865U,60000,0,14400.0,0.0,60000,14400.0
2026-07-29,8560,新光,08927U,0,6000,0.0,1800.0,-6000,-1800.0
2026-07-29,8560,新光,08929U,0,48000,0.0,5760.0,-48000,-5760.0
2026-07-29,8560,新光,08936U,0,10000,0.0,1400.0,-10000,-1400.0
2026-07-29,8560,新光,08948U,0,1000,0.0,200.0,-1000,-200.0
2026-07-29,8560,新光,08949U,1000,0,380.0,0.0,1000,380.0
2026-07-29,8560,新光,08965U,0,22000,0.0,11440.0,-22000,-11440.0
2026-07-29,8560,新光,08993U,0,110000,0.0,9700.0,-110000,-9700.0
2026-07-29,8560,新光,700186,10000,0,1100.0,0.0,10000,1100.0
2026-07-29,8560,新光,700900,13000,0,3250.0,0.0,13000,3250.0
2026-07-29,8560,新光,703001,30000,0,18200.0,0.0,30000,18200.0
2026-07-29,8560,新光,703368,0,30000,0.0,60000.0,-30000,-60000.0
2026-07-29,8560,新光,703878,5000,0,6650.0,0.0,5000,6650.0
2026-07-29,8560,新光,704203,0,2000,0.0,1760.0,-2000,-1760.0
2026-07-29,8560,新光,704210,0,7000,0.0,8330.0,-7000,-8330.0
2026-07-29,8560,新光,704544,0,3000,0.0,3030.0,-3000,-3030.0
2026-07-29,8560,新光,704954,15000,0,28650.0,0.0,15000,28650.0
2026-07-29,8560,新光,705199,130000,0,49000.0,0.0,130000,49000.0
2026-07-29,8560,新光,705314,5000,0,5450.0,0.0,5000,5450.0
2026-07-29,8560,新光,705489,0,200000,0.0,154000.0,-200000,-154000.0
2026-07-29,8560,新光,705692,7000,0,2030.0,0.0,7000,2030.0
2026-07-29,8560,新光,705758,10000,0,14700.0,0.0,10000,14700.0
2026-07-29,8560,新光,705781,90000,0,56400.0,0.0,90000,56400.0
2026-07-29,8560,新光,705806,5000,0,11400.0,0.0,5000,11400.0
2026-07-29,8560,新光,705829,0,415000,0.0,232950.0,-415000,-232950.0
2026-07-29,8560,新光,706121,60000,0,36900.0,0.0,60000,36900.0
2026-07-29,8560,新光,706137,0,15000,0.0,7950.0,-15000,-7950.0
2026-07-29,8560,新光,706245,190000,10000,47300.0,2500.0,180000,44800.0
2026-07-29,8560,新光,706259,290000,20000,96800.0,7000.0,270000,89800.0
2026-07-29,8560,新光,706342,0,25000,0.0,13250.0,-25000,-13250.0
2026-07-29,8560,新光,706528,20000,0,11000.0,0.0,20000,11000.0
2026-07-29,8560,新光,707063,20000,0,43000.0,0.0,20000,43000.0
2026-07-29,8560,新光,707260,0,6000,0.0,1860.0,-6000,-1860.0
2026-07-29,8560,新光,707293,40000,80000,21600.0,32000.0,-40000,-10400.0
2026-07-29,8560,新光,707306,0,3000,0.0,4260.0,-3000,-4260.0
2026-07-29,8560,新光,707330,0,2000,0.0,4400.0,-2000,-4400.0
2026-07-29,8560,新光,707336,200000,0,228000.0,0.0,200000,228000.0
2026-07-29,8560,新光,707374,5000,0,3650.0,0.0,5000,3650.0
2026-07-29,8560,新光,707381,10000,0,10700.0,0.0,10000,10700.0
2026-07-29,8560,新光,707422,5000,40000,3750.0,34400.0,-35000,-30650.0
2026-07-29,8560,新光,707712,30000,0,14400.0,0.0,30000,14400.0
2026-07-29,8560,新光,707822,2000,10000,1840.0,9800.0,-8000,-7960.0
2026-07-29,8560,新光,707843,2000,0,1620.0,0.0,2000,1620.0
2026-07-29,8560,新光,707883,0,10000,0.0,4900.0,-10000,-4900.0
2026-07-29,8560,新光,707972,30000,0,2100.0,0.0,30000,2100.0
2026-07-29,8560,新光,708067,0,10000,0.0,5400.0,-10000,-5400.0
2026-07-29,8560,新光,708076,2000,3000,1200.0,1600.0,-1000,-400.0
2026-07-29,8560,新光,708105,70000,0,19100.0,0.0,70000,19100.0
2026-07-29,8560,新光,708146,10000,13000,4000.0,5460.0,-3000,-1460.0
2026-07-29,8560,新光,708173,0,20000,0.0,7800.0,-20000,-7800.0
2026-07-29,8560,新光,708268,70000,0,41700.0,0.0,70000,41700.0
2026-07-29,8560,新光,708322,10000,0,12500.0,0.0,10000,12500.0
2026-07-29,8560,新光,708386,0,1000,0.0,8600.0,-1000,-8600.0
2026-07-29,8560,新光,708473,0,3000,0.0,3060.0,-3000,-3060.0
2026-07-29,8560,新光,708486,0,1000,0.0,2890.0,-1000,-2890.0
2026-07-29,8560,新光,708521,10000,0,9900.0,0.0,10000,9900.0
2026-07-29,8560,新光,708532,50000,0,68000.0,0.0,50000,68000.0
2026-07-29,8560,新光,708588,4000,0,360.0,0.0,4000,360.0
2026-07-29,8560,新光,708659,50000,0,23500.0,0.0,50000,23500.0
2026-07-29,8560,新光,708710,30000,0,10800.0,0.0,30000,10800.0
2026-07-29,8560,新光,708815,12000,0,3120.0,0.0,12000,3120.0
2026-07-29,8560,新光,708828,15000,0,6900.0,0.0,15000,6900.0
2026-07-29,8560,新光,708843,0,7000,0.0,11200.0,-7000,-11200.0
2026-07-29,8560,新光,708844,0,240000,0.0,158400.0,-240000,-158400.0
2026-07-29,8560,新光,709012,779000,0,165780.0,0.0,779000,165780.0
2026-07-29,8560,新光,709066,4000,0,1320.0,0.0,4000,1320.0
2026-07-29,8560,新光,709103,0,116000,0.0,96280.0,-116000,-96280.0
2026-07-29,8560,新光,709138,0,3000,0.0,780.0,-3000,-780.0
2026-07-29,8560,新光,709207,5000,5000,3800.0,3800.0,0,0.0
2026-07-29,8560,新光,709238,100000,0,32000.0,0.0,100000,32000.0
2026-07-29,8560,新光,709302,0,10000,0.0,2300.0,-10000,-2300.0
2026-07-29,8560,新光,709399,0,110000,0.0,19800.0,-110000,-19800.0
2026-07-29,8560,新光,709421,0,10000,0.0,39500.0,-10000,-39500.0
2026-07-29,8560,新光,709591,10000,0,7300.0,0.0,10000,7300.0
2026-07-29,8560,新光,709598,0,8000,0.0,8800.0,-8000,-8800.0
2026-07-29,8560,新光,709636,1000,0,420.0,0.0,1000,420.0
2026-07-29,8560,新光,709666,0,9000,0.0,1890.0,-9000,-1890.0
2026-07-29,8560,新光,709685,0,35000,0.0,33950.0,-35000,-33950.0
2026-07-29,8560,新光,709709,10000,10000,6000.0,6000.0,0,0.0
2026-07-29,8560,新光,709977,0,20000,0.0,7800.0,-20000,-7800.0
2026-07-29,8560,新光,709988,50000,0,19500.0,0.0,50000,19500.0
2026-07-29,8560,新光,710055,57000,0,19380.0,0.0,57000,19380.0
2026-07-29,8560,新光,710266,2000,0,170.0,0.0,2000,170.0
2026-07-29,8560,新光,710289,0,7000,0.0,1260.0,-7000,-1260.0
2026-07-29,8560,新光,710403,110000,0,33200.0,0.0,110000,33200.0
2026-07-29,8560,新光,710457,5000,0,5200.0,0.0,5000,5200.0
2026-07-29,8560,新光,710515,50000,0,39100.0,0.0,50000,39100.0
2026-07-29,8560,新光,710794,0,1000,0.0,1020.0,-1000,-1020.0
2026-07-29,8560,新光,710805,40000,0,90400.0,0.0,40000,90400.0
2026-07-29,8560,新光,710964,22000,0,10340.0,0.0,22000,10340.0
2026-07-29,8560,新光,711054,20000,0,30400.0,0.0,20000,30400.0
2026-07-29,8560,新光,711367,50000,0,16900.0,0.0,50000,16900.0
2026-07-29,8560,新光,711506,20000,0,30400.0,0.0,20000,30400.0
2026-07-29,8560,新光,72725U,0,100000,0.0,1000.0,-100000,-1000.0
2026-07-29,8560,新光,72823U,0,180000,0.0,17600.0,-180000,-17600.0
2026-07-29,8560,新光,72826U,0,2000,0.0,300.0,-2000,-300.0
2026-07-29,8560,新光,72853U,0,20000,0.0,29600.0,-20000,-29600.0
2026-07-29,8560,新光,72882U,0,100000,0.0,74000.0,-100000,-74000.0
2026-07-29,8560,新光,72907U,0,100000,0.0,94010.0,-100000,-94010.0
2026-07-29,8560,新光,72917U,0,45000,0.0,50490.0,-45000,-50490.0
2026-07-29,8560,新光,72918U,0,100000,0.0,94000.0,-100000,-94000.0
2026-07-29,8560,新光,72932U,0,22000,0.0,44880.0,-22000,-44880.0
2026-07-29,8560,新光,72939U,40000,0,44400.0,0.0,40000,44400.0
2026-07-29,8560,新光,733461,20000,23000,9780.0,12160.0,-3000,-2380.0
2026-07-29,8560,新光,734209,10000,0,18200.0,0.0,10000,18200.0
2026-07-29,8560,新光,738557,20000,0,200.0,0.0,20000,200.0
2026-07-29,8560,新光,738742,50000,0,15000.0,0.0,50000,15000.0
2026-07-29,9135,群益東大,03021T,0,5000,0.0,11660.0,-5000,-11660.0
2026-07-29,9135,群益東大,03035X,10000,0,128000.0,0.0,10000,128000.0
2026-07-29,9135,群益東大,03178T,0,4000,0.0,4590.0,-4000,-4590.0
2026-07-29,9135,群益東大,03255T,50000,0,47500.0,0.0,50000,47500.0
2026-07-29,9135,群益東大,03257T,0,300000,0.0,516000.0,-300000,-516000.0
2026-07-29,9135,群益東大,03371T,0,9000,0.0,4680.0,-9000,-4680.0
2026-07-29,9135,群益東大,03389T,10000,0,4100.0,0.0,10000,4100.0
2026-07-29,9135,群益東大,03396T,0,15000,0.0,14990.0,-15000,-14990.0
2026-07-29,9135,群益東大,03434T,0,12000,0.0,19080.0,-12000,-19080.0
2026-07-29,9135,群益東大,03439T,0,4000,0.0,14160.0,-4000,-14160.0
2026-07-29,9135,群益東大,03482T,0,4000,0.0,15180.0,-4000,-15180.0
2026-07-29,9135,群益東大,03563T,0,50000,0.0,79000.0,-50000,-79000.0
2026-07-29,9135,群益東大,03579T,10000,0,11300.0,0.0,10000,11300.0
2026-07-29,9135,群益東大,03631T,0,8000,0.0,15880.0,-8000,-15880.0
2026-07-29,9135,群益東大,03772T,0,100000,0.0,172500.0,-100000,-172500.0
2026-07-29,9135,群益東大,038321,2000,0,5400.0,0.0,2000,5400.0
2026-07-29,9135,群益東大,03840T,0,50000,0.0,54000.0,-50000,-54000.0
2026-07-29,9135,群益東大,039472,17000,139000,3630.0,27800.0,-122000,-24170.0
2026-07-29,9135,群益東大,040615,2000,0,3080.0,0.0,2000,3080.0
2026-07-29,9135,群益東大,048097,2000,0,670.0,0.0,2000,670.0
2026-07-29,9135,群益東大,051437,11000,0,770.0,0.0,11000,770.0
2026-07-29,9135,群益東大,052806,5000,0,2150.0,0.0,5000,2150.0
2026-07-29,9135,群益東大,053534,2000,0,680.0,0.0,2000,680.0
2026-07-29,9135,群益東大,054555,1000,0,1350.0,0.0,1000,1350.0
2026-07-29,9135,群益東大,056578,20000,0,55500.0,0.0,20000,55500.0
2026-07-29,9135,群益東大,057477,75000,0,92000.0,0.0,75000,92000.0
2026-07-29,9135,群益東大,057748,4000,0,1850.0,0.0,4000,1850.0
2026-07-29,9135,群益東大,058646,1000,0,310.0,0.0,1000,310.0
2026-07-29,9135,群益東大,059017,4000,0,5500.0,0.0,4000,5500.0
2026-07-29,9135,群益東大,061158,0,50000,0.0,72960.0,-50000,-72960.0
2026-07-29,9135,群益東大,062170,0,5000,0.0,15000.0,-5000,-15000.0
2026-07-29,9135,群益東大,062541,2000,0,770.0,0.0,2000,770.0
2026-07-29,9135,群益東大,062651,0,20000,0.0,10200.0,-20000,-10200.0
2026-07-29,9135,群益東大,063351,10000,0,3400.0,0.0,10000,3400.0
2026-07-29,9135,群益東大,064006,0,10000,0.0,6400.0,-10000,-6400.0
2026-07-29,9135,群益東大,064162,0,5000,0.0,3650.0,-5000,-3650.0
2026-07-29,9135,群益東大,064177,2000,0,1550.0,0.0,2000,1550.0
2026-07-29,9135,群益東大,064541,1000,0,600.0,0.0,1000,600.0
2026-07-29,9135,群益東大,064683,2000,0,1320.0,0.0,2000,1320.0
2026-07-29,9135,群益東大,064703,20000,0,6900.0,0.0,20000,6900.0
2026-07-29,9135,群益東大,064740,21000,0,11160.0,0.0,21000,11160.0
2026-07-29,9135,群益東大,064764,2000,0,2100.0,0.0,2000,2100.0
2026-07-29,9135,群益東大,065364,5000,0,13550.0,0.0,5000,13550.0
2026-07-29,9135,群益東大,065459,12000,0,14760.0,0.0,12000,14760.0
2026-07-29,9135,群益東大,065553,2000,0,1410.0,0.0,2000,1410.0
2026-07-29,9135,群益東大,066180,5000,0,3200.0,0.0,5000,3200.0
2026-07-29,9135,群益東大,066556,20000,0,45600.0,0.0,20000,45600.0
2026-07-29,9135,群益東大,066830,1000,0,1400.0,0.0,1000,1400.0
2026-07-29,9135,群益東大,067080,3000,0,3480.0,0.0,3000,3480.0
2026-07-29,9135,群益東大,067149,2000,0,1590.0,0.0,2000,1590.0
2026-07-29,9135,群益東大,067257,2000,0,1230.0,0.0,2000,1230.0
2026-07-29,9135,群益東大,067305,1000,0,330.0,0.0,1000,330.0
2026-07-29,9135,群益東大,067696,1000,0,1650.0,0.0,1000,1650.0
2026-07-29,9135,群益東大,067828,0,56000,0.0,35560.0,-56000,-35560.0
2026-07-29,9135,群益東大,067899,1000,0,500.0,0.0,1000,500.0
2026-07-29,9135,群益東大,067956,2000,0,920.0,0.0,2000,920.0
2026-07-29,9135,群益東大,068160,1000,0,600.0,0.0,1000,600.0
2026-07-29,9135,群益東大,068247,20000,0,9600.0,0.0,20000,9600.0
2026-07-29,9135,群益東大,069156,10000,0,8800.0,0.0,10000,8800.0
2026-07-29,9135,群益東大,069648,60000,0,4800.0,0.0,60000,4800.0
2026-07-29,9135,群益東大,069652,2000,0,700.0,0.0,2000,700.0
2026-07-29,9135,群益東大,070256,10000,0,4100.0,0.0,10000,4100.0
2026-07-29,9135,群益東大,070945,20000,0,19200.0,0.0,20000,19200.0
2026-07-29,9135,群益東大,071434,5000,0,550.0,0.0,5000,550.0
2026-07-29,9135,群益東大,071595,1000,0,900.0,0.0,1000,900.0
2026-07-29,9135,群益東大,071986,0,7000,0.0,7490.0,-7000,-7490.0
2026-07-29,9135,群益東大,072040,20000,0,4700.0,0.0,20000,4700.0
2026-07-29,9135,群益東大,072452,1000,0,1000.0,0.0,1000,1000.0
2026-07-29,9135,群益東大,072529,0,3000,0.0,720.0,-3000,-720.0
2026-07-29,9135,群益東大,072772,6000,0,12120.0,0.0,6000,12120.0
2026-07-29,9135,群益東大,072994,30000,0,20800.0,0.0,30000,20800.0
2026-07-29,9135,群益東大,073730,12000,0,14160.0,0.0,12000,14160.0
2026-07-29,9135,群益東大,074265,10000,0,5200.0,0.0,10000,5200.0
2026-07-29,9135,群益東大,075013,12000,0,14760.0,0.0,12000,14760.0
2026-07-29,9135,群益東大,076623,5000,0,1350.0,0.0,5000,1350.0
2026-07-29,9135,群益東大,07932U,3000,0,1220.0,0.0,3000,1220.0
2026-07-29,9135,群益東大,08865U,30000,0,6900.0,0.0,30000,6900.0
2026-07-29,9135,群益東大,08917U,0,100000,0.0,38000.0,-100000,-38000.0
2026-07-29,9135,群益東大,08951U,0,100000,0.0,31000.0,-100000,-31000.0
2026-07-29,9135,群益東大,08978U,0,50000,0.0,59750.0,-50000,-59750.0
2026-07-29,9135,群益東大,705555,1000,1000,3000.0,2520.0,0,480.0
2026-07-29,9135,群益東大,705931,1000,0,1700.0,0.0,1000,1700.0
2026-07-29,9135,群益東大,707374,2000,0,1710.0,0.0,2000,1710.0
2026-07-29,9135,群益東大,707398,1000,0,600.0,0.0,1000,600.0
2026-07-29,9135,群益東大,707764,50000,0,45500.0,0.0,50000,45500.0
2026-07-29,9135,群益東大,708088,2000,0,700.0,0.0,2000,700.0
2026-07-29,9135,群益東大,708588,30000,0,3000.0,0.0,30000,3000.0
2026-07-29,9135,群益東大,709170,20000,0,14000.0,0.0,20000,14000.0
2026-07-29,9135,群益東大,709430,2000,0,550.0,0.0,2000,550.0
2026-07-29,9135,群益東大,709603,10000,0,5500.0,0.0,10000,5500.0
2026-07-29,9135,群益東大,709776,0,29000,0.0,13920.0,-29000,-13920.0
2026-07-29,9135,群益東大,710141,20000,0,7000.0,0.0,20000,7000.0
2026-07-29,9135,群益東大,710420,30000,0,5700.0,0.0,30000,5700.0
2026-07-29,9135,群益東大,711164,0,18000,0.0,6480.0,-18000,-6480.0
2026-07-29,9135,群益東大,711196,1000,0,500.0,0.0,1000,500.0
2026-07-29,9135,群益東大,72724U,40000,0,3000.0,0.0,40000,3000.0
2026-07-29,9135,群益東大,72921U,0,9000,0.0,17420.0,-9000,-17420.0
2026-07-29,9135,群益東大,734287,5000,0,7750.0,0.0,5000,7750.0
2026-07-29,9186,群益新竹,030573,15000,0,30300.0,0.0,15000,30300.0
2026-07-29,9186,群益新竹,03160T,0,30000,0.0,24700.0,-30000,-24700.0
2026-07-29,9186,群益新竹,03296T,1000,0,850.0,0.0,1000,850.0
2026-07-29,9186,群益新竹,03462T,0,10000,0.0,25200.0,-10000,-25200.0
2026-07-29,9186,群益新竹,042207,20000,0,13600.0,0.0,20000,13600.0
2026-07-29,9186,群益新竹,047015,1000,0,1100.0,0.0,1000,1100.0
2026-07-29,9186,群益新竹,052547,22000,0,2800.0,0.0,22000,2800.0
2026-07-29,9186,群益新竹,053282,1000,0,70.0,0.0,1000,70.0
2026-07-29,9186,群益新竹,057524,30000,0,61500.0,0.0,30000,61500.0
2026-07-29,9186,群益新竹,059340,5000,0,11050.0,0.0,5000,11050.0
2026-07-29,9186,群益新竹,059640,2000,0,2610.0,0.0,2000,2610.0
2026-07-29,9186,群益新竹,063081,200000,200000,138000.0,145000.0,0,-7000.0
2026-07-29,9186,群益新竹,063842,3000,0,3330.0,0.0,3000,3330.0
2026-07-29,9186,群益新竹,064148,1000,0,1870.0,0.0,1000,1870.0
2026-07-29,9186,群益新竹,065235,0,24000,0.0,13800.0,-24000,-13800.0
2026-07-29,9186,群益新竹,065275,32000,0,8320.0,0.0,32000,8320.0
2026-07-29,9186,群益新竹,065423,300000,0,94570.0,0.0,300000,94570.0
2026-07-29,9186,群益新竹,06556U,0,200000,0.0,2000.0,-200000,-2000.0
2026-07-29,9186,群益新竹,065605,92000,0,19680.0,0.0,92000,19680.0
2026-07-29,9186,群益新竹,065841,30000,0,32700.0,0.0,30000,32700.0
2026-07-29,9186,群益新竹,066083,48000,0,13440.0,0.0,48000,13440.0
2026-07-29,9186,群益新竹,066147,1000,0,1100.0,0.0,1000,1100.0
2026-07-29,9186,群益新竹,066396,0,10000,0.0,10000.0,-10000,-10000.0
2026-07-29,9186,群益新竹,066633,8000,0,6740.0,0.0,8000,6740.0
2026-07-29,9186,群益新竹,066773,0,1000,0.0,2330.0,-1000,-2330.0
2026-07-29,9186,群益新竹,066782,96000,0,48120.0,0.0,96000,48120.0
2026-07-29,9186,群益新竹,066910,0,5000,0.0,2750.0,-5000,-2750.0
2026-07-29,9186,群益新竹,067245,1000,0,2000.0,0.0,1000,2000.0
2026-07-29,9186,群益新竹,067441,100000,0,67000.0,0.0,100000,67000.0
2026-07-29,9186,群益新竹,067791,50000,0,42000.0,0.0,50000,42000.0
2026-07-29,9186,群益新竹,067814,200000,139000,287000.0,149310.0,61000,137690.0
2026-07-29,9186,群益新竹,067885,0,58000,0.0,83090.0,-58000,-83090.0
2026-07-29,9186,群益新竹,068001,10000,0,6500.0,0.0,10000,6500.0
2026-07-29,9186,群益新竹,068485,0,3000,0.0,2250.0,-3000,-2250.0
2026-07-29,9186,群益新竹,068547,8000,0,9200.0,0.0,8000,9200.0
2026-07-29,9186,群益新竹,069566,3000,0,250.0,0.0,3000,250.0
2026-07-29,9186,群益新竹,069656,10000,0,7650.0,0.0,10000,7650.0
2026-07-29,9186,群益新竹,071741,20000,0,20200.0,0.0,20000,20200.0
2026-07-29,9186,群益新竹,075283,1000,0,1410.0,0.0,1000,1410.0
2026-07-29,9186,群益新竹,08144U,0,73000,0.0,9990.0,-73000,-9990.0
2026-07-29,9186,群益新竹,08420P,0,22000,0.0,440.0,-22000,-440.0
2026-07-29,9186,群益新竹,08420U,13000,0,260.0,0.0,13000,260.0
2026-07-29,9186,群益新竹,08530U,0,100000,0.0,11000.0,-100000,-11000.0
2026-07-29,9186,群益新竹,08814U,0,14000,0.0,1400.0,-14000,-1400.0
2026-07-29,9186,群益新竹,705386,2000,0,1660.0,0.0,2000,1660.0
2026-07-29,9186,群益新竹,705555,0,1000,0.0,2520.0,-1000,-2520.0
2026-07-29,9186,群益新竹,706625,0,2000,0.0,2520.0,-2000,-2520.0
2026-07-29,9186,群益新竹,706904,0,10000,0.0,1700.0,-10000,-1700.0
2026-07-29,9186,群益新竹,707220,50000,0,11400.0,0.0,50000,11400.0
2026-07-29,9186,群益新竹,707703,5000,0,2250.0,0.0,5000,2250.0
2026-07-29,9186,群益新竹,707733,50000,0,14500.0,0.0,50000,14500.0
2026-07-29,9186,群益新竹,708684,30000,0,5300.0,0.0,30000,5300.0
2026-07-29,9186,群益新竹,708843,6000,0,8700.0,0.0,6000,8700.0
2026-07-29,9186,群益新竹,708945,3000,0,1710.0,0.0,3000,1710.0
2026-07-29,9186,群益新竹,710502,0,3000,0.0,2700.0,-3000,-2700.0
2026-07-29,918C,群益古亭,03262T,100000,0,98000.0,0.0,100000,98000.0
2026-07-29,918C,群益古亭,039454,1000,0,3300.0,0.0,1000,3300.0
2026-07-29,918C,群益古亭,046914,5000,0,6000.0,0.0,5000,6000.0
2026-07-29,918C,群益古亭,057013,10000,0,6400.0,0.0,10000,6400.0
2026-07-29,918C,群益古亭,058227,0,60000,0.0,93600.0,-60000,-93600.0
2026-07-29,918C,群益古亭,063121,10000,0,24600.0,0.0,10000,24600.0
2026-07-29,918C,群益古亭,064154,2000,0,3620.0,0.0,2000,3620.0
2026-07-29,918C,群益古亭,064444,1000,1000,130.0,130.0,0,0.0
2026-07-29,918C,群益古亭,065417,20000,0,3800.0,0.0,20000,3800.0
2026-07-29,918C,群益古亭,065423,15000,0,5300.0,0.0,15000,5300.0
2026-07-29,918C,群益古亭,066918,30000,0,41420.0,0.0,30000,41420.0
2026-07-29,918C,群益古亭,067994,20000,0,24100.0,0.0,20000,24100.0
2026-07-29,918C,群益古亭,067997,30000,0,20400.0,0.0,30000,20400.0
2026-07-29,918C,群益古亭,067998,1000,0,780.0,0.0,1000,780.0
2026-07-29,918C,群益古亭,068001,30000,0,20700.0,0.0,30000,20700.0
2026-07-29,918C,群益古亭,068665,0,2000,0.0,5520.0,-2000,-5520.0
2026-07-29,918C,群益古亭,069197,30000,30000,20400.0,19500.0,0,900.0
2026-07-29,918C,群益古亭,071197,50000,50000,21000.0,22000.0,0,-1000.0
2026-07-29,918C,群益古亭,071311,6000,0,4800.0,0.0,6000,4800.0
2026-07-29,918C,群益古亭,072753,3000,0,4530.0,0.0,3000,4530.0
2026-07-29,918C,群益古亭,072904,1000,0,390.0,0.0,1000,390.0
2026-07-29,918C,群益古亭,074798,0,5000,0.0,7800.0,-5000,-7800.0
2026-07-29,918C,群益古亭,075028,10000,0,20400.0,0.0,10000,20400.0
2026-07-29,918C,群益古亭,076368,5000,0,3700.0,0.0,5000,3700.0
2026-07-29,918C,群益古亭,076903,0,90000,0.0,109800.0,-90000,-109800.0
2026-07-29,918C,群益古亭,076905,20000,0,31900.0,0.0,20000,31900.0
2026-07-29,918C,群益古亭,076931,0,10000,0.0,19100.0,-10000,-19100.0
2026-07-29,918C,群益古亭,08876U,0,10000,0.0,1500.0,-10000,-1500.0
2026-07-29,918C,群益古亭,704539,30000,0,19800.0,0.0,30000,19800.0
2026-07-29,918C,群益古亭,707336,1000,0,1140.0,0.0,1000,1140.0
2026-07-29,918C,群益古亭,709137,100000,0,25000.0,0.0,100000,25000.0
2026-07-29,918C,群益古亭,710500,1030000,0,699000.0,0.0,1030000,699000.0
2026-07-29,920H,凱基基隆,036860,10000,0,2500.0,0.0,10000,2500.0
2026-07-29,920H,凱基基隆,053506,10000,0,29400.0,0.0,10000,29400.0
2026-07-29,920H,凱基基隆,054066,5000,0,7000.0,0.0,5000,7000.0
2026-07-29,920H,凱基基隆,056638,0,2000,0.0,5360.0,-2000,-5360.0
2026-07-29,920H,凱基基隆,057070,10000,0,76500.0,0.0,10000,76500.0
2026-07-29,920H,凱基基隆,057113,0,5000,0.0,3200.0,-5000,-3200.0
2026-07-29,920H,凱基基隆,057748,10000,0,4100.0,0.0,10000,4100.0
2026-07-29,920H,凱基基隆,058885,95000,0,10450.0,0.0,95000,10450.0
2026-07-29,920H,凱基基隆,060146,0,100000,0.0,70000.0,-100000,-70000.0
2026-07-29,920H,凱基基隆,063307,0,70000,0.0,10400.0,-70000,-10400.0
2026-07-29,920H,凱基基隆,064326,0,5000,0.0,200.0,-5000,-200.0
2026-07-29,920H,凱基基隆,064703,0,5000,0.0,1500.0,-5000,-1500.0
2026-07-29,920H,凱基基隆,065480,9000,0,9520.0,0.0,9000,9520.0
2026-07-29,920H,凱基基隆,065863,0,50000,0.0,69000.0,-50000,-69000.0
2026-07-29,920H,凱基基隆,066101,0,2000,0.0,2980.0,-2000,-2980.0
2026-07-29,920H,凱基基隆,066971,2000,1000,1830.0,930.0,1000,900.0
2026-07-29,920H,凱基基隆,067599,0,10000,0.0,6400.0,-10000,-6400.0
2026-07-29,920H,凱基基隆,067956,10000,0,4900.0,0.0,10000,4900.0
2026-07-29,920H,凱基基隆,068546,0,100000,0.0,55000.0,-100000,-55000.0
2026-07-29,920H,凱基基隆,069358,3000,0,1290.0,0.0,3000,1290.0
2026-07-29,920H,凱基基隆,071070,100000,0,40000.0,0.0,100000,40000.0
2026-07-29,920H,凱基基隆,073396,75000,0,33850.0,0.0,75000,33850.0
2026-07-29,920H,凱基基隆,073804,0,1000,0.0,1450.0,-1000,-1450.0
2026-07-29,920H,凱基基隆,073848,20000,30000,13600.0,19800.0,-10000,-6200.0
2026-07-29,920H,凱基基隆,076610,2000,0,1460.0,0.0,2000,1460.0
2026-07-29,920H,凱基基隆,704400,0,200000,0.0,273000.0,-200000,-273000.0
2026-07-29,920H,凱基基隆,705785,1000,0,700.0,0.0,1000,700.0
2026-07-29,920H,凱基基隆,707046,5000,0,2250.0,0.0,5000,2250.0
2026-07-29,920H,凱基基隆,707822,0,200000,0.0,159450.0,-200000,-159450.0
2026-07-29,920H,凱基基隆,708552,0,400000,0.0,112000.0,-400000,-112000.0
2026-07-29,920H,凱基基隆,709796,0,800000,0.0,136000.0,-800000,-136000.0
2026-07-29,920H,凱基基隆,710339,0,400000,0.0,188000.0,-400000,-188000.0
2026-07-29,920H,凱基基隆,711607,0,60000,0.0,80400.0,-60000,-80400.0
2026-07-29,920H,凱基基隆,733958,13000,0,2990.0,0.0,13000,2990.0
2026-07-29,9211,凱基台南,031289,3000,1000,1140.0,400.0,2000,740.0
2026-07-29,9211,凱基台南,03211T,0,60000,0.0,79800.0,-60000,-79800.0
2026-07-29,9211,凱基台南,03218T,0,50000,0.0,32000.0,-50000,-32000.0
2026-07-29,9211,凱基台南,03564T,0,100000,0.0,49000.0,-100000,-49000.0
2026-07-29,9211,凱基台南,03645T,3000,0,4320.0,0.0,3000,4320.0
2026-07-29,9211,凱基台南,03659T,10000,0,16600.0,0.0,10000,16600.0
2026-07-29,9211,凱基台南,03734B,0,1000,0.0,1340.0,-1000,-1340.0
2026-07-29,9211,凱基台南,03792T,0,10000,0.0,12800.0,-10000,-12800.0
2026-07-29,9211,凱基台南,03825T,10000,0,15100.0,0.0,10000,15100.0
2026-07-29,9211,凱基台南,054040,5000,0,8650.0,0.0,5000,8650.0
2026-07-29,9211,凱基台南,055272,10000,0,16650.0,0.0,10000,16650.0
2026-07-29,9211,凱基台南,055836,500000,200000,126000.0,48000.0,300000,78000.0
2026-07-29,9211,凱基台南,056120,0,15000,0.0,22350.0,-15000,-22350.0
2026-07-29,9211,凱基台南,056862,0,25000,0.0,43000.0,-25000,-43000.0
2026-07-29,9211,凱基台南,057008,0,1000,0.0,1010.0,-1000,-1010.0
2026-07-29,9211,凱基台南,057878,120000,100000,289200.0,240000.0,20000,49200.0
2026-07-29,9211,凱基台南,058148,0,34000,0.0,12380.0,-34000,-12380.0
2026-07-29,9211,凱基台南,058396,2000,0,11500.0,0.0,2000,11500.0
2026-07-29,9211,凱基台南,058466,10000,0,34300.0,0.0,10000,34300.0
2026-07-29,9211,凱基台南,058657,10000,0,16100.0,0.0,10000,16100.0
2026-07-29,9211,凱基台南,059007,2000,0,680.0,0.0,2000,680.0
2026-07-29,9211,凱基台南,059607,0,100000,0.0,5000.0,-100000,-5000.0
2026-07-29,9211,凱基台南,061964,0,200000,0.0,96000.0,-200000,-96000.0
2026-07-29,9211,凱基台南,062217,12000,0,31680.0,0.0,12000,31680.0
2026-07-29,9211,凱基台南,062449,50000,0,145900.0,0.0,50000,145900.0
2026-07-29,9211,凱基台南,062455,0,20000,0.0,11900.0,-20000,-11900.0
2026-07-29,9211,凱基台南,062648,2000,0,1000.0,0.0,2000,1000.0
2026-07-29,9211,凱基台南,063477,0,234000,0.0,112320.0,-234000,-112320.0
2026-07-29,9211,凱基台南,063515,0,455000,0.0,104100.0,-455000,-104100.0
2026-07-29,9211,凱基台南,063632,5000,0,9700.0,0.0,5000,9700.0
2026-07-29,9211,凱基台南,063887,0,452000,0.0,45700.0,-452000,-45700.0
2026-07-29,9211,凱基台南,064154,30000,0,53900.0,0.0,30000,53900.0
2026-07-29,9211,凱基台南,065167,19000,0,3420.0,0.0,19000,3420.0
2026-07-29,9211,凱基台南,066107,0,10000,0.0,2200.0,-10000,-2200.0
2026-07-29,9211,凱基台南,066183,5000,0,6300.0,0.0,5000,6300.0
2026-07-29,9211,凱基台南,066731,10000,0,1300.0,0.0,10000,1300.0
2026-07-29,9211,凱基台南,066782,75000,0,37050.0,0.0,75000,37050.0
2026-07-29,9211,凱基台南,066784,5000,0,10950.0,0.0,5000,10950.0
2026-07-29,9211,凱基台南,066988,0,20000,0.0,14700.0,-20000,-14700.0
2026-07-29,9211,凱基台南,067161,2000,0,2600.0,0.0,2000,2600.0
2026-07-29,9211,凱基台南,067535,5000,0,1300.0,0.0,5000,1300.0
2026-07-29,9211,凱基台南,067587,10000,0,13050.0,0.0,10000,13050.0
2026-07-29,9211,凱基台南,067606,20000,20000,9200.0,8200.0,0,1000.0
2026-07-29,9211,凱基台南,067648,0,10000,0.0,6000.0,-10000,-6000.0
2026-07-29,9211,凱基台南,067667,5000,0,2950.0,0.0,5000,2950.0
2026-07-29,9211,凱基台南,067892,15000,0,19200.0,0.0,15000,19200.0
2026-07-29,9211,凱基台南,067943,10000,0,8000.0,0.0,10000,8000.0
2026-07-29,9211,凱基台南,067997,70000,0,48700.0,0.0,70000,48700.0
2026-07-29,9211,凱基台南,068001,20000,0,12600.0,0.0,20000,12600.0
2026-07-29,9211,凱基台南,068006,24000,0,13920.0,0.0,24000,13920.0
2026-07-29,9211,凱基台南,068245,0,10000,0.0,8600.0,-10000,-8600.0
2026-07-29,9211,凱基台南,068596,15000,0,16500.0,0.0,15000,16500.0
2026-07-29,9211,凱基台南,068950,11000,0,8330.0,0.0,11000,8330.0
2026-07-29,9211,凱基台南,068968,0,5000,0.0,2700.0,-5000,-2700.0
2026-07-29,9211,凱基台南,069156,10000,0,8200.0,0.0,10000,8200.0
2026-07-29,9211,凱基台南,069336,100000,0,10000.0,0.0,100000,10000.0
2026-07-29,9211,凱基台南,069629,100000,0,28800.0,0.0,100000,28800.0
2026-07-29,9211,凱基台南,069696,20000,0,5600.0,0.0,20000,5600.0
2026-07-29,9211,凱基台南,070176,10000,0,9900.0,0.0,10000,9900.0
2026-07-29,9211,凱基台南,070245,10000,0,5000.0,0.0,10000,5000.0
2026-07-29,9211,凱基台南,070799,18000,0,24170.0,0.0,18000,24170.0
2026-07-29,9211,凱基台南,070837,5000,0,3650.0,0.0,5000,3650.0
2026-07-29,9211,凱基台南,070850,20000,0,9800.0,0.0,20000,9800.0
2026-07-29,9211,凱基台南,071284,170000,0,92500.0,0.0,170000,92500.0
2026-07-29,9211,凱基台南,071506,60000,0,26200.0,0.0,60000,26200.0
2026-07-29,9211,凱基台南,071589,20000,0,14300.0,0.0,20000,14300.0
2026-07-29,9211,凱基台南,071616,140000,0,97800.0,0.0,140000,97800.0
2026-07-29,9211,凱基台南,072512,10000,0,7300.0,0.0,10000,7300.0
2026-07-29,9211,凱基台南,072668,225000,0,91450.0,0.0,225000,91450.0
2026-07-29,9211,凱基台南,073002,20000,0,11200.0,0.0,20000,11200.0
2026-07-29,9211,凱基台南,073523,5000,0,1050.0,0.0,5000,1050.0
2026-07-29,9211,凱基台南,073658,15000,0,14800.0,0.0,15000,14800.0
2026-07-29,9211,凱基台南,073848,10000,0,7300.0,0.0,10000,7300.0
2026-07-29,9211,凱基台南,074042,10000,0,8900.0,0.0,10000,8900.0
2026-07-29,9211,凱基台南,075207,11000,0,26070.0,0.0,11000,26070.0
2026-07-29,9211,凱基台南,075687,5000,0,3450.0,0.0,5000,3450.0
2026-07-29,9211,凱基台南,075872,20000,0,10600.0,0.0,20000,10600.0
2026-07-29,9211,凱基台南,076465,120000,0,48000.0,0.0,120000,48000.0
2026-07-29,9211,凱基台南,076483,199000,0,103480.0,0.0,199000,103480.0
2026-07-29,9211,凱基台南,076546,140000,50000,98200.0,35000.0,90000,63200.0
2026-07-29,9211,凱基台南,076623,50000,0,16300.0,0.0,50000,16300.0
2026-07-29,9211,凱基台南,076725,0,20000,0.0,14800.0,-20000,-14800.0
2026-07-29,9211,凱基台南,08051P,0,9000,0.0,540.0,-9000,-540.0
2026-07-29,9211,凱基台南,08588U,30000,0,18900.0,0.0,30000,18900.0
2026-07-29,9211,凱基台南,08703U,0,30000,0.0,9000.0,-30000,-9000.0
2026-07-29,9211,凱基台南,08771U,0,65000,0.0,26600.0,-65000,-26600.0
2026-07-29,9211,凱基台南,700709,0,5000,0.0,300.0,-5000,-300.0
2026-07-29,9211,凱基台南,706581,10000,0,4400.0,0.0,10000,4400.0
2026-07-29,9211,凱基台南,707822,4000,0,2960.0,0.0,4000,2960.0
2026-07-29,9211,凱基台南,708282,0,130000,0.0,180700.0,-130000,-180700.0
2026-07-29,9211,凱基台南,708594,20000,0,13600.0,0.0,20000,13600.0
2026-07-29,9211,凱基台南,708723,40000,0,4400.0,0.0,40000,4400.0
2026-07-29,9211,凱基台南,709103,10000,0,8800.0,0.0,10000,8800.0
2026-07-29,9211,凱基台南,709776,0,1000,0.0,660.0,-1000,-660.0
2026-07-29,9211,凱基台南,709978,0,5000,0.0,3200.0,-5000,-3200.0
2026-07-29,9211,凱基台南,710076,5000,0,2400.0,0.0,5000,2400.0
2026-07-29,9211,凱基台南,710116,0,1000,0.0,440.0,-1000,-440.0
2026-07-29,9211,凱基台南,710311,0,3000,0.0,1590.0,-3000,-1590.0
2026-07-29,9211,凱基台南,710385,5000,0,2000.0,0.0,5000,2000.0
2026-07-29,9211,凱基台南,710750,5000,0,1250.0,0.0,5000,1250.0
2026-07-29,9211,凱基台南,710899,5000,0,2300.0,0.0,5000,2300.0
2026-07-29,9211,凱基台南,710947,30000,0,19400.0,0.0,30000,19400.0
2026-07-29,9211,凱基台南,711048,300000,80000,199000.0,59200.0,220000,139800.0
2026-07-29,9211,凱基台南,72818U,0,39000,0.0,7410.0,-39000,-7410.0
2026-07-29,9211,凱基台南,72845U,0,6000,0.0,4440.0,-6000,-4440.0
2026-07-29,9211,凱基台南,734287,3000,0,4800.0,0.0,3000,4800.0
2026-07-29,9211,凱基台南,736479,20000,0,9000.0,0.0,20000,9000.0
2026-07-29,9229,凱基中山,03090T,0,4000,0.0,8000.0,-4000,-8000.0
2026-07-29,9229,凱基中山,03094T,0,3000,0.0,3690.0,-3000,-3690.0
2026-07-29,9229,凱基中山,03328T,0,3000,0.0,4890.0,-3000,-4890.0
2026-07-29,9229,凱基中山,03477T,0,2000,0.0,2580.0,-2000,-2580.0
2026-07-29,9229,凱基中山,03535T,0,12000,0.0,10620.0,-12000,-10620.0
2026-07-29,9229,凱基中山,03694T,0,6000,0.0,7860.0,-6000,-7860.0
2026-07-29,9229,凱基中山,03740T,0,10000,0.0,16500.0,-10000,-16500.0
2026-07-29,9229,凱基中山,03773T,0,5000,0.0,11200.0,-5000,-11200.0
2026-07-29,9229,凱基中山,03800T,0,3000,0.0,5070.0,-3000,-5070.0
2026-07-29,9229,凱基中山,042004,0,22000,0.0,33000.0,-22000,-33000.0
2026-07-29,9229,凱基中山,056119,10000,0,8400.0,0.0,10000,8400.0
2026-07-29,9229,凱基中山,057566,10000,0,60000.0,0.0,10000,60000.0
2026-07-29,9229,凱基中山,063351,100000,0,37000.0,0.0,100000,37000.0
2026-07-29,9229,凱基中山,064372,20000,0,29400.0,0.0,20000,29400.0
2026-07-29,9229,凱基中山,065054,0,10000,0.0,3200.0,-10000,-3200.0
2026-07-29,9229,凱基中山,065426,10000,0,2800.0,0.0,10000,2800.0
2026-07-29,9229,凱基中山,066784,200000,0,442000.0,0.0,200000,442000.0
2026-07-29,9229,凱基中山,067067,0,36000,0.0,4320.0,-36000,-4320.0
2026-07-29,9229,凱基中山,067472,50000,0,51000.0,0.0,50000,51000.0
2026-07-29,9229,凱基中山,067550,50000,0,48500.0,0.0,50000,48500.0
2026-07-29,9229,凱基中山,068512,20000,0,95400.0,0.0,20000,95400.0
2026-07-29,9229,凱基中山,069567,50000,0,23000.0,0.0,50000,23000.0
2026-07-29,9229,凱基中山,070374,2000,0,4120.0,0.0,2000,4120.0
2026-07-29,9229,凱基中山,071859,50000,0,41000.0,0.0,50000,41000.0
2026-07-29,9229,凱基中山,708064,20000,0,21000.0,0.0,20000,21000.0
2026-07-29,9229,凱基中山,708513,10000,0,39100.0,0.0,10000,39100.0
2026-07-29,9229,凱基中山,710923,1000,0,1280.0,0.0,1000,1280.0
2026-07-29,9229,凱基中山,72867U,0,7000,0.0,7660.0,-7000,-7660.0
2026-07-29,9237,凱基敦北,053858,0,26000,0.0,62140.0,-26000,-62140.0
2026-07-29,9237,凱基敦北,054694,2000,0,640.0,0.0,2000,640.0
2026-07-29,9237,凱基敦北,063164,0,2000,0.0,4020.0,-2000,-4020.0
2026-07-29,9237,凱基敦北,067943,1000,0,1050.0,0.0,1000,1050.0
2026-07-29,9237,凱基敦北,069154,250000,0,30000.0,0.0,250000,30000.0
2026-07-29,9237,凱基敦北,070452,30000,0,10800.0,0.0,30000,10800.0
2026-07-29,9237,凱基敦北,070849,30000,0,17000.0,0.0,30000,17000.0
2026-07-29,9237,凱基敦北,072082,11000,0,9340.0,0.0,11000,9340.0
2026-07-29,9237,凱基敦北,073850,2000,0,1660.0,0.0,2000,1660.0
2026-07-29,9237,凱基敦北,700022,1000,0,1730.0,0.0,1000,1730.0
2026-07-29,9237,凱基敦北,705489,20000,0,15800.0,0.0,20000,15800.0
2026-07-29,9237,凱基敦北,708410,10000,0,2300.0,0.0,10000,2300.0
2026-07-29,9237,凱基敦北,733460,0,10000,0.0,11500.0,-10000,-11500.0
2026-07-29,9237,凱基敦北,733461,0,35000,0.0,17890.0,-35000,-17890.0
2026-07-29,9238,凱基士林,03415T,0,140000,0.0,207800.0,-140000,-207800.0
2026-07-29,9238,凱基士林,03427T,0,50000,0.0,119500.0,-50000,-119500.0
2026-07-29,9238,凱基士林,03476T,0,200000,0.0,288000.0,-200000,-288000.0
2026-07-29,9238,凱基士林,03518T,0,25000,0.0,67000.0,-25000,-67000.0
2026-07-29,9238,凱基士林,03529T,100000,0,206000.0,0.0,100000,206000.0
2026-07-29,9238,凱基士林,03732B,0,1000,0.0,1000.0,-1000,-1000.0
2026-07-29,9238,凱基士林,038997,0,3000,0.0,12600.0,-3000,-12600.0
2026-07-29,9238,凱基士林,04019C,11000,0,9730.0,0.0,11000,9730.0
2026-07-29,9238,凱基士林,040414,0,3000,0.0,10140.0,-3000,-10140.0
2026-07-29,9238,凱基士林,040630,0,6000,0.0,10110.0,-6000,-10110.0
2026-07-29,9238,凱基士林,041320,2000,3000,25800.0,39600.0,-1000,-13800.0
2026-07-29,9238,凱基士林,041613,10000,0,3300.0,0.0,10000,3300.0
2026-07-29,9238,凱基士林,043287,10000,0,1500.0,0.0,10000,1500.0
2026-07-29,9238,凱基士林,044610,0,4000,0.0,10840.0,-4000,-10840.0
2026-07-29,9238,凱基士林,047767,2000,0,14700.0,0.0,2000,14700.0
2026-07-29,9238,凱基士林,049687,0,1000,0.0,30200.0,-1000,-30200.0
2026-07-29,9238,凱基士林,056097,20000,0,8200.0,0.0,20000,8200.0
2026-07-29,9238,凱基士林,056630,200000,0,124000.0,0.0,200000,124000.0
2026-07-29,9238,凱基士林,057197,4000,0,4580.0,0.0,4000,4580.0
2026-07-29,9238,凱基士林,058397,3000,0,13530.0,0.0,3000,13530.0
2026-07-29,9238,凱基士林,062929,0,2000,0.0,1560.0,-2000,-1560.0
2026-07-29,9238,凱基士林,063344,10000,416000,2600.0,104000.0,-406000,-101400.0
2026-07-29,9238,凱基士林,063406,2000,0,1360.0,0.0,2000,1360.0
2026-07-29,9238,凱基士林,063427,0,1000,0.0,2740.0,-1000,-2740.0
2026-07-29,9238,凱基士林,063444,1000,0,1500.0,0.0,1000,1500.0
2026-07-29,9238,凱基士林,063457,2000,0,6440.0,0.0,2000,6440.0
2026-07-29,9238,凱基士林,063521,10000,0,1800.0,0.0,10000,1800.0
2026-07-29,9238,凱基士林,063851,10000,0,3400.0,0.0,10000,3400.0
2026-07-29,9238,凱基士林,063994,10000,0,3700.0,0.0,10000,3700.0
2026-07-29,9238,凱基士林,065039,5000,0,8000.0,0.0,5000,8000.0
2026-07-29,9238,凱基士林,065114,0,6000,0.0,9960.0,-6000,-9960.0
2026-07-29,9238,凱基士林,065353,5000,0,22310.0,0.0,5000,22310.0
2026-07-29,9238,凱基士林,065364,0,6000,0.0,14640.0,-6000,-14640.0
2026-07-29,9238,凱基士林,065679,10000,0,43900.0,0.0,10000,43900.0
2026-07-29,9238,凱基士林,065811,50000,0,170500.0,0.0,50000,170500.0
2026-07-29,9238,凱基士林,065868,1000,1000,980.0,980.0,0,0.0
2026-07-29,9238,凱基士林,066818,0,1000,0.0,2420.0,-1000,-2420.0
2026-07-29,9238,凱基士林,067133,13000,0,11440.0,0.0,13000,11440.0
2026-07-29,9238,凱基士林,067337,10000,0,74000.0,0.0,10000,74000.0
2026-07-29,9238,凱基士林,067409,294000,0,98480.0,0.0,294000,98480.0
2026-07-29,9238,凱基士林,067814,20000,0,29000.0,0.0,20000,29000.0
2026-07-29,9238,凱基士林,067885,9000,0,9990.0,0.0,9000,9990.0
2026-07-29,9238,凱基士林,068665,0,107000,0.0,327420.0,-107000,-327420.0
2026-07-29,9238,凱基士林,069684,100000,0,93000.0,0.0,100000,93000.0
2026-07-29,9238,凱基士林,069699,55000,60000,101150.0,102150.0,-5000,-1000.0
2026-07-29,9238,凱基士林,070438,10000,0,4100.0,0.0,10000,4100.0
2026-07-29,9238,凱基士林,070664,0,50000,0.0,85000.0,-50000,-85000.0
2026-07-29,9238,凱基士林,073580,0,100000,0.0,50000.0,-100000,-50000.0
2026-07-29,9238,凱基士林,076430,0,200000,0.0,168000.0,-200000,-168000.0
2026-07-29,9238,凱基士林,076890,20000,0,48000.0,0.0,20000,48000.0
2026-07-29,9238,凱基士林,703368,0,10000,0.0,25100.0,-10000,-25100.0
2026-07-29,9238,凱基士林,704288,10000,0,700.0,0.0,10000,700.0
2026-07-29,9238,凱基士林,706910,10000,0,36900.0,0.0,10000,36900.0
2026-07-29,9238,凱基士林,707527,80000,0,131700.0,0.0,80000,131700.0
2026-07-29,9238,凱基士林,707775,0,8000,0.0,1520.0,-8000,-1520.0
2026-07-29,9238,凱基士林,708451,0,9000,0.0,27360.0,-9000,-27360.0
2026-07-29,9238,凱基士林,708505,0,160000,0.0,60800.0,-160000,-60800.0
2026-07-29,9238,凱基士林,709092,19000,0,7600.0,0.0,19000,7600.0
2026-07-29,9238,凱基士林,710320,0,200000,0.0,172000.0,-200000,-172000.0
2026-07-29,9302,華南台中,03366T,0,2000,0.0,1680.0,-2000,-1680.0
2026-07-29,9302,華南台中,03371T,0,9000,0.0,4340.0,-9000,-4340.0
2026-07-29,9302,華南台中,03421T,0,5000,0.0,8000.0,-5000,-8000.0
2026-07-29,9302,華南台中,03457T,0,50000,0.0,72900.0,-50000,-72900.0
2026-07-29,9302,華南台中,03460T,0,40000,0.0,78000.0,-40000,-78000.0
2026-07-29,9302,華南台中,03465T,0,60000,0.0,129600.0,-60000,-129600.0
2026-07-29,9302,華南台中,03471T,0,1000,0.0,940.0,-1000,-940.0
2026-07-29,9302,華南台中,03478T,0,30000,0.0,34800.0,-30000,-34800.0
2026-07-29,9302,華南台中,03479T,0,5000,0.0,14700.0,-5000,-14700.0
2026-07-29,9302,華南台中,03520T,0,2000,0.0,1900.0,-2000,-1900.0
2026-07-29,9302,華南台中,03537T,59000,0,65490.0,0.0,59000,65490.0
2026-07-29,9302,華南台中,038321,0,20000,0.0,64000.0,-20000,-64000.0
2026-07-29,9302,華南台中,040647,1000,0,1200.0,0.0,1000,1200.0
2026-07-29,9302,華南台中,043291,0,20000,0.0,4000.0,-20000,-4000.0
2026-07-29,9302,華南台中,044803,1000,0,1010.0,0.0,1000,1010.0
2026-07-29,9302,華南台中,050315,6000,0,14280.0,0.0,6000,14280.0
2026-07-29,9302,華南台中,052120,9000,0,900.0,0.0,9000,900.0
2026-07-29,9302,華南台中,052676,10000,0,1200.0,0.0,10000,1200.0
2026-07-29,9302,華南台中,057014,10000,0,14020.0,0.0,10000,14020.0
2026-07-29,9302,華南台中,058606,20000,0,22200.0,0.0,20000,22200.0
2026-07-29,9302,華南台中,058809,0,60000,0.0,3600.0,-60000,-3600.0
2026-07-29,9302,華南台中,060293,60000,20000,9600.0,2800.0,40000,6800.0
2026-07-29,9302,華南台中,060638,3000,0,3400.0,0.0,3000,3400.0
2026-07-29,9302,華南台中,061088,0,10000,0.0,2300.0,-10000,-2300.0
2026-07-29,9302,華南台中,061391,5000,0,3550.0,0.0,5000,3550.0
2026-07-29,9302,華南台中,061750,100000,0,37000.0,0.0,100000,37000.0
2026-07-29,9302,華南台中,061907,0,30000,0.0,6300.0,-30000,-6300.0
2026-07-29,9302,華南台中,062366,2000,0,4070.0,0.0,2000,4070.0
2026-07-29,9302,華南台中,062650,100000,0,56000.0,0.0,100000,56000.0
2026-07-29,9302,華南台中,062888,0,1000,0.0,490.0,-1000,-490.0
2026-07-29,9302,華南台中,063020,2000,0,1700.0,0.0,2000,1700.0
2026-07-29,9302,華南台中,063344,0,33000,0.0,9680.0,-33000,-9680.0
2026-07-29,9302,華南台中,064154,5000,0,8750.0,0.0,5000,8750.0
2026-07-29,9302,華南台中,064214,50000,0,2300.0,0.0,50000,2300.0
2026-07-29,9302,華南台中,065084,1000,0,1620.0,0.0,1000,1620.0
2026-07-29,9302,華南台中,065609,3000,0,1140.0,0.0,3000,1140.0
2026-07-29,9302,華南台中,065735,6000,0,3820.0,0.0,6000,3820.0
2026-07-29,9302,華南台中,066055,0,44000,0.0,60280.0,-44000,-60280.0
2026-07-29,9302,華南台中,066062,2000,0,2310.0,0.0,2000,2310.0
2026-07-29,9302,華南台中,067996,1000,0,690.0,0.0,1000,690.0
2026-07-29,9302,華南台中,068467,0,55000,0.0,52750.0,-55000,-52750.0
2026-07-29,9302,華南台中,068793,1711000,0,222430.0,0.0,1711000,222430.0
2026-07-29,9302,華南台中,068905,0,260000,0.0,353600.0,-260000,-353600.0
2026-07-29,9302,華南台中,069064,500000,250000,540000.0,307500.0,250000,232500.0
2026-07-29,9302,華南台中,069089,0,5000,0.0,2150.0,-5000,-2150.0
2026-07-29,9302,華南台中,069152,1300000,0,120000.0,0.0,1300000,120000.0
2026-07-29,9302,華南台中,069830,20000,0,2000.0,0.0,20000,2000.0
2026-07-29,9302,華南台中,070168,0,6110000,0.0,1099800.0,-6110000,-1099800.0
2026-07-29,9302,華南台中,070303,8000,0,2960.0,0.0,8000,2960.0
2026-07-29,9302,華南台中,070395,0,8000,0.0,3120.0,-8000,-3120.0
2026-07-29,9302,華南台中,070551,15000,0,5700.0,0.0,15000,5700.0
2026-07-29,9302,華南台中,070962,10000,0,5900.0,0.0,10000,5900.0
2026-07-29,9302,華南台中,071538,1000,0,440.0,0.0,1000,440.0
2026-07-29,9302,華南台中,071763,1000,0,860.0,0.0,1000,860.0
2026-07-29,9302,華南台中,071976,3000,0,930.0,0.0,3000,930.0
2026-07-29,9302,華南台中,072228,0,24000,0.0,3600.0,-24000,-3600.0
2026-07-29,9302,華南台中,072468,0,1000,0.0,1310.0,-1000,-1310.0
2026-07-29,9302,華南台中,072602,0,1000,0.0,670.0,-1000,-670.0
2026-07-29,9302,華南台中,072868,50000,0,4000.0,0.0,50000,4000.0
2026-07-29,9302,華南台中,073485,1000,0,360.0,0.0,1000,360.0
2026-07-29,9302,華南台中,075648,1000,0,580.0,0.0,1000,580.0
2026-07-29,9302,華南台中,08694U,0,119000,0.0,174930.0,-119000,-174930.0
2026-07-29,9302,華南台中,08836U,0,118000,0.0,261960.0,-118000,-261960.0
2026-07-29,9302,永昌台中,700263,1000,0,2950.0,0.0,1000,2950.0
2026-07-29,9302,永昌台中,700670,10000,0,1300.0,0.0,10000,1300.0
2026-07-29,9302,永昌台中,704897,1000,0,2650.0,0.0,1000,2650.0
2026-07-29,9302,永昌台中,705052,5000,0,50.0,0.0,5000,50.0
2026-07-29,9302,永昌台中,707075,5000,0,2150.0,0.0,5000,2150.0
2026-07-29,9302,永昌台中,707299,1000,0,1120.0,0.0,1000,1120.0
2026-07-29,9302,永昌台中,707474,1000,0,800.0,0.0,1000,800.0
2026-07-29,9302,永昌台中,707721,5000,0,2800.0,0.0,5000,2800.0
2026-07-29,9302,永昌台中,707858,40000,0,19050.0,0.0,40000,19050.0
2026-07-29,9302,永昌台中,708430,50000,0,5000.0,0.0,50000,5000.0
2026-07-29,9302,永昌台中,708917,5000,0,2350.0,0.0,5000,2350.0
2026-07-29,9302,永昌台中,709173,1000,0,760.0,0.0,1000,760.0
2026-07-29,9302,永昌台中,709532,0,20000,0.0,2200.0,-20000,-2200.0
2026-07-29,9302,永昌台中,709832,0,1000,0.0,640.0,-1000,-640.0
2026-07-29,9302,永昌台中,709903,0,4000000,0.0,840000.0,-4000000,-840000.0
2026-07-29,9302,永昌台中,709905,571000,0,95360.0,0.0,571000,95360.0
2026-07-29,9302,永昌台中,710030,15000,0,3450.0,0.0,15000,3450.0
2026-07-29,9302,永昌台中,711002,5000,0,4750.0,0.0,5000,4750.0
2026-07-29,9302,永昌台中,711029,100000,0,61000.0,0.0,100000,61000.0
2026-07-29,9302,永昌台中,711466,2000,0,1040.0,0.0,2000,1040.0
2026-07-29,9302,永昌台中,725744,0,60000,0.0,4200.0,-60000,-4200.0
2026-07-29,9302,永昌台中,734710,100000,0,34000.0,0.0,100000,34000.0
2026-07-29,9316,華南淡水,03478T,3000,3000,3450.0,3410.0,0,40.0
2026-07-29,9316,華南淡水,044796,30000,10000,34500.0,11600.0,20000,22900.0
2026-07-29,9316,華南淡水,052246,150000,0,47500.0,0.0,150000,47500.0
2026-07-29,9316,華南淡水,054213,0,70000,0.0,86100.0,-70000,-86100.0
2026-07-29,9316,華南淡水,059837,4000,0,7280.0,0.0,4000,7280.0
2026-07-29,9316,華南淡水,061565,4000,0,12400.0,0.0,4000,12400.0
2026-07-29,9316,華南淡水,062108,0,126000,0.0,90660.0,-126000,-90660.0
2026-07-29,9316,華南淡水,064514,27000,8000,13840.0,4320.0,19000,9520.0
2026-07-29,9316,華南淡水,067583,12000,0,6960.0,0.0,12000,6960.0
2026-07-29,9316,華南淡水,067802,0,190000,0.0,34200.0,-190000,-34200.0
2026-07-29,9316,華南淡水,067987,10000,10000,5400.0,4800.0,0,600.0
2026-07-29,9316,華南淡水,068003,15000,0,11700.0,0.0,15000,11700.0
2026-07-29,9316,華南淡水,070089,10000,0,5950.0,0.0,10000,5950.0
2026-07-29,9316,華南淡水,072173,50000,30000,19700.0,11900.0,20000,7800.0
2026-07-29,9316,華南淡水,072550,34000,0,108240.0,0.0,34000,108240.0
2026-07-29,9316,華南淡水,075100,40000,0,110020.0,0.0,40000,110020.0
2026-07-29,9316,華南淡水,075270,56000,0,34950.0,0.0,56000,34950.0
2026-07-29,9316,華南淡水,076281,10000,0,7800.0,0.0,10000,7800.0
2026-07-29,9316,華南淡水,076659,6000,0,7830.0,0.0,6000,7830.0
2026-07-29,9316,華南淡水,077288,5000,0,3750.0,0.0,5000,3750.0
2026-07-29,9316,華南淡水,08066U,0,21000,0.0,2100.0,-21000,-2100.0
2026-07-29,9316,華南淡水,08802U,5000,0,1000.0,0.0,5000,1000.0
2026-07-29,9316,永昌淡水,705469,0,10000,0.0,500.0,-10000,-500.0
2026-07-29,9316,永昌淡水,706795,5000,0,3800.0,0.0,5000,3800.0
2026-07-29,9316,永昌淡水,708235,3000,0,1050.0,0.0,3000,1050.0
2026-07-29,9316,永昌淡水,710431,15000,0,7900.0,0.0,15000,7900.0
2026-07-29,9316,永昌淡水,711733,5000,0,5280.0,0.0,5000,5280.0
2026-07-29,9316,永昌淡水,711770,3000,0,2250.0,0.0,3000,2250.0
2026-07-29,9337,華南內壢,03228T,0,2000,0.0,4000.0,-2000,-4000.0
2026-07-29,9337,華南內壢,03323T,1000,0,510.0,0.0,1000,510.0
2026-07-29,9337,華南內壢,03326T,10000,0,6800.0,0.0,10000,6800.0
2026-07-29,9337,華南內壢,03876T,0,1000,0.0,1780.0,-1000,-1780.0
2026-07-29,9337,華南內壢,047491,0,60000,0.0,21000.0,-60000,-21000.0
2026-07-29,9337,華南內壢,052649,0,150000,0.0,45000.0,-150000,-45000.0
2026-07-29,9337,華南內壢,054708,0,90000,0.0,68400.0,-90000,-68400.0
2026-07-29,9337,華南內壢,058289,20000,0,4400.0,0.0,20000,4400.0
2026-07-29,9337,華南內壢,059021,27000,0,15480.0,0.0,27000,15480.0
2026-07-29,9337,華南內壢,059081,20000,0,16360.0,0.0,20000,16360.0
2026-07-29,9337,華南內壢,059082,20000,0,15440.0,0.0,20000,15440.0
2026-07-29,9337,華南內壢,059083,18000,0,12570.0,0.0,18000,12570.0
2026-07-29,9337,華南內壢,059121,5000,0,2900.0,0.0,5000,2900.0
2026-07-29,9337,華南內壢,059122,12000,0,11010.0,0.0,12000,11010.0
2026-07-29,9337,華南內壢,059439,0,20000,0.0,1800.0,-20000,-1800.0
2026-07-29,9337,華南內壢,059837,15000,0,26890.0,0.0,15000,26890.0
2026-07-29,9337,華南內壢,059982,2000,0,1720.0,0.0,2000,1720.0
2026-07-29,9337,華南內壢,063572,2000,0,1600.0,0.0,2000,1600.0
2026-07-29,9337,華南內壢,063596,10000,10000,5000.0,5300.0,0,-300.0
2026-07-29,9337,華南內壢,065609,10000,0,3790.0,0.0,10000,3790.0
2026-07-29,9337,華南內壢,065659,20000,0,7000.0,0.0,20000,7000.0
2026-07-29,9337,華南內壢,066516,3000,3000,5250.0,4500.0,0,750.0
2026-07-29,9337,華南內壢,066592,29000,10000,25700.0,8800.0,19000,16900.0
2026-07-29,9337,華南內壢,067791,0,145000,0.0,139070.0,-145000,-139070.0
2026-07-29,9337,華南內壢,067842,0,50000,0.0,16000.0,-50000,-16000.0
2026-07-29,9337,華南內壢,068665,0,2000,0.0,6320.0,-2000,-6320.0
2026-07-29,9337,華南內壢,069179,5000,0,1250.0,0.0,5000,1250.0
2026-07-29,9337,華南內壢,070022,0,10000,0.0,2050.0,-10000,-2050.0
2026-07-29,9337,華南內壢,071097,17000,0,13600.0,0.0,17000,13600.0
2026-07-29,9337,華南內壢,071173,30000,0,27750.0,0.0,30000,27750.0
2026-07-29,9337,華南內壢,071413,2000,0,960.0,0.0,2000,960.0
2026-07-29,9337,華南內壢,071944,0,5000,0.0,1850.0,-5000,-1850.0
2026-07-29,9337,華南內壢,072058,0,12000,0.0,7440.0,-12000,-7440.0
2026-07-29,9337,華南內壢,072310,0,6000,0.0,9600.0,-6000,-9600.0
2026-07-29,9337,華南內壢,073399,0,12000,0.0,12120.0,-12000,-12120.0
2026-07-29,9337,華南內壢,074806,1000,0,350.0,0.0,1000,350.0
2026-07-29,9337,華南內壢,075800,30000,0,28300.0,0.0,30000,28300.0
2026-07-29,9337,華南內壢,08726U,0,1000,0.0,500.0,-1000,-500.0
2026-07-29,9337,永昌內壢,706819,0,100000,0.0,24000.0,-100000,-24000.0
2026-07-29,9337,永昌內壢,708501,18000,0,24340.0,0.0,18000,24340.0
2026-07-29,9337,永昌內壢,708521,0,153000,0.0,128000.0,-153000,-128000.0
2026-07-29,9337,永昌內壢,709032,10000,0,13000.0,0.0,10000,13000.0
2026-07-29,9337,永昌內壢,709542,0,50000,0.0,21500.0,-50000,-21500.0
2026-07-29,9337,永昌內壢,709918,0,5000,0.0,4830.0,-5000,-4830.0
2026-07-29,9337,永昌內壢,710482,0,70000,0.0,17500.0,-70000,-17500.0
2026-07-29,9337,永昌內壢,710818,30000,40000,7200.0,8900.0,-10000,-1700.0
2026-07-29,9337,永昌內壢,711568,0,10000,0.0,9500.0,-10000,-9500.0
2026-07-29,9337,永昌內壢,72733U,25000,0,19200.0,0.0,25000,19200.0
2026-07-29,9337,永昌內壢,72900U,10000,0,16400.0,0.0,10000,16400.0
2026-07-29,9343,華南頭份,03051T,70000,0,34600.0,0.0,70000,34600.0
2026-07-29,9343,華南頭份,03734B,0,1000,0.0,1410.0,-1000,-1410.0
2026-07-29,9343,華南頭份,03735B,39000,0,47280.0,0.0,39000,47280.0
2026-07-29,9343,華南頭份,044795,1000,0,2300.0,0.0,1000,2300.0
2026-07-29,9343,華南頭份,052688,0,5000,0.0,2750.0,-5000,-2750.0
2026-07-29,9343,華南頭份,052718,0,7000,0.0,1610.0,-7000,-1610.0
2026-07-29,9343,華南頭份,055204,20000,0,10400.0,0.0,20000,10400.0
2026-07-29,9343,華南頭份,056490,2000,0,1200.0,0.0,2000,1200.0
2026-07-29,9343,華南頭份,063559,0,10000,0.0,9500.0,-10000,-9500.0
2026-07-29,9343,華南頭份,065565,0,4000,0.0,3240.0,-4000,-3240.0
2026-07-29,9343,華南頭份,065707,3000,2000,5930.0,3800.0,1000,2130.0
2026-07-29,9343,華南頭份,066988,4000,0,2600.0,0.0,4000,2600.0
2026-07-29,9343,華南頭份,067314,0,20000,0.0,18800.0,-20000,-18800.0
2026-07-29,9343,華南頭份,067411,5000,0,2900.0,0.0,5000,2900.0
2026-07-29,9343,華南頭份,067425,2000,0,4800.0,0.0,2000,4800.0
2026-07-29,9343,華南頭份,067995,0,1000,0.0,750.0,-1000,-750.0
2026-07-29,9343,華南頭份,067999,0,1000,0.0,900.0,-1000,-900.0
2026-07-29,9343,華南頭份,068566,0,25000,0.0,34750.0,-25000,-34750.0
2026-07-29,9343,華南頭份,071140,30000,0,68600.0,0.0,30000,68600.0
2026-07-29,9343,華南頭份,071225,1000,0,1600.0,0.0,1000,1600.0
2026-07-29,9343,華南頭份,08949U,30000,0,11700.0,0.0,30000,11700.0
2026-07-29,9343,永昌頭份,708354,18000,0,4500.0,0.0,18000,4500.0
2026-07-29,961F,富邦公益,03015T,0,100000,0.0,62000.0,-100000,-62000.0
2026-07-29,961F,富邦公益,03052T,250000,0,80000.0,0.0,250000,80000.0
2026-07-29,961F,富邦公益,03068T,1000,0,920.0,0.0,1000,920.0
2026-07-29,961F,富邦公益,03167T,0,1000,0.0,910.0,-1000,-910.0
2026-07-29,961F,富邦公益,03207T,5000,0,10200.0,0.0,5000,10200.0
2026-07-29,961F,富邦公益,03225T,5000,0,4200.0,0.0,5000,4200.0
2026-07-29,961F,富邦公益,03278T,0,4000,0.0,1460.0,-4000,-1460.0
2026-07-29,961F,富邦公益,03427T,0,28000,0.0,71680.0,-28000,-71680.0
2026-07-29,961F,富邦公益,03518T,0,1000,0.0,2560.0,-1000,-2560.0
2026-07-29,961F,富邦公益,03591T,3000,0,3820.0,0.0,3000,3820.0
2026-07-29,961F,富邦公益,03794T,4000,0,10160.0,0.0,4000,10160.0
2026-07-29,961F,富邦公益,038526,0,45000,0.0,15750.0,-45000,-15750.0
2026-07-29,961F,富邦公益,047771,0,30000,0.0,38600.0,-30000,-38600.0
2026-07-29,961F,富邦公益,056174,0,5000,0.0,5850.0,-5000,-5850.0
2026-07-29,961F,富邦公益,056250,0,40000,0.0,7200.0,-40000,-7200.0
2026-07-29,961F,富邦公益,057174,0,40000,0.0,16800.0,-40000,-16800.0
2026-07-29,961F,富邦公益,058329,20000,0,10500.0,0.0,20000,10500.0
2026-07-29,961F,富邦公益,059089,1000,0,2920.0,0.0,1000,2920.0
2026-07-29,961F,富邦公益,059495,10000,0,11400.0,0.0,10000,11400.0
2026-07-29,961F,富邦公益,061605,1000,0,470.0,0.0,1000,470.0
2026-07-29,961F,富邦公益,062665,1000,0,540.0,0.0,1000,540.0
2026-07-29,961F,富邦公益,062666,1000,0,730.0,0.0,1000,730.0
2026-07-29,961F,富邦公益,062888,70000,0,34000.0,0.0,70000,34000.0
2026-07-29,961F,富邦公益,063245,0,18000,0.0,15660.0,-18000,-15660.0
2026-07-29,961F,富邦公益,063574,40000,0,27850.0,0.0,40000,27850.0
2026-07-29,961F,富邦公益,064420,30000,0,18750.0,0.0,30000,18750.0
2026-07-29,961F,富邦公益,065423,100000,0,38500.0,0.0,100000,38500.0
2026-07-29,961F,富邦公益,067127,0,13000,0.0,9880.0,-13000,-9880.0
2026-07-29,961F,富邦公益,067426,2000,0,4000.0,0.0,2000,4000.0
2026-07-29,961F,富邦公益,067605,40000,0,24400.0,0.0,40000,24400.0
2026-07-29,961F,富邦公益,067782,0,30000,0.0,25500.0,-30000,-25500.0
2026-07-29,961F,富邦公益,067996,0,49000,0.0,33180.0,-49000,-33180.0
2026-07-29,961F,富邦公益,068003,18000,11000,13320.0,8690.0,7000,4630.0
2026-07-29,961F,富邦公益,068247,21000,0,10080.0,0.0,21000,10080.0
2026-07-29,961F,富邦公益,068980,0,80000,0.0,113600.0,-80000,-113600.0
2026-07-29,961F,富邦公益,069503,40000,0,11200.0,0.0,40000,11200.0
2026-07-29,961F,富邦公益,069585,0,30000,0.0,73500.0,-30000,-73500.0
2026-07-29,961F,富邦公益,070641,50000,0,30000.0,0.0,50000,30000.0
2026-07-29,961F,富邦公益,071028,20000,0,400.0,0.0,20000,400.0
2026-07-29,961F,富邦公益,071650,0,20000,0.0,41200.0,-20000,-41200.0
2026-07-29,961F,富邦公益,071745,3000,0,3570.0,0.0,3000,3570.0
2026-07-29,961F,富邦公益,072661,20000,0,3100.0,0.0,20000,3100.0
2026-07-29,961F,富邦公益,073678,20000,0,4400.0,0.0,20000,4400.0
2026-07-29,961F,富邦公益,075711,30000,0,18300.0,0.0,30000,18300.0
2026-07-29,961F,富邦公益,075928,2000,0,1340.0,0.0,2000,1340.0
2026-07-29,961F,富邦公益,076602,30000,34000,14050.0,13940.0,-4000,110.0
2026-07-29,961F,富邦公益,078146,3000,3000,2690.0,2880.0,0,-190.0
2026-07-29,961F,富邦公益,07986U,0,5000,0.0,370.0,-5000,-370.0
2026-07-29,961F,富邦公益,080848,1000,0,3420.0,0.0,1000,3420.0
2026-07-29,961F,富邦公益,08459U,0,2000,0.0,140.0,-2000,-140.0
2026-07-29,961F,富邦公益,08578U,0,1000,0.0,540.0,-1000,-540.0
2026-07-29,961F,富邦公益,08747U,0,100000,0.0,13000.0,-100000,-13000.0
2026-07-29,961F,富邦公益,08986U,0,6000,0.0,2550.0,-6000,-2550.0
2026-07-29,961F,富邦公益,08990U,0,5000,0.0,2480.0,-5000,-2480.0
2026-07-29,961F,富邦公益,706198,10000,0,400.0,0.0,10000,400.0
2026-07-29,961F,富邦公益,707858,143000,0,66280.0,0.0,143000,66280.0
2026-07-29,961F,富邦公益,707998,10000,0,4100.0,0.0,10000,4100.0
2026-07-29,961F,富邦公益,708521,25000,0,23350.0,0.0,25000,23350.0
2026-07-29,961F,富邦公益,708547,0,60000,0.0,18600.0,-60000,-18600.0
2026-07-29,961F,富邦公益,708812,0,15000,0.0,11250.0,-15000,-11250.0
2026-07-29,961F,富邦公益,708870,10000,1000,1700.0,260.0,9000,1440.0
2026-07-29,961F,富邦公益,711327,0,6000,0.0,4380.0,-6000,-4380.0
2026-07-29,961F,富邦公益,711601,0,3000,0.0,1740.0,-3000,-1740.0
2026-07-29,961F,富邦公益,711611,60000,0,89340.0,0.0,60000,89340.0
2026-07-29,961F,富邦公益,72733U,0,20000,0.0,16700.0,-20000,-16700.0
2026-07-29,961F,富邦公益,72949U,0,4000,0.0,8280.0,-4000,-8280.0
2026-07-29,9663,富邦敦南,030573,10000,0,20400.0,0.0,10000,20400.0
2026-07-29,9663,富邦敦南,03059T,0,168000,0.0,50400.0,-168000,-50400.0
2026-07-29,9663,富邦敦南,03066T,0,80000,0.0,58000.0,-80000,-58000.0
2026-07-29,9663,富邦敦南,03149T,4000,0,5320.0,0.0,4000,5320.0
2026-07-29,9663,富邦敦南,03177T,0,1080000,0.0,911300.0,-1080000,-911300.0
2026-07-29,9663,富邦敦南,03184T,0,10000,0.0,6250.0,-10000,-6250.0
2026-07-29,9663,富邦敦南,03245T,9000,5000,8530.0,5200.0,4000,3330.0
2026-07-29,9663,富邦敦南,03273T,15000,0,7600.0,0.0,15000,7600.0
2026-07-29,9663,富邦敦南,03331T,15000,100000,15550.0,101100.0,-85000,-85550.0
2026-07-29,9663,富邦敦南,03353T,6000,6000,6940.0,7140.0,0,-200.0
2026-07-29,9663,富邦敦南,033552,5000,0,7900.0,0.0,5000,7900.0
2026-07-29,9663,富邦敦南,03457T,0,50000,0.0,69900.0,-50000,-69900.0
2026-07-29,9663,富邦敦南,03462T,0,5000,0.0,12400.0,-5000,-12400.0
2026-07-29,9663,富邦敦南,03568T,2000,0,2440.0,0.0,2000,2440.0
2026-07-29,9663,富邦敦南,03579T,1000,0,1170.0,0.0,1000,1170.0
2026-07-29,9663,富邦敦南,03581T,1000,0,1150.0,0.0,1000,1150.0
2026-07-29,9663,富邦敦南,03601T,1000,0,1860.0,0.0,1000,1860.0
2026-07-29,9663,富邦敦南,03732B,35000,100000,40150.0,110900.0,-65000,-70750.0
2026-07-29,9663,富邦敦南,03764T,2000,0,3270.0,0.0,2000,3270.0
2026-07-29,9663,富邦敦南,03815T,0,1000,0.0,2360.0,-1000,-2360.0
2026-07-29,9663,富邦敦南,03877T,10000,0,10230.0,0.0,10000,10230.0
2026-07-29,9663,富邦敦南,03882T,10000,0,7650.0,0.0,10000,7650.0
2026-07-29,9663,富邦敦南,039446,1000,0,1450.0,0.0,1000,1450.0
2026-07-29,9663,富邦敦南,03972T,5000,0,12000.0,0.0,5000,12000.0
2026-07-29,9663,富邦敦南,03979T,1000,0,1150.0,0.0,1000,1150.0
2026-07-29,9663,富邦敦南,04014C,2000,0,5880.0,0.0,2000,5880.0
2026-07-29,9663,富邦敦南,041449,40000,0,176200.0,0.0,40000,176200.0
2026-07-29,9663,富邦敦南,047358,1000,0,51000.0,0.0,1000,51000.0
2026-07-29,9663,富邦敦南,051665,1000,0,470.0,0.0,1000,470.0
2026-07-29,9663,富邦敦南,055830,4000,0,1040.0,0.0,4000,1040.0
2026-07-29,9663,富邦敦南,059922,15000,0,17650.0,0.0,15000,17650.0
2026-07-29,9663,富邦敦南,060638,10000,0,12000.0,0.0,10000,12000.0
2026-07-29,9663,富邦敦南,060718,0,5000,0.0,10450.0,-5000,-10450.0
2026-07-29,9663,富邦敦南,061124,5000,0,6550.0,0.0,5000,6550.0
2026-07-29,9663,富邦敦南,061516,20000,0,30200.0,0.0,20000,30200.0
2026-07-29,9663,富邦敦南,061662,10000,0,37900.0,0.0,10000,37900.0
2026-07-29,9663,富邦敦南,061907,20000,0,5600.0,0.0,20000,5600.0
2026-07-29,9663,富邦敦南,064689,3000,0,480.0,0.0,3000,480.0
2026-07-29,9663,富邦敦南,065357,60000,0,23300.0,0.0,60000,23300.0
2026-07-29,9663,富邦敦南,066020,0,200000,0.0,62000.0,-200000,-62000.0
2026-07-29,9663,富邦敦南,066585,0,1000,0.0,1410.0,-1000,-1410.0
2026-07-29,9663,富邦敦南,066661,30000,0,20900.0,0.0,30000,20900.0
2026-07-29,9663,富邦敦南,067148,200000,0,129880.0,0.0,200000,129880.0
2026-07-29,9663,富邦敦南,067359,10000,0,8450.0,0.0,10000,8450.0
2026-07-29,9663,富邦敦南,067544,4000,0,2920.0,0.0,4000,2920.0
2026-07-29,9663,富邦敦南,067784,0,15000,0.0,6450.0,-15000,-6450.0
2026-07-29,9663,富邦敦南,067849,10000,0,74000.0,0.0,10000,74000.0
2026-07-29,9663,富邦敦南,067944,5000,0,7550.0,0.0,5000,7550.0
2026-07-29,9663,富邦敦南,068032,25000,0,9250.0,0.0,25000,9250.0
2026-07-29,9663,富邦敦南,068034,5000,0,2300.0,0.0,5000,2300.0
2026-07-29,9663,富邦敦南,068111,54000,0,22680.0,0.0,54000,22680.0
2026-07-29,9663,富邦敦南,068902,0,20000,0.0,22100.0,-20000,-22100.0
2026-07-29,9663,富邦敦南,069151,3000,0,2160.0,0.0,3000,2160.0
2026-07-29,9663,富邦敦南,069282,50000,0,21500.0,0.0,50000,21500.0
2026-07-29,9663,富邦敦南,069382,7000,0,5040.0,0.0,7000,5040.0
2026-07-29,9663,富邦敦南,069648,20000,0,1600.0,0.0,20000,1600.0
2026-07-29,9663,富邦敦南,069656,0,1000,0.0,810.0,-1000,-810.0
2026-07-29,9663,富邦敦南,070057,0,90000,0.0,56400.0,-90000,-56400.0
2026-07-29,9663,富邦敦南,070209,200000,0,71000.0,0.0,200000,71000.0
2026-07-29,9663,富邦敦南,070303,30000,0,11100.0,0.0,30000,11100.0
2026-07-29,9663,富邦敦南,070547,200000,0,60000.0,0.0,200000,60000.0
2026-07-29,9663,富邦敦南,070551,0,5000,0.0,1500.0,-5000,-1500.0
2026-07-29,9663,富邦敦南,070633,0,10000,0.0,7100.0,-10000,-7100.0
2026-07-29,9663,富邦敦南,070684,50000,0,22000.0,0.0,50000,22000.0
2026-07-29,9663,富邦敦南,070849,115000,0,64300.0,0.0,115000,64300.0
2026-07-29,9663,富邦敦南,071272,0,15000,0.0,11410.0,-15000,-11410.0
2026-07-29,9663,富邦敦南,071506,0,6000,0.0,2400.0,-6000,-2400.0
2026-07-29,9663,富邦敦南,071656,10000,0,24900.0,0.0,10000,24900.0
2026-07-29,9663,富邦敦南,071986,0,1000,0.0,1090.0,-1000,-1090.0
2026-07-29,9663,富邦敦南,072470,0,10000,0.0,5600.0,-10000,-5600.0
2026-07-29,9663,富邦敦南,072643,0,43000,0.0,101480.0,-43000,-101480.0
2026-07-29,9663,富邦敦南,072651,0,1000,0.0,900.0,-1000,-900.0
2026-07-29,9663,富邦敦南,072749,25000,0,9250.0,0.0,25000,9250.0
2026-07-29,9663,富邦敦南,073203,0,200000,0.0,158000.0,-200000,-158000.0
2026-07-29,9663,富邦敦南,073380,2000,0,860.0,0.0,2000,860.0
2026-07-29,9663,富邦敦南,074236,10000,10000,9100.0,8600.0,0,500.0
2026-07-29,9663,富邦敦南,074520,80000,0,74700.0,0.0,80000,74700.0
2026-07-29,9663,富邦敦南,074913,10000,6000,10200.0,6480.0,4000,3720.0
2026-07-29,9663,富邦敦南,075182,3000,0,4800.0,0.0,3000,4800.0
2026-07-29,9663,富邦敦南,075709,7000,0,3120.0,0.0,7000,3120.0
2026-07-29,9663,富邦敦南,076445,0,20000,0.0,12050.0,-20000,-12050.0
2026-07-29,9663,富邦敦南,076727,0,1000,0.0,1550.0,-1000,-1550.0
2026-07-29,9663,富邦敦南,08066U,0,61000,0.0,6100.0,-61000,-6100.0
2026-07-29,9663,富邦敦南,08219U,0,10000,0.0,9800.0,-10000,-9800.0
2026-07-29,9663,富邦敦南,08271U,10000,0,100.0,0.0,10000,100.0
2026-07-29,9663,富邦敦南,08406U,1000,19000,50.0,950.0,-18000,-900.0
2026-07-29,9663,富邦敦南,08464U,0,230000,0.0,23000.0,-230000,-23000.0
2026-07-29,9663,富邦敦南,08558U,30000,0,8400.0,0.0,30000,8400.0
2026-07-29,9663,富邦敦南,08609U,0,980000,0.0,343800.0,-980000,-343800.0
2026-07-29,9663,富邦敦南,08610U,0,210000,0.0,132300.0,-210000,-132300.0
2026-07-29,9663,富邦敦南,08655U,0,30000,0.0,12000.0,-30000,-12000.0
2026-07-29,9663,富邦敦南,08797U,20000,0,6400.0,0.0,20000,6400.0
2026-07-29,9663,富邦敦南,08855U,0,8000,0.0,5200.0,-8000,-5200.0
2026-07-29,9663,富邦敦南,08999U,0,320000,0.0,243200.0,-320000,-243200.0
2026-07-29,9663,富邦敦南,704348,0,1000,0.0,3500.0,-1000,-3500.0
2026-07-29,9663,富邦敦南,704712,5000,0,11850.0,0.0,5000,11850.0
2026-07-29,9663,富邦敦南,705257,5000,0,3100.0,0.0,5000,3100.0
2026-07-29,9663,富邦敦南,705258,5000,0,3700.0,0.0,5000,3700.0
2026-07-29,9663,富邦敦南,706134,20000,0,14200.0,0.0,20000,14200.0
2026-07-29,9663,富邦敦南,707079,9000,0,1110.0,0.0,9000,1110.0
2026-07-29,9663,富邦敦南,707759,13000,0,11840.0,0.0,13000,11840.0
2026-07-29,9663,富邦敦南,707848,20000,0,14600.0,0.0,20000,14600.0
2026-07-29,9663,富邦敦南,708445,20000,0,2600.0,0.0,20000,2600.0
2026-07-29,9663,富邦敦南,708843,5000,0,7550.0,0.0,5000,7550.0
2026-07-29,9663,富邦敦南,708927,500000,0,210000.0,0.0,500000,210000.0
2026-07-29,9663,富邦敦南,710024,100000,0,34000.0,0.0,100000,34000.0
2026-07-29,9663,富邦敦南,710838,30000,0,8700.0,0.0,30000,8700.0
2026-07-29,9663,富邦敦南,710839,60000,0,21600.0,0.0,60000,21600.0
2026-07-29,9663,富邦敦南,72779U,0,37000,0.0,42920.0,-37000,-42920.0
2026-07-29,9663,富邦敦南,72830U,30000,0,12000.0,0.0,30000,12000.0
2026-07-29,9663,富邦敦南,72854U,0,702000,0.0,237830.0,-702000,-237830.0
2026-07-29,9663,富邦敦南,72923U,0,2000,0.0,8180.0,-2000,-8180.0
2026-07-29,9676,富邦仁愛,03027T,0,4000,0.0,760.0,-4000,-760.0
2026-07-29,9676,富邦仁愛,03028T,0,2000,0.0,240.0,-2000,-240.0
2026-07-29,9676,富邦仁愛,03051T,0,1000,0.0,420.0,-1000,-420.0
2026-07-29,9676,富邦仁愛,03074T,0,30000,0.0,19800.0,-30000,-19800.0
2026-07-29,9676,富邦仁愛,03178T,5000,0,6150.0,0.0,5000,6150.0
2026-07-29,9676,富邦仁愛,03202T,0,65000,0.0,66300.0,-65000,-66300.0
2026-07-29,9676,富邦仁愛,03351T,10000,0,8500.0,0.0,10000,8500.0
2026-07-29,9676,富邦仁愛,03353T,5000,0,6100.0,0.0,5000,6100.0
2026-07-29,9676,富邦仁愛,03448T,0,10000,0.0,12800.0,-10000,-12800.0
2026-07-29,9676,富邦仁愛,03508T,0,30000,0.0,30900.0,-30000,-30900.0
2026-07-29,9676,富邦仁愛,03537T,40000,49000,48600.0,56840.0,-9000,-8240.0
2026-07-29,9676,富邦仁愛,03644T,9000,0,8900.0,0.0,9000,8900.0
2026-07-29,9676,富邦仁愛,036865,10000,0,3000.0,0.0,10000,3000.0
2026-07-29,9676,富邦仁愛,03703T,10000,25000,17500.0,41000.0,-15000,-23500.0
2026-07-29,9676,富邦仁愛,03810T,0,10000,0.0,11700.0,-10000,-11700.0
2026-07-29,9676,富邦仁愛,038317,20000,0,53400.0,0.0,20000,53400.0
2026-07-29,9676,富邦仁愛,03888T,20000,15000,33600.0,24450.0,5000,9150.0
2026-07-29,9676,富邦仁愛,03937T,0,10000,0.0,15900.0,-10000,-15900.0
2026-07-29,9676,富邦仁愛,040046,0,3000,0.0,11970.0,-3000,-11970.0
2026-07-29,9676,富邦仁愛,04018C,40000,0,47600.0,0.0,40000,47600.0
2026-07-29,9676,富邦仁愛,043125,5000,0,3600.0,0.0,5000,3600.0
2026-07-29,9676,富邦仁愛,047358,2000,0,102400.0,0.0,2000,102400.0
2026-07-29,9676,富邦仁愛,050145,1000,0,30.0,0.0,1000,30.0
2026-07-29,9676,富邦仁愛,052191,100000,0,67500.0,0.0,100000,67500.0
2026-07-29,9676,富邦仁愛,052547,0,22000,0.0,2800.0,-22000,-2800.0
2026-07-29,9676,富邦仁愛,052815,10000,0,2500.0,0.0,10000,2500.0
2026-07-29,9676,富邦仁愛,053041,0,100000,0.0,19000.0,-100000,-19000.0
2026-07-29,9676,富邦仁愛,056082,10000,0,8300.0,0.0,10000,8300.0
2026-07-29,9676,富邦仁愛,056479,20000,0,10000.0,0.0,20000,10000.0
2026-07-29,9676,富邦仁愛,056535,30000,0,21100.0,0.0,30000,21100.0
2026-07-29,9676,富邦仁愛,057289,220000,0,298600.0,0.0,220000,298600.0
2026-07-29,9676,富邦仁愛,057813,300000,0,1132400.0,0.0,300000,1132400.0
2026-07-29,9676,富邦仁愛,057938,0,60000,0.0,103800.0,-60000,-103800.0
2026-07-29,9676,富邦仁愛,058091,0,30000,0.0,28200.0,-30000,-28200.0
2026-07-29,9676,富邦仁愛,058342,1000,0,180.0,0.0,1000,180.0
2026-07-29,9676,富邦仁愛,058738,0,25000,0.0,3250.0,-25000,-3250.0
2026-07-29,9676,富邦仁愛,059540,1000,0,180.0,0.0,1000,180.0
2026-07-29,9676,富邦仁愛,059594,0,2000,0.0,1620.0,-2000,-1620.0
2026-07-29,9676,富邦仁愛,060309,2000,0,3320.0,0.0,2000,3320.0
2026-07-29,9676,富邦仁愛,060470,0,40000,0.0,52800.0,-40000,-52800.0
2026-07-29,9676,富邦仁愛,060857,10000,0,6600.0,0.0,10000,6600.0
2026-07-29,9676,富邦仁愛,060985,0,5000,0.0,8000.0,-5000,-8000.0
2026-07-29,9676,富邦仁愛,061018,0,8000,0.0,5520.0,-8000,-5520.0
2026-07-29,9676,富邦仁愛,061151,330000,0,337140.0,0.0,330000,337140.0
2026-07-29,9676,富邦仁愛,061637,10000,0,2000.0,0.0,10000,2000.0
2026-07-29,9676,富邦仁愛,062239,200000,0,222000.0,0.0,200000,222000.0
2026-07-29,9676,富邦仁愛,062350,40000,0,141200.0,0.0,40000,141200.0
2026-07-29,9676,富邦仁愛,062430,200000,0,368000.0,0.0,200000,368000.0
2026-07-29,9676,富邦仁愛,062715,7000,0,19840.0,0.0,7000,19840.0
2026-07-29,9676,富邦仁愛,062967,6000,0,2940.0,0.0,6000,2940.0
2026-07-29,9676,富邦仁愛,063302,15000,0,18750.0,0.0,15000,18750.0
2026-07-29,9676,富邦仁愛,063530,20000,0,4000.0,0.0,20000,4000.0
2026-07-29,9676,富邦仁愛,063603,1000,0,3100.0,0.0,1000,3100.0
2026-07-29,9676,富邦仁愛,064177,3000,0,1950.0,0.0,3000,1950.0
2026-07-29,9676,富邦仁愛,064221,0,8000,0.0,9520.0,-8000,-9520.0
2026-07-29,9676,富邦仁愛,064351,30000,0,49500.0,0.0,30000,49500.0
2026-07-29,9676,富邦仁愛,065008,20000,0,1600.0,0.0,20000,1600.0
2026-07-29,9676,富邦仁愛,065275,3000,0,600.0,0.0,3000,600.0
2026-07-29,9676,富邦仁愛,065459,0,10000,0.0,12800.0,-10000,-12800.0
2026-07-29,9676,富邦仁愛,065482,30000,0,39000.0,0.0,30000,39000.0
2026-07-29,9676,富邦仁愛,065615,50000,0,48000.0,0.0,50000,48000.0
2026-07-29,9676,富邦仁愛,065836,15000,0,9600.0,0.0,15000,9600.0
2026-07-29,9676,富邦仁愛,066017,1000,0,370.0,0.0,1000,370.0
2026-07-29,9676,富邦仁愛,066173,3000,0,4920.0,0.0,3000,4920.0
2026-07-29,9676,富邦仁愛,066186,5000,0,9350.0,0.0,5000,9350.0
2026-07-29,9676,富邦仁愛,066232,1000,0,1190.0,0.0,1000,1190.0
2026-07-29,9676,富邦仁愛,066325,138000,0,67140.0,0.0,138000,67140.0
2026-07-29,9676,富邦仁愛,066516,10000,0,14800.0,0.0,10000,14800.0
2026-07-29,9676,富邦仁愛,066671,200000,0,162000.0,0.0,200000,162000.0
2026-07-29,9676,富邦仁愛,066875,50000,0,20500.0,0.0,50000,20500.0
2026-07-29,9676,富邦仁愛,066960,1000,0,630.0,0.0,1000,630.0
2026-07-29,9676,富邦仁愛,067323,20000,0,20200.0,0.0,20000,20200.0
2026-07-29,9676,富邦仁愛,067411,0,10000,0.0,5300.0,-10000,-5300.0
2026-07-29,9676,富邦仁愛,067441,10000,0,6500.0,0.0,10000,6500.0
2026-07-29,9676,富邦仁愛,067624,16000,0,47520.0,0.0,16000,47520.0
2026-07-29,9676,富邦仁愛,067680,40000,0,20800.0,0.0,40000,20800.0
2026-07-29,9676,富邦仁愛,067994,3000,0,3180.0,0.0,3000,3180.0
2026-07-29,9676,富邦仁愛,068220,33000,0,48180.0,0.0,33000,48180.0
2026-07-29,9676,富邦仁愛,068276,200000,0,58000.0,0.0,200000,58000.0
2026-07-29,9676,富邦仁愛,068633,30000,0,23400.0,0.0,30000,23400.0
2026-07-29,9676,富邦仁愛,068771,110000,0,66200.0,0.0,110000,66200.0
2026-07-29,9676,富邦仁愛,069237,2000,0,8750.0,0.0,2000,8750.0
2026-07-29,9676,富邦仁愛,069301,25000,5000,98200.0,19100.0,20000,79100.0
2026-07-29,9676,富邦仁愛,069439,10000,0,11700.0,0.0,10000,11700.0
2026-07-29,9676,富邦仁愛,069649,100000,0,15000.0,0.0,100000,15000.0
2026-07-29,9676,富邦仁愛,069671,0,20000,0.0,8950.0,-20000,-8950.0
2026-07-29,9676,富邦仁愛,069684,10000,40000,9300.0,42000.0,-30000,-32700.0
2026-07-29,9676,富邦仁愛,069953,20000,0,4200.0,0.0,20000,4200.0
2026-07-29,9676,富邦仁愛,070430,499000,499000,124750.0,154690.0,0,-29940.0
2026-07-29,9676,富邦仁愛,07082U,0,2000,0.0,290.0,-2000,-290.0
2026-07-29,9676,富邦仁愛,071506,20000,0,8900.0,0.0,20000,8900.0
2026-07-29,9676,富邦仁愛,072002,70000,0,50400.0,0.0,70000,50400.0
2026-07-29,9676,富邦仁愛,072452,0,30000,0.0,24600.0,-30000,-24600.0
2026-07-29,9676,富邦仁愛,072634,0,20000,0.0,12000.0,-20000,-12000.0
2026-07-29,9676,富邦仁愛,073561,1000,0,620.0,0.0,1000,620.0
2026-07-29,9676,富邦仁愛,074027,40000,0,37400.0,0.0,40000,37400.0
2026-07-29,9676,富邦仁愛,074671,5000,0,3500.0,0.0,5000,3500.0
2026-07-29,9676,富邦仁愛,074789,0,10000,0.0,15600.0,-10000,-15600.0
2026-07-29,9676,富邦仁愛,075023,0,10000,0.0,3400.0,-10000,-3400.0
2026-07-29,9676,富邦仁愛,075029,5000,0,13500.0,0.0,5000,13500.0
2026-07-29,9676,富邦仁愛,075057,2000,0,1700.0,0.0,2000,1700.0
2026-07-29,9676,富邦仁愛,075096,20000,0,14200.0,0.0,20000,14200.0
2026-07-29,9676,富邦仁愛,075761,5000,0,3000.0,0.0,5000,3000.0
2026-07-29,9676,富邦仁愛,07629U,0,2000,0.0,670.0,-2000,-670.0
2026-07-29,9676,富邦仁愛,076420,5000,0,5850.0,0.0,5000,5850.0
2026-07-29,9676,富邦仁愛,076752,50000,0,59500.0,0.0,50000,59500.0
2026-07-29,9676,富邦仁愛,08258U,0,4000,0.0,620.0,-4000,-620.0
2026-07-29,9676,富邦仁愛,08260U,0,5000,0.0,200.0,-5000,-200.0
2026-07-29,9676,富邦仁愛,08519U,0,2000,0.0,530.0,-2000,-530.0
2026-07-29,9676,富邦仁愛,08589U,0,2000,0.0,530.0,-2000,-530.0
2026-07-29,9676,富邦仁愛,08663U,0,43000,0.0,7740.0,-43000,-7740.0
2026-07-29,9676,富邦仁愛,08831U,0,10000,0.0,3300.0,-10000,-3300.0
2026-07-29,9676,富邦仁愛,08844U,0,3000,0.0,300.0,-3000,-300.0
2026-07-29,9676,富邦仁愛,08883U,0,1000,0.0,380.0,-1000,-380.0
2026-07-29,9676,富邦仁愛,705451,0,1000,0.0,430.0,-1000,-430.0
2026-07-29,9676,富邦仁愛,705487,0,2000,0.0,900.0,-2000,-900.0
2026-07-29,9676,富邦仁愛,706383,150000,0,25500.0,0.0,150000,25500.0
2026-07-29,9676,富邦仁愛,707971,1000,0,280.0,0.0,1000,280.0
2026-07-29,9676,富邦仁愛,708063,40000,0,7600.0,0.0,40000,7600.0
2026-07-29,9676,富邦仁愛,708322,10000,10000,11500.0,10500.0,0,1000.0
2026-07-29,9676,富邦仁愛,708547,55000,0,17050.0,0.0,55000,17050.0
2026-07-29,9676,富邦仁愛,708590,200000,0,64000.0,0.0,200000,64000.0
2026-07-29,9676,富邦仁愛,708827,10000,0,5000.0,0.0,10000,5000.0
2026-07-29,9676,富邦仁愛,708954,0,10000,0.0,8900.0,-10000,-8900.0
2026-07-29,9676,富邦仁愛,709287,105000,0,27550.0,0.0,105000,27550.0
2026-07-29,9676,富邦仁愛,710068,0,30000,0.0,10200.0,-30000,-10200.0
2026-07-29,9676,富邦仁愛,710432,1000,0,620.0,0.0,1000,620.0
2026-07-29,9676,富邦仁愛,710476,1000,0,390.0,0.0,1000,390.0
2026-07-29,9676,富邦仁愛,710513,20000,0,9600.0,0.0,20000,9600.0
2026-07-29,9676,富邦仁愛,711024,250000,0,101500.0,0.0,250000,101500.0
2026-07-29,9676,富邦仁愛,711096,55000,0,37950.0,0.0,55000,37950.0
2026-07-29,9676,富邦仁愛,72697U,0,3000,0.0,470.0,-3000,-470.0
2026-07-29,9676,富邦仁愛,72794U,30000,30000,55500.0,53700.0,0,1800.0
2026-07-29,9676,富邦仁愛,72833U,0,5000,0.0,200.0,-5000,-200.0
2026-07-29,9676,富邦仁愛,72876U,0,1000,0.0,750.0,-1000,-750.0
2026-07-29,980l,元大虎尾,03528T,0,80000,0.0,508000.0,-80000,-508000.0
2026-07-29,980l,元大虎尾,03732B,20000,2000,22000.0,2140.0,18000,19860.0
2026-07-29,980l,元大虎尾,039034,30000,0,5100.0,0.0,30000,5100.0
2026-07-29,980l,元大虎尾,04023C,100000,0,37000.0,0.0,100000,37000.0
2026-07-29,980l,元大虎尾,041780,11000,1000,23960.0,2760.0,10000,21200.0
2026-07-29,980l,元大虎尾,056074,0,6000,0.0,8220.0,-6000,-8220.0
2026-07-29,980l,元大虎尾,056569,0,4000,0.0,6940.0,-4000,-6940.0
2026-07-29,980l,元大虎尾,057093,0,1000,0.0,1900.0,-1000,-1900.0
2026-07-29,980l,元大虎尾,057678,10000,0,3300.0,0.0,10000,3300.0
2026-07-29,980l,元大虎尾,057946,1000,0,590.0,0.0,1000,590.0
2026-07-29,980l,元大虎尾,058502,0,22000,0.0,75020.0,-22000,-75020.0
2026-07-29,980l,元大虎尾,058503,0,36000,0.0,49530.0,-36000,-49530.0
2026-07-29,980l,元大虎尾,059162,0,3000,0.0,13590.0,-3000,-13590.0
2026-07-29,980l,元大虎尾,059698,30000,0,9800.0,0.0,30000,9800.0
2026-07-29,980l,元大虎尾,059770,0,72000,0.0,89410.0,-72000,-89410.0
2026-07-29,980l,元大虎尾,060018,0,110000,0.0,23100.0,-110000,-23100.0
2026-07-29,980l,元大虎尾,060178,0,36000,0.0,24120.0,-36000,-24120.0
2026-07-29,980l,元大虎尾,060387,0,23000,0.0,26220.0,-23000,-26220.0
2026-07-29,980l,元大虎尾,06060U,0,182000,0.0,3640.0,-182000,-3640.0
2026-07-29,980l,元大虎尾,060615,0,10000,0.0,29900.0,-10000,-29900.0
2026-07-29,980l,元大虎尾,063348,0,23000,0.0,25760.0,-23000,-25760.0
2026-07-29,980l,元大虎尾,063805,2000,0,880.0,0.0,2000,880.0
2026-07-29,980l,元大虎尾,064145,0,26000,0.0,16120.0,-26000,-16120.0
2026-07-29,980l,元大虎尾,064514,9000,0,5730.0,0.0,9000,5730.0
2026-07-29,980l,元大虎尾,064591,5000,0,21300.0,0.0,5000,21300.0
2026-07-29,980l,元大虎尾,065423,10000,0,3900.0,0.0,10000,3900.0
2026-07-29,980l,元大虎尾,065455,20000,0,4300.0,0.0,20000,4300.0
2026-07-29,980l,元大虎尾,066556,2000,0,4770.0,0.0,2000,4770.0
2026-07-29,980l,元大虎尾,066797,10000,0,5380.0,0.0,10000,5380.0
2026-07-29,980l,元大虎尾,067049,0,60000,0.0,49800.0,-60000,-49800.0
2026-07-29,980l,元大虎尾,067543,10000,74000,8100.0,46650.0,-64000,-38550.0
2026-07-29,980l,元大虎尾,067544,0,91000,0.0,71890.0,-91000,-71890.0
2026-07-29,980l,元大虎尾,067637,10000,0,400.0,0.0,10000,400.0
2026-07-29,980l,元大虎尾,067699,2000,0,2320.0,0.0,2000,2320.0
2026-07-29,980l,元大虎尾,067880,0,22000,0.0,20900.0,-22000,-20900.0
2026-07-29,980l,元大虎尾,067937,130000,0,140400.0,0.0,130000,140400.0
2026-07-29,980l,元大虎尾,067979,0,13000,0.0,5850.0,-13000,-5850.0
2026-07-29,980l,元大虎尾,068006,5000,0,2900.0,0.0,5000,2900.0
2026-07-29,980l,元大虎尾,068342,15000,0,46800.0,0.0,15000,46800.0
2026-07-29,980l,元大虎尾,068709,4000,0,3040.0,0.0,4000,3040.0
2026-07-29,980l,元大虎尾,069455,50000,0,25500.0,0.0,50000,25500.0
2026-07-29,980l,元大虎尾,069625,1030000,0,606370.0,0.0,1030000,606370.0
2026-07-29,980l,元大虎尾,069648,39000,0,5070.0,0.0,39000,5070.0
2026-07-29,980l,元大虎尾,069984,15000,35000,13900.0,33250.0,-20000,-19350.0
2026-07-29,980l,元大虎尾,070216,0,2000,0.0,1840.0,-2000,-1840.0
2026-07-29,980l,元大虎尾,070290,41000,0,14760.0,0.0,41000,14760.0
2026-07-29,980l,元大虎尾,070337,0,45000,0.0,27450.0,-45000,-27450.0
2026-07-29,980l,元大虎尾,070338,0,28000,0.0,16800.0,-28000,-16800.0
2026-07-29,980l,元大虎尾,070339,0,91000,0.0,52780.0,-91000,-52780.0
2026-07-29,980l,元大虎尾,070967,0,25000,0.0,18500.0,-25000,-18500.0
2026-07-29,980l,元大虎尾,071254,7000,0,5530.0,0.0,7000,5530.0
2026-07-29,980l,元大虎尾,071326,55000,5000,97950.0,9100.0,50000,88850.0
2026-07-29,980l,元大虎尾,071538,0,100000,0.0,48000.0,-100000,-48000.0
2026-07-29,980l,元大虎尾,071863,50000,0,21500.0,0.0,50000,21500.0
2026-07-29,980l,元大虎尾,072552,30000,0,20700.0,0.0,30000,20700.0
2026-07-29,980l,元大虎尾,072668,5000,0,1950.0,0.0,5000,1950.0
2026-07-29,980l,元大虎尾,073335,0,30000,0.0,82200.0,-30000,-82200.0
2026-07-29,980l,元大虎尾,073363,0,50000,0.0,67500.0,-50000,-67500.0
2026-07-29,980l,元大虎尾,074090,0,35000,0.0,44450.0,-35000,-44450.0
2026-07-29,980l,元大虎尾,075134,30000,0,42600.0,0.0,30000,42600.0
2026-07-29,980l,元大虎尾,076932,2000,0,2860.0,0.0,2000,2860.0
2026-07-29,980l,元大虎尾,077172,40000,0,40800.0,0.0,40000,40800.0
2026-07-29,980l,元大虎尾,077180,20000,0,37500.0,0.0,20000,37500.0
2026-07-29,980l,元大虎尾,08219U,0,2000,0.0,2200.0,-2000,-2200.0
2026-07-29,980l,元大虎尾,08720U,0,5000,0.0,1200.0,-5000,-1200.0
2026-07-29,980l,元大虎尾,08934U,0,200000,0.0,24000.0,-200000,-24000.0
2026-07-29,980l,元大虎尾,700899,250000,0,85000.0,0.0,250000,85000.0
2026-07-29,980l,元大虎尾,701438,0,13000,0.0,24180.0,-13000,-24180.0
2026-07-29,980l,元大虎尾,708171,0,40000,0.0,4000.0,-40000,-4000.0
2026-07-29,980l,元大虎尾,709670,250000,0,59000.0,0.0,250000,59000.0
2026-07-29,980l,元大虎尾,710076,10000,0,4900.0,0.0,10000,4900.0
2026-07-29,980l,元大虎尾,710997,30000,0,20400.0,0.0,30000,20400.0
2026-07-29,980l,元大虎尾,72911U,20000,0,21800.0,0.0,20000,21800.0
2026-07-29,9853,元大南屯,03001T,0,6000,0.0,9600.0,-6000,-9600.0
2026-07-29,9853,元大南屯,03083T,9000,0,1980.0,0.0,9000,1980.0
2026-07-29,9853,元大南屯,03099T,30000,0,7200.0,0.0,30000,7200.0
2026-07-29,9853,元大南屯,03125T,0,5000,0.0,6850.0,-5000,-6850.0
2026-07-29,9853,元大南屯,03148T,10000,0,8200.0,0.0,10000,8200.0
2026-07-29,9853,元大南屯,03156T,0,3000,0.0,4360.0,-3000,-4360.0
2026-07-29,9853,元大南屯,03255T,0,1000,0.0,950.0,-1000,-950.0
2026-07-29,9853,元大南屯,03278T,0,50000,0.0,17720.0,-50000,-17720.0
2026-07-29,9853,元大南屯,03300T,0,1000,0.0,4300.0,-1000,-4300.0
2026-07-29,9853,元大南屯,033552,5000,0,7900.0,0.0,5000,7900.0
2026-07-29,9853,元大南屯,03361T,1000,0,820.0,0.0,1000,820.0
2026-07-29,9853,元大南屯,03383T,0,1000,0.0,1640.0,-1000,-1640.0
2026-07-29,9853,元大南屯,03402T,0,2000,0.0,4600.0,-2000,-4600.0
2026-07-29,9853,元大南屯,03420T,0,1000,0.0,3240.0,-1000,-3240.0
2026-07-29,9853,元大南屯,03442T,20000,0,33800.0,0.0,20000,33800.0
2026-07-29,9853,元大南屯,03631T,2000,0,3940.0,0.0,2000,3940.0
2026-07-29,9853,元大南屯,03643T,5000,0,10000.0,0.0,5000,10000.0
2026-07-29,9853,元大南屯,036855,0,2000,0.0,3200.0,-2000,-3200.0
2026-07-29,9853,元大南屯,03692T,0,1000,0.0,820.0,-1000,-820.0
2026-07-29,9853,元大南屯,03732B,28000,0,29820.0,0.0,28000,29820.0
2026-07-29,9853,元大南屯,03735B,5000,0,5750.0,0.0,5000,5750.0
2026-07-29,9853,元大南屯,03749T,2000,0,3160.0,0.0,2000,3160.0
2026-07-29,9853,元大南屯,037848,10000,0,10000.0,0.0,10000,10000.0
2026-07-29,9853,元大南屯,03852T,1000,0,3910.0,0.0,1000,3910.0
2026-07-29,9853,元大南屯,038567,0,10000,0.0,3700.0,-10000,-3700.0
2026-07-29,9853,元大南屯,03866T,0,10000,0.0,13000.0,-10000,-13000.0
2026-07-29,9853,元大南屯,039450,1000,0,3350.0,0.0,1000,3350.0
2026-07-29,9853,元大南屯,03950T,7000,0,7580.0,0.0,7000,7580.0
2026-07-29,9853,元大南屯,04021C,125000,0,40450.0,0.0,125000,40450.0
2026-07-29,9853,元大南屯,044616,2000,0,1600.0,0.0,2000,1600.0
2026-07-29,9853,元大南屯,048308,10000,0,7400.0,0.0,10000,7400.0
2026-07-29,9853,元大南屯,051445,2000,0,500.0,0.0,2000,500.0
2026-07-29,9853,元大南屯,052121,5000,0,1000.0,0.0,5000,1000.0
2026-07-29,9853,元大南屯,052223,2000,0,2000.0,0.0,2000,2000.0
2026-07-29,9853,元大南屯,052796,1000,0,3500.0,0.0,1000,3500.0
2026-07-29,9853,元大南屯,052911,20000,0,14200.0,0.0,20000,14200.0
2026-07-29,9853,元大南屯,053382,90000,0,95000.0,0.0,90000,95000.0
2026-07-29,9853,元大南屯,053514,3000,0,1260.0,0.0,3000,1260.0
2026-07-29,9853,元大南屯,053811,0,25000,0.0,750.0,-25000,-750.0
2026-07-29,9853,元大南屯,055948,0,19000,0.0,24810.0,-19000,-24810.0
2026-07-29,9853,元大南屯,056630,5000,0,3000.0,0.0,5000,3000.0
2026-07-29,9853,元大南屯,057018,194000,0,2669000.0,0.0,194000,2669000.0
2026-07-29,9853,元大南屯,057034,0,21000,0.0,3570.0,-21000,-3570.0
2026-07-29,9853,元大南屯,057809,8000,0,6980.0,0.0,8000,6980.0
2026-07-29,9853,元大南屯,057824,150000,150000,64500.0,40500.0,0,24000.0
2026-07-29,9853,元大南屯,059707,10000,0,32300.0,0.0,10000,32300.0
2026-07-29,9853,元大南屯,059776,3000,0,2490.0,0.0,3000,2490.0
2026-07-29,9853,元大南屯,060057,6000,0,12780.0,0.0,6000,12780.0
2026-07-29,9853,元大南屯,060793,1000,0,2300.0,0.0,1000,2300.0
2026-07-29,9853,元大南屯,060990,114000,0,376200.0,0.0,114000,376200.0
2026-07-29,9853,元大南屯,063103,12000,0,4320.0,0.0,12000,4320.0
2026-07-29,9853,元大南屯,063169,1487000,0,4590740.0,0.0,1487000,4590740.0
2026-07-29,9853,元大南屯,063302,1627000,0,1989930.0,0.0,1627000,1989930.0
2026-07-29,9853,元大南屯,063621,2000,0,2540.0,0.0,2000,2540.0
2026-07-29,9853,元大南屯,063789,3000,0,1110.0,0.0,3000,1110.0
2026-07-29,9853,元大南屯,063809,350000,142000,453100.0,170400.0,208000,282700.0
2026-07-29,9853,元大南屯,064380,769000,0,1227700.0,0.0,769000,1227700.0
2026-07-29,9853,元大南屯,064443,10000,0,4100.0,0.0,10000,4100.0
2026-07-29,9853,元大南屯,064514,42000,4000,21910.0,2000.0,38000,19910.0
2026-07-29,9853,元大南屯,065042,0,2000,0.0,580.0,-2000,-580.0
2026-07-29,9853,元大南屯,065423,16000,0,5120.0,0.0,16000,5120.0
2026-07-29,9853,元大南屯,065426,20000,0,5200.0,0.0,20000,5200.0
2026-07-29,9853,元大南屯,065547,1000,0,1150.0,0.0,1000,1150.0
2026-07-29,9853,元大南屯,065609,0,1000,0.0,400.0,-1000,-400.0
2026-07-29,9853,元大南屯,065670,1000,0,980.0,0.0,1000,980.0
2026-07-29,9853,元大南屯,065912,10000,0,1700.0,0.0,10000,1700.0
2026-07-29,9853,元大南屯,065957,6000,0,6420.0,0.0,6000,6420.0
2026-07-29,9853,元大南屯,066109,0,69000,0.0,27310.0,-69000,-27310.0
2026-07-29,9853,元大南屯,066125,5000,0,13950.0,0.0,5000,13950.0
2026-07-29,9853,元大南屯,066186,0,20000,0.0,40000.0,-20000,-40000.0
2026-07-29,9853,元大南屯,066235,100000,0,132000.0,0.0,100000,132000.0
2026-07-29,9853,元大南屯,066314,12000,0,20880.0,0.0,12000,20880.0
2026-07-29,9853,元大南屯,066472,100000,0,182000.0,0.0,100000,182000.0
2026-07-29,9853,元大南屯,066510,21000,0,28350.0,0.0,21000,28350.0
2026-07-29,9853,元大南屯,066591,0,2000,0.0,1030.0,-2000,-1030.0
2026-07-29,9853,元大南屯,066669,0,1000,0.0,430.0,-1000,-430.0
2026-07-29,9853,元大南屯,066737,50000,0,32500.0,0.0,50000,32500.0
2026-07-29,9853,元大南屯,066786,90000,0,182700.0,0.0,90000,182700.0
2026-07-29,9853,元大南屯,066855,1000,0,1590.0,0.0,1000,1590.0
2026-07-29,9853,元大南屯,067118,0,3000,0.0,3000.0,-3000,-3000.0
2026-07-29,9853,元大南屯,067162,5000,0,7300.0,0.0,5000,7300.0
2026-07-29,9853,元大南屯,067187,10000,0,12500.0,0.0,10000,12500.0
2026-07-29,9853,元大南屯,067278,92000,0,97520.0,0.0,92000,97520.0
2026-07-29,9853,元大南屯,067391,7000,0,7000.0,0.0,7000,7000.0
2026-07-29,9853,元大南屯,067554,10000,0,66250.0,0.0,10000,66250.0
2026-07-29,9853,元大南屯,067607,12000,0,4320.0,0.0,12000,4320.0
2026-07-29,9853,元大南屯,067747,2000,0,2940.0,0.0,2000,2940.0
2026-07-29,9853,元大南屯,067791,0,6000,0.0,4960.0,-6000,-4960.0
2026-07-29,9853,元大南屯,067917,100000,0,157000.0,0.0,100000,157000.0
2026-07-29,9853,元大南屯,067943,10000,0,7700.0,0.0,10000,7700.0
2026-07-29,9853,元大南屯,068003,20000,0,15400.0,0.0,20000,15400.0
2026-07-29,9853,元大南屯,068109,0,12000,0.0,4680.0,-12000,-4680.0
2026-07-29,9853,元大南屯,068116,3000,0,1710.0,0.0,3000,1710.0
2026-07-29,9853,元大南屯,068377,2000,0,7720.0,0.0,2000,7720.0
2026-07-29,9853,元大南屯,068426,0,1000,0.0,930.0,-1000,-930.0
2026-07-29,9853,元大南屯,068663,20000,0,11200.0,0.0,20000,11200.0
2026-07-29,9853,元大南屯,068775,0,8000,0.0,3420.0,-8000,-3420.0
2026-07-29,9853,元大南屯,068796,100000,20000,94000.0,19400.0,80000,74600.0
2026-07-29,9853,元大南屯,068950,2000,0,1160.0,0.0,2000,1160.0
2026-07-29,9853,元大南屯,069013,5000,0,2050.0,0.0,5000,2050.0
2026-07-29,9853,元大南屯,069214,0,3000,0.0,2280.0,-3000,-2280.0
2026-07-29,9853,元大南屯,069326,0,4000,0.0,1120.0,-4000,-1120.0
2026-07-29,9853,元大南屯,069424,2000,0,900.0,0.0,2000,900.0
2026-07-29,9853,元大南屯,069874,0,3000,0.0,2040.0,-3000,-2040.0
2026-07-29,9853,元大南屯,070262,0,15000,0.0,2100.0,-15000,-2100.0
2026-07-29,9853,元大南屯,070348,4000,0,1560.0,0.0,4000,1560.0
2026-07-29,9853,元大南屯,070453,20000,0,8200.0,0.0,20000,8200.0
2026-07-29,9853,元大南屯,070493,20000,0,13800.0,0.0,20000,13800.0
2026-07-29,9853,元大南屯,070950,499000,0,444110.0,0.0,499000,444110.0
2026-07-29,9853,元大南屯,070962,0,5000,0.0,3100.0,-5000,-3100.0
2026-07-29,9853,元大南屯,071321,0,6000,0.0,9360.0,-6000,-9360.0
2026-07-29,9853,元大南屯,071376,0,13000,0.0,9620.0,-13000,-9620.0
2026-07-29,9853,元大南屯,071383,4621000,0,5129310.0,0.0,4621000,5129310.0
2026-07-29,9853,元大南屯,071465,5000,0,2700.0,0.0,5000,2700.0
2026-07-29,9853,元大南屯,071589,0,2000,0.0,1390.0,-2000,-1390.0
2026-07-29,9853,元大南屯,071646,0,157000,0.0,186830.0,-157000,-186830.0
2026-07-29,9853,元大南屯,071835,0,8000,0.0,2400.0,-8000,-2400.0
2026-07-29,9853,元大南屯,072014,0,2000,0.0,3660.0,-2000,-3660.0
2026-07-29,9853,元大南屯,072041,0,5000,0.0,1050.0,-5000,-1050.0
2026-07-29,9853,元大南屯,072194,1000,0,820.0,0.0,1000,820.0
2026-07-29,9853,元大南屯,072587,0,9000,0.0,2580.0,-9000,-2580.0
2026-07-29,9853,元大南屯,072655,0,19000,0.0,4500.0,-19000,-4500.0
2026-07-29,9853,元大南屯,072982,3000,0,3380.0,0.0,3000,3380.0
2026-07-29,9853,元大南屯,072996,499000,0,354290.0,0.0,499000,354290.0
2026-07-29,9853,元大南屯,073100,50000,0,62000.0,0.0,50000,62000.0
2026-07-29,9853,元大南屯,073200,0,50000,0.0,67000.0,-50000,-67000.0
2026-07-29,9853,元大南屯,073201,499000,0,344310.0,0.0,499000,344310.0
2026-07-29,9853,元大南屯,074231,0,6000,0.0,6100.0,-6000,-6100.0
2026-07-29,9853,元大南屯,074615,3000,0,3800.0,0.0,3000,3800.0
2026-07-29,9853,元大南屯,075075,1497000,0,1267460.0,0.0,1497000,1267460.0
2026-07-29,9853,元大南屯,075121,1000,0,610.0,0.0,1000,610.0
2026-07-29,9853,元大南屯,075153,2495000,0,2305380.0,0.0,2495000,2305380.0
2026-07-29,9853,元大南屯,075596,0,8000,0.0,40400.0,-8000,-40400.0
2026-07-29,9853,元大南屯,076270,1000,0,710.0,0.0,1000,710.0
2026-07-29,9853,元大南屯,076546,0,5000,0.0,3550.0,-5000,-3550.0
2026-07-29,9853,元大南屯,076623,5000,0,1500.0,0.0,5000,1500.0
2026-07-29,9853,元大南屯,07745U,0,14000,0.0,280.0,-14000,-280.0
2026-07-29,9853,元大南屯,08239U,0,9000,0.0,720.0,-9000,-720.0
2026-07-29,9853,元大南屯,08439U,0,5000,0.0,1300.0,-5000,-1300.0
2026-07-29,9853,元大南屯,08929U,0,110000,0.0,14300.0,-110000,-14300.0
2026-07-29,9853,元大南屯,08992U,0,10000,0.0,30500.0,-10000,-30500.0
2026-07-29,9853,元大南屯,700022,2000,0,3460.0,0.0,2000,3460.0
2026-07-29,9853,元大南屯,700830,2000,0,2760.0,0.0,2000,2760.0
2026-07-29,9853,元大南屯,705072,30000,0,12000.0,0.0,30000,12000.0
2026-07-29,9853,元大南屯,706017,3000,0,2220.0,0.0,3000,2220.0
2026-07-29,9853,元大南屯,707306,3000,0,4260.0,0.0,3000,4260.0
2026-07-29,9853,元大南屯,707317,0,1000,0.0,740.0,-1000,-740.0
2026-07-29,9853,元大南屯,707329,20000,0,7200.0,0.0,20000,7200.0
2026-07-29,9853,元大南屯,707411,0,89000,0.0,36490.0,-89000,-36490.0
2026-07-29,9853,元大南屯,707422,33000,0,23580.0,0.0,33000,23580.0
2026-07-29,9853,元大南屯,707449,2000,0,2280.0,0.0,2000,2280.0
2026-07-29,9853,元大南屯,707521,20000,0,2200.0,0.0,20000,2200.0
2026-07-29,9853,元大南屯,707759,0,3000,0.0,2370.0,-3000,-2370.0
2026-07-29,9853,元大南屯,708318,0,12000,0.0,8640.0,-12000,-8640.0
2026-07-29,9853,元大南屯,708501,100000,0,128000.0,0.0,100000,128000.0
2026-07-29,9853,元大南屯,708641,1000,0,2880.0,0.0,1000,2880.0
2026-07-29,9853,元大南屯,708684,10000,0,1500.0,0.0,10000,1500.0
2026-07-29,9853,元大南屯,708771,0,6000,0.0,1470.0,-6000,-1470.0
2026-07-29,9853,元大南屯,708784,0,5000,0.0,2950.0,-5000,-2950.0
2026-07-29,9853,元大南屯,708893,1000,0,1080.0,0.0,1000,1080.0
2026-07-29,9853,元大南屯,709288,20000,0,3600.0,0.0,20000,3600.0
2026-07-29,9853,元大南屯,709340,0,12000,0.0,2000.0,-12000,-2000.0
2026-07-29,9853,元大南屯,709355,10000,0,2600.0,0.0,10000,2600.0
2026-07-29,9853,元大南屯,710000,1000,0,2090.0,0.0,1000,2090.0
2026-07-29,9853,元大南屯,711064,1000,0,1840.0,0.0,1000,1840.0
2026-07-29,9853,元大南屯,72600U,6000,0,120.0,0.0,6000,120.0
2026-07-29,9853,元大南屯,72823U,0,220000,0.0,28600.0,-220000,-28600.0
2026-07-29,9853,元大南屯,72853U,1000,0,1510.0,0.0,1000,1510.0
2026-07-29,9853,元大南屯,72869U,6000,0,5280.0,0.0,6000,5280.0
2026-07-29,9853,元大南屯,72904U,0,1000,0.0,2750.0,-1000,-2750.0
2026-07-29,9853,元大南屯,72924U,2000,0,2800.0,0.0,2000,2800.0
2026-07-29,9867,元大民權,03008T,14000,10000,3600.0,3300.0,4000,300.0
2026-07-29,9867,元大民權,03044T,0,10000,0.0,6150.0,-10000,-6150.0
2026-07-29,9867,元大民權,030573,15000,0,29550.0,0.0,15000,29550.0
2026-07-29,9867,元大民權,03074T,3000,1000,1920.0,660.0,2000,1260.0
2026-07-29,9867,元大民權,03239T,25000,0,30750.0,0.0,25000,30750.0
2026-07-29,9867,元大民權,03253T,0,5000,0.0,4750.0,-5000,-4750.0
2026-07-29,9867,元大民權,03262T,0,3000,0.0,3360.0,-3000,-3360.0
2026-07-29,9867,元大民權,03277T,0,2000,0.0,3180.0,-2000,-3180.0
2026-07-29,9867,元大民權,03364T,35000,0,53370.0,0.0,35000,53370.0
2026-07-29,9867,元大民權,03382T,0,5000,0.0,4800.0,-5000,-4800.0
2026-07-29,9867,元大民權,03427T,5000,0,12200.0,0.0,5000,12200.0
2026-07-29,9867,元大民權,03592T,0,50000,0.0,52450.0,-50000,-52450.0
2026-07-29,9867,元大民權,036860,0,3000,0.0,690.0,-3000,-690.0
2026-07-29,9867,元大民權,03690T,20000,0,30000.0,0.0,20000,30000.0
2026-07-29,9867,元大民權,03711T,10000,0,25600.0,0.0,10000,25600.0
2026-07-29,9867,元大民權,03785T,31000,27000,56500.0,47260.0,4000,9240.0
2026-07-29,9867,元大民權,03797T,9000,15000,27610.0,43190.0,-6000,-15580.0
2026-07-29,9867,元大民權,03811T,13000,58000,14960.0,64470.0,-45000,-49510.0
2026-07-29,9867,元大民權,042207,35000,0,23900.0,0.0,35000,23900.0
2026-07-29,9867,元大民權,043499,0,10000,0.0,18100.0,-10000,-18100.0
2026-07-29,9867,元大民權,055634,0,25000,0.0,9500.0,-25000,-9500.0
2026-07-29,9867,元大民權,055818,1000,0,610.0,0.0,1000,610.0
2026-07-29,9867,元大民權,056776,20000,0,35200.0,0.0,20000,35200.0
2026-07-29,9867,元大民權,057903,10000,0,28900.0,0.0,10000,28900.0
2026-07-29,9867,元大民權,058289,100000,0,23000.0,0.0,100000,23000.0
2026-07-29,9867,元大民權,058298,300000,0,195500.0,0.0,300000,195500.0
2026-07-29,9867,元大民權,058574,4000,0,15240.0,0.0,4000,15240.0
2026-07-29,9867,元大民權,058603,4000,0,7320.0,0.0,4000,7320.0
2026-07-29,9867,元大民權,058604,58000,0,101220.0,0.0,58000,101220.0
2026-07-29,9867,元大民權,058830,30000,0,28800.0,0.0,30000,28800.0
2026-07-29,9867,元大民權,059036,0,499000,0.0,459080.0,-499000,-459080.0
2026-07-29,9867,元大民權,059163,1000,0,4370.0,0.0,1000,4370.0
2026-07-29,9867,元大民權,059921,499000,0,603790.0,0.0,499000,603790.0
2026-07-29,9867,元大民權,059922,499000,0,584860.0,0.0,499000,584860.0
2026-07-29,9867,元大民權,060735,0,43000,0.0,23220.0,-43000,-23220.0
2026-07-29,9867,元大民權,061153,6000,0,2940.0,0.0,6000,2940.0
2026-07-29,9867,元大民權,061307,10000,0,1600.0,0.0,10000,1600.0
2026-07-29,9867,元大民權,061945,0,3000,0.0,840.0,-3000,-840.0
2026-07-29,9867,元大民權,063109,284000,0,113630.0,0.0,284000,113630.0
2026-07-29,9867,元大民權,064293,10000,0,2600.0,0.0,10000,2600.0
2026-07-29,9867,元大民權,064372,0,17000,0.0,20910.0,-17000,-20910.0
2026-07-29,9867,元大民權,064514,0,40000,0.0,21600.0,-40000,-21600.0
2026-07-29,9867,元大民權,064894,2000,0,140.0,0.0,2000,140.0
2026-07-29,9867,元大民權,065776,10000,0,9100.0,0.0,10000,9100.0
2026-07-29,9867,元大民權,066184,1000,0,1790.0,0.0,1000,1790.0
2026-07-29,9867,元大民權,066205,0,8000,0.0,8720.0,-8000,-8720.0
2026-07-29,9867,元大民權,066207,0,25000,0.0,19000.0,-25000,-19000.0
2026-07-29,9867,元大民權,066286,60000,0,111000.0,0.0,60000,111000.0
2026-07-29,9867,元大民權,066687,5000,0,1800.0,0.0,5000,1800.0
2026-07-29,9867,元大民權,066818,10000,0,28800.0,0.0,10000,28800.0
2026-07-29,9867,元大民權,066819,0,40000,0.0,55400.0,-40000,-55400.0
2026-07-29,9867,元大民權,067084,20000,0,18400.0,0.0,20000,18400.0
2026-07-29,9867,元大民權,067142,1000,0,1190.0,0.0,1000,1190.0
2026-07-29,9867,元大民權,067180,1000,0,1520.0,0.0,1000,1520.0
2026-07-29,9867,元大民權,067217,0,10000,0.0,14000.0,-10000,-14000.0
2026-07-29,9867,元大民權,067300,0,7000,0.0,6090.0,-7000,-6090.0
2026-07-29,9867,元大民權,067411,10000,0,5700.0,0.0,10000,5700.0
2026-07-29,9867,元大民權,067800,50000,0,23000.0,0.0,50000,23000.0
2026-07-29,9867,元大民權,067814,66000,0,86460.0,0.0,66000,86460.0
2026-07-29,9867,元大民權,068868,2000,0,1320.0,0.0,2000,1320.0
2026-07-29,9867,元大民權,069375,10000,0,6060.0,0.0,10000,6060.0
2026-07-29,9867,元大民權,069625,20000,0,11850.0,0.0,20000,11850.0
2026-07-29,9867,元大民權,069668,0,170000,0.0,76500.0,-170000,-76500.0
2026-07-29,9867,元大民權,070053,50000,0,10000.0,0.0,50000,10000.0
2026-07-29,9867,元大民權,070788,4000,0,2120.0,0.0,4000,2120.0
2026-07-29,9867,元大民權,070838,0,20000,0.0,16800.0,-20000,-16800.0
2026-07-29,9867,元大民權,070850,1000,0,480.0,0.0,1000,480.0
2026-07-29,9867,元大民權,070962,80000,0,48200.0,0.0,80000,48200.0
2026-07-29,9867,元大民權,071284,300000,0,173000.0,0.0,300000,173000.0
2026-07-29,9867,元大民權,071504,30000,0,20100.0,0.0,30000,20100.0
2026-07-29,9867,元大民權,071509,1000,0,350.0,0.0,1000,350.0
2026-07-29,9867,元大民權,072140,2000,0,500.0,0.0,2000,500.0
2026-07-29,9867,元大民權,072552,99000,0,59400.0,0.0,99000,59400.0
2026-07-29,9867,元大民權,072712,0,4000,0.0,5280.0,-4000,-5280.0
2026-07-29,9867,元大民權,072901,150000,0,90000.0,0.0,150000,90000.0
2026-07-29,9867,元大民權,072902,50000,40000,23500.0,21200.0,10000,2300.0
2026-07-29,9867,元大民權,073808,290000,0,158400.0,0.0,290000,158400.0
2026-07-29,9867,元大民權,074322,0,25000,0.0,26750.0,-25000,-26750.0
2026-07-29,9867,元大民權,074347,0,640000,0.0,625800.0,-640000,-625800.0
2026-07-29,9867,元大民權,074475,0,30000,0.0,40500.0,-30000,-40500.0
2026-07-29,9867,元大民權,074995,20000,0,11300.0,0.0,20000,11300.0
2026-07-29,9867,元大民權,075182,50000,0,88000.0,0.0,50000,88000.0
2026-07-29,9867,元大民權,076336,499000,0,419160.0,0.0,499000,419160.0
2026-07-29,9867,元大民權,076368,15000,0,10500.0,0.0,15000,10500.0
2026-07-29,9867,元大民權,077792,100000,0,85000.0,0.0,100000,85000.0
2026-07-29,9867,元大民權,08204U,0,10000,0.0,6100.0,-10000,-6100.0
2026-07-29,9867,元大民權,088418,0,20000,0.0,25400.0,-20000,-25400.0
2026-07-29,9867,元大民權,08942U,0,33000,0.0,5610.0,-33000,-5610.0
2026-07-29,9867,元大內湖民,704590,60000,0,31800.0,0.0,60000,31800.0
2026-07-29,9867,元大內湖民,705711,10000,0,1500.0,0.0,10000,1500.0
2026-07-29,9867,元大內湖民,706975,0,15000,0.0,10650.0,-15000,-10650.0
2026-07-29,9867,元大內湖民,707530,10000,0,800.0,0.0,10000,800.0
2026-07-29,9867,元大內湖民,707820,1000,0,900.0,0.0,1000,900.0
2026-07-29,9867,元大內湖民,707828,0,1000,0.0,870.0,-1000,-870.0
2026-07-29,9867,元大內湖民,708843,0,11000,0.0,15840.0,-11000,-15840.0
2026-07-29,9867,元大內湖民,709107,10000,0,8800.0,0.0,10000,8800.0
2026-07-29,9867,元大內湖民,711212,0,52000,0.0,53560.0,-52000,-53560.0
2026-07-29,9867,元大內湖民,72692U,52000,0,3640.0,0.0,52000,3640.0
2026-07-29,9867,元大內湖民,72855U,9000,237000,12490.0,334170.0,-228000,-321680.0
2026-07-29,9867,元大內湖民,735512,0,20000,0.0,30200.0,-20000,-30200.0
2026-07-29,989J,元大彰生,03379T,0,1000,0.0,740.0,-1000,-740.0
2026-07-29,989J,元大彰生,03580T,0,1000,0.0,3570.0,-1000,-3570.0
2026-07-29,989J,元大彰生,03711T,10000,0,23900.0,0.0,10000,23900.0
2026-07-29,989J,元大彰生,04018C,200000,0,211000.0,0.0,200000,211000.0
2026-07-29,989J,元大彰生,040970,0,3000,0.0,6960.0,-3000,-6960.0
2026-07-29,989J,元大彰生,041511,30000,0,177500.0,0.0,30000,177500.0
2026-07-29,989J,元大彰生,041611,0,20000,0.0,18600.0,-20000,-18600.0
2026-07-29,989J,元大彰生,043891,0,19000,0.0,51300.0,-19000,-51300.0
2026-07-29,989J,元大彰生,051666,5000,0,5500.0,0.0,5000,5500.0
2026-07-29,989J,元大彰生,053266,3000,0,3690.0,0.0,3000,3690.0
2026-07-29,989J,元大彰生,055836,10000,0,2500.0,0.0,10000,2500.0
2026-07-29,989J,元大彰生,056070,0,5000,0.0,17400.0,-5000,-17400.0
2026-07-29,989J,元大彰生,058383,80000,100000,111200.0,121000.0,-20000,-9800.0
2026-07-29,989J,元大彰生,058762,1000,405000,1130.0,417200.0,-404000,-416070.0
2026-07-29,989J,元大彰生,059835,7000,0,10640.0,0.0,7000,10640.0
2026-07-29,989J,元大彰生,061003,10000,0,4500.0,0.0,10000,4500.0
2026-07-29,989J,元大彰生,062175,40000,0,10000.0,0.0,40000,10000.0
2026-07-29,989J,元大彰生,063742,0,6000,0.0,6360.0,-6000,-6360.0
2026-07-29,989J,元大彰生,064188,10000,0,5900.0,0.0,10000,5900.0
2026-07-29,989J,元大彰生,064367,20000,0,15800.0,0.0,20000,15800.0
2026-07-29,989J,元大彰生,064921,0,60000,0.0,145200.0,-60000,-145200.0
2026-07-29,989J,元大彰生,064985,14000,0,9240.0,0.0,14000,9240.0
2026-07-29,989J,元大彰生,065353,0,2000,0.0,8460.0,-2000,-8460.0
2026-07-29,989J,元大彰生,065480,30000,0,29100.0,0.0,30000,29100.0
2026-07-29,989J,元大彰生,065611,20000,0,19600.0,0.0,20000,19600.0
2026-07-29,989J,元大彰生,065736,0,10000,0.0,4100.0,-10000,-4100.0
2026-07-29,989J,元大彰生,066145,5000,0,8200.0,0.0,5000,8200.0
2026-07-29,989J,元大彰生,066183,5000,0,6150.0,0.0,5000,6150.0
2026-07-29,989J,元大彰生,066546,7000,0,4970.0,0.0,7000,4970.0
2026-07-29,989J,元大彰生,067235,5000,0,5200.0,0.0,5000,5200.0
2026-07-29,989J,元大彰生,067512,5000,0,3200.0,0.0,5000,3200.0
2026-07-29,989J,元大彰生,067639,20000,0,26400.0,0.0,20000,26400.0
2026-07-29,989J,元大彰生,067714,0,499000,0.0,319360.0,-499000,-319360.0
2026-07-29,989J,元大彰生,067951,0,86000,0.0,83920.0,-86000,-83920.0
2026-07-29,989J,元大彰生,067960,10000,0,3800.0,0.0,10000,3800.0
2026-07-29,989J,元大彰生,068006,30000,0,18300.0,0.0,30000,18300.0
2026-07-29,989J,元大彰生,068043,0,11000,0.0,4870.0,-11000,-4870.0
2026-07-29,989J,元大彰生,068356,5000,0,1450.0,0.0,5000,1450.0
2026-07-29,989J,元大彰生,068633,5000,0,3900.0,0.0,5000,3900.0
2026-07-29,989J,元大彰生,068980,5000,4000,5720.0,5800.0,1000,-80.0
2026-07-29,989J,元大彰生,069047,100000,0,70000.0,0.0,100000,70000.0
2026-07-29,989J,元大彰生,069448,0,2000,0.0,280.0,-2000,-280.0
2026-07-29,989J,元大彰生,069475,20000,0,9400.0,0.0,20000,9400.0
2026-07-29,989J,元大彰生,069512,0,120000,0.0,192000.0,-120000,-192000.0
2026-07-29,989J,元大彰生,069680,3000,0,1050.0,0.0,3000,1050.0
2026-07-29,989J,元大彰生,069791,20000,0,6000.0,0.0,20000,6000.0
2026-07-29,989J,元大彰生,069925,285000,0,87500.0,0.0,285000,87500.0
2026-07-29,989J,元大彰生,070156,0,37000,0.0,9250.0,-37000,-9250.0
2026-07-29,989J,元大彰生,070233,5000,0,2900.0,0.0,5000,2900.0
2026-07-29,989J,元大彰生,070235,10000,0,7800.0,0.0,10000,7800.0
2026-07-29,989J,元大彰生,070339,11000,10000,6290.0,5500.0,1000,790.0
2026-07-29,989J,元大彰生,070683,50000,0,33000.0,0.0,50000,33000.0
2026-07-29,989J,元大彰生,070724,23000,0,6990.0,0.0,23000,6990.0
2026-07-29,989J,元大彰生,070849,30000,0,15600.0,0.0,30000,15600.0
2026-07-29,989J,元大彰生,071467,1000,0,1200.0,0.0,1000,1200.0
2026-07-29,989J,元大彰生,072253,0,4000,0.0,1480.0,-4000,-1480.0
2026-07-29,989J,元大彰生,072432,30000,0,19800.0,0.0,30000,19800.0
2026-07-29,989J,元大彰生,072559,0,100000,0.0,174000.0,-100000,-174000.0
2026-07-29,989J,元大彰生,072562,6000,0,28860.0,0.0,6000,28860.0
2026-07-29,989J,元大彰生,072668,20000,0,7500.0,0.0,20000,7500.0
2026-07-29,989J,元大彰生,073102,3000,0,1710.0,0.0,3000,1710.0
2026-07-29,989J,元大彰生,076217,20000,0,9800.0,0.0,20000,9800.0
2026-07-29,989J,元大彰生,076576,2000,0,5430.0,0.0,2000,5430.0
2026-07-29,989J,元大彰生,077005,2000,0,1900.0,0.0,2000,1900.0
2026-07-29,989J,元大彰生,08686U,0,30000,0.0,17700.0,-30000,-17700.0
2026-07-29,989J,元大彰化,705845,20000,50000,114000.0,249500.0,-30000,-135500.0
2026-07-29,989J,元大彰化,705871,27000,0,72900.0,0.0,27000,72900.0
2026-07-29,989J,元大彰化,705947,70000,0,34300.0,0.0,70000,34300.0
2026-07-29,989J,元大彰化,706894,0,5000,0.0,13000.0,-5000,-13000.0
2026-07-29,989J,元大彰化,707299,0,10000,0.0,14180.0,-10000,-14180.0
2026-07-29,989J,元大彰化,707334,0,6000,0.0,5140.0,-6000,-5140.0
2026-07-29,989J,元大彰化,708015,0,103000,0.0,346120.0,-103000,-346120.0
2026-07-29,989J,元大彰化,708585,23000,0,2760.0,0.0,23000,2760.0
2026-07-29,989J,元大彰化,710068,1000,0,410.0,0.0,1000,410.0
2026-07-29,989J,元大彰化,710069,2000,0,750.0,0.0,2000,750.0
2026-07-29,989J,元大彰化,711014,0,100000,0.0,42000.0,-100000,-42000.0
2026-07-29,989J,元大彰化,72936U,0,1000,0.0,2720.0,-1000,-2720.0
2026-07-29,989Q,元大汐止,03083T,0,20000,0.0,3900.0,-20000,-3900.0
2026-07-29,989Q,元大汐止,03171T,0,1000,0.0,990.0,-1000,-990.0
2026-07-29,989Q,元大汐止,03178T,20000,0,23380.0,0.0,20000,23380.0
2026-07-29,989Q,元大汐止,03184T,0,10000,0.0,5600.0,-10000,-5600.0
2026-07-29,989Q,元大汐止,03262T,9000,0,11070.0,0.0,9000,11070.0
2026-07-29,989Q,元大汐止,03278T,150000,0,55300.0,0.0,150000,55300.0
2026-07-29,989Q,元大汐止,03324T,0,1000,0.0,1730.0,-1000,-1730.0
2026-07-29,989Q,元大汐止,03525T,0,80000,0.0,120800.0,-80000,-120800.0
2026-07-29,989Q,元大汐止,03594T,0,100000,0.0,149000.0,-100000,-149000.0
2026-07-29,989Q,元大汐止,03637T,5000,0,5650.0,0.0,5000,5650.0
2026-07-29,989Q,元大汐止,03679T,0,200000,0.0,427000.0,-200000,-427000.0
2026-07-29,989Q,元大汐止,03732B,0,12000,0.0,12000.0,-12000,-12000.0
2026-07-29,989Q,元大汐止,03749T,0,290000,0.0,496800.0,-290000,-496800.0
2026-07-29,989Q,元大汐止,04019C,30000,0,26400.0,0.0,30000,26400.0
2026-07-29,989Q,元大汐止,051666,1000,0,1080.0,0.0,1000,1080.0
2026-07-29,989Q,元大汐止,054694,25000,0,7800.0,0.0,25000,7800.0
2026-07-29,989Q,元大汐止,057513,1000,0,210.0,0.0,1000,210.0
2026-07-29,989Q,元大汐止,057841,15000,0,1500.0,0.0,15000,1500.0
2026-07-29,989Q,元大汐止,058260,0,100000,0.0,11000.0,-100000,-11000.0
2026-07-29,989Q,元大汐止,058441,2000,0,1950.0,0.0,2000,1950.0
2026-07-29,989Q,元大汐止,059454,10000,0,10600.0,0.0,10000,10600.0
2026-07-29,989Q,元大汐止,059679,1000,0,270.0,0.0,1000,270.0
2026-07-29,989Q,元大汐止,059940,0,74000,0.0,308800.0,-74000,-308800.0
2026-07-29,989Q,元大汐止,061624,0,50000,0.0,75500.0,-50000,-75500.0
2026-07-29,989Q,元大汐止,062095,0,25000,0.0,5250.0,-25000,-5250.0
2026-07-29,989Q,元大汐止,062563,0,1000,0.0,7450.0,-1000,-7450.0
2026-07-29,989Q,元大汐止,062832,3000,0,600.0,0.0,3000,600.0
2026-07-29,989Q,元大汐止,063219,18000,0,15300.0,0.0,18000,15300.0
2026-07-29,989Q,元大汐止,063344,2000,0,590.0,0.0,2000,590.0
2026-07-29,989Q,元大汐止,063406,5000,0,3500.0,0.0,5000,3500.0
2026-07-29,989Q,元大汐止,063808,20000,0,11600.0,0.0,20000,11600.0
2026-07-29,989Q,元大汐止,064071,2000,0,340.0,0.0,2000,340.0
2026-07-29,989Q,元大汐止,064082,40000,0,8720.0,0.0,40000,8720.0
2026-07-29,989Q,元大汐止,064457,0,30000,0.0,21300.0,-30000,-21300.0
2026-07-29,989Q,元大汐止,064462,10000,0,8000.0,0.0,10000,8000.0
2026-07-29,989Q,元大汐止,064703,0,70000,0.0,24500.0,-70000,-24500.0
2026-07-29,989Q,元大汐止,064807,1000,0,140.0,0.0,1000,140.0
2026-07-29,989Q,元大汐止,065190,1000,0,270.0,0.0,1000,270.0
2026-07-29,989Q,元大汐止,065271,50000,0,9000.0,0.0,50000,9000.0
2026-07-29,989Q,元大汐止,065423,6000,0,1920.0,0.0,6000,1920.0
2026-07-29,989Q,元大汐止,065426,0,202000,0.0,50500.0,-202000,-50500.0
2026-07-29,989Q,元大汐止,065887,0,10000,0.0,2600.0,-10000,-2600.0
2026-07-29,989Q,元大汐止,065949,30000,50000,8700.0,13000.0,-20000,-4300.0
2026-07-29,989Q,元大汐止,066010,0,30000,0.0,11100.0,-30000,-11100.0
2026-07-29,989Q,元大汐止,066056,4000,0,7620.0,0.0,4000,7620.0
2026-07-29,989Q,元大汐止,066119,0,10000,0.0,7600.0,-10000,-7600.0
2026-07-29,989Q,元大汐止,066147,5000,5000,5550.0,6200.0,0,-650.0
2026-07-29,989Q,元大汐止,066186,1000,0,2190.0,0.0,1000,2190.0
2026-07-29,989Q,元大汐止,066382,10000,0,10100.0,0.0,10000,10100.0
2026-07-29,989Q,元大汐止,066595,15000,0,4650.0,0.0,15000,4650.0
2026-07-29,989Q,元大汐止,066729,1000,0,320.0,0.0,1000,320.0
2026-07-29,989Q,元大汐止,067050,2000,0,1830.0,0.0,2000,1830.0
2026-07-29,989Q,元大汐止,067119,5000,0,4100.0,0.0,5000,4100.0
2026-07-29,989Q,元大汐止,067122,5000,0,1750.0,0.0,5000,1750.0
2026-07-29,989Q,元大汐止,067390,3000,0,2100.0,0.0,3000,2100.0
2026-07-29,989Q,元大汐止,067543,0,1000,0.0,750.0,-1000,-750.0
2026-07-29,989Q,元大汐止,067544,200000,0,162000.0,0.0,200000,162000.0
2026-07-29,989Q,元大汐止,067858,70000,0,58600.0,0.0,70000,58600.0
2026-07-29,989Q,元大汐止,068109,500000,0,195000.0,0.0,500000,195000.0
2026-07-29,989Q,元大汐止,068174,30000,0,38800.0,0.0,30000,38800.0
2026-07-29,989Q,元大汐止,069282,50000,0,23900.0,0.0,50000,23900.0
2026-07-29,989Q,元大汐止,069290,7000,0,1730.0,0.0,7000,1730.0
2026-07-29,989Q,元大汐止,069374,0,3000,0.0,1260.0,-3000,-1260.0
2026-07-29,989Q,元大汐止,069550,5000,0,1850.0,0.0,5000,1850.0
2026-07-29,989Q,元大汐止,070159,0,28000,0.0,7560.0,-28000,-7560.0
2026-07-29,989Q,元大汐止,070271,0,8000,0.0,4080.0,-8000,-4080.0
2026-07-29,989Q,元大汐止,070338,10000,0,5300.0,0.0,10000,5300.0
2026-07-29,989Q,元大汐止,070947,2000,0,1300.0,0.0,2000,1300.0
2026-07-29,989Q,元大汐止,070962,0,4000,0.0,2160.0,-4000,-2160.0
2026-07-29,989Q,元大汐止,071254,2000,0,1580.0,0.0,2000,1580.0
2026-07-29,989Q,元大汐止,071429,1000,0,600.0,0.0,1000,600.0
2026-07-29,989Q,元大汐止,071902,1000,0,600.0,0.0,1000,600.0
2026-07-29,989Q,元大汐止,072002,1000,0,690.0,0.0,1000,690.0
2026-07-29,989Q,元大汐止,072251,10000,0,4100.0,0.0,10000,4100.0
2026-07-29,989Q,元大汐止,072610,0,5000,0.0,5200.0,-5000,-5200.0
2026-07-29,989Q,元大汐止,072756,15000,0,3300.0,0.0,15000,3300.0
2026-07-29,989Q,元大汐止,072757,1000,0,340.0,0.0,1000,340.0
2026-07-29,989Q,元大汐止,073361,1000,0,390.0,0.0,1000,390.0
2026-07-29,989Q,元大汐止,073915,20000,0,8800.0,0.0,20000,8800.0
2026-07-29,989Q,元大汐止,074535,200000,0,200000.0,0.0,200000,200000.0
2026-07-29,989Q,元大汐止,074671,1000,0,580.0,0.0,1000,580.0
2026-07-29,989Q,元大汐止,074787,1000,0,880.0,0.0,1000,880.0
2026-07-29,989Q,元大汐止,075545,1000,0,550.0,0.0,1000,550.0
2026-07-29,989Q,元大汐止,075791,20000,0,5400.0,0.0,20000,5400.0
2026-07-29,989Q,元大汐止,076025,10000,0,5800.0,0.0,10000,5800.0
2026-07-29,989Q,元大汐止,076623,1000,0,300.0,0.0,1000,300.0
2026-07-29,989Q,元大汐止,076767,10000,0,5550.0,0.0,10000,5550.0
2026-07-29,989Q,元大汐止,077008,2000,0,1100.0,0.0,2000,1100.0
2026-07-29,989Q,元大汐止,08545U,0,5000,0.0,14250.0,-5000,-14250.0
2026-07-29,989Q,元大汐止,08694U,0,5000,0.0,7350.0,-5000,-7350.0
2026-07-29,989Q,元大汐止,08767U,0,5000,0.0,2200.0,-5000,-2200.0
2026-07-29,989Q,元大汐止,08809U,0,3000,0.0,3560.0,-3000,-3560.0
2026-07-29,989Q,元大汐止,08826U,0,10000,0.0,17160.0,-10000,-17160.0
2026-07-29,989Q,元大汐止,08873U,0,10000,0.0,5200.0,-10000,-5200.0
2026-07-29,989Q,元大汐止,08956U,0,360000,0.0,417600.0,-360000,-417600.0
2026-07-29,989Q,元大汐止,700259,0,1000,0.0,690.0,-1000,-690.0
2026-07-29,989Q,元大汐止,705311,1000,0,140.0,0.0,1000,140.0
2026-07-29,989Q,元大汐止,705483,3000,0,510.0,0.0,3000,510.0
2026-07-29,989Q,元大汐止,707735,0,20000,0.0,7600.0,-20000,-7600.0
2026-07-29,989Q,元大汐止,707758,15000,0,8100.0,0.0,15000,8100.0
2026-07-29,989Q,元大汐止,707822,2000,0,1560.0,0.0,2000,1560.0
2026-07-29,989Q,元大汐止,707903,0,15000,0.0,3300.0,-15000,-3300.0
2026-07-29,989Q,元大汐止,708588,113000,0,11270.0,0.0,113000,11270.0
2026-07-29,989Q,元大汐止,708843,10000,0,14500.0,0.0,10000,14500.0
2026-07-29,989Q,元大汐止,709151,2000,0,360.0,0.0,2000,360.0
2026-07-29,989Q,元大汐止,709453,30000,0,6600.0,0.0,30000,6600.0
2026-07-29,989Q,元大汐止,709526,10000,0,1700.0,0.0,10000,1700.0
2026-07-29,989Q,元大汐止,709788,30000,0,9000.0,0.0,30000,9000.0
2026-07-29,989Q,元大汐止,710802,5000,0,1420.0,0.0,5000,1420.0
2026-07-29,989Q,元大汐止,72859U,0,11000,0.0,9530.0,-11000,-9530.0
2026-07-29,989Q,元大汐止,72871U,0,6000,0.0,7920.0,-6000,-7920.0
2026-07-29,989a,元大苑裡,03055T,0,250000,0.0,112500.0,-250000,-112500.0
2026-07-29,989a,元大苑裡,031273,1000,0,650.0,0.0,1000,650.0
2026-07-29,989a,元大苑裡,03410T,0,6000,0.0,9300.0,-6000,-9300.0
2026-07-29,989a,元大苑裡,03502T,0,100000,0.0,126000.0,-100000,-126000.0
2026-07-29,989a,元大苑裡,03605T,0,6000,0.0,7260.0,-6000,-7260.0
2026-07-29,989a,元大苑裡,03661T,0,6000,0.0,12270.0,-6000,-12270.0
2026-07-29,989a,元大苑裡,03735B,0,100000,0.0,102000.0,-100000,-102000.0
2026-07-29,989a,元大苑裡,03742T,5000,0,6450.0,0.0,5000,6450.0
2026-07-29,989a,元大苑裡,04023C,100000,0,43000.0,0.0,100000,43000.0
2026-07-29,989a,元大苑裡,055429,0,20000,0.0,400.0,-20000,-400.0
2026-07-29,989a,元大苑裡,056073,1000,0,2330.0,0.0,1000,2330.0
2026-07-29,989a,元大苑裡,056636,0,30000,0.0,27000.0,-30000,-27000.0
2026-07-29,989a,元大苑裡,058762,9000,0,11160.0,0.0,9000,11160.0
2026-07-29,989a,元大苑裡,064429,2000,0,1360.0,0.0,2000,1360.0
2026-07-29,989a,元大苑裡,064650,2000,0,1740.0,0.0,2000,1740.0
2026-07-29,989a,元大苑裡,065459,0,3000,0.0,3660.0,-3000,-3660.0
2026-07-29,989a,元大苑裡,065461,0,101000,0.0,8080.0,-101000,-8080.0
2026-07-29,989a,元大苑裡,066456,0,1000,0.0,1900.0,-1000,-1900.0
2026-07-29,989a,元大苑裡,067848,20000,0,23400.0,0.0,20000,23400.0
2026-07-29,989a,元大苑裡,068252,0,2000,0.0,1180.0,-2000,-1180.0
2026-07-29,989a,元大苑裡,068757,0,30000,0.0,11400.0,-30000,-11400.0
2026-07-29,989a,元大苑裡,068979,1000,0,1530.0,0.0,1000,1530.0
2026-07-29,989a,元大苑裡,069313,10000,0,1400.0,0.0,10000,1400.0
2026-07-29,989a,元大苑裡,069801,0,2000,0.0,1180.0,-2000,-1180.0
2026-07-29,989a,元大苑裡,070435,0,242000,0.0,333960.0,-242000,-333960.0
2026-07-29,989a,元大苑裡,070756,2000,0,2540.0,0.0,2000,2540.0
2026-07-29,989a,元大苑裡,070841,200000,700000,16000.0,42000.0,-500000,-26000.0
2026-07-29,989a,元大苑裡,070935,0,10000,0.0,12600.0,-10000,-12600.0
2026-07-29,989a,元大苑裡,070965,0,5000,0.0,2370.0,-5000,-2370.0
2026-07-29,989a,元大苑裡,072388,0,430000,0.0,1044900.0,-430000,-1044900.0
2026-07-29,989a,元大苑裡,073265,20000,0,12800.0,0.0,20000,12800.0
2026-07-29,989a,元大苑裡,074099,8000,0,10520.0,0.0,8000,10520.0
2026-07-29,989a,元大苑裡,074107,0,2000,0.0,2760.0,-2000,-2760.0
2026-07-29,989a,元大苑裡,075921,0,2000,0.0,2060.0,-2000,-2060.0
2026-07-29,989a,元大苑裡,076041,0,9000,0.0,10980.0,-9000,-10980.0
2026-07-29,989a,元大苑裡,077275,0,9000,0.0,9360.0,-9000,-9360.0
2026-07-29,989a,元大苑裡,701438,0,3000,0.0,6150.0,-3000,-6150.0
2026-07-29,989a,元大苑裡,706504,10000,0,500.0,0.0,10000,500.0
2026-07-29,989a,元大苑裡,708232,0,20000,0.0,14400.0,-20000,-14400.0
2026-07-29,989a,元大苑裡,709656,0,5000,0.0,1900.0,-5000,-1900.0
2026-07-29,989a,元大苑裡,709843,9000,0,19080.0,0.0,9000,19080.0
2026-07-29,989a,元大苑裡,739425,0,15000,0.0,150.0,-15000,-150.0
2026-07-29,989f,元大東港,030251,0,15000,0.0,950.0,-15000,-950.0
2026-07-29,989f,元大東港,03034T,1000,0,270.0,0.0,1000,270.0
2026-07-29,989f,元大東港,03117T,9000,0,7920.0,0.0,9000,7920.0
2026-07-29,989f,元大東港,03417T,0,1000,0.0,4070.0,-1000,-4070.0
2026-07-29,989f,元大東港,03732B,5000,0,5650.0,0.0,5000,5650.0
2026-07-29,989f,元大東港,055669,10000,0,3200.0,0.0,10000,3200.0
2026-07-29,989f,元大東港,059035,21000,0,12630.0,0.0,21000,12630.0
2026-07-29,989f,元大東港,059073,10000,15000,2250.0,2550.0,-5000,-300.0
2026-07-29,989f,元大東港,059578,10000,0,6300.0,0.0,10000,6300.0
2026-07-29,989f,元大東港,059671,50000,0,18000.0,0.0,50000,18000.0
2026-07-29,989f,元大東港,061289,1000,0,4640.0,0.0,1000,4640.0
2026-07-29,989f,元大東港,062273,15000,0,12750.0,0.0,15000,12750.0
2026-07-29,989f,元大東港,062694,0,34000,0.0,8840.0,-34000,-8840.0
2026-07-29,989f,元大東港,063808,0,4000,0.0,2320.0,-4000,-2320.0
2026-07-29,989f,元大東港,063821,10000,0,4700.0,0.0,10000,4700.0
2026-07-29,989f,元大東港,064369,50000,0,9000.0,0.0,50000,9000.0
2026-07-29,989f,元大東港,064418,0,10000,0.0,8500.0,-10000,-8500.0
2026-07-29,989f,元大東港,065426,90000,0,27900.0,0.0,90000,27900.0
2026-07-29,989f,元大東港,065451,170000,0,73100.0,0.0,170000,73100.0
2026-07-29,989f,元大東港,065549,1000,0,2230.0,0.0,1000,2230.0
2026-07-29,989f,元大東港,066472,3000,12000,5430.0,20950.0,-9000,-15520.0
2026-07-29,989f,元大東港,066544,50000,0,7500.0,0.0,50000,7500.0
2026-07-29,989f,元大東港,066881,10000,0,32300.0,0.0,10000,32300.0
2026-07-29,989f,元大東港,067118,5000,0,5500.0,0.0,5000,5500.0
2026-07-29,989f,元大東港,067627,100000,0,85000.0,0.0,100000,85000.0
2026-07-29,989f,元大東港,069026,0,4000,0.0,3400.0,-4000,-3400.0
2026-07-29,989f,元大東港,070194,10000,0,7900.0,0.0,10000,7900.0
2026-07-29,989f,元大東港,070307,0,40000,0.0,18000.0,-40000,-18000.0
2026-07-29,989f,元大東港,070339,3000,0,1650.0,0.0,3000,1650.0
2026-07-29,989f,元大東港,070472,10000,0,8700.0,0.0,10000,8700.0
2026-07-29,989f,元大東港,070947,250000,0,159500.0,0.0,250000,159500.0
2026-07-29,989f,元大東港,072914,100000,0,31000.0,0.0,100000,31000.0
2026-07-29,989f,元大東港,073049,100000,0,7000.0,0.0,100000,7000.0
2026-07-29,989f,元大東港,073235,124000,0,181040.0,0.0,124000,181040.0
2026-07-29,989f,元大東港,075266,7000,0,2160.0,0.0,7000,2160.0
2026-07-29,989f,元大東港,076678,0,2000,0.0,3120.0,-2000,-3120.0
2026-07-29,989f,元大東港,077366,2495000,0,1314360.0,0.0,2495000,1314360.0
2026-07-29,989f,元大東港,708521,0,3000,0.0,3000.0,-3000,-3000.0
2026-07-29,989f,元大東港,708588,75000,0,6000.0,0.0,75000,6000.0
2026-07-29,989f,元大東港,710392,35000,0,5250.0,0.0,35000,5250.0
2026-07-29,989f,元大東港,711401,10000,10000,4600.0,4200.0,0,400.0
2026-07-29,9A9P,永豐竹北,03009T,6000,0,1380.0,0.0,6000,1380.0
2026-07-29,9A9P,永豐竹北,03035X,10000,0,128000.0,0.0,10000,128000.0
2026-07-29,9A9P,永豐竹北,03046T,0,4000,0.0,960.0,-4000,-960.0
2026-07-29,9A9P,永豐竹北,03048T,100000,0,48000.0,0.0,100000,48000.0
2026-07-29,9A9P,永豐竹北,03188T,0,50000,0.0,84000.0,-50000,-84000.0
2026-07-29,9A9P,永豐竹北,03272T,400000,3120000,76000.0,611780.0,-2720000,-535780.0
2026-07-29,9A9P,永豐竹北,03278T,20000,0,7000.0,0.0,20000,7000.0
2026-07-29,9A9P,永豐竹北,03358T,0,5000,0.0,4150.0,-5000,-4150.0
2026-07-29,9A9P,永豐竹北,037648,0,5000,0.0,21500.0,-5000,-21500.0
2026-07-29,9A9P,永豐竹北,03873T,0,1000,0.0,1730.0,-1000,-1730.0
2026-07-29,9A9P,永豐竹北,038795,30000,0,32700.0,0.0,30000,32700.0
2026-07-29,9A9P,永豐竹北,04023C,10000,0,4100.0,0.0,10000,4100.0
2026-07-29,9A9P,永豐竹北,044796,50000,0,58000.0,0.0,50000,58000.0
2026-07-29,9A9P,永豐竹北,047881,0,98000,0.0,39300.0,-98000,-39300.0
2026-07-29,9A9P,永豐竹北,049020,10000,0,9400.0,0.0,10000,9400.0
2026-07-29,9A9P,永豐竹北,049676,0,46000,0.0,57960.0,-46000,-57960.0
2026-07-29,9A9P,永豐竹北,049911,30000,0,45000.0,0.0,30000,45000.0
2026-07-29,9A9P,永豐竹北,052120,0,1000,0.0,110.0,-1000,-110.0
2026-07-29,9A9P,永豐竹北,052191,2000,0,1280.0,0.0,2000,1280.0
2026-07-29,9A9P,永豐竹北,05232P,0,1000,0.0,110.0,-1000,-110.0
2026-07-29,9A9P,永豐竹北,055124,0,7388000,0.0,1307370.0,-7388000,-1307370.0
2026-07-29,9A9P,永豐竹北,055785,4000,0,22000.0,0.0,4000,22000.0
2026-07-29,9A9P,永豐竹北,056683,2000,0,14350.0,0.0,2000,14350.0
2026-07-29,9A9P,永豐竹北,057215,0,3000,0.0,15300.0,-3000,-15300.0
2026-07-29,9A9P,永豐竹北,057262,20000,0,22600.0,0.0,20000,22600.0
2026-07-29,9A9P,永豐竹北,057713,5000,0,700.0,0.0,5000,700.0
2026-07-29,9A9P,永豐竹北,057748,41000,0,14800.0,0.0,41000,14800.0
2026-07-29,9A9P,永豐竹北,057784,0,10000,0.0,37400.0,-10000,-37400.0
2026-07-29,9A9P,永豐竹北,058772,10000,0,2700.0,0.0,10000,2700.0
2026-07-29,9A9P,永豐竹北,059062,1000,0,490.0,0.0,1000,490.0
2026-07-29,9A9P,永豐竹北,059796,6000,0,1200.0,0.0,6000,1200.0
2026-07-29,9A9P,永豐竹北,059867,29000,0,23230.0,0.0,29000,23230.0
2026-07-29,9A9P,永豐竹北,060496,7000,6000,21120.0,16980.0,1000,4140.0
2026-07-29,9A9P,永豐竹北,060574,100000,180000,40600.0,57600.0,-80000,-17000.0
2026-07-29,9A9P,永豐竹北,060789,500000,300000,156500.0,75000.0,200000,81500.0
2026-07-29,9A9P,永豐竹北,061558,10000,0,13000.0,0.0,10000,13000.0
2026-07-29,9A9P,永豐竹北,061566,20000,0,71600.0,0.0,20000,71600.0
2026-07-29,9A9P,永豐竹北,062038,0,99000,0.0,108820.0,-99000,-108820.0
2026-07-29,9A9P,永豐竹北,062449,0,10000,0.0,31000.0,-10000,-31000.0
2026-07-29,9A9P,永豐竹北,063442,0,2000,0.0,1540.0,-2000,-1540.0
2026-07-29,9A9P,永豐竹北,063492,2000,0,280.0,0.0,2000,280.0
2026-07-29,9A9P,永豐竹北,063505,200000,0,111000.0,0.0,200000,111000.0
2026-07-29,9A9P,永豐竹北,063703,0,100000,0.0,178000.0,-100000,-178000.0
2026-07-29,9A9P,永豐竹北,064936,0,10000,0.0,1800.0,-10000,-1800.0
2026-07-29,9A9P,永豐竹北,065424,150000,0,80000.0,0.0,150000,80000.0
2026-07-29,9A9P,永豐竹北,065565,150000,100000,120000.0,71500.0,50000,48500.0
2026-07-29,9A9P,永豐竹北,065837,20000,0,12400.0,0.0,20000,12400.0
2026-07-29,9A9P,永豐竹北,066043,800000,0,1478100.0,0.0,800000,1478100.0
2026-07-29,9A9P,永豐竹北,066073,11000,9000,13200.0,9900.0,2000,3300.0
2026-07-29,9A9P,永豐竹北,066145,1000,0,1710.0,0.0,1000,1710.0
2026-07-29,9A9P,永豐竹北,066146,40000,0,106500.0,0.0,40000,106500.0
2026-07-29,9A9P,永豐竹北,066173,50000,0,70250.0,0.0,50000,70250.0
2026-07-29,9A9P,永豐竹北,066175,40000,0,57700.0,0.0,40000,57700.0
2026-07-29,9A9P,永豐竹北,066467,123000,0,171180.0,0.0,123000,171180.0
2026-07-29,9A9P,永豐竹北,066637,0,10000,0.0,5400.0,-10000,-5400.0
2026-07-29,9A9P,永豐竹北,066737,0,50000,0.0,32500.0,-50000,-32500.0
2026-07-29,9A9P,永豐竹北,066938,10000,0,18500.0,0.0,10000,18500.0
2026-07-29,9A9P,永豐竹北,067071,0,5000,0.0,1750.0,-5000,-1750.0
2026-07-29,9A9P,永豐竹北,067084,40000,0,40800.0,0.0,40000,40800.0
2026-07-29,9A9P,永豐竹北,067105,15000,0,12150.0,0.0,15000,12150.0
2026-07-29,9A9P,永豐竹北,067203,10000,0,21900.0,0.0,10000,21900.0
2026-07-29,9A9P,永豐竹北,067411,25000,0,14000.0,0.0,25000,14000.0
2026-07-29,9A9P,永豐竹北,067418,0,54000,0.0,67500.0,-54000,-67500.0
2026-07-29,9A9P,永豐竹北,067468,15000,0,55510.0,0.0,15000,55510.0
2026-07-29,9A9P,永豐竹北,067531,0,100000,0.0,58000.0,-100000,-58000.0
2026-07-29,9A9P,永豐竹北,067587,0,20000,0.0,23410.0,-20000,-23410.0
2026-07-29,9A9P,永豐竹北,068427,12000,6000,14640.0,8220.0,6000,6420.0
2026-07-29,9A9P,永豐竹北,068508,200000,0,123000.0,0.0,200000,123000.0
2026-07-29,9A9P,永豐竹北,068865,50000,0,78500.0,0.0,50000,78500.0
2026-07-29,9A9P,永豐竹北,069012,0,50000,0.0,26000.0,-50000,-26000.0
2026-07-29,9A9P,永豐竹北,069590,0,38000,0.0,24700.0,-38000,-24700.0
2026-07-29,9A9P,永豐竹北,069625,0,62000,0.0,31000.0,-62000,-31000.0
2026-07-29,9A9P,永豐竹北,070144,0,78000,0.0,53040.0,-78000,-53040.0
2026-07-29,9A9P,永豐竹北,070192,60000,0,23200.0,0.0,60000,23200.0
2026-07-29,9A9P,永豐竹北,070323,100000,0,69000.0,0.0,100000,69000.0
2026-07-29,9A9P,永豐竹北,070347,10000,0,7200.0,0.0,10000,7200.0
2026-07-29,9A9P,永豐竹北,071276,20000,0,12150.0,0.0,20000,12150.0
2026-07-29,9A9P,永豐竹北,071321,15000,0,25850.0,0.0,15000,25850.0
2026-07-29,9A9P,永豐竹北,071672,10000,0,14200.0,0.0,10000,14200.0
2026-07-29,9A9P,永豐竹北,072918,25000,0,3750.0,0.0,25000,3750.0
2026-07-29,9A9P,永豐竹北,073003,100000,0,42000.0,0.0,100000,42000.0
2026-07-29,9A9P,永豐竹北,073941,200000,0,96000.0,0.0,200000,96000.0
2026-07-29,9A9P,永豐竹北,073982,0,10000,0.0,3800.0,-10000,-3800.0
2026-07-29,9A9P,永豐竹北,074153,1000,0,930.0,0.0,1000,930.0
2026-07-29,9A9P,永豐竹北,074542,70000,0,46900.0,0.0,70000,46900.0
2026-07-29,9A9P,永豐竹北,075166,0,100000,0.0,97000.0,-100000,-97000.0
2026-07-29,9A9P,永豐竹北,075182,50000,0,81000.0,0.0,50000,81000.0
2026-07-29,9A9P,永豐竹北,075263,250000,0,242000.0,0.0,250000,242000.0
2026-07-29,9A9P,永豐竹北,075382,0,24000,0.0,22320.0,-24000,-22320.0
2026-07-29,9A9P,永豐竹北,076515,100000,0,87000.0,0.0,100000,87000.0
2026-07-29,9A9P,永豐竹北,076897,100000,0,95000.0,0.0,100000,95000.0
2026-07-29,9A9P,永豐竹北,077265,10000,0,10200.0,0.0,10000,10200.0
2026-07-29,9A9P,永豐竹北,08345U,157000,0,31310.0,0.0,157000,31310.0
2026-07-29,9A9P,永豐竹北,08855U,100000,0,67000.0,0.0,100000,67000.0
2026-07-29,9A9P,永豐竹北,08886U,0,94000,0.0,40420.0,-94000,-40420.0
2026-07-29,9A9P,永豐竹北,08975U,0,4000,0.0,1800.0,-4000,-1800.0
2026-07-29,9A9P,永豐竹北,08976U,0,57000,0.0,102350.0,-57000,-102350.0
2026-07-29,9A9P,永豐金竹北,700264,10000,0,2700.0,0.0,10000,2700.0
2026-07-29,9A9P,永豐金竹北,704831,10000,0,28900.0,0.0,10000,28900.0
2026-07-29,9A9P,永豐金竹北,706207,90000,0,117000.0,0.0,90000,117000.0
2026-07-29,9A9P,永豐金竹北,707309,0,58000,0.0,23780.0,-58000,-23780.0
2026-07-29,9A9P,永豐金竹北,707471,4000,0,1160.0,0.0,4000,1160.0
2026-07-29,9A9P,永豐金竹北,707735,0,1000,0.0,350.0,-1000,-350.0
2026-07-29,9A9P,永豐金竹北,707859,10000,0,5200.0,0.0,10000,5200.0
2026-07-29,9A9P,永豐金竹北,708517,10000,0,1000.0,0.0,10000,1000.0
2026-07-29,9A9P,永豐金竹北,708519,5000,0,800.0,0.0,5000,800.0
2026-07-29,9A9P,永豐金竹北,708857,10000,0,2300.0,0.0,10000,2300.0
2026-07-29,9A9P,永豐金竹北,709001,17000,0,11300.0,0.0,17000,11300.0
2026-07-29,9A9P,永豐金竹北,709168,10000,0,1800.0,0.0,10000,1800.0
2026-07-29,9A9P,永豐金竹北,709312,30000,0,4700.0,0.0,30000,4700.0
2026-07-29,9A9P,永豐金竹北,709788,0,100000,0.0,27000.0,-100000,-27000.0
2026-07-29,9A9P,永豐金竹北,709809,0,100000,0.0,80000.0,-100000,-80000.0
2026-07-29,9A9P,永豐金竹北,710488,10000,0,5500.0,0.0,10000,5500.0
2026-07-29,9A9P,永豐金竹北,710778,40000,0,28400.0,0.0,40000,28400.0
2026-07-29,9A9P,永豐金竹北,711423,100000,0,73000.0,0.0,100000,73000.0
2026-07-29,9A9P,永豐金竹北,711812,200000,0,141000.0,0.0,200000,141000.0
2026-07-29,9A9P,永豐金竹北,72818U,44000,0,8800.0,0.0,44000,8800.0
2026-07-29,9A9R,永豐信義,030573,2000,0,3940.0,0.0,2000,3940.0
2026-07-29,9A9R,永豐信義,03502T,0,332000,0.0,400960.0,-332000,-400960.0
2026-07-29,9A9R,永豐信義,03835T,0,10000,0.0,23400.0,-10000,-23400.0
2026-07-29,9A9R,永豐信義,044906,0,30000,0.0,321000.0,-30000,-321000.0
2026-07-29,9A9R,永豐信義,060221,0,15000,0.0,2100.0,-15000,-2100.0
2026-07-29,9A9R,永豐信義,065005,0,15000,0.0,2850.0,-15000,-2850.0
2026-07-29,9A9R,永豐信義,065494,0,82000,0.0,38540.0,-82000,-38540.0
2026-07-29,9A9R,永豐信義,065605,33000,0,7260.0,0.0,33000,7260.0
2026-07-29,9A9R,永豐信義,065991,13000,0,9140.0,0.0,13000,9140.0
2026-07-29,9A9R,永豐信義,066286,0,10000,0.0,16700.0,-10000,-16700.0
2026-07-29,9A9R,永豐信義,066703,20000,0,34000.0,0.0,20000,34000.0
2026-07-29,9A9R,永豐信義,069156,2000,0,1620.0,0.0,2000,1620.0
2026-07-29,9A9R,永豐信義,071405,5000,0,1700.0,0.0,5000,1700.0
2026-07-29,9A9R,永豐信義,072022,0,32000,0.0,114950.0,-32000,-114950.0
2026-07-29,9A9R,永豐信義,075810,30000,0,22600.0,0.0,30000,22600.0
2026-07-29,9A9R,永豐金信義,702855,0,50000,0.0,1500.0,-50000,-1500.0
2026-07-29,9A9R,永豐金信義,72889U,30000,0,34300.0,0.0,30000,34300.0
2026-07-29,9A9W,永豐市政,03003T,2000,0,40.0,0.0,2000,40.0
2026-07-29,9A9W,永豐市政,03052T,30000,0,10600.0,0.0,30000,10600.0
2026-07-29,9A9W,永豐市政,03054T,20000,0,8500.0,0.0,20000,8500.0
2026-07-29,9A9W,永豐市政,03075T,2000,0,260.0,0.0,2000,260.0
2026-07-29,9A9W,永豐市政,03088T,0,2000,0.0,1440.0,-2000,-1440.0
2026-07-29,9A9W,永豐市政,03103T,0,6000,0.0,5100.0,-6000,-5100.0
2026-07-29,9A9W,永豐市政,03110T,0,15000,0.0,6900.0,-15000,-6900.0
2026-07-29,9A9W,永豐市政,03120T,0,3000,0.0,3790.0,-3000,-3790.0
2026-07-29,9A9W,永豐市政,03129T,0,4000,0.0,6760.0,-4000,-6760.0
2026-07-29,9A9W,永豐市政,03142T,1000,0,440.0,0.0,1000,440.0
2026-07-29,9A9W,永豐市政,031473,3000,0,1620.0,0.0,3000,1620.0
2026-07-29,9A9W,永豐市政,03154T,0,8000,0.0,8500.0,-8000,-8500.0
2026-07-29,9A9W,永豐市政,03204T,0,3000,0.0,3620.0,-3000,-3620.0
2026-07-29,9A9W,永豐市政,03214T,0,60000,0.0,83400.0,-60000,-83400.0
2026-07-29,9A9W,永豐市政,03241T,0,4000,0.0,3240.0,-4000,-3240.0
2026-07-29,9A9W,永豐市政,03253T,0,3000,0.0,3090.0,-3000,-3090.0
2026-07-29,9A9W,永豐市政,03272T,0,1000,0.0,170.0,-1000,-170.0
2026-07-29,9A9W,永豐市政,03293T,4000,1000,5560.0,1390.0,3000,4170.0
2026-07-29,9A9W,永豐市政,032955,0,1000,0.0,3980.0,-1000,-3980.0
2026-07-29,9A9W,永豐市政,03304T,0,60000,0.0,79800.0,-60000,-79800.0
2026-07-29,9A9W,永豐市政,03319T,0,10000,0.0,7400.0,-10000,-7400.0
2026-07-29,9A9W,永豐市政,03320T,0,3000,0.0,4780.0,-3000,-4780.0
2026-07-29,9A9W,永豐市政,03338T,0,200000,0.0,358000.0,-200000,-358000.0
2026-07-29,9A9W,永豐市政,033552,17000,0,26830.0,0.0,17000,26830.0
2026-07-29,9A9W,永豐市政,03425T,0,4000,0.0,3640.0,-4000,-3640.0
2026-07-29,9A9W,永豐市政,03431T,0,17000,0.0,27030.0,-17000,-27030.0
2026-07-29,9A9W,永豐市政,03465T,0,30000,0.0,66600.0,-30000,-66600.0
2026-07-29,9A9W,永豐市政,03466T,0,6000,0.0,12420.0,-6000,-12420.0
2026-07-29,9A9W,永豐市政,03474T,0,6000,0.0,6720.0,-6000,-6720.0
2026-07-29,9A9W,永豐市政,03483T,1000,0,1800.0,0.0,1000,1800.0
2026-07-29,9A9W,永豐市政,03537T,2000,13000,2400.0,15120.0,-11000,-12720.0
2026-07-29,9A9W,永豐市政,03582T,0,10000,0.0,12800.0,-10000,-12800.0
2026-07-29,9A9W,永豐市政,03605T,0,10000,0.0,12100.0,-10000,-12100.0
2026-07-29,9A9W,永豐市政,03690T,2000,0,3020.0,0.0,2000,3020.0
2026-07-29,9A9W,永豐市政,03732B,3000,1000,2980.0,1080.0,2000,1900.0
2026-07-29,9A9W,永豐市政,03734B,0,17000,0.0,24990.0,-17000,-24990.0
2026-07-29,9A9W,永豐市政,03735B,2000,0,2210.0,0.0,2000,2210.0
2026-07-29,9A9W,永豐市政,03736B,1000,0,1310.0,0.0,1000,1310.0
2026-07-29,9A9W,永豐市政,03740T,0,1000,0.0,1610.0,-1000,-1610.0
2026-07-29,9A9W,永豐市政,037648,0,2000,0.0,8560.0,-2000,-8560.0
2026-07-29,9A9W,永豐市政,038847,0,35000,0.0,14700.0,-35000,-14700.0
2026-07-29,9A9W,永豐市政,039446,30000,20000,46210.0,29080.0,10000,17130.0
2026-07-29,9A9W,永豐市政,039972,0,2000,0.0,5320.0,-2000,-5320.0
2026-07-29,9A9W,永豐市政,04015C,7000,0,8200.0,0.0,7000,8200.0
2026-07-29,9A9W,永豐市政,04021C,136000,28000,43520.0,10800.0,108000,32720.0
2026-07-29,9A9W,永豐市政,040420,0,30000,0.0,13200.0,-30000,-13200.0
2026-07-29,9A9W,永豐市政,040985,0,74000,0.0,10510.0,-74000,-10510.0
2026-07-29,9A9W,永豐市政,043891,1000,0,2700.0,0.0,1000,2700.0
2026-07-29,9A9W,永豐市政,045120,20000,0,37400.0,0.0,20000,37400.0
2026-07-29,9A9W,永豐市政,045189,0,30000,0.0,22100.0,-30000,-22100.0
2026-07-29,9A9W,永豐市政,045450,2000,1000,1300.0,850.0,1000,450.0
2026-07-29,9A9W,永豐市政,046545,0,11000,0.0,1760.0,-11000,-1760.0
2026-07-29,9A9W,永豐市政,051259,2000,0,3280.0,0.0,2000,3280.0
2026-07-29,9A9W,永豐市政,051480,0,4000,0.0,2840.0,-4000,-2840.0
2026-07-29,9A9W,永豐市政,052120,5000,0,500.0,0.0,5000,500.0
2026-07-29,9A9W,永豐市政,052325,0,4000,0.0,2200.0,-4000,-2200.0
2026-07-29,9A9W,永豐市政,052547,9000,0,1600.0,0.0,9000,1600.0
2026-07-29,9A9W,永豐市政,052685,0,1000,0.0,470.0,-1000,-470.0
2026-07-29,9A9W,永豐市政,052805,10000,0,6400.0,0.0,10000,6400.0
2026-07-29,9A9W,永豐市政,052966,100000,0,41000.0,0.0,100000,41000.0
2026-07-29,9A9W,永豐市政,052975,0,5000,0.0,2150.0,-5000,-2150.0
2026-07-29,9A9W,永豐市政,053085,1000,0,650.0,0.0,1000,650.0
2026-07-29,9A9W,永豐市政,053668,0,1000,0.0,4650.0,-1000,-4650.0
2026-07-29,9A9W,永豐市政,054458,3000,0,1980.0,0.0,3000,1980.0
2026-07-29,9A9W,永豐市政,054555,0,30000,0.0,40580.0,-30000,-40580.0
2026-07-29,9A9W,永豐市政,054694,3000,0,960.0,0.0,3000,960.0
2026-07-29,9A9W,永豐市政,054886,1000,0,1000.0,0.0,1000,1000.0
2026-07-29,9A9W,永豐市政,055405,10000,0,36500.0,0.0,10000,36500.0
2026-07-29,9A9W,永豐市政,055406,0,2000,0.0,6520.0,-2000,-6520.0
2026-07-29,9A9W,永豐市政,056073,10000,0,23300.0,0.0,10000,23300.0
2026-07-29,9A9W,永豐市政,056074,31000,0,42340.0,0.0,31000,42340.0
2026-07-29,9A9W,永豐市政,056487,10000,0,7400.0,0.0,10000,7400.0
2026-07-29,9A9W,永豐市政,056552,9000,0,11370.0,0.0,9000,11370.0
2026-07-29,9A9W,永豐市政,056630,40000,0,25100.0,0.0,40000,25100.0
2026-07-29,9A9W,永豐市政,056635,1000,0,2070.0,0.0,1000,2070.0
2026-07-29,9A9W,永豐市政,056736,0,3000,0.0,1080.0,-3000,-1080.0
2026-07-29,9A9W,永豐市政,056838,0,30000,0.0,70000.0,-30000,-70000.0
2026-07-29,9A9W,永豐市政,056852,10000,0,16500.0,0.0,10000,16500.0
2026-07-29,9A9W,永豐市政,057027,40000,0,16400.0,0.0,40000,16400.0
2026-07-29,9A9W,永豐市政,057250,1000,0,1030.0,0.0,1000,1030.0
2026-07-29,9A9W,永豐市政,057525,0,10000,0.0,17000.0,-10000,-17000.0
2026-07-29,9A9W,永豐市政,057634,4000,0,1760.0,0.0,4000,1760.0
2026-07-29,9A9W,永豐市政,057898,10000,0,13700.0,0.0,10000,13700.0
2026-07-29,9A9W,永豐市政,058329,2000,0,1140.0,0.0,2000,1140.0
2026-07-29,9A9W,永豐市政,058762,9000,0,10170.0,0.0,9000,10170.0
2026-07-29,9A9W,永豐市政,058861,20000,0,13000.0,0.0,20000,13000.0
2026-07-29,9A9W,永豐市政,058870,10000,0,7200.0,0.0,10000,7200.0
2026-07-29,9A9W,永豐市政,059426,0,30000,0.0,33000.0,-30000,-33000.0
2026-07-29,9A9W,永豐市政,059438,1000,0,4450.0,0.0,1000,4450.0
2026-07-29,9A9W,永豐市政,059921,2000,0,2620.0,0.0,2000,2620.0
2026-07-29,9A9W,永豐市政,059922,0,12000,0.0,15840.0,-12000,-15840.0
2026-07-29,9A9W,永豐市政,060073,1000,0,2550.0,0.0,1000,2550.0
2026-07-29,9A9W,永豐市政,060776,1000,0,1290.0,0.0,1000,1290.0
2026-07-29,9A9W,永豐市政,061923,10000,0,25700.0,0.0,10000,25700.0
2026-07-29,9A9W,永豐市政,061943,0,1000,0.0,3970.0,-1000,-3970.0
2026-07-29,9A9W,永豐市政,062014,30000,10000,77100.0,27500.0,20000,49600.0
2026-07-29,9A9W,永豐市政,062113,70000,0,13600.0,0.0,70000,13600.0
2026-07-29,9A9W,永豐市政,062249,0,10000,0.0,16500.0,-10000,-16500.0
2026-07-29,9A9W,永豐市政,06252U,0,1000,0.0,2970.0,-1000,-2970.0
2026-07-29,9A9W,永豐市政,062647,10000,0,5700.0,0.0,10000,5700.0
2026-07-29,9A9W,永豐市政,063231,1000,0,2810.0,0.0,1000,2810.0
2026-07-29,9A9W,永豐市政,063342,0,81000,0.0,29950.0,-81000,-29950.0
2026-07-29,9A9W,永豐市政,063405,1000,0,500.0,0.0,1000,500.0
2026-07-29,9A9W,永豐市政,063442,1000,0,850.0,0.0,1000,850.0
2026-07-29,9A9W,永豐市政,063446,50000,0,18000.0,0.0,50000,18000.0
2026-07-29,9A9W,永豐市政,063471,300000,400000,183000.0,248000.0,-100000,-65000.0
2026-07-29,9A9W,永豐市政,063496,0,8000,0.0,560.0,-8000,-560.0
2026-07-29,9A9W,永豐市政,063776,1000,0,2100.0,0.0,1000,2100.0
2026-07-29,9A9W,永豐市政,064335,20000,0,14600.0,0.0,20000,14600.0
2026-07-29,9A9W,永豐市政,064428,0,1000,0.0,390.0,-1000,-390.0
2026-07-29,9A9W,永豐市政,064433,0,5000,0.0,2450.0,-5000,-2450.0
2026-07-29,9A9W,永豐市政,064535,0,17000,0.0,42500.0,-17000,-42500.0
2026-07-29,9A9W,永豐市政,064689,0,40000,0.0,6400.0,-40000,-6400.0
2026-07-29,9A9W,永豐市政,064741,80000,0,8800.0,0.0,80000,8800.0
2026-07-29,9A9W,永豐市政,064764,0,5000,0.0,5200.0,-5000,-5200.0
2026-07-29,9A9W,永豐市政,065058,10000,0,2000.0,0.0,10000,2000.0
2026-07-29,9A9W,永豐市政,065261,100000,0,20400.0,0.0,100000,20400.0
2026-07-29,9A9W,永豐市政,065459,40000,0,46800.0,0.0,40000,46800.0
2026-07-29,9A9W,永豐市政,065467,1000,0,1380.0,0.0,1000,1380.0
2026-07-29,9A9W,永豐市政,065480,20000,0,17200.0,0.0,20000,17200.0
2026-07-29,9A9W,永豐市政,065605,100000,0,20000.0,0.0,100000,20000.0
2026-07-29,9A9W,永豐市政,065609,920000,2000,373650.0,800.0,918000,372850.0
2026-07-29,9A9W,永豐市政,065643,1000,0,140.0,0.0,1000,140.0
2026-07-29,9A9W,永豐市政,065808,0,3000,0.0,2130.0,-3000,-2130.0
2026-07-29,9A9W,永豐市政,065887,0,22000,0.0,5940.0,-22000,-5940.0
2026-07-29,9A9W,永豐市政,066073,499000,0,681610.0,0.0,499000,681610.0
2026-07-29,9A9W,永豐市政,066145,399000,0,763070.0,0.0,399000,763070.0
2026-07-29,9A9W,永豐市政,066147,5000,0,5400.0,0.0,5000,5400.0
2026-07-29,9A9W,永豐市政,066215,458000,0,366400.0,0.0,458000,366400.0
2026-07-29,9A9W,永豐市政,066382,0,8000,0.0,8240.0,-8000,-8240.0
2026-07-29,9A9W,永豐市政,066421,1000,0,1270.0,0.0,1000,1270.0
2026-07-29,9A9W,永豐市政,066530,30000,0,19600.0,0.0,30000,19600.0
2026-07-29,9A9W,永豐市政,066550,2000,0,1800.0,0.0,2000,1800.0
2026-07-29,9A9W,永豐市政,066591,100000,0,50000.0,0.0,100000,50000.0
2026-07-29,9A9W,永豐市政,066612,18000,0,11490.0,0.0,18000,11490.0
2026-07-29,9A9W,永豐市政,066647,10000,0,12400.0,0.0,10000,12400.0
2026-07-29,9A9W,永豐市政,066652,40000,70000,107600.0,196320.0,-30000,-88720.0
2026-07-29,9A9W,永豐市政,066758,14000,0,11940.0,0.0,14000,11940.0
2026-07-29,9A9W,永豐市政,066780,0,27000,0.0,30240.0,-27000,-30240.0
2026-07-29,9A9W,永豐市政,066881,0,1000,0.0,3380.0,-1000,-3380.0
2026-07-29,9A9W,永豐市政,067081,2000,0,1240.0,0.0,2000,1240.0
2026-07-29,9A9W,永豐市政,067114,1000,0,2110.0,0.0,1000,2110.0
2026-07-29,9A9W,永豐市政,067229,0,5000,0.0,1900.0,-5000,-1900.0
2026-07-29,9A9W,永豐市政,067263,0,5000,0.0,12750.0,-5000,-12750.0
2026-07-29,9A9W,永豐市政,067310,200000,0,202000.0,0.0,200000,202000.0
2026-07-29,9A9W,永豐市政,067418,1000,0,1250.0,0.0,1000,1250.0
2026-07-29,9A9W,永豐市政,067443,0,8000,0.0,4720.0,-8000,-4720.0
2026-07-29,9A9W,永豐市政,067475,2000,0,1180.0,0.0,2000,1180.0
2026-07-29,9A9W,永豐市政,067483,0,5000,0.0,3950.0,-5000,-3950.0
2026-07-29,9A9W,永豐市政,067587,9000,3000,11520.0,3600.0,6000,7920.0
2026-07-29,9A9W,永豐市政,067596,3000,0,4820.0,0.0,3000,4820.0
2026-07-29,9A9W,永豐市政,067639,0,20000,0.0,26400.0,-20000,-26400.0
2026-07-29,9A9W,永豐市政,067670,30000,0,17700.0,0.0,30000,17700.0
2026-07-29,9A9W,永豐市政,067699,10000,0,11600.0,0.0,10000,11600.0
2026-07-29,9A9W,永豐市政,067791,26000,0,23180.0,0.0,26000,23180.0
2026-07-29,9A9W,永豐市政,067880,4000,0,4000.0,0.0,4000,4000.0
2026-07-29,9A9W,永豐市政,067885,10000,0,11700.0,0.0,10000,11700.0
2026-07-29,9A9W,永豐市政,068024,1000,0,690.0,0.0,1000,690.0
2026-07-29,9A9W,永豐市政,068069,0,5000,0.0,2300.0,-5000,-2300.0
2026-07-29,9A9W,永豐市政,068073,400000,400000,234000.0,238000.0,0,-4000.0
2026-07-29,9A9W,永豐市政,068106,10000,0,1500.0,0.0,10000,1500.0
2026-07-29,9A9W,永豐市政,068136,5000,0,36250.0,0.0,5000,36250.0
2026-07-29,9A9W,永豐市政,068204,0,400000,0.0,116000.0,-400000,-116000.0
2026-07-29,9A9W,永豐市政,068243,5000,0,2350.0,0.0,5000,2350.0
2026-07-29,9A9W,永豐市政,068252,10000,0,6100.0,0.0,10000,6100.0
2026-07-29,9A9W,永豐市政,068386,16000,0,41300.0,0.0,16000,41300.0
2026-07-29,9A9W,永豐市政,068425,0,5000,0.0,3400.0,-5000,-3400.0
2026-07-29,9A9W,永豐市政,068633,60000,50000,46800.0,42500.0,10000,4300.0
2026-07-29,9A9W,永豐市政,068665,6000,8000,19190.0,24160.0,-2000,-4970.0
2026-07-29,9A9W,永豐市政,068691,10000,4000,5400.0,2160.0,6000,3240.0
2026-07-29,9A9W,永豐市政,068844,0,10000,0.0,16300.0,-10000,-16300.0
2026-07-29,9A9W,永豐市政,068897,1000,0,290.0,0.0,1000,290.0
2026-07-29,9A9W,永豐市政,069105,4000,0,960.0,0.0,4000,960.0
2026-07-29,9A9W,永豐市政,069131,1000,0,510.0,0.0,1000,510.0
2026-07-29,9A9W,永豐市政,069153,60000,0,12600.0,0.0,60000,12600.0
2026-07-29,9A9W,永豐市政,069157,24000,2000,21390.0,1700.0,22000,19690.0
2026-07-29,9A9W,永豐市政,069290,0,1000,0.0,330.0,-1000,-330.0
2026-07-29,9A9W,永豐市政,069372,2000,0,700.0,0.0,2000,700.0
2026-07-29,9A9W,永豐市政,069466,20000,0,23400.0,0.0,20000,23400.0
2026-07-29,9A9W,永豐市政,069515,10000,0,7000.0,0.0,10000,7000.0
2026-07-29,9A9W,永豐市政,069528,3000,0,1740.0,0.0,3000,1740.0
2026-07-29,9A9W,永豐市政,069755,0,80000,0.0,49600.0,-80000,-49600.0
2026-07-29,9A9W,永豐市政,069899,100000,0,30700.0,0.0,100000,30700.0
2026-07-29,9A9W,永豐市政,069900,20000,0,3800.0,0.0,20000,3800.0
2026-07-29,9A9W,永豐市政,069944,3000,0,14700.0,0.0,3000,14700.0
2026-07-29,9A9W,永豐市政,070052,30000,0,7500.0,0.0,30000,7500.0
2026-07-29,9A9W,永豐市政,070162,0,110000,0.0,37400.0,-110000,-37400.0
2026-07-29,9A9W,永豐市政,070424,2000,0,1440.0,0.0,2000,1440.0
2026-07-29,9A9W,永豐市政,070452,3000,0,1020.0,0.0,3000,1020.0
2026-07-29,9A9W,永豐市政,070549,0,20000,0.0,4400.0,-20000,-4400.0
2026-07-29,9A9W,永豐市政,070616,3000,20000,1050.0,8000.0,-17000,-6950.0
2026-07-29,9A9W,永豐市政,070754,4000,0,2030.0,0.0,4000,2030.0
2026-07-29,9A9W,永豐市政,070813,190000,0,79800.0,0.0,190000,79800.0
2026-07-29,9A9W,永豐市政,070850,5000,0,2510.0,0.0,5000,2510.0
2026-07-29,9A9W,永豐市政,071017,500000,0,137000.0,0.0,500000,137000.0
2026-07-29,9A9W,永豐市政,071035,15000,0,7650.0,0.0,15000,7650.0
2026-07-29,9A9W,永豐市政,071044,0,1000,0.0,160.0,-1000,-160.0
2026-07-29,9A9W,永豐市政,071087,4000,0,3720.0,0.0,4000,3720.0
2026-07-29,9A9W,永豐市政,071218,40000,0,44700.0,0.0,40000,44700.0
2026-07-29,9A9W,永豐市政,071239,0,10000,0.0,6000.0,-10000,-6000.0
2026-07-29,9A9W,永豐市政,071385,0,2000,0.0,2480.0,-2000,-2480.0
2026-07-29,9A9W,永豐市政,071434,22000,0,2840.0,0.0,22000,2840.0
2026-07-29,9A9W,永豐市政,071436,200000,0,34000.0,0.0,200000,34000.0
2026-07-29,9A9W,永豐市政,071442,100000,0,42000.0,0.0,100000,42000.0
2026-07-29,9A9W,永豐市政,071499,10000,0,7000.0,0.0,10000,7000.0
2026-07-29,9A9W,永豐市政,071506,1000,0,440.0,0.0,1000,440.0
2026-07-29,9A9W,永豐市政,071745,6000,0,6900.0,0.0,6000,6900.0
2026-07-29,9A9W,永豐市政,071771,0,25000,0.0,7000.0,-25000,-7000.0
2026-07-29,9A9W,永豐市政,071775,0,25000,0.0,8000.0,-25000,-8000.0
2026-07-29,9A9W,永豐市政,072005,0,30000,0.0,12600.0,-30000,-12600.0
2026-07-29,9A9W,永豐市政,072111,90000,0,46200.0,0.0,90000,46200.0
2026-07-29,9A9W,永豐市政,072140,0,14000,0.0,3780.0,-14000,-3780.0
2026-07-29,9A9W,永豐市政,072230,0,1000,0.0,530.0,-1000,-530.0
2026-07-29,9A9W,永豐市政,072256,1000,0,470.0,0.0,1000,470.0
2026-07-29,9A9W,永豐市政,072289,0,10000,0.0,13100.0,-10000,-13100.0
2026-07-29,9A9W,永豐市政,072368,0,10000,0.0,4900.0,-10000,-4900.0
2026-07-29,9A9W,永豐市政,072569,4000,0,2080.0,0.0,4000,2080.0
2026-07-29,9A9W,永豐市政,072643,0,5000,0.0,11650.0,-5000,-11650.0
2026-07-29,9A9W,永豐市政,072647,0,30000,0.0,17400.0,-30000,-17400.0
2026-07-29,9A9W,永豐市政,072862,1628000,0,202240.0,0.0,1628000,202240.0
2026-07-29,9A9W,永豐市政,072917,0,10000,0.0,2700.0,-10000,-2700.0
2026-07-29,9A9W,永豐市政,073069,24000,0,20520.0,0.0,24000,20520.0
2026-07-29,9A9W,永豐市政,073145,0,5000,0.0,1300.0,-5000,-1300.0
2026-07-29,9A9W,永豐市政,073509,25000,0,56500.0,0.0,25000,56500.0
2026-07-29,9A9W,永豐市政,073583,40000,40000,60800.0,61200.0,0,-400.0
2026-07-29,9A9W,永豐市政,073804,0,10000,0.0,13600.0,-10000,-13600.0
2026-07-29,9A9W,永豐市政,073870,0,2000,0.0,3400.0,-2000,-3400.0
2026-07-29,9A9W,永豐市政,074232,0,3000,0.0,1590.0,-3000,-1590.0
2026-07-29,9A9W,永豐市政,074493,0,10000,0.0,4600.0,-10000,-4600.0
2026-07-29,9A9W,永豐市政,074671,50000,0,34500.0,0.0,50000,34500.0
2026-07-29,9A9W,永豐市政,075071,10000,0,16400.0,0.0,10000,16400.0
2026-07-29,9A9W,永豐市政,075077,4000,0,1840.0,0.0,4000,1840.0
2026-07-29,9A9W,永豐市政,075121,20000,0,13200.0,0.0,20000,13200.0
2026-07-29,9A9W,永豐市政,075166,0,1000,0.0,1030.0,-1000,-1030.0
2026-07-29,9A9W,永豐市政,075209,0,1000,0.0,2830.0,-1000,-2830.0
2026-07-29,9A9W,永豐市政,075444,20000,0,9200.0,0.0,20000,9200.0
2026-07-29,9A9W,永豐市政,075923,20000,0,12200.0,0.0,20000,12200.0
2026-07-29,9A9W,永豐市政,076659,1000,0,1330.0,0.0,1000,1330.0
2026-07-29,9A9W,永豐市政,077025,20000,0,21170.0,0.0,20000,21170.0
2026-07-29,9A9W,永豐市政,077530,30000,0,28400.0,0.0,30000,28400.0
2026-07-29,9A9W,永豐市政,077718,20000,0,26400.0,0.0,20000,26400.0
2026-07-29,9A9W,永豐市政,08436U,4000,0,2520.0,0.0,4000,2520.0
2026-07-29,9A9W,永豐市政,08527U,0,245000,0.0,110800.0,-245000,-110800.0
2026-07-29,9A9W,永豐市政,08609U,6000,0,2280.0,0.0,6000,2280.0
2026-07-29,9A9W,永豐市政,08618U,5000,15000,2050.0,7350.0,-10000,-5300.0
2026-07-29,9A9W,永豐市政,08630U,0,18000,0.0,1620.0,-18000,-1620.0
2026-07-29,9A9W,永豐市政,087694,30000,0,6600.0,0.0,30000,6600.0
2026-07-29,9A9W,永豐市政,08866U,3000,0,4680.0,0.0,3000,4680.0
2026-07-29,9A9W,永豐金市政,700113,3000,0,810.0,0.0,3000,810.0
2026-07-29,9A9W,永豐金市政,700192,0,3000,0.0,1050.0,-3000,-1050.0
2026-07-29,9A9W,永豐金市政,700904,10000,0,28180.0,0.0,10000,28180.0
2026-07-29,9A9W,永豐金市政,703619,10000,0,4900.0,0.0,10000,4900.0
2026-07-29,9A9W,永豐金市政,704287,30000,0,1800.0,0.0,30000,1800.0
2026-07-29,9A9W,永豐金市政,704829,5000,0,14300.0,0.0,5000,14300.0
2026-07-29,9A9W,永豐金市政,705568,1000,0,1000.0,0.0,1000,1000.0
2026-07-29,9A9W,永豐金市政,705874,0,10000,0.0,21000.0,-10000,-21000.0
2026-07-29,9A9W,永豐金市政,705896,0,5000,0.0,450.0,-5000,-450.0
2026-07-29,9A9W,永豐金市政,706030,2000,0,710.0,0.0,2000,710.0
2026-07-29,9A9W,永豐金市政,706120,140000,0,66800.0,0.0,140000,66800.0
2026-07-29,9A9W,永豐金市政,706740,1000,0,380.0,0.0,1000,380.0
2026-07-29,9A9W,永豐金市政,706847,10000,0,2800.0,0.0,10000,2800.0
2026-07-29,9A9W,永豐金市政,706905,20000,0,2500.0,0.0,20000,2500.0
2026-07-29,9A9W,永豐金市政,706906,1000,0,3770.0,0.0,1000,3770.0
2026-07-29,9A9W,永豐金市政,707048,5000,0,1900.0,0.0,5000,1900.0
2026-07-29,9A9W,永豐金市政,707083,6000,0,12660.0,0.0,6000,12660.0
2026-07-29,9A9W,永豐金市政,707144,0,1000,0.0,900.0,-1000,-900.0
2026-07-29,9A9W,永豐金市政,707317,20000,0,14800.0,0.0,20000,14800.0
2026-07-29,9A9W,永豐金市政,707335,6000,0,5400.0,0.0,6000,5400.0
2026-07-29,9A9W,永豐金市政,707374,2000,0,1780.0,0.0,2000,1780.0
2026-07-29,9A9W,永豐金市政,707721,10000,0,5900.0,0.0,10000,5900.0
2026-07-29,9A9W,永豐金市政,707735,7000,2000,2750.0,710.0,5000,2040.0
2026-07-29,9A9W,永豐金市政,707798,10000,0,12000.0,0.0,10000,12000.0
2026-07-29,9A9W,永豐金市政,707858,45000,0,22500.0,0.0,45000,22500.0
2026-07-29,9A9W,永豐金市政,707922,4000,0,5310.0,0.0,4000,5310.0
2026-07-29,9A9W,永豐金市政,708130,5000,0,4150.0,0.0,5000,4150.0
2026-07-29,9A9W,永豐金市政,708344,260000,0,114000.0,0.0,260000,114000.0
2026-07-29,9A9W,永豐金市政,708516,0,1000,0.0,1620.0,-1000,-1620.0
2026-07-29,9A9W,永豐金市政,708532,0,2000,0.0,2720.0,-2000,-2720.0
2026-07-29,9A9W,永豐金市政,708588,2196000,0,239560.0,0.0,2196000,239560.0
2026-07-29,9A9W,永豐金市政,708590,17000,0,5440.0,0.0,17000,5440.0
2026-07-29,9A9W,永豐金市政,708682,1000,0,520.0,0.0,1000,520.0
2026-07-29,9A9W,永豐金市政,708723,10000,0,1000.0,0.0,10000,1000.0
2026-07-29,9A9W,永豐金市政,708826,0,10000,0.0,4200.0,-10000,-4200.0
2026-07-29,9A9W,永豐金市政,709043,0,10000,0.0,25500.0,-10000,-25500.0
2026-07-29,9A9W,永豐金市政,709648,50000,0,13000.0,0.0,50000,13000.0
2026-07-29,9A9W,永豐金市政,709696,100000,100000,69000.0,81000.0,0,-12000.0
2026-07-29,9A9W,永豐金市政,709806,0,33000,0.0,38570.0,-33000,-38570.0
2026-07-29,9A9W,永豐金市政,709833,2000,0,1100.0,0.0,2000,1100.0
2026-07-29,9A9W,永豐金市政,709868,0,15000,0.0,9600.0,-15000,-9600.0
2026-07-29,9A9W,永豐金市政,709869,1000,0,2640.0,0.0,1000,2640.0
2026-07-29,9A9W,永豐金市政,709933,2000,0,2260.0,0.0,2000,2260.0
2026-07-29,9A9W,永豐金市政,710046,0,9000,0.0,11070.0,-9000,-11070.0
2026-07-29,9A9W,永豐金市政,710176,750000,0,114000.0,0.0,750000,114000.0
2026-07-29,9A9W,永豐金市政,711602,20000,0,6600.0,0.0,20000,6600.0
2026-07-29,9A9W,永豐金市政,726927,499000,0,39920.0,0.0,499000,39920.0
2026-07-29,9A9W,永豐金市政,733460,0,7000,0.0,7140.0,-7000,-7140.0
2026-07-29,9A9W,永豐金市政,733461,0,10000,0.0,5800.0,-10000,-5800.0
2026-07-29,9A9W,永豐金市政,734209,1000,0,1900.0,0.0,1000,1900.0
2026-07-29,9A9W,永豐金市政,736431,180000,0,71200.0,0.0,180000,71200.0
2026-07-29,9A9W,永豐金市政,736479,0,16000,0.0,7910.0,-16000,-7910.0
2026-07-29,9A9X,永豐竹科,03083T,5000,0,950.0,0.0,5000,950.0
2026-07-29,9A9X,永豐竹科,03110T,1000,0,460.0,0.0,1000,460.0
2026-07-29,9A9X,永豐竹科,03162T,1000,71000,190.0,12380.0,-70000,-12190.0
2026-07-29,9A9X,永豐竹科,03165T,0,1000,0.0,220.0,-1000,-220.0
2026-07-29,9A9X,永豐竹科,03192T,20000,0,14400.0,0.0,20000,14400.0
2026-07-29,9A9X,永豐竹科,03226T,15000,0,19050.0,0.0,15000,19050.0
2026-07-29,9A9X,永豐竹科,03272T,0,1000,0.0,170.0,-1000,-170.0
2026-07-29,9A9X,永豐竹科,03279T,0,1000,0.0,360.0,-1000,-360.0
2026-07-29,9A9X,永豐竹科,03296T,0,5000,0.0,3850.0,-5000,-3850.0
2026-07-29,9A9X,永豐竹科,03331T,5000,7000,5080.0,6160.0,-2000,-1080.0
2026-07-29,9A9X,永豐竹科,03469T,5000,0,5750.0,0.0,5000,5750.0
2026-07-29,9A9X,永豐竹科,03476T,2000,0,2920.0,0.0,2000,2920.0
2026-07-29,9A9X,永豐竹科,03478T,0,58000,0.0,64870.0,-58000,-64870.0
2026-07-29,9A9X,永豐竹科,03554T,20000,1000,29000.0,1560.0,19000,27440.0
2026-07-29,9A9X,永豐竹科,03603T,5000,0,6380.0,0.0,5000,6380.0
2026-07-29,9A9X,永豐竹科,03638T,0,3000,0.0,11610.0,-3000,-11610.0
2026-07-29,9A9X,永豐竹科,03726T,1000,0,4340.0,0.0,1000,4340.0
2026-07-29,9A9X,永豐竹科,03732B,3000,9000,2950.0,8510.0,-6000,-5560.0
2026-07-29,9A9X,永豐竹科,03734B,0,5000,0.0,7000.0,-5000,-7000.0
2026-07-29,9A9X,永豐竹科,03788T,0,5000,0.0,15650.0,-5000,-15650.0
2026-07-29,9A9X,永豐竹科,038321,1000,2000,2920.0,5540.0,-1000,-2620.0
2026-07-29,9A9X,永豐竹科,03832T,0,5000,0.0,15100.0,-5000,-15100.0
2026-07-29,9A9X,永豐竹科,038848,0,1000,0.0,470.0,-1000,-470.0
2026-07-29,9A9X,永豐竹科,03910T,5000,0,4580.0,0.0,5000,4580.0
2026-07-29,9A9X,永豐竹科,039454,0,1000,0.0,3300.0,-1000,-3300.0
2026-07-29,9A9X,永豐竹科,04014C,8000,16000,24800.0,49010.0,-8000,-24210.0
2026-07-29,9A9X,永豐竹科,04016C,0,16000,0.0,29140.0,-16000,-29140.0
2026-07-29,9A9X,永豐竹科,04021C,97000,72000,40510.0,21900.0,25000,18610.0
2026-07-29,9A9X,永豐竹科,040414,0,5000,0.0,16600.0,-5000,-16600.0
2026-07-29,9A9X,永豐竹科,051250,10000,0,15000.0,0.0,10000,15000.0
2026-07-29,9A9X,永豐竹科,051561,1000,0,6000.0,0.0,1000,6000.0
2026-07-29,9A9X,永豐竹科,051666,27000,2000,29440.0,2420.0,25000,27020.0
2026-07-29,9A9X,永豐竹科,052214,0,1000,0.0,500.0,-1000,-500.0
2026-07-29,9A9X,永豐竹科,052563,2000,1000,45300.0,23500.0,1000,21800.0
2026-07-29,9A9X,永豐竹科,054945,0,10000,0.0,8200.0,-10000,-8200.0
2026-07-29,9A9X,永豐竹科,056634,0,22000,0.0,53460.0,-22000,-53460.0
2026-07-29,9A9X,永豐竹科,057560,0,5000,0.0,27750.0,-5000,-27750.0
2026-07-29,9A9X,永豐竹科,058785,11000,0,46750.0,0.0,11000,46750.0
2026-07-29,9A9X,永豐竹科,059213,2000,0,1420.0,0.0,2000,1420.0
2026-07-29,9A9X,永豐竹科,059633,5000,0,1900.0,0.0,5000,1900.0
2026-07-29,9A9X,永豐竹科,059654,50000,0,9500.0,0.0,50000,9500.0
2026-07-29,9A9X,永豐竹科,060182,0,10000,0.0,6000.0,-10000,-6000.0
2026-07-29,9A9X,永豐竹科,060319,25000,0,29000.0,0.0,25000,29000.0
2026-07-29,9A9X,永豐竹科,061260,25000,0,26080.0,0.0,25000,26080.0
2026-07-29,9A9X,永豐竹科,061448,2000,20000,3840.0,39200.0,-18000,-35360.0
2026-07-29,9A9X,永豐竹科,061709,70000,0,123900.0,0.0,70000,123900.0
2026-07-29,9A9X,永豐竹科,062651,10000,0,5000.0,0.0,10000,5000.0
2026-07-29,9A9X,永豐竹科,063380,0,1000,0.0,1100.0,-1000,-1100.0
2026-07-29,9A9X,永豐竹科,063438,0,170000,0.0,136000.0,-170000,-136000.0
2026-07-29,9A9X,永豐竹科,063817,10000,0,10500.0,0.0,10000,10500.0
2026-07-29,9A9X,永豐竹科,064156,10000,0,4200.0,0.0,10000,4200.0
2026-07-29,9A9X,永豐竹科,064158,10000,0,7400.0,0.0,10000,7400.0
2026-07-29,9A9X,永豐竹科,06420U,1000,0,170.0,0.0,1000,170.0
2026-07-29,9A9X,永豐竹科,064524,2000,0,1660.0,0.0,2000,1660.0
2026-07-29,9A9X,永豐竹科,065229,0,60000,0.0,62400.0,-60000,-62400.0
2026-07-29,9A9X,永豐竹科,065231,1000,0,850.0,0.0,1000,850.0
2026-07-29,9A9X,永豐竹科,065423,1000,0,470.0,0.0,1000,470.0
2026-07-29,9A9X,永豐竹科,065609,300000,0,128500.0,0.0,300000,128500.0
2026-07-29,9A9X,永豐竹科,065658,13000,0,4560.0,0.0,13000,4560.0
2026-07-29,9A9X,永豐竹科,065734,1000,0,560.0,0.0,1000,560.0
2026-07-29,9A9X,永豐竹科,066072,5000,0,4300.0,0.0,5000,4300.0
2026-07-29,9A9X,永豐竹科,066079,0,2000,0.0,1580.0,-2000,-1580.0
2026-07-29,9A9X,永豐竹科,066083,10000,0,2800.0,0.0,10000,2800.0
2026-07-29,9A9X,永豐竹科,066183,10000,0,12700.0,0.0,10000,12700.0
2026-07-29,9A9X,永豐竹科,066186,5000,0,9350.0,0.0,5000,9350.0
2026-07-29,9A9X,永豐竹科,066518,0,40000,0.0,8800.0,-40000,-8800.0
2026-07-29,9A9X,永豐竹科,066556,0,4000,0.0,11520.0,-4000,-11520.0
2026-07-29,9A9X,永豐竹科,066573,200000,0,262000.0,0.0,200000,262000.0
2026-07-29,9A9X,永豐竹科,066724,6000,0,6480.0,0.0,6000,6480.0
2026-07-29,9A9X,永豐竹科,066821,0,26000,0.0,48100.0,-26000,-48100.0
2026-07-29,9A9X,永豐竹科,067068,0,5000,0.0,650.0,-5000,-650.0
2026-07-29,9A9X,永豐竹科,067127,0,5000,0.0,3350.0,-5000,-3350.0
2026-07-29,9A9X,永豐竹科,067398,0,6000,0.0,1080.0,-6000,-1080.0
2026-07-29,9A9X,永豐竹科,067426,0,28000,0.0,52480.0,-28000,-52480.0
2026-07-29,9A9X,永豐竹科,067448,0,1000,0.0,480.0,-1000,-480.0
2026-07-29,9A9X,永豐竹科,067635,5000,0,2500.0,0.0,5000,2500.0
2026-07-29,9A9X,永豐竹科,067638,550000,300000,359770.0,228000.0,250000,131770.0
2026-07-29,9A9X,永豐竹科,067979,10000,0,4300.0,0.0,10000,4300.0
2026-07-29,9A9X,永豐竹科,067980,5000,0,2400.0,0.0,5000,2400.0
2026-07-29,9A9X,永豐竹科,068002,130000,57000,110100.0,51300.0,73000,58800.0
2026-07-29,9A9X,永豐竹科,068012,5000,0,2750.0,0.0,5000,2750.0
2026-07-29,9A9X,永豐竹科,068015,3000,0,1650.0,0.0,3000,1650.0
2026-07-29,9A9X,永豐竹科,068204,0,30000,0.0,9000.0,-30000,-9000.0
2026-07-29,9A9X,永豐竹科,069083,9000,0,10680.0,0.0,9000,10680.0
2026-07-29,9A9X,永豐竹科,069157,90000,0,79500.0,0.0,90000,79500.0
2026-07-29,9A9X,永豐竹科,069334,5000,0,1300.0,0.0,5000,1300.0
2026-07-29,9A9X,永豐竹科,069371,0,20000,0.0,14800.0,-20000,-14800.0
2026-07-29,9A9X,永豐竹科,069474,5000,0,2750.0,0.0,5000,2750.0
2026-07-29,9A9X,永豐竹科,069618,2000,0,1300.0,0.0,2000,1300.0
2026-07-29,9A9X,永豐竹科,069932,0,50000,0.0,20000.0,-50000,-20000.0
2026-07-29,9A9X,永豐竹科,070849,59000,0,35060.0,0.0,59000,35060.0
2026-07-29,9A9X,永豐竹科,070962,0,4000,0.0,2320.0,-4000,-2320.0
2026-07-29,9A9X,永豐竹科,071015,2000,3000,690.0,960.0,-1000,-270.0
2026-07-29,9A9X,永豐竹科,071147,40000,0,15200.0,0.0,40000,15200.0
2026-07-29,9A9X,永豐竹科,071405,0,220000,0.0,83600.0,-220000,-83600.0
2026-07-29,9A9X,永豐竹科,071745,0,10000,0.0,12800.0,-10000,-12800.0
2026-07-29,9A9X,永豐竹科,071784,8000,0,2800.0,0.0,8000,2800.0
2026-07-29,9A9X,永豐竹科,072392,0,4000,0.0,2680.0,-4000,-2680.0
2026-07-29,9A9X,永豐竹科,072753,13000,0,20140.0,0.0,13000,20140.0
2026-07-29,9A9X,永豐竹科,072907,0,1000,0.0,310.0,-1000,-310.0
2026-07-29,9A9X,永豐竹科,072931,0,2000,0.0,500.0,-2000,-500.0
2026-07-29,9A9X,永豐竹科,073101,6000,0,4860.0,0.0,6000,4860.0
2026-07-29,9A9X,永豐竹科,07312U,1000,0,490.0,0.0,1000,490.0
2026-07-29,9A9X,永豐竹科,073199,10000,0,14700.0,0.0,10000,14700.0
2026-07-29,9A9X,永豐竹科,073235,0,1000,0.0,1410.0,-1000,-1410.0
2026-07-29,9A9X,永豐竹科,073325,0,1000,0.0,1070.0,-1000,-1070.0
2026-07-29,9A9X,永豐竹科,073561,20000,0,12000.0,0.0,20000,12000.0
2026-07-29,9A9X,永豐竹科,073604,0,10000,0.0,6400.0,-10000,-6400.0
2026-07-29,9A9X,永豐竹科,073682,0,5000,0.0,1050.0,-5000,-1050.0
2026-07-29,9A9X,永豐竹科,074495,5000,0,2850.0,0.0,5000,2850.0
2026-07-29,9A9X,永豐竹科,074949,0,130000,0.0,74100.0,-130000,-74100.0
2026-07-29,9A9X,永豐竹科,074995,200000,10000,104590.0,6200.0,190000,98390.0
2026-07-29,9A9X,永豐竹科,075713,50000,0,52000.0,0.0,50000,52000.0
2026-07-29,9A9X,永豐竹科,076623,40000,0,10800.0,0.0,40000,10800.0
2026-07-29,9A9X,永豐竹科,07713U,10000,0,1100.0,0.0,10000,1100.0
2026-07-29,9A9X,永豐竹科,08144U,0,1000,0.0,130.0,-1000,-130.0
2026-07-29,9A9X,永豐竹科,08438U,1000,0,750.0,0.0,1000,750.0
2026-07-29,9A9X,永豐竹科,08498U,1000,0,630.0,0.0,1000,630.0
2026-07-29,9A9X,永豐竹科,086448,20000,0,25600.0,0.0,20000,25600.0
2026-07-29,9A9X,永豐竹科,08855U,1000,0,740.0,0.0,1000,740.0
2026-07-29,9A9X,永豐金竹科,703688,0,40000,0.0,400.0,-40000,-400.0
2026-07-29,9A9X,永豐金竹科,704409,0,60000,0.0,8400.0,-60000,-8400.0
2026-07-29,9A9X,永豐金竹科,704538,2000,0,8720.0,0.0,2000,8720.0
2026-07-29,9A9X,永豐金竹科,705560,0,3000,0.0,5200.0,-3000,-5200.0
2026-07-29,9A9X,永豐金竹科,705716,0,20000,0.0,200.0,-20000,-200.0
2026-07-29,9A9X,永豐金竹科,707123,0,3000,0.0,1020.0,-3000,-1020.0
2026-07-29,9A9X,永豐金竹科,707127,0,1000,0.0,6600.0,-1000,-6600.0
2026-07-29,9A9X,永豐金竹科,707151,0,10000,0.0,10300.0,-10000,-10300.0
2026-07-29,9A9X,永豐金竹科,707600,6000,0,12900.0,0.0,6000,12900.0
2026-07-29,9A9X,永豐金竹科,707785,0,50000,0.0,1700.0,-50000,-1700.0
2026-07-29,9A9X,永豐金竹科,707792,10000,0,5500.0,0.0,10000,5500.0
2026-07-29,9A9X,永豐金竹科,707820,22000,0,14300.0,0.0,22000,14300.0
2026-07-29,9A9X,永豐金竹科,707935,10000,0,1700.0,0.0,10000,1700.0
2026-07-29,9A9X,永豐金竹科,707980,800000,0,48000.0,0.0,800000,48000.0
2026-07-29,9A9X,永豐金竹科,708023,20000,0,2500.0,0.0,20000,2500.0
2026-07-29,9A9X,永豐金竹科,708152,1000,0,420.0,0.0,1000,420.0
2026-07-29,9A9X,永豐金竹科,708499,4000,0,6880.0,0.0,4000,6880.0
2026-07-29,9A9X,永豐金竹科,709269,0,30000,0.0,2100.0,-30000,-2100.0
2026-07-29,9A9X,永豐金竹科,709597,0,30000,0.0,6900.0,-30000,-6900.0
2026-07-29,9A9X,永豐金竹科,710014,15000,0,11900.0,0.0,15000,11900.0
2026-07-29,9A9X,永豐金竹科,710888,40000,0,25200.0,0.0,40000,25200.0
2026-07-29,9A9X,永豐金竹科,72853U,0,15000,0.0,21430.0,-15000,-21430.0
2026-07-29,9A9X,永豐金竹科,72854U,0,100000,0.0,35000.0,-100000,-35000.0
2026-07-29,9A9X,永豐金竹科,72882U,1000,0,780.0,0.0,1000,780.0
2026-07-29,9A9g,永豐內湖,03057T,0,2000,0.0,2160.0,-2000,-2160.0
2026-07-29,9A9g,永豐內湖,03127T,0,1000,0.0,430.0,-1000,-430.0
2026-07-29,9A9g,永豐內湖,03273T,25000,0,13750.0,0.0,25000,13750.0
2026-07-29,9A9g,永豐內湖,03425T,0,25000,0.0,23750.0,-25000,-23750.0
2026-07-29,9A9g,永豐內湖,03803T,4000,0,4480.0,0.0,4000,4480.0
2026-07-29,9A9g,永豐內湖,039449,200000,0,82000.0,0.0,200000,82000.0
2026-07-29,9A9g,永豐內湖,043891,3000,0,8600.0,0.0,3000,8600.0
2026-07-29,9A9g,永豐內湖,044796,20000,0,23000.0,0.0,20000,23000.0
2026-07-29,9A9g,永豐內湖,047519,585000,0,421200.0,0.0,585000,421200.0
2026-07-29,9A9g,永豐內湖,051095,10000,0,4300.0,0.0,10000,4300.0
2026-07-29,9A9g,永豐內湖,051261,10000,0,69500.0,0.0,10000,69500.0
2026-07-29,9A9g,永豐內湖,056082,25000,0,21250.0,0.0,25000,21250.0
2026-07-29,9A9g,永豐內湖,056691,10000,0,29900.0,0.0,10000,29900.0
2026-07-29,9A9g,永豐內湖,057290,130000,0,136500.0,0.0,130000,136500.0
2026-07-29,9A9g,永豐內湖,057372,30000,0,42400.0,0.0,30000,42400.0
2026-07-29,9A9g,永豐內湖,061562,10000,0,17900.0,0.0,10000,17900.0
2026-07-29,9A9g,永豐內湖,061954,1798000,0,1056820.0,0.0,1798000,1056820.0
2026-07-29,9A9g,永豐內湖,063378,190000,0,76000.0,0.0,190000,76000.0
2026-07-29,9A9g,永豐內湖,063817,0,80000,0.0,85600.0,-80000,-85600.0
2026-07-29,9A9g,永豐內湖,064691,4000,0,4800.0,0.0,4000,4800.0
2026-07-29,9A9g,永豐內湖,065049,469000,0,633150.0,0.0,469000,633150.0
2026-07-29,9A9g,永豐內湖,065115,4000,0,200.0,0.0,4000,200.0
2026-07-29,9A9g,永豐內湖,065423,2000,0,640.0,0.0,2000,640.0
2026-07-29,9A9g,永豐內湖,066056,0,49000,0.0,93340.0,-49000,-93340.0
2026-07-29,9A9g,永豐內湖,066073,499000,0,618760.0,0.0,499000,618760.0
2026-07-29,9A9g,永豐內湖,066144,2000,0,3160.0,0.0,2000,3160.0
2026-07-29,9A9g,永豐內湖,066235,0,13000,0.0,17800.0,-13000,-17800.0
2026-07-29,9A9g,永豐內湖,066464,20000,0,53800.0,0.0,20000,53800.0
2026-07-29,9A9g,永豐內湖,066612,1087000,0,532630.0,0.0,1087000,532630.0
2026-07-29,9A9g,永豐內湖,066725,0,1000,0.0,750.0,-1000,-750.0
2026-07-29,9A9g,永豐內湖,067142,40000,0,44200.0,0.0,40000,44200.0
2026-07-29,9A9g,永豐內湖,067425,4000,0,10000.0,0.0,4000,10000.0
2026-07-29,9A9g,永豐內湖,067586,60000,0,32100.0,0.0,60000,32100.0
2026-07-29,9A9g,永豐內湖,067635,1299000,0,675480.0,0.0,1299000,675480.0
2026-07-29,9A9g,永豐內湖,068069,2014000,0,968390.0,0.0,2014000,968390.0
2026-07-29,9A9g,永豐內湖,068222,20000,0,16600.0,0.0,20000,16600.0
2026-07-29,9A9g,永豐內湖,068980,4000,4000,4400.0,5600.0,0,-1200.0
2026-07-29,9A9g,永豐內湖,068993,2795000,0,1976460.0,0.0,2795000,1976460.0
2026-07-29,9A9g,永豐內湖,069188,0,1000,0.0,290.0,-1000,-290.0
2026-07-29,9A9g,永豐內湖,069312,10000,0,3500.0,0.0,10000,3500.0
2026-07-29,9A9g,永豐內湖,069382,10000,0,7300.0,0.0,10000,7300.0
2026-07-29,9A9g,永豐內湖,070722,1000,0,220.0,0.0,1000,220.0
2026-07-29,9A9g,永豐內湖,070962,0,10000,0.0,6200.0,-10000,-6200.0
2026-07-29,9A9g,永豐內湖,071102,0,60000,0.0,75600.0,-60000,-75600.0
2026-07-29,9A9g,永豐內湖,071555,1497000,0,508980.0,0.0,1497000,508980.0
2026-07-29,9A9g,永豐內湖,072543,4000,2000,5500.0,3140.0,2000,2360.0
2026-07-29,9A9g,永豐內湖,072771,10000,0,34200.0,0.0,10000,34200.0
2026-07-29,9A9g,永豐內湖,072772,15000,0,29700.0,0.0,15000,29700.0
2026-07-29,9A9g,永豐內湖,072992,42000,0,50400.0,0.0,42000,50400.0
2026-07-29,9A9g,永豐內湖,073447,1000,0,900.0,0.0,1000,900.0
2026-07-29,9A9g,永豐內湖,073553,0,10000,0.0,8900.0,-10000,-8900.0
2026-07-29,9A9g,永豐內湖,073915,3000,0,1380.0,0.0,3000,1380.0
2026-07-29,9A9g,永豐內湖,073951,10000,0,13800.0,0.0,10000,13800.0
2026-07-29,9A9g,永豐內湖,074579,0,15000,0.0,8400.0,-15000,-8400.0
2026-07-29,9A9g,永豐內湖,074984,0,11000,0.0,10890.0,-11000,-10890.0
2026-07-29,9A9g,永豐內湖,075921,10000,0,9300.0,0.0,10000,9300.0
2026-07-29,9A9g,永豐內湖,08855U,0,2000,0.0,1420.0,-2000,-1420.0
2026-07-29,9A9g,永豐內湖,08856U,0,10000,0.0,6900.0,-10000,-6900.0
2026-07-29,9A9g,永豐金內湖,704543,10000,0,10400.0,0.0,10000,10400.0
2026-07-29,9A9g,永豐金內湖,704775,180000,0,242300.0,0.0,180000,242300.0
2026-07-29,9A9g,永豐金內湖,705193,0,9000,0.0,9540.0,-9000,-9540.0
2026-07-29,9A9g,永豐金內湖,705267,50000,0,35500.0,0.0,50000,35500.0
2026-07-29,9A9g,永豐金內湖,706030,1497000,0,494010.0,0.0,1497000,494010.0
2026-07-29,9A9g,永豐金內湖,706372,10000,70000,200.0,1400.0,-60000,-1200.0
2026-07-29,9A9g,永豐金內湖,706545,180000,130000,161600.0,112500.0,50000,49100.0
2026-07-29,9A9g,永豐金內湖,706574,0,60000,0.0,27000.0,-60000,-27000.0
2026-07-29,9A9g,永豐金內湖,706701,5000,0,2390.0,0.0,5000,2390.0
2026-07-29,9A9g,永豐金內湖,708064,65000,0,66450.0,0.0,65000,66450.0
2026-07-29,9A9g,永豐金內湖,709170,11000,0,7150.0,0.0,11000,7150.0
